﻿<?xml version="1.0" encoding="utf-8"?>
<XTbML>
  <ContentClassification>
    <TableIdentity>1002</TableIdentity>
    <ProviderDomain>soa.org</ProviderDomain>
    <ProviderName>American Academy of Actuaries along with the Society of Actuaries</ProviderName>
    <TableReference>“2008 Valuation Basic Table”, American Academy of Actuaries /Society of Actuaries, Joint Preferred Mortality Project Oversight Group (paper presented at the March 2008 meeting of the National Association of Insurance Commissioners’ Life and Health Actuarial Task Force, Orlando, Florida, March, 2008) p. 49-50. Accessed: September, 2012 from http://www.actuary.org/pdf/life/tables_march08.pdf</TableReference>
    <ContentType tc="4">Insured Lives Mortality</ContentType>
    <TableName>2008 VBT-Primary Male Non-Smoker ALB</TableName>
    <TableDescription>2008 Valuation Basic Table (VBT) Primary Table - Male, Non-Smoker, Age Last Birthday. Minimum Age: 0. Maximum Age: 90</TableDescription>
    <Comments>Study Data: The underlying data used in developing the 2008 Valuation Basic Table (VBT) was a subset of the Society of Actuaries (SOA) Individual Life Experience Committee's (ILEC) 2002-2004 Intercompany Study comprised of claims from 35 contributing companies. The underlying select experience for older issue ages, juveniles and smoker risks was limited hence several data sources, graduation techniques and other adjustments to augment the data were utilized to develop the final tables. The underlying data also becomes sparse and less reliable for ages in the mid-to-late 80s and beyond. Therefore, population mortality from several sources was used to reflect the mortality at the latest attained ages. Research from the SOA’s “2005 Living to 100 and Beyond” seminar, as well as research and study on longevity issues and super-centenarian mortality was incorporated. Methodology: Two aggregate tables, the Primary Table and the Limited Underwriting Table, representing different levels of underwriting and different market segments, were developed. Ultimate mortality rates were first developed and then the aggregate select-and-ultimate tables for male and female, non-smoker and smoker risks were developed. From the Primary Tables, tables reflecting a range of expected mortality rates from underwriting programs were developed. These multiple tables are referred to as the Relative Risk (RR) Tables. As testing for smoking or tobacco usage did not become common until the early 1980s, the analysis was performed on a smoker versus non-smoker distinct basis for the first 24 durations only; for durations 26 and later, the analysis was on a uni-smoke basis. Duration 25 values were determined using Whittaker-Henderson graduation between the duration 24 and duration 26 values. In situations where the data was very limited or sparse, a Projection Pursuit Regression graduation method was used in conjunction with Whittaker-Henderson. For durations 1 through 25, the expected basis is the 2001 VBT Sex Distinct, Smoker Distinct Tables; for durations 26 and later, the expected basis is the composite 2001 VBT. In a change from prior experience tables that have all ended with a mortality rate equal to 1.000, the VBT tables have an omega mortality rate of 0.45 beginning at attained age 110. Data Transcription Errors Detected: 9/2012. Data Corrected and Certified: 09/2012.</Comments>
    <KeyWord>Select</KeyWord>
    <KeyWord>Insured Lives Mortality</KeyWord>
    <KeyWord>United States of America</KeyWord>
  </ContentClassification>
  <Table>
    <MetaData>
      <ScalingFactor>0</ScalingFactor>
      <DataType tc="2">Floating Point</DataType>
      <Nation tc="1">United States of America</Nation>
      <TableDescription>2008 VBT Primary Table - Male, Non-Smoker, Age Last Birthday, Select</TableDescription>
      <AxisDef id="Age">
        <ScaleType tc="3">Age</ScaleType>
        <AxisName>Age</AxisName>
        <MinScaleValue>0</MinScaleValue>
        <MaxScaleValue>90</MaxScaleValue>
        <Increment>1</Increment>
      </AxisDef>
      <AxisDef id="Duration">
        <ScaleType tc="2">Ordinal Date</ScaleType>
        <AxisName>Duration</AxisName>
        <MinScaleValue>1</MinScaleValue>
        <MaxScaleValue>25</MaxScaleValue>
        <Increment>1</Increment>
      </AxisDef>
    </MetaData>
    <Values>
      <Axis t="0">
        <Axis>
          <Y t="1">0.00052</Y>
          <Y t="2">0.00032</Y>
          <Y t="3">0.00024</Y>
          <Y t="4">0.00019</Y>
          <Y t="5">0.00016</Y>
          <Y t="6">0.00015</Y>
          <Y t="7">0.00014</Y>
          <Y t="8">0.00012</Y>
          <Y t="9">0.00011</Y>
          <Y t="10">0.0001</Y>
          <Y t="11">9E-05</Y>
          <Y t="12">0.00011</Y>
          <Y t="13">0.00017</Y>
          <Y t="14">0.00028</Y>
          <Y t="15">0.0004</Y>
          <Y t="16">0.00053</Y>
          <Y t="17">0.00065</Y>
          <Y t="18">0.00075</Y>
          <Y t="19">0.00084</Y>
          <Y t="20">0.00092</Y>
          <Y t="21">0.00099</Y>
          <Y t="22">0.00104</Y>
          <Y t="23">0.00106</Y>
          <Y t="24">0.00104</Y>
          <Y t="25">0.001</Y>
        </Axis>
      </Axis>
      <Axis t="1">
        <Axis>
          <Y t="1">0.00032</Y>
          <Y t="2">0.00024</Y>
          <Y t="3">0.00019</Y>
          <Y t="4">0.00016</Y>
          <Y t="5">0.00015</Y>
          <Y t="6">0.00014</Y>
          <Y t="7">0.00012</Y>
          <Y t="8">0.00011</Y>
          <Y t="9">0.0001</Y>
          <Y t="10">9E-05</Y>
          <Y t="11">0.00011</Y>
          <Y t="12">0.00017</Y>
          <Y t="13">0.00028</Y>
          <Y t="14">0.0004</Y>
          <Y t="15">0.00053</Y>
          <Y t="16">0.00065</Y>
          <Y t="17">0.00075</Y>
          <Y t="18">0.00084</Y>
          <Y t="19">0.00092</Y>
          <Y t="20">0.00099</Y>
          <Y t="21">0.00104</Y>
          <Y t="22">0.00106</Y>
          <Y t="23">0.00104</Y>
          <Y t="24">0.001</Y>
          <Y t="25">0.00096</Y>
        </Axis>
      </Axis>
      <Axis t="2">
        <Axis>
          <Y t="1">0.00024</Y>
          <Y t="2">0.00019</Y>
          <Y t="3">0.00016</Y>
          <Y t="4">0.00015</Y>
          <Y t="5">0.00014</Y>
          <Y t="6">0.00012</Y>
          <Y t="7">0.00011</Y>
          <Y t="8">0.0001</Y>
          <Y t="9">9E-05</Y>
          <Y t="10">0.00011</Y>
          <Y t="11">0.00017</Y>
          <Y t="12">0.00028</Y>
          <Y t="13">0.0004</Y>
          <Y t="14">0.00053</Y>
          <Y t="15">0.00065</Y>
          <Y t="16">0.00075</Y>
          <Y t="17">0.00084</Y>
          <Y t="18">0.00092</Y>
          <Y t="19">0.00099</Y>
          <Y t="20">0.00104</Y>
          <Y t="21">0.00106</Y>
          <Y t="22">0.00104</Y>
          <Y t="23">0.001</Y>
          <Y t="24">0.00096</Y>
          <Y t="25">0.00091</Y>
        </Axis>
      </Axis>
      <Axis t="3">
        <Axis>
          <Y t="1">0.00019</Y>
          <Y t="2">0.00016</Y>
          <Y t="3">0.00015</Y>
          <Y t="4">0.00014</Y>
          <Y t="5">0.00012</Y>
          <Y t="6">0.00011</Y>
          <Y t="7">0.0001</Y>
          <Y t="8">9E-05</Y>
          <Y t="9">0.00011</Y>
          <Y t="10">0.00017</Y>
          <Y t="11">0.00028</Y>
          <Y t="12">0.0004</Y>
          <Y t="13">0.00053</Y>
          <Y t="14">0.00065</Y>
          <Y t="15">0.00075</Y>
          <Y t="16">0.00084</Y>
          <Y t="17">0.00092</Y>
          <Y t="18">0.00099</Y>
          <Y t="19">0.00104</Y>
          <Y t="20">0.00106</Y>
          <Y t="21">0.00104</Y>
          <Y t="22">0.001</Y>
          <Y t="23">0.00096</Y>
          <Y t="24">0.00091</Y>
          <Y t="25">0.00088</Y>
        </Axis>
      </Axis>
      <Axis t="4">
        <Axis>
          <Y t="1">0.00016</Y>
          <Y t="2">0.00015</Y>
          <Y t="3">0.00014</Y>
          <Y t="4">0.00012</Y>
          <Y t="5">0.00011</Y>
          <Y t="6">0.0001</Y>
          <Y t="7">9E-05</Y>
          <Y t="8">0.00011</Y>
          <Y t="9">0.00017</Y>
          <Y t="10">0.00028</Y>
          <Y t="11">0.0004</Y>
          <Y t="12">0.00053</Y>
          <Y t="13">0.00065</Y>
          <Y t="14">0.00075</Y>
          <Y t="15">0.00084</Y>
          <Y t="16">0.00092</Y>
          <Y t="17">0.00099</Y>
          <Y t="18">0.00104</Y>
          <Y t="19">0.00106</Y>
          <Y t="20">0.00104</Y>
          <Y t="21">0.001</Y>
          <Y t="22">0.00096</Y>
          <Y t="23">0.00091</Y>
          <Y t="24">0.00088</Y>
          <Y t="25">0.00087</Y>
        </Axis>
      </Axis>
      <Axis t="5">
        <Axis>
          <Y t="1">0.00015</Y>
          <Y t="2">0.00014</Y>
          <Y t="3">0.00012</Y>
          <Y t="4">0.00011</Y>
          <Y t="5">0.0001</Y>
          <Y t="6">9E-05</Y>
          <Y t="7">0.00011</Y>
          <Y t="8">0.00017</Y>
          <Y t="9">0.00028</Y>
          <Y t="10">0.0004</Y>
          <Y t="11">0.00053</Y>
          <Y t="12">0.00065</Y>
          <Y t="13">0.00075</Y>
          <Y t="14">0.00084</Y>
          <Y t="15">0.00092</Y>
          <Y t="16">0.00099</Y>
          <Y t="17">0.00104</Y>
          <Y t="18">0.00106</Y>
          <Y t="19">0.00104</Y>
          <Y t="20">0.001</Y>
          <Y t="21">0.00096</Y>
          <Y t="22">0.00091</Y>
          <Y t="23">0.00088</Y>
          <Y t="24">0.00087</Y>
          <Y t="25">0.00086</Y>
        </Axis>
      </Axis>
      <Axis t="6">
        <Axis>
          <Y t="1">0.00014</Y>
          <Y t="2">0.00012</Y>
          <Y t="3">0.00011</Y>
          <Y t="4">0.0001</Y>
          <Y t="5">9E-05</Y>
          <Y t="6">0.00011</Y>
          <Y t="7">0.00017</Y>
          <Y t="8">0.00028</Y>
          <Y t="9">0.0004</Y>
          <Y t="10">0.00053</Y>
          <Y t="11">0.00065</Y>
          <Y t="12">0.00075</Y>
          <Y t="13">0.00084</Y>
          <Y t="14">0.00092</Y>
          <Y t="15">0.00099</Y>
          <Y t="16">0.00104</Y>
          <Y t="17">0.00106</Y>
          <Y t="18">0.00104</Y>
          <Y t="19">0.001</Y>
          <Y t="20">0.00096</Y>
          <Y t="21">0.00091</Y>
          <Y t="22">0.00088</Y>
          <Y t="23">0.00087</Y>
          <Y t="24">0.00086</Y>
          <Y t="25">0.00087</Y>
        </Axis>
      </Axis>
      <Axis t="7">
        <Axis>
          <Y t="1">0.00012</Y>
          <Y t="2">0.00011</Y>
          <Y t="3">0.0001</Y>
          <Y t="4">9E-05</Y>
          <Y t="5">0.00011</Y>
          <Y t="6">0.00017</Y>
          <Y t="7">0.00028</Y>
          <Y t="8">0.0004</Y>
          <Y t="9">0.00053</Y>
          <Y t="10">0.00065</Y>
          <Y t="11">0.00075</Y>
          <Y t="12">0.00084</Y>
          <Y t="13">0.00092</Y>
          <Y t="14">0.00099</Y>
          <Y t="15">0.00104</Y>
          <Y t="16">0.00106</Y>
          <Y t="17">0.00104</Y>
          <Y t="18">0.001</Y>
          <Y t="19">0.00096</Y>
          <Y t="20">0.00091</Y>
          <Y t="21">0.00088</Y>
          <Y t="22">0.00087</Y>
          <Y t="23">0.00086</Y>
          <Y t="24">0.00087</Y>
          <Y t="25">0.00089</Y>
        </Axis>
      </Axis>
      <Axis t="8">
        <Axis>
          <Y t="1">0.00011</Y>
          <Y t="2">0.0001</Y>
          <Y t="3">9E-05</Y>
          <Y t="4">0.00011</Y>
          <Y t="5">0.00017</Y>
          <Y t="6">0.00028</Y>
          <Y t="7">0.0004</Y>
          <Y t="8">0.00053</Y>
          <Y t="9">0.00065</Y>
          <Y t="10">0.00075</Y>
          <Y t="11">0.00084</Y>
          <Y t="12">0.00092</Y>
          <Y t="13">0.00099</Y>
          <Y t="14">0.00104</Y>
          <Y t="15">0.00106</Y>
          <Y t="16">0.00104</Y>
          <Y t="17">0.001</Y>
          <Y t="18">0.00096</Y>
          <Y t="19">0.00091</Y>
          <Y t="20">0.00088</Y>
          <Y t="21">0.00087</Y>
          <Y t="22">0.00086</Y>
          <Y t="23">0.00087</Y>
          <Y t="24">0.00089</Y>
          <Y t="25">0.00091</Y>
        </Axis>
      </Axis>
      <Axis t="9">
        <Axis>
          <Y t="1">0.0001</Y>
          <Y t="2">9E-05</Y>
          <Y t="3">0.00011</Y>
          <Y t="4">0.00017</Y>
          <Y t="5">0.00028</Y>
          <Y t="6">0.0004</Y>
          <Y t="7">0.00053</Y>
          <Y t="8">0.00065</Y>
          <Y t="9">0.00075</Y>
          <Y t="10">0.00084</Y>
          <Y t="11">0.00092</Y>
          <Y t="12">0.00099</Y>
          <Y t="13">0.00104</Y>
          <Y t="14">0.00106</Y>
          <Y t="15">0.00104</Y>
          <Y t="16">0.001</Y>
          <Y t="17">0.00096</Y>
          <Y t="18">0.00091</Y>
          <Y t="19">0.00088</Y>
          <Y t="20">0.00087</Y>
          <Y t="21">0.00086</Y>
          <Y t="22">0.00087</Y>
          <Y t="23">0.00089</Y>
          <Y t="24">0.00091</Y>
          <Y t="25">0.00095</Y>
        </Axis>
      </Axis>
      <Axis t="10">
        <Axis>
          <Y t="1">9E-05</Y>
          <Y t="2">0.00011</Y>
          <Y t="3">0.00017</Y>
          <Y t="4">0.00027</Y>
          <Y t="5">0.00039</Y>
          <Y t="6">0.00052</Y>
          <Y t="7">0.00063</Y>
          <Y t="8">0.00075</Y>
          <Y t="9">0.00082</Y>
          <Y t="10">0.0009</Y>
          <Y t="11">0.00098</Y>
          <Y t="12">0.00103</Y>
          <Y t="13">0.00105</Y>
          <Y t="14">0.00103</Y>
          <Y t="15">0.00099</Y>
          <Y t="16">0.00095</Y>
          <Y t="17">0.0009</Y>
          <Y t="18">0.00087</Y>
          <Y t="19">0.00086</Y>
          <Y t="20">0.00086</Y>
          <Y t="21">0.00087</Y>
          <Y t="22">0.00088</Y>
          <Y t="23">0.00091</Y>
          <Y t="24">0.00094</Y>
          <Y t="25">0.00099</Y>
        </Axis>
      </Axis>
      <Axis t="11">
        <Axis>
          <Y t="1">0.0001</Y>
          <Y t="2">0.00016</Y>
          <Y t="3">0.00026</Y>
          <Y t="4">0.00038</Y>
          <Y t="5">0.0005</Y>
          <Y t="6">0.00061</Y>
          <Y t="7">0.00071</Y>
          <Y t="8">0.0008</Y>
          <Y t="9">0.00087</Y>
          <Y t="10">0.00095</Y>
          <Y t="11">0.001</Y>
          <Y t="12">0.00103</Y>
          <Y t="13">0.00101</Y>
          <Y t="14">0.00097</Y>
          <Y t="15">0.00093</Y>
          <Y t="16">0.00088</Y>
          <Y t="17">0.00085</Y>
          <Y t="18">0.00084</Y>
          <Y t="19">0.00084</Y>
          <Y t="20">0.00085</Y>
          <Y t="21">0.00086</Y>
          <Y t="22">0.00089</Y>
          <Y t="23">0.00093</Y>
          <Y t="24">0.00098</Y>
          <Y t="25">0.00104</Y>
        </Axis>
      </Axis>
      <Axis t="12">
        <Axis>
          <Y t="1">0.00015</Y>
          <Y t="2">0.00025</Y>
          <Y t="3">0.00036</Y>
          <Y t="4">0.00048</Y>
          <Y t="5">0.00059</Y>
          <Y t="6">0.0007</Y>
          <Y t="7">0.00077</Y>
          <Y t="8">0.00084</Y>
          <Y t="9">0.00091</Y>
          <Y t="10">0.00097</Y>
          <Y t="11">0.001</Y>
          <Y t="12">0.00098</Y>
          <Y t="13">0.00095</Y>
          <Y t="14">0.00091</Y>
          <Y t="15">0.00086</Y>
          <Y t="16">0.00083</Y>
          <Y t="17">0.00082</Y>
          <Y t="18">0.00083</Y>
          <Y t="19">0.00083</Y>
          <Y t="20">0.00085</Y>
          <Y t="21">0.00088</Y>
          <Y t="22">0.00091</Y>
          <Y t="23">0.00097</Y>
          <Y t="24">0.00103</Y>
          <Y t="25">0.0011</Y>
        </Axis>
      </Axis>
      <Axis t="13">
        <Axis>
          <Y t="1">0.00024</Y>
          <Y t="2">0.00035</Y>
          <Y t="3">0.00046</Y>
          <Y t="4">0.00057</Y>
          <Y t="5">0.00066</Y>
          <Y t="6">0.00074</Y>
          <Y t="7">0.00081</Y>
          <Y t="8">0.00088</Y>
          <Y t="9">0.00093</Y>
          <Y t="10">0.00096</Y>
          <Y t="11">0.00095</Y>
          <Y t="12">0.00092</Y>
          <Y t="13">0.00088</Y>
          <Y t="14">0.00084</Y>
          <Y t="15">0.00082</Y>
          <Y t="16">0.0008</Y>
          <Y t="17">0.00081</Y>
          <Y t="18">0.00082</Y>
          <Y t="19">0.00083</Y>
          <Y t="20">0.00085</Y>
          <Y t="21">0.0009</Y>
          <Y t="22">0.00095</Y>
          <Y t="23">0.00101</Y>
          <Y t="24">0.00108</Y>
          <Y t="25">0.00116</Y>
        </Axis>
      </Axis>
      <Axis t="14">
        <Axis>
          <Y t="1">0.00033</Y>
          <Y t="2">0.00044</Y>
          <Y t="3">0.00053</Y>
          <Y t="4">0.00064</Y>
          <Y t="5">0.00071</Y>
          <Y t="6">0.00078</Y>
          <Y t="7">0.00084</Y>
          <Y t="8">0.0009</Y>
          <Y t="9">0.00092</Y>
          <Y t="10">0.00091</Y>
          <Y t="11">0.00088</Y>
          <Y t="12">0.00086</Y>
          <Y t="13">0.00082</Y>
          <Y t="14">0.0008</Y>
          <Y t="15">0.00079</Y>
          <Y t="16">0.00079</Y>
          <Y t="17">0.0008</Y>
          <Y t="18">0.00081</Y>
          <Y t="19">0.00083</Y>
          <Y t="20">0.00087</Y>
          <Y t="21">0.00092</Y>
          <Y t="22">0.00099</Y>
          <Y t="23">0.00105</Y>
          <Y t="24">0.00113</Y>
          <Y t="25">0.00122</Y>
        </Axis>
      </Axis>
      <Axis t="15">
        <Axis>
          <Y t="1">0.00042</Y>
          <Y t="2">0.00051</Y>
          <Y t="3">0.0006</Y>
          <Y t="4">0.00067</Y>
          <Y t="5">0.00074</Y>
          <Y t="6">0.00081</Y>
          <Y t="7">0.00086</Y>
          <Y t="8">0.00087</Y>
          <Y t="9">0.00087</Y>
          <Y t="10">0.00085</Y>
          <Y t="11">0.00081</Y>
          <Y t="12">0.00079</Y>
          <Y t="13">0.00077</Y>
          <Y t="14">0.00077</Y>
          <Y t="15">0.00077</Y>
          <Y t="16">0.00078</Y>
          <Y t="17">0.00079</Y>
          <Y t="18">0.00081</Y>
          <Y t="19">0.00085</Y>
          <Y t="20">0.0009</Y>
          <Y t="21">0.00096</Y>
          <Y t="22">0.00103</Y>
          <Y t="23">0.0011</Y>
          <Y t="24">0.00119</Y>
          <Y t="25">0.00129</Y>
        </Axis>
      </Axis>
      <Axis t="16">
        <Axis>
          <Y t="1">0.00049</Y>
          <Y t="2">0.00056</Y>
          <Y t="3">0.00063</Y>
          <Y t="4">0.0007</Y>
          <Y t="5">0.00077</Y>
          <Y t="6">0.00082</Y>
          <Y t="7">0.00084</Y>
          <Y t="8">0.00082</Y>
          <Y t="9">0.00081</Y>
          <Y t="10">0.00078</Y>
          <Y t="11">0.00074</Y>
          <Y t="12">0.00074</Y>
          <Y t="13">0.00074</Y>
          <Y t="14">0.00075</Y>
          <Y t="15">0.00076</Y>
          <Y t="16">0.00077</Y>
          <Y t="17">0.00079</Y>
          <Y t="18">0.00083</Y>
          <Y t="19">0.00088</Y>
          <Y t="20">0.00093</Y>
          <Y t="21">0.001</Y>
          <Y t="22">0.00107</Y>
          <Y t="23">0.00116</Y>
          <Y t="24">0.00125</Y>
          <Y t="25">0.00136</Y>
        </Axis>
      </Axis>
      <Axis t="17">
        <Axis>
          <Y t="1">0.00054</Y>
          <Y t="2">0.00059</Y>
          <Y t="3">0.00065</Y>
          <Y t="4">0.00074</Y>
          <Y t="5">0.00078</Y>
          <Y t="6">0.00082</Y>
          <Y t="7">0.00082</Y>
          <Y t="8">0.00079</Y>
          <Y t="9">0.00077</Y>
          <Y t="10">0.00074</Y>
          <Y t="11">0.00071</Y>
          <Y t="12">0.00072</Y>
          <Y t="13">0.00073</Y>
          <Y t="14">0.00074</Y>
          <Y t="15">0.00075</Y>
          <Y t="16">0.00078</Y>
          <Y t="17">0.00081</Y>
          <Y t="18">0.00085</Y>
          <Y t="19">0.00089</Y>
          <Y t="20">0.00096</Y>
          <Y t="21">0.00103</Y>
          <Y t="22">0.00113</Y>
          <Y t="23">0.00123</Y>
          <Y t="24">0.00133</Y>
          <Y t="25">0.00146</Y>
        </Axis>
      </Axis>
      <Axis t="18">
        <Axis>
          <Y t="1">0.00056</Y>
          <Y t="2">0.00061</Y>
          <Y t="3">0.00067</Y>
          <Y t="4">0.00073</Y>
          <Y t="5">0.00075</Y>
          <Y t="6">0.00075</Y>
          <Y t="7">0.00072</Y>
          <Y t="8">0.0007</Y>
          <Y t="9">0.00067</Y>
          <Y t="10">0.00066</Y>
          <Y t="11">0.00067</Y>
          <Y t="12">0.00069</Y>
          <Y t="13">0.00071</Y>
          <Y t="14">0.00073</Y>
          <Y t="15">0.00075</Y>
          <Y t="16">0.00079</Y>
          <Y t="17">0.00083</Y>
          <Y t="18">0.00088</Y>
          <Y t="19">0.00094</Y>
          <Y t="20">0.001</Y>
          <Y t="21">0.00108</Y>
          <Y t="22">0.00117</Y>
          <Y t="23">0.00127</Y>
          <Y t="24">0.00138</Y>
          <Y t="25">0.00152</Y>
        </Axis>
      </Axis>
      <Axis t="19">
        <Axis>
          <Y t="1">0.00058</Y>
          <Y t="2">0.00062</Y>
          <Y t="3">0.00067</Y>
          <Y t="4">0.0007</Y>
          <Y t="5">0.00071</Y>
          <Y t="6">0.00069</Y>
          <Y t="7">0.00066</Y>
          <Y t="8">0.00063</Y>
          <Y t="9">0.00062</Y>
          <Y t="10">0.00063</Y>
          <Y t="11">0.00064</Y>
          <Y t="12">0.00068</Y>
          <Y t="13">0.0007</Y>
          <Y t="14">0.00073</Y>
          <Y t="15">0.00077</Y>
          <Y t="16">0.00081</Y>
          <Y t="17">0.00086</Y>
          <Y t="18">0.00091</Y>
          <Y t="19">0.00097</Y>
          <Y t="20">0.00104</Y>
          <Y t="21">0.00113</Y>
          <Y t="22">0.00122</Y>
          <Y t="23">0.00133</Y>
          <Y t="24">0.00146</Y>
          <Y t="25">0.00161</Y>
        </Axis>
      </Axis>
      <Axis t="20">
        <Axis>
          <Y t="1">0.00059</Y>
          <Y t="2">0.00062</Y>
          <Y t="3">0.00064</Y>
          <Y t="4">0.00065</Y>
          <Y t="5">0.00065</Y>
          <Y t="6">0.00062</Y>
          <Y t="7">0.00059</Y>
          <Y t="8">0.00058</Y>
          <Y t="9">0.00059</Y>
          <Y t="10">0.00061</Y>
          <Y t="11">0.00063</Y>
          <Y t="12">0.00067</Y>
          <Y t="13">0.0007</Y>
          <Y t="14">0.00074</Y>
          <Y t="15">0.00079</Y>
          <Y t="16">0.00083</Y>
          <Y t="17">0.00088</Y>
          <Y t="18">0.00094</Y>
          <Y t="19">0.00101</Y>
          <Y t="20">0.00108</Y>
          <Y t="21">0.00117</Y>
          <Y t="22">0.00127</Y>
          <Y t="23">0.00139</Y>
          <Y t="24">0.00154</Y>
          <Y t="25">0.0017</Y>
        </Axis>
      </Axis>
      <Axis t="21">
        <Axis>
          <Y t="1">0.00058</Y>
          <Y t="2">0.00059</Y>
          <Y t="3">0.00059</Y>
          <Y t="4">0.00059</Y>
          <Y t="5">0.00058</Y>
          <Y t="6">0.00056</Y>
          <Y t="7">0.00054</Y>
          <Y t="8">0.00055</Y>
          <Y t="9">0.00056</Y>
          <Y t="10">0.00059</Y>
          <Y t="11">0.00061</Y>
          <Y t="12">0.00066</Y>
          <Y t="13">0.00071</Y>
          <Y t="14">0.00076</Y>
          <Y t="15">0.00081</Y>
          <Y t="16">0.00086</Y>
          <Y t="17">0.00091</Y>
          <Y t="18">0.00097</Y>
          <Y t="19">0.00104</Y>
          <Y t="20">0.00112</Y>
          <Y t="21">0.00121</Y>
          <Y t="22">0.00133</Y>
          <Y t="23">0.00147</Y>
          <Y t="24">0.00162</Y>
          <Y t="25">0.00179</Y>
        </Axis>
      </Axis>
      <Axis t="22">
        <Axis>
          <Y t="1">0.00055</Y>
          <Y t="2">0.00053</Y>
          <Y t="3">0.00053</Y>
          <Y t="4">0.00053</Y>
          <Y t="5">0.00052</Y>
          <Y t="6">0.00051</Y>
          <Y t="7">0.00051</Y>
          <Y t="8">0.00052</Y>
          <Y t="9">0.00054</Y>
          <Y t="10">0.00056</Y>
          <Y t="11">0.0006</Y>
          <Y t="12">0.00066</Y>
          <Y t="13">0.00072</Y>
          <Y t="14">0.00078</Y>
          <Y t="15">0.00083</Y>
          <Y t="16">0.00088</Y>
          <Y t="17">0.00094</Y>
          <Y t="18">0.00101</Y>
          <Y t="19">0.00108</Y>
          <Y t="20">0.00116</Y>
          <Y t="21">0.00127</Y>
          <Y t="22">0.0014</Y>
          <Y t="23">0.00154</Y>
          <Y t="24">0.0017</Y>
          <Y t="25">0.00189</Y>
        </Axis>
      </Axis>
      <Axis t="23">
        <Axis>
          <Y t="1">0.0005</Y>
          <Y t="2">0.00047</Y>
          <Y t="3">0.00047</Y>
          <Y t="4">0.00047</Y>
          <Y t="5">0.00047</Y>
          <Y t="6">0.00048</Y>
          <Y t="7">0.00048</Y>
          <Y t="8">0.00049</Y>
          <Y t="9">0.00052</Y>
          <Y t="10">0.00054</Y>
          <Y t="11">0.0006</Y>
          <Y t="12">0.00067</Y>
          <Y t="13">0.00074</Y>
          <Y t="14">0.0008</Y>
          <Y t="15">0.00086</Y>
          <Y t="16">0.00091</Y>
          <Y t="17">0.00097</Y>
          <Y t="18">0.00104</Y>
          <Y t="19">0.00112</Y>
          <Y t="20">0.00121</Y>
          <Y t="21">0.00133</Y>
          <Y t="22">0.00145</Y>
          <Y t="23">0.0016</Y>
          <Y t="24">0.00178</Y>
          <Y t="25">0.00199</Y>
        </Axis>
      </Axis>
      <Axis t="24">
        <Axis>
          <Y t="1">0.00044</Y>
          <Y t="2">0.00041</Y>
          <Y t="3">0.00041</Y>
          <Y t="4">0.00042</Y>
          <Y t="5">0.00044</Y>
          <Y t="6">0.00045</Y>
          <Y t="7">0.00046</Y>
          <Y t="8">0.00047</Y>
          <Y t="9">0.00049</Y>
          <Y t="10">0.00054</Y>
          <Y t="11">0.00061</Y>
          <Y t="12">0.00069</Y>
          <Y t="13">0.00076</Y>
          <Y t="14">0.00082</Y>
          <Y t="15">0.00088</Y>
          <Y t="16">0.00094</Y>
          <Y t="17">0.001</Y>
          <Y t="18">0.00108</Y>
          <Y t="19">0.00116</Y>
          <Y t="20">0.00125</Y>
          <Y t="21">0.00138</Y>
          <Y t="22">0.00151</Y>
          <Y t="23">0.00168</Y>
          <Y t="24">0.00188</Y>
          <Y t="25">0.00211</Y>
        </Axis>
      </Axis>
      <Axis t="25">
        <Axis>
          <Y t="1">0.00039</Y>
          <Y t="2">0.00036</Y>
          <Y t="3">0.00037</Y>
          <Y t="4">0.00039</Y>
          <Y t="5">0.00041</Y>
          <Y t="6">0.00042</Y>
          <Y t="7">0.00043</Y>
          <Y t="8">0.00045</Y>
          <Y t="9">0.00048</Y>
          <Y t="10">0.00055</Y>
          <Y t="11">0.00062</Y>
          <Y t="12">0.0007</Y>
          <Y t="13">0.00077</Y>
          <Y t="14">0.00084</Y>
          <Y t="15">0.00091</Y>
          <Y t="16">0.00097</Y>
          <Y t="17">0.00104</Y>
          <Y t="18">0.00112</Y>
          <Y t="19">0.00121</Y>
          <Y t="20">0.00132</Y>
          <Y t="21">0.00144</Y>
          <Y t="22">0.0016</Y>
          <Y t="23">0.00178</Y>
          <Y t="24">0.00199</Y>
          <Y t="25">0.00225</Y>
        </Axis>
      </Axis>
      <Axis t="26">
        <Axis>
          <Y t="1">0.00034</Y>
          <Y t="2">0.00033</Y>
          <Y t="3">0.00035</Y>
          <Y t="4">0.00037</Y>
          <Y t="5">0.00039</Y>
          <Y t="6">0.0004</Y>
          <Y t="7">0.00042</Y>
          <Y t="8">0.00045</Y>
          <Y t="9">0.00049</Y>
          <Y t="10">0.00056</Y>
          <Y t="11">0.00063</Y>
          <Y t="12">0.00071</Y>
          <Y t="13">0.00079</Y>
          <Y t="14">0.00086</Y>
          <Y t="15">0.00093</Y>
          <Y t="16">0.00101</Y>
          <Y t="17">0.00108</Y>
          <Y t="18">0.00118</Y>
          <Y t="19">0.00128</Y>
          <Y t="20">0.0014</Y>
          <Y t="21">0.00154</Y>
          <Y t="22">0.00171</Y>
          <Y t="23">0.0019</Y>
          <Y t="24">0.00213</Y>
          <Y t="25">0.0024</Y>
        </Axis>
      </Axis>
      <Axis t="27">
        <Axis>
          <Y t="1">0.00029</Y>
          <Y t="2">0.0003</Y>
          <Y t="3">0.00034</Y>
          <Y t="4">0.00036</Y>
          <Y t="5">0.00037</Y>
          <Y t="6">0.00038</Y>
          <Y t="7">0.00042</Y>
          <Y t="8">0.00045</Y>
          <Y t="9">0.0005</Y>
          <Y t="10">0.00057</Y>
          <Y t="11">0.00065</Y>
          <Y t="12">0.00073</Y>
          <Y t="13">0.00082</Y>
          <Y t="14">0.0009</Y>
          <Y t="15">0.00097</Y>
          <Y t="16">0.00105</Y>
          <Y t="17">0.00114</Y>
          <Y t="18">0.00124</Y>
          <Y t="19">0.00136</Y>
          <Y t="20">0.0015</Y>
          <Y t="21">0.00165</Y>
          <Y t="22">0.00183</Y>
          <Y t="23">0.00204</Y>
          <Y t="24">0.00228</Y>
          <Y t="25">0.00257</Y>
        </Axis>
      </Axis>
      <Axis t="28">
        <Axis>
          <Y t="1">0.00026</Y>
          <Y t="2">0.00029</Y>
          <Y t="3">0.00033</Y>
          <Y t="4">0.00036</Y>
          <Y t="5">0.00036</Y>
          <Y t="6">0.00038</Y>
          <Y t="7">0.00042</Y>
          <Y t="8">0.00045</Y>
          <Y t="9">0.00051</Y>
          <Y t="10">0.00058</Y>
          <Y t="11">0.00067</Y>
          <Y t="12">0.00076</Y>
          <Y t="13">0.00086</Y>
          <Y t="14">0.00094</Y>
          <Y t="15">0.00102</Y>
          <Y t="16">0.00111</Y>
          <Y t="17">0.00121</Y>
          <Y t="18">0.00132</Y>
          <Y t="19">0.00146</Y>
          <Y t="20">0.0016</Y>
          <Y t="21">0.00177</Y>
          <Y t="22">0.00197</Y>
          <Y t="23">0.00218</Y>
          <Y t="24">0.00244</Y>
          <Y t="25">0.00276</Y>
        </Axis>
      </Axis>
      <Axis t="29">
        <Axis>
          <Y t="1">0.00023</Y>
          <Y t="2">0.00028</Y>
          <Y t="3">0.00032</Y>
          <Y t="4">0.00035</Y>
          <Y t="5">0.00037</Y>
          <Y t="6">0.00038</Y>
          <Y t="7">0.00042</Y>
          <Y t="8">0.00046</Y>
          <Y t="9">0.00052</Y>
          <Y t="10">0.0006</Y>
          <Y t="11">0.00071</Y>
          <Y t="12">0.0008</Y>
          <Y t="13">0.0009</Y>
          <Y t="14">0.001</Y>
          <Y t="15">0.00108</Y>
          <Y t="16">0.00119</Y>
          <Y t="17">0.00129</Y>
          <Y t="18">0.00142</Y>
          <Y t="19">0.00157</Y>
          <Y t="20">0.00172</Y>
          <Y t="21">0.00191</Y>
          <Y t="22">0.00211</Y>
          <Y t="23">0.00234</Y>
          <Y t="24">0.00262</Y>
          <Y t="25">0.00296</Y>
        </Axis>
      </Axis>
      <Axis t="30">
        <Axis>
          <Y t="1">0.0002</Y>
          <Y t="2">0.00027</Y>
          <Y t="3">0.00032</Y>
          <Y t="4">0.00036</Y>
          <Y t="5">0.00038</Y>
          <Y t="6">0.00039</Y>
          <Y t="7">0.00042</Y>
          <Y t="8">0.00047</Y>
          <Y t="9">0.00054</Y>
          <Y t="10">0.00064</Y>
          <Y t="11">0.00075</Y>
          <Y t="12">0.00086</Y>
          <Y t="13">0.00096</Y>
          <Y t="14">0.00106</Y>
          <Y t="15">0.00116</Y>
          <Y t="16">0.00127</Y>
          <Y t="17">0.00139</Y>
          <Y t="18">0.00154</Y>
          <Y t="19">0.00169</Y>
          <Y t="20">0.00186</Y>
          <Y t="21">0.00206</Y>
          <Y t="22">0.00227</Y>
          <Y t="23">0.00252</Y>
          <Y t="24">0.00281</Y>
          <Y t="25">0.00319</Y>
        </Axis>
      </Axis>
      <Axis t="31">
        <Axis>
          <Y t="1">0.00019</Y>
          <Y t="2">0.00027</Y>
          <Y t="3">0.00033</Y>
          <Y t="4">0.00037</Y>
          <Y t="5">0.00039</Y>
          <Y t="6">0.0004</Y>
          <Y t="7">0.00043</Y>
          <Y t="8">0.00049</Y>
          <Y t="9">0.00058</Y>
          <Y t="10">0.00068</Y>
          <Y t="11">0.0008</Y>
          <Y t="12">0.00092</Y>
          <Y t="13">0.00103</Y>
          <Y t="14">0.00114</Y>
          <Y t="15">0.00125</Y>
          <Y t="16">0.00137</Y>
          <Y t="17">0.00151</Y>
          <Y t="18">0.00166</Y>
          <Y t="19">0.00183</Y>
          <Y t="20">0.00202</Y>
          <Y t="21">0.00222</Y>
          <Y t="22">0.00245</Y>
          <Y t="23">0.00271</Y>
          <Y t="24">0.00303</Y>
          <Y t="25">0.00345</Y>
        </Axis>
      </Axis>
      <Axis t="32">
        <Axis>
          <Y t="1">0.00019</Y>
          <Y t="2">0.00028</Y>
          <Y t="3">0.00034</Y>
          <Y t="4">0.00038</Y>
          <Y t="5">0.0004</Y>
          <Y t="6">0.00041</Y>
          <Y t="7">0.00045</Y>
          <Y t="8">0.00053</Y>
          <Y t="9">0.00062</Y>
          <Y t="10">0.00074</Y>
          <Y t="11">0.00086</Y>
          <Y t="12">0.00099</Y>
          <Y t="13">0.00111</Y>
          <Y t="14">0.00123</Y>
          <Y t="15">0.00135</Y>
          <Y t="16">0.00149</Y>
          <Y t="17">0.00164</Y>
          <Y t="18">0.0018</Y>
          <Y t="19">0.00199</Y>
          <Y t="20">0.00219</Y>
          <Y t="21">0.0024</Y>
          <Y t="22">0.00264</Y>
          <Y t="23">0.00292</Y>
          <Y t="24">0.00327</Y>
          <Y t="25">0.00374</Y>
        </Axis>
      </Axis>
      <Axis t="33">
        <Axis>
          <Y t="1">0.0002</Y>
          <Y t="2">0.00029</Y>
          <Y t="3">0.00036</Y>
          <Y t="4">0.00039</Y>
          <Y t="5">0.00041</Y>
          <Y t="6">0.00043</Y>
          <Y t="7">0.00049</Y>
          <Y t="8">0.00057</Y>
          <Y t="9">0.00067</Y>
          <Y t="10">0.0008</Y>
          <Y t="11">0.00093</Y>
          <Y t="12">0.00107</Y>
          <Y t="13">0.0012</Y>
          <Y t="14">0.00133</Y>
          <Y t="15">0.00147</Y>
          <Y t="16">0.00162</Y>
          <Y t="17">0.00178</Y>
          <Y t="18">0.00196</Y>
          <Y t="19">0.00217</Y>
          <Y t="20">0.00238</Y>
          <Y t="21">0.0026</Y>
          <Y t="22">0.00286</Y>
          <Y t="23">0.00316</Y>
          <Y t="24">0.00354</Y>
          <Y t="25">0.00406</Y>
        </Axis>
      </Axis>
      <Axis t="34">
        <Axis>
          <Y t="1">0.00021</Y>
          <Y t="2">0.00031</Y>
          <Y t="3">0.00037</Y>
          <Y t="4">0.00041</Y>
          <Y t="5">0.00043</Y>
          <Y t="6">0.00047</Y>
          <Y t="7">0.00053</Y>
          <Y t="8">0.00062</Y>
          <Y t="9">0.00073</Y>
          <Y t="10">0.00086</Y>
          <Y t="11">0.00101</Y>
          <Y t="12">0.00115</Y>
          <Y t="13">0.0013</Y>
          <Y t="14">0.00144</Y>
          <Y t="15">0.0016</Y>
          <Y t="16">0.00176</Y>
          <Y t="17">0.00195</Y>
          <Y t="18">0.00214</Y>
          <Y t="19">0.00236</Y>
          <Y t="20">0.00258</Y>
          <Y t="21">0.00282</Y>
          <Y t="22">0.00309</Y>
          <Y t="23">0.00342</Y>
          <Y t="24">0.00385</Y>
          <Y t="25">0.00443</Y>
        </Axis>
      </Axis>
      <Axis t="35">
        <Axis>
          <Y t="1">0.00022</Y>
          <Y t="2">0.00032</Y>
          <Y t="3">0.00039</Y>
          <Y t="4">0.00043</Y>
          <Y t="5">0.00046</Y>
          <Y t="6">0.00051</Y>
          <Y t="7">0.00058</Y>
          <Y t="8">0.00068</Y>
          <Y t="9">0.0008</Y>
          <Y t="10">0.00094</Y>
          <Y t="11">0.00109</Y>
          <Y t="12">0.00125</Y>
          <Y t="13">0.00141</Y>
          <Y t="14">0.00157</Y>
          <Y t="15">0.00174</Y>
          <Y t="16">0.00192</Y>
          <Y t="17">0.00213</Y>
          <Y t="18">0.00234</Y>
          <Y t="19">0.00257</Y>
          <Y t="20">0.0028</Y>
          <Y t="21">0.00306</Y>
          <Y t="22">0.00335</Y>
          <Y t="23">0.00372</Y>
          <Y t="24">0.0042</Y>
          <Y t="25">0.00484</Y>
        </Axis>
      </Axis>
      <Axis t="36">
        <Axis>
          <Y t="1">0.00023</Y>
          <Y t="2">0.00034</Y>
          <Y t="3">0.00041</Y>
          <Y t="4">0.00045</Y>
          <Y t="5">0.00049</Y>
          <Y t="6">0.00055</Y>
          <Y t="7">0.00063</Y>
          <Y t="8">0.00074</Y>
          <Y t="9">0.00087</Y>
          <Y t="10">0.00102</Y>
          <Y t="11">0.00119</Y>
          <Y t="12">0.00136</Y>
          <Y t="13">0.00153</Y>
          <Y t="14">0.00171</Y>
          <Y t="15">0.0019</Y>
          <Y t="16">0.0021</Y>
          <Y t="17">0.00232</Y>
          <Y t="18">0.00256</Y>
          <Y t="19">0.0028</Y>
          <Y t="20">0.00305</Y>
          <Y t="21">0.00332</Y>
          <Y t="22">0.00364</Y>
          <Y t="23">0.00405</Y>
          <Y t="24">0.00459</Y>
          <Y t="25">0.00532</Y>
        </Axis>
      </Axis>
      <Axis t="37">
        <Axis>
          <Y t="1">0.00024</Y>
          <Y t="2">0.00035</Y>
          <Y t="3">0.00043</Y>
          <Y t="4">0.00048</Y>
          <Y t="5">0.00053</Y>
          <Y t="6">0.00061</Y>
          <Y t="7">0.00069</Y>
          <Y t="8">0.00081</Y>
          <Y t="9">0.00095</Y>
          <Y t="10">0.00112</Y>
          <Y t="11">0.00129</Y>
          <Y t="12">0.00148</Y>
          <Y t="13">0.00167</Y>
          <Y t="14">0.00187</Y>
          <Y t="15">0.00208</Y>
          <Y t="16">0.0023</Y>
          <Y t="17">0.00254</Y>
          <Y t="18">0.00279</Y>
          <Y t="19">0.00305</Y>
          <Y t="20">0.00332</Y>
          <Y t="21">0.00361</Y>
          <Y t="22">0.00397</Y>
          <Y t="23">0.00443</Y>
          <Y t="24">0.00504</Y>
          <Y t="25">0.00585</Y>
        </Axis>
      </Axis>
      <Axis t="38">
        <Axis>
          <Y t="1">0.00025</Y>
          <Y t="2">0.00037</Y>
          <Y t="3">0.00045</Y>
          <Y t="4">0.00052</Y>
          <Y t="5">0.00058</Y>
          <Y t="6">0.00067</Y>
          <Y t="7">0.00076</Y>
          <Y t="8">0.00089</Y>
          <Y t="9">0.00104</Y>
          <Y t="10">0.00122</Y>
          <Y t="11">0.0014</Y>
          <Y t="12">0.0016</Y>
          <Y t="13">0.00181</Y>
          <Y t="14">0.00203</Y>
          <Y t="15">0.00227</Y>
          <Y t="16">0.00252</Y>
          <Y t="17">0.00277</Y>
          <Y t="18">0.00304</Y>
          <Y t="19">0.00332</Y>
          <Y t="20">0.00361</Y>
          <Y t="21">0.00394</Y>
          <Y t="22">0.00434</Y>
          <Y t="23">0.00486</Y>
          <Y t="24">0.00555</Y>
          <Y t="25">0.00646</Y>
        </Axis>
      </Axis>
      <Axis t="39">
        <Axis>
          <Y t="1">0.00026</Y>
          <Y t="2">0.00039</Y>
          <Y t="3">0.00047</Y>
          <Y t="4">0.00056</Y>
          <Y t="5">0.00064</Y>
          <Y t="6">0.00073</Y>
          <Y t="7">0.00084</Y>
          <Y t="8">0.00097</Y>
          <Y t="9">0.00114</Y>
          <Y t="10">0.00132</Y>
          <Y t="11">0.00152</Y>
          <Y t="12">0.00174</Y>
          <Y t="13">0.00197</Y>
          <Y t="14">0.00222</Y>
          <Y t="15">0.00248</Y>
          <Y t="16">0.00275</Y>
          <Y t="17">0.00303</Y>
          <Y t="18">0.00331</Y>
          <Y t="19">0.00361</Y>
          <Y t="20">0.00394</Y>
          <Y t="21">0.0043</Y>
          <Y t="22">0.00476</Y>
          <Y t="23">0.00535</Y>
          <Y t="24">0.00614</Y>
          <Y t="25">0.00716</Y>
        </Axis>
      </Axis>
      <Axis t="40">
        <Axis>
          <Y t="1">0.00027</Y>
          <Y t="2">0.00041</Y>
          <Y t="3">0.00051</Y>
          <Y t="4">0.0006</Y>
          <Y t="5">0.0007</Y>
          <Y t="6">0.0008</Y>
          <Y t="7">0.00092</Y>
          <Y t="8">0.00107</Y>
          <Y t="9">0.00124</Y>
          <Y t="10">0.00144</Y>
          <Y t="11">0.00166</Y>
          <Y t="12">0.0019</Y>
          <Y t="13">0.00215</Y>
          <Y t="14">0.00242</Y>
          <Y t="15">0.0027</Y>
          <Y t="16">0.003</Y>
          <Y t="17">0.0033</Y>
          <Y t="18">0.00361</Y>
          <Y t="19">0.00394</Y>
          <Y t="20">0.00429</Y>
          <Y t="21">0.00471</Y>
          <Y t="22">0.00523</Y>
          <Y t="23">0.00592</Y>
          <Y t="24">0.0068</Y>
          <Y t="25">0.00795</Y>
        </Axis>
      </Axis>
      <Axis t="41">
        <Axis>
          <Y t="1">0.00028</Y>
          <Y t="2">0.00043</Y>
          <Y t="3">0.00055</Y>
          <Y t="4">0.00066</Y>
          <Y t="5">0.00077</Y>
          <Y t="6">0.00088</Y>
          <Y t="7">0.00101</Y>
          <Y t="8">0.00117</Y>
          <Y t="9">0.00135</Y>
          <Y t="10">0.00156</Y>
          <Y t="11">0.0018</Y>
          <Y t="12">0.00207</Y>
          <Y t="13">0.00235</Y>
          <Y t="14">0.00264</Y>
          <Y t="15">0.00295</Y>
          <Y t="16">0.00327</Y>
          <Y t="17">0.00359</Y>
          <Y t="18">0.00393</Y>
          <Y t="19">0.00429</Y>
          <Y t="20">0.00469</Y>
          <Y t="21">0.00517</Y>
          <Y t="22">0.00578</Y>
          <Y t="23">0.00656</Y>
          <Y t="24">0.00756</Y>
          <Y t="25">0.00885</Y>
        </Axis>
      </Axis>
      <Axis t="42">
        <Axis>
          <Y t="1">0.00029</Y>
          <Y t="2">0.00045</Y>
          <Y t="3">0.00059</Y>
          <Y t="4">0.00072</Y>
          <Y t="5">0.00085</Y>
          <Y t="6">0.00097</Y>
          <Y t="7">0.00111</Y>
          <Y t="8">0.00127</Y>
          <Y t="9">0.00147</Y>
          <Y t="10">0.0017</Y>
          <Y t="11">0.00196</Y>
          <Y t="12">0.00225</Y>
          <Y t="13">0.00256</Y>
          <Y t="14">0.00288</Y>
          <Y t="15">0.00321</Y>
          <Y t="16">0.00356</Y>
          <Y t="17">0.00392</Y>
          <Y t="18">0.00429</Y>
          <Y t="19">0.00469</Y>
          <Y t="20">0.00515</Y>
          <Y t="21">0.0057</Y>
          <Y t="22">0.0064</Y>
          <Y t="23">0.00729</Y>
          <Y t="24">0.00843</Y>
          <Y t="25">0.00987</Y>
        </Axis>
      </Axis>
      <Axis t="43">
        <Axis>
          <Y t="1">0.00031</Y>
          <Y t="2">0.00048</Y>
          <Y t="3">0.00064</Y>
          <Y t="4">0.00079</Y>
          <Y t="5">0.00093</Y>
          <Y t="6">0.00106</Y>
          <Y t="7">0.00121</Y>
          <Y t="8">0.00139</Y>
          <Y t="9">0.00161</Y>
          <Y t="10">0.00186</Y>
          <Y t="11">0.00214</Y>
          <Y t="12">0.00245</Y>
          <Y t="13">0.00278</Y>
          <Y t="14">0.00313</Y>
          <Y t="15">0.0035</Y>
          <Y t="16">0.00388</Y>
          <Y t="17">0.00427</Y>
          <Y t="18">0.00468</Y>
          <Y t="19">0.00513</Y>
          <Y t="20">0.00566</Y>
          <Y t="21">0.0063</Y>
          <Y t="22">0.00711</Y>
          <Y t="23">0.00813</Y>
          <Y t="24">0.00943</Y>
          <Y t="25">0.01103</Y>
        </Axis>
      </Axis>
      <Axis t="44">
        <Axis>
          <Y t="1">0.00032</Y>
          <Y t="2">0.00052</Y>
          <Y t="3">0.0007</Y>
          <Y t="4">0.00086</Y>
          <Y t="5">0.00101</Y>
          <Y t="6">0.00116</Y>
          <Y t="7">0.00132</Y>
          <Y t="8">0.00151</Y>
          <Y t="9">0.00175</Y>
          <Y t="10">0.00202</Y>
          <Y t="11">0.00233</Y>
          <Y t="12">0.00267</Y>
          <Y t="13">0.00303</Y>
          <Y t="14">0.00341</Y>
          <Y t="15">0.00381</Y>
          <Y t="16">0.00423</Y>
          <Y t="17">0.00466</Y>
          <Y t="18">0.00512</Y>
          <Y t="19">0.00563</Y>
          <Y t="20">0.00624</Y>
          <Y t="21">0.00698</Y>
          <Y t="22">0.00792</Y>
          <Y t="23">0.00909</Y>
          <Y t="24">0.01055</Y>
          <Y t="25">0.01234</Y>
        </Axis>
      </Axis>
      <Axis t="45">
        <Axis>
          <Y t="1">0.00034</Y>
          <Y t="2">0.00056</Y>
          <Y t="3">0.00076</Y>
          <Y t="4">0.00094</Y>
          <Y t="5">0.00111</Y>
          <Y t="6">0.00126</Y>
          <Y t="7">0.00144</Y>
          <Y t="8">0.00165</Y>
          <Y t="9">0.0019</Y>
          <Y t="10">0.0022</Y>
          <Y t="11">0.00253</Y>
          <Y t="12">0.0029</Y>
          <Y t="13">0.0033</Y>
          <Y t="14">0.00372</Y>
          <Y t="15">0.00416</Y>
          <Y t="16">0.00461</Y>
          <Y t="17">0.00508</Y>
          <Y t="18">0.0056</Y>
          <Y t="19">0.0062</Y>
          <Y t="20">0.0069</Y>
          <Y t="21">0.00776</Y>
          <Y t="22">0.00884</Y>
          <Y t="23">0.01018</Y>
          <Y t="24">0.01183</Y>
          <Y t="25">0.01382</Y>
        </Axis>
      </Axis>
      <Axis t="46">
        <Axis>
          <Y t="1">0.00036</Y>
          <Y t="2">0.00061</Y>
          <Y t="3">0.00084</Y>
          <Y t="4">0.00103</Y>
          <Y t="5">0.00121</Y>
          <Y t="6">0.00138</Y>
          <Y t="7">0.00157</Y>
          <Y t="8">0.0018</Y>
          <Y t="9">0.00208</Y>
          <Y t="10">0.00239</Y>
          <Y t="11">0.00276</Y>
          <Y t="12">0.00316</Y>
          <Y t="13">0.0036</Y>
          <Y t="14">0.00405</Y>
          <Y t="15">0.00453</Y>
          <Y t="16">0.00503</Y>
          <Y t="17">0.00556</Y>
          <Y t="18">0.00615</Y>
          <Y t="19">0.00684</Y>
          <Y t="20">0.00765</Y>
          <Y t="21">0.00866</Y>
          <Y t="22">0.0099</Y>
          <Y t="23">0.01142</Y>
          <Y t="24">0.01327</Y>
          <Y t="25">0.01548</Y>
        </Axis>
      </Axis>
      <Axis t="47">
        <Axis>
          <Y t="1">0.00039</Y>
          <Y t="2">0.00067</Y>
          <Y t="3">0.00092</Y>
          <Y t="4">0.00113</Y>
          <Y t="5">0.00131</Y>
          <Y t="6">0.0015</Y>
          <Y t="7">0.00171</Y>
          <Y t="8">0.00196</Y>
          <Y t="9">0.00226</Y>
          <Y t="10">0.00261</Y>
          <Y t="11">0.00301</Y>
          <Y t="12">0.00345</Y>
          <Y t="13">0.00392</Y>
          <Y t="14">0.00442</Y>
          <Y t="15">0.00495</Y>
          <Y t="16">0.0055</Y>
          <Y t="17">0.0061</Y>
          <Y t="18">0.00678</Y>
          <Y t="19">0.00757</Y>
          <Y t="20">0.00852</Y>
          <Y t="21">0.00968</Y>
          <Y t="22">0.0111</Y>
          <Y t="23">0.01283</Y>
          <Y t="24">0.0149</Y>
          <Y t="25">0.01735</Y>
        </Axis>
      </Axis>
      <Axis t="48">
        <Axis>
          <Y t="1">0.00043</Y>
          <Y t="2">0.00074</Y>
          <Y t="3">0.001</Y>
          <Y t="4">0.00123</Y>
          <Y t="5">0.00143</Y>
          <Y t="6">0.00164</Y>
          <Y t="7">0.00187</Y>
          <Y t="8">0.00214</Y>
          <Y t="9">0.00247</Y>
          <Y t="10">0.00285</Y>
          <Y t="11">0.00328</Y>
          <Y t="12">0.00376</Y>
          <Y t="13">0.00428</Y>
          <Y t="14">0.00483</Y>
          <Y t="15">0.00541</Y>
          <Y t="16">0.00603</Y>
          <Y t="17">0.00671</Y>
          <Y t="18">0.00748</Y>
          <Y t="19">0.0084</Y>
          <Y t="20">0.0095</Y>
          <Y t="21">0.01084</Y>
          <Y t="22">0.01246</Y>
          <Y t="23">0.01441</Y>
          <Y t="24">0.01673</Y>
          <Y t="25">0.01945</Y>
        </Axis>
      </Axis>
      <Axis t="49">
        <Axis>
          <Y t="1">0.00047</Y>
          <Y t="2">0.00081</Y>
          <Y t="3">0.0011</Y>
          <Y t="4">0.00134</Y>
          <Y t="5">0.00156</Y>
          <Y t="6">0.00179</Y>
          <Y t="7">0.00204</Y>
          <Y t="8">0.00234</Y>
          <Y t="9">0.0027</Y>
          <Y t="10">0.00312</Y>
          <Y t="11">0.00359</Y>
          <Y t="12">0.00411</Y>
          <Y t="13">0.00468</Y>
          <Y t="14">0.00528</Y>
          <Y t="15">0.00592</Y>
          <Y t="16">0.00662</Y>
          <Y t="17">0.0074</Y>
          <Y t="18">0.00829</Y>
          <Y t="19">0.00935</Y>
          <Y t="20">0.01062</Y>
          <Y t="21">0.01216</Y>
          <Y t="22">0.014</Y>
          <Y t="23">0.0162</Y>
          <Y t="24">0.01879</Y>
          <Y t="25">0.02179</Y>
        </Axis>
      </Axis>
      <Axis t="50">
        <Axis>
          <Y t="1">0.00051</Y>
          <Y t="2">0.00089</Y>
          <Y t="3">0.0012</Y>
          <Y t="4">0.00146</Y>
          <Y t="5">0.0017</Y>
          <Y t="6">0.00195</Y>
          <Y t="7">0.00223</Y>
          <Y t="8">0.00256</Y>
          <Y t="9">0.00295</Y>
          <Y t="10">0.00341</Y>
          <Y t="11">0.00393</Y>
          <Y t="12">0.0045</Y>
          <Y t="13">0.00512</Y>
          <Y t="14">0.00579</Y>
          <Y t="15">0.0065</Y>
          <Y t="16">0.00729</Y>
          <Y t="17">0.00818</Y>
          <Y t="18">0.00922</Y>
          <Y t="19">0.01044</Y>
          <Y t="20">0.0119</Y>
          <Y t="21">0.01365</Y>
          <Y t="22">0.01574</Y>
          <Y t="23">0.0182</Y>
          <Y t="24">0.02108</Y>
          <Y t="25">0.0244</Y>
        </Axis>
      </Axis>
      <Axis t="51">
        <Axis>
          <Y t="1">0.00057</Y>
          <Y t="2">0.00098</Y>
          <Y t="3">0.00131</Y>
          <Y t="4">0.0016</Y>
          <Y t="5">0.00186</Y>
          <Y t="6">0.00213</Y>
          <Y t="7">0.00244</Y>
          <Y t="8">0.0028</Y>
          <Y t="9">0.00324</Y>
          <Y t="10">0.00374</Y>
          <Y t="11">0.00431</Y>
          <Y t="12">0.00494</Y>
          <Y t="13">0.00562</Y>
          <Y t="14">0.00636</Y>
          <Y t="15">0.00716</Y>
          <Y t="16">0.00806</Y>
          <Y t="17">0.00908</Y>
          <Y t="18">0.01027</Y>
          <Y t="19">0.01168</Y>
          <Y t="20">0.01336</Y>
          <Y t="21">0.01534</Y>
          <Y t="22">0.0177</Y>
          <Y t="23">0.02044</Y>
          <Y t="24">0.02363</Y>
          <Y t="25">0.0273</Y>
        </Axis>
      </Axis>
      <Axis t="52">
        <Axis>
          <Y t="1">0.00063</Y>
          <Y t="2">0.00107</Y>
          <Y t="3">0.00143</Y>
          <Y t="4">0.00174</Y>
          <Y t="5">0.00203</Y>
          <Y t="6">0.00233</Y>
          <Y t="7">0.00267</Y>
          <Y t="8">0.00308</Y>
          <Y t="9">0.00356</Y>
          <Y t="10">0.00411</Y>
          <Y t="11">0.00474</Y>
          <Y t="12">0.00543</Y>
          <Y t="13">0.00618</Y>
          <Y t="14">0.007</Y>
          <Y t="15">0.00792</Y>
          <Y t="16">0.00893</Y>
          <Y t="17">0.01011</Y>
          <Y t="18">0.01148</Y>
          <Y t="19">0.01309</Y>
          <Y t="20">0.015</Y>
          <Y t="21">0.01725</Y>
          <Y t="22">0.01988</Y>
          <Y t="23">0.02295</Y>
          <Y t="24">0.02647</Y>
          <Y t="25">0.0305</Y>
        </Axis>
      </Axis>
      <Axis t="53">
        <Axis>
          <Y t="1">0.00071</Y>
          <Y t="2">0.00117</Y>
          <Y t="3">0.00156</Y>
          <Y t="4">0.0019</Y>
          <Y t="5">0.00221</Y>
          <Y t="6">0.00255</Y>
          <Y t="7">0.00294</Y>
          <Y t="8">0.00339</Y>
          <Y t="9">0.00392</Y>
          <Y t="10">0.00453</Y>
          <Y t="11">0.00522</Y>
          <Y t="12">0.00598</Y>
          <Y t="13">0.00682</Y>
          <Y t="14">0.00774</Y>
          <Y t="15">0.00877</Y>
          <Y t="16">0.00993</Y>
          <Y t="17">0.01128</Y>
          <Y t="18">0.01285</Y>
          <Y t="19">0.01469</Y>
          <Y t="20">0.01686</Y>
          <Y t="21">0.01939</Y>
          <Y t="22">0.02233</Y>
          <Y t="23">0.02572</Y>
          <Y t="24">0.02961</Y>
          <Y t="25">0.03403</Y>
        </Axis>
      </Axis>
      <Axis t="54">
        <Axis>
          <Y t="1">0.00079</Y>
          <Y t="2">0.00128</Y>
          <Y t="3">0.0017</Y>
          <Y t="4">0.00207</Y>
          <Y t="5">0.00242</Y>
          <Y t="6">0.0028</Y>
          <Y t="7">0.00323</Y>
          <Y t="8">0.00374</Y>
          <Y t="9">0.00433</Y>
          <Y t="10">0.005</Y>
          <Y t="11">0.00577</Y>
          <Y t="12">0.00661</Y>
          <Y t="13">0.00755</Y>
          <Y t="14">0.00859</Y>
          <Y t="15">0.00975</Y>
          <Y t="16">0.01108</Y>
          <Y t="17">0.01262</Y>
          <Y t="18">0.0144</Y>
          <Y t="19">0.0165</Y>
          <Y t="20">0.01895</Y>
          <Y t="21">0.02178</Y>
          <Y t="22">0.02505</Y>
          <Y t="23">0.02879</Y>
          <Y t="24">0.03307</Y>
          <Y t="25">0.03793</Y>
        </Axis>
      </Axis>
      <Axis t="55">
        <Axis>
          <Y t="1">0.00087</Y>
          <Y t="2">0.0014</Y>
          <Y t="3">0.00185</Y>
          <Y t="4">0.00226</Y>
          <Y t="5">0.00265</Y>
          <Y t="6">0.00308</Y>
          <Y t="7">0.00357</Y>
          <Y t="8">0.00414</Y>
          <Y t="9">0.00479</Y>
          <Y t="10">0.00554</Y>
          <Y t="11">0.00639</Y>
          <Y t="12">0.00733</Y>
          <Y t="13">0.00838</Y>
          <Y t="14">0.00955</Y>
          <Y t="15">0.01088</Y>
          <Y t="16">0.01239</Y>
          <Y t="17">0.01414</Y>
          <Y t="18">0.01617</Y>
          <Y t="19">0.01854</Y>
          <Y t="20">0.02128</Y>
          <Y t="21">0.02444</Y>
          <Y t="22">0.02806</Y>
          <Y t="23">0.03218</Y>
          <Y t="24">0.03687</Y>
          <Y t="25">0.0422</Y>
        </Axis>
      </Axis>
      <Axis t="56">
        <Axis>
          <Y t="1">0.00097</Y>
          <Y t="2">0.00153</Y>
          <Y t="3">0.00202</Y>
          <Y t="4">0.00247</Y>
          <Y t="5">0.00292</Y>
          <Y t="6">0.0034</Y>
          <Y t="7">0.00395</Y>
          <Y t="8">0.00459</Y>
          <Y t="9">0.00532</Y>
          <Y t="10">0.00616</Y>
          <Y t="11">0.00711</Y>
          <Y t="12">0.00816</Y>
          <Y t="13">0.00934</Y>
          <Y t="14">0.01066</Y>
          <Y t="15">0.01216</Y>
          <Y t="16">0.01388</Y>
          <Y t="17">0.01587</Y>
          <Y t="18">0.01817</Y>
          <Y t="19">0.02083</Y>
          <Y t="20">0.02389</Y>
          <Y t="21">0.0274</Y>
          <Y t="22">0.03139</Y>
          <Y t="23">0.03592</Y>
          <Y t="24">0.04105</Y>
          <Y t="25">0.04699</Y>
        </Axis>
      </Axis>
      <Axis t="57">
        <Axis>
          <Y t="1">0.00107</Y>
          <Y t="2">0.00167</Y>
          <Y t="3">0.0022</Y>
          <Y t="4">0.0027</Y>
          <Y t="5">0.00321</Y>
          <Y t="6">0.00376</Y>
          <Y t="7">0.00439</Y>
          <Y t="8">0.0051</Y>
          <Y t="9">0.00593</Y>
          <Y t="10">0.00686</Y>
          <Y t="11">0.00792</Y>
          <Y t="12">0.0091</Y>
          <Y t="13">0.01043</Y>
          <Y t="14">0.01192</Y>
          <Y t="15">0.01362</Y>
          <Y t="16">0.01558</Y>
          <Y t="17">0.01783</Y>
          <Y t="18">0.02042</Y>
          <Y t="19">0.02339</Y>
          <Y t="20">0.0268</Y>
          <Y t="21">0.03067</Y>
          <Y t="22">0.03506</Y>
          <Y t="23">0.04001</Y>
          <Y t="24">0.04572</Y>
          <Y t="25">0.05235</Y>
        </Axis>
      </Axis>
      <Axis t="58">
        <Axis>
          <Y t="1">0.00117</Y>
          <Y t="2">0.00183</Y>
          <Y t="3">0.00241</Y>
          <Y t="4">0.00297</Y>
          <Y t="5">0.00354</Y>
          <Y t="6">0.00417</Y>
          <Y t="7">0.00488</Y>
          <Y t="8">0.00569</Y>
          <Y t="9">0.00662</Y>
          <Y t="10">0.00767</Y>
          <Y t="11">0.00885</Y>
          <Y t="12">0.01018</Y>
          <Y t="13">0.01168</Y>
          <Y t="14">0.01337</Y>
          <Y t="15">0.01529</Y>
          <Y t="16">0.0175</Y>
          <Y t="17">0.02004</Y>
          <Y t="18">0.02294</Y>
          <Y t="19">0.02625</Y>
          <Y t="20">0.03002</Y>
          <Y t="21">0.03428</Y>
          <Y t="22">0.03908</Y>
          <Y t="23">0.04458</Y>
          <Y t="24">0.05094</Y>
          <Y t="25">0.05821</Y>
        </Axis>
      </Axis>
      <Axis t="59">
        <Axis>
          <Y t="1">0.00129</Y>
          <Y t="2">0.00199</Y>
          <Y t="3">0.00264</Y>
          <Y t="4">0.00327</Y>
          <Y t="5">0.00392</Y>
          <Y t="6">0.00464</Y>
          <Y t="7">0.00544</Y>
          <Y t="8">0.00636</Y>
          <Y t="9">0.00741</Y>
          <Y t="10">0.00859</Y>
          <Y t="11">0.00992</Y>
          <Y t="12">0.01141</Y>
          <Y t="13">0.0131</Y>
          <Y t="14">0.01501</Y>
          <Y t="15">0.01719</Y>
          <Y t="16">0.01967</Y>
          <Y t="17">0.02252</Y>
          <Y t="18">0.02575</Y>
          <Y t="19">0.02943</Y>
          <Y t="20">0.03357</Y>
          <Y t="21">0.03824</Y>
          <Y t="22">0.04357</Y>
          <Y t="23">0.0497</Y>
          <Y t="24">0.05664</Y>
          <Y t="25">0.0646</Y>
        </Axis>
      </Axis>
      <Axis t="60">
        <Axis>
          <Y t="1">0.00141</Y>
          <Y t="2">0.00217</Y>
          <Y t="3">0.00289</Y>
          <Y t="4">0.00361</Y>
          <Y t="5">0.00435</Y>
          <Y t="6">0.00517</Y>
          <Y t="7">0.00609</Y>
          <Y t="8">0.00713</Y>
          <Y t="9">0.00831</Y>
          <Y t="10">0.00964</Y>
          <Y t="11">0.01114</Y>
          <Y t="12">0.01282</Y>
          <Y t="13">0.01472</Y>
          <Y t="14">0.01687</Y>
          <Y t="15">0.01932</Y>
          <Y t="16">0.02212</Y>
          <Y t="17">0.02529</Y>
          <Y t="18">0.02889</Y>
          <Y t="19">0.03294</Y>
          <Y t="20">0.03749</Y>
          <Y t="21">0.04268</Y>
          <Y t="22">0.0486</Y>
          <Y t="23">0.05528</Y>
          <Y t="24">0.06286</Y>
          <Y t="25">0.07219</Y>
        </Axis>
      </Axis>
      <Axis t="61">
        <Axis>
          <Y t="1">0.00154</Y>
          <Y t="2">0.00238</Y>
          <Y t="3">0.00318</Y>
          <Y t="4">0.00399</Y>
          <Y t="5">0.00484</Y>
          <Y t="6">0.00577</Y>
          <Y t="7">0.00682</Y>
          <Y t="8">0.008</Y>
          <Y t="9">0.00933</Y>
          <Y t="10">0.01083</Y>
          <Y t="11">0.01252</Y>
          <Y t="12">0.01441</Y>
          <Y t="13">0.01656</Y>
          <Y t="14">0.01898</Y>
          <Y t="15">0.02173</Y>
          <Y t="16">0.02485</Y>
          <Y t="17">0.02838</Y>
          <Y t="18">0.03236</Y>
          <Y t="19">0.03681</Y>
          <Y t="20">0.04188</Y>
          <Y t="21">0.04764</Y>
          <Y t="22">0.0541</Y>
          <Y t="23">0.06136</Y>
          <Y t="24">0.07041</Y>
          <Y t="25">0.08126</Y>
        </Axis>
      </Axis>
      <Axis t="62">
        <Axis>
          <Y t="1">0.00169</Y>
          <Y t="2">0.00261</Y>
          <Y t="3">0.00351</Y>
          <Y t="4">0.00443</Y>
          <Y t="5">0.0054</Y>
          <Y t="6">0.00647</Y>
          <Y t="7">0.00765</Y>
          <Y t="8">0.009</Y>
          <Y t="9">0.0105</Y>
          <Y t="10">0.01219</Y>
          <Y t="11">0.01409</Y>
          <Y t="12">0.01623</Y>
          <Y t="13">0.01864</Y>
          <Y t="14">0.02136</Y>
          <Y t="15">0.02443</Y>
          <Y t="16">0.02791</Y>
          <Y t="17">0.03181</Y>
          <Y t="18">0.03619</Y>
          <Y t="19">0.04116</Y>
          <Y t="20">0.04679</Y>
          <Y t="21">0.05307</Y>
          <Y t="22">0.06009</Y>
          <Y t="23">0.06889</Y>
          <Y t="24">0.07962</Y>
          <Y t="25">0.09149</Y>
        </Axis>
      </Axis>
      <Axis t="63">
        <Axis>
          <Y t="1">0.00185</Y>
          <Y t="2">0.00288</Y>
          <Y t="3">0.00389</Y>
          <Y t="4">0.00492</Y>
          <Y t="5">0.00604</Y>
          <Y t="6">0.00725</Y>
          <Y t="7">0.0086</Y>
          <Y t="8">0.01013</Y>
          <Y t="9">0.01182</Y>
          <Y t="10">0.01373</Y>
          <Y t="11">0.01587</Y>
          <Y t="12">0.01828</Y>
          <Y t="13">0.02098</Y>
          <Y t="14">0.02402</Y>
          <Y t="15">0.02745</Y>
          <Y t="16">0.0313</Y>
          <Y t="17">0.03562</Y>
          <Y t="18">0.0405</Y>
          <Y t="19">0.04603</Y>
          <Y t="20">0.05218</Y>
          <Y t="21">0.059</Y>
          <Y t="22">0.06761</Y>
          <Y t="23">0.07824</Y>
          <Y t="24">0.09006</Y>
          <Y t="25">0.10313</Y>
        </Axis>
      </Axis>
      <Axis t="64">
        <Axis>
          <Y t="1">0.00204</Y>
          <Y t="2">0.00317</Y>
          <Y t="3">0.00431</Y>
          <Y t="4">0.00549</Y>
          <Y t="5">0.00676</Y>
          <Y t="6">0.00814</Y>
          <Y t="7">0.00968</Y>
          <Y t="8">0.0114</Y>
          <Y t="9">0.01332</Y>
          <Y t="10">0.01547</Y>
          <Y t="11">0.01788</Y>
          <Y t="12">0.02057</Y>
          <Y t="13">0.0236</Y>
          <Y t="14">0.027</Y>
          <Y t="15">0.03081</Y>
          <Y t="16">0.03507</Y>
          <Y t="17">0.0399</Y>
          <Y t="18">0.04535</Y>
          <Y t="19">0.05139</Y>
          <Y t="20">0.05806</Y>
          <Y t="21">0.06653</Y>
          <Y t="22">0.07708</Y>
          <Y t="23">0.08886</Y>
          <Y t="24">0.10197</Y>
          <Y t="25">0.11639</Y>
        </Axis>
      </Axis>
      <Axis t="65">
        <Axis>
          <Y t="1">0.00225</Y>
          <Y t="2">0.00351</Y>
          <Y t="3">0.0048</Y>
          <Y t="4">0.00614</Y>
          <Y t="5">0.00758</Y>
          <Y t="6">0.00916</Y>
          <Y t="7">0.0109</Y>
          <Y t="8">0.01285</Y>
          <Y t="9">0.01501</Y>
          <Y t="10">0.01743</Y>
          <Y t="11">0.02013</Y>
          <Y t="12">0.02315</Y>
          <Y t="13">0.02654</Y>
          <Y t="14">0.03032</Y>
          <Y t="15">0.03454</Y>
          <Y t="16">0.03932</Y>
          <Y t="17">0.04471</Y>
          <Y t="18">0.05067</Y>
          <Y t="19">0.05724</Y>
          <Y t="20">0.0656</Y>
          <Y t="21">0.0761</Y>
          <Y t="22">0.08786</Y>
          <Y t="23">0.10102</Y>
          <Y t="24">0.1156</Y>
          <Y t="25">0.13111</Y>
        </Axis>
      </Axis>
      <Axis t="66">
        <Axis>
          <Y t="1">0.00249</Y>
          <Y t="2">0.0039</Y>
          <Y t="3">0.00535</Y>
          <Y t="4">0.00687</Y>
          <Y t="5">0.00851</Y>
          <Y t="6">0.0103</Y>
          <Y t="7">0.01228</Y>
          <Y t="8">0.01447</Y>
          <Y t="9">0.01691</Y>
          <Y t="10">0.01962</Y>
          <Y t="11">0.02266</Y>
          <Y t="12">0.02604</Y>
          <Y t="13">0.02981</Y>
          <Y t="14">0.034</Y>
          <Y t="15">0.03874</Y>
          <Y t="16">0.0441</Y>
          <Y t="17">0.05</Y>
          <Y t="18">0.0565</Y>
          <Y t="19">0.0648</Y>
          <Y t="20">0.07526</Y>
          <Y t="21">0.08702</Y>
          <Y t="22">0.10023</Y>
          <Y t="23">0.11498</Y>
          <Y t="24">0.13081</Y>
          <Y t="25">0.1472</Y>
        </Axis>
      </Axis>
      <Axis t="67">
        <Axis>
          <Y t="1">0.00277</Y>
          <Y t="2">0.00435</Y>
          <Y t="3">0.00597</Y>
          <Y t="4">0.0077</Y>
          <Y t="5">0.00955</Y>
          <Y t="6">0.01159</Y>
          <Y t="7">0.01382</Y>
          <Y t="8">0.0163</Y>
          <Y t="9">0.01903</Y>
          <Y t="10">0.02209</Y>
          <Y t="11">0.02547</Y>
          <Y t="12">0.02925</Y>
          <Y t="13">0.03343</Y>
          <Y t="14">0.03816</Y>
          <Y t="15">0.04348</Y>
          <Y t="16">0.04936</Y>
          <Y t="17">0.05581</Y>
          <Y t="18">0.06408</Y>
          <Y t="19">0.07454</Y>
          <Y t="20">0.08631</Y>
          <Y t="21">0.09958</Y>
          <Y t="22">0.11447</Y>
          <Y t="23">0.13058</Y>
          <Y t="24">0.1472</Y>
          <Y t="25">0.16455</Y>
        </Axis>
      </Axis>
      <Axis t="68">
        <Axis>
          <Y t="1">0.00309</Y>
          <Y t="2">0.00486</Y>
          <Y t="3">0.00669</Y>
          <Y t="4">0.00863</Y>
          <Y t="5">0.01073</Y>
          <Y t="6">0.01303</Y>
          <Y t="7">0.01555</Y>
          <Y t="8">0.01834</Y>
          <Y t="9">0.02141</Y>
          <Y t="10">0.02482</Y>
          <Y t="11">0.02861</Y>
          <Y t="12">0.0328</Y>
          <Y t="13">0.03752</Y>
          <Y t="14">0.04284</Y>
          <Y t="15">0.0487</Y>
          <Y t="16">0.05514</Y>
          <Y t="17">0.06341</Y>
          <Y t="18">0.07389</Y>
          <Y t="19">0.0857</Y>
          <Y t="20">0.09904</Y>
          <Y t="21">0.11406</Y>
          <Y t="22">0.1304</Y>
          <Y t="23">0.1472</Y>
          <Y t="24">0.16455</Y>
          <Y t="25">0.18279</Y>
        </Axis>
      </Axis>
      <Axis t="69">
        <Axis>
          <Y t="1">0.00347</Y>
          <Y t="2">0.00544</Y>
          <Y t="3">0.00749</Y>
          <Y t="4">0.00969</Y>
          <Y t="5">0.01206</Y>
          <Y t="6">0.01464</Y>
          <Y t="7">0.01748</Y>
          <Y t="8">0.0206</Y>
          <Y t="9">0.02405</Y>
          <Y t="10">0.02786</Y>
          <Y t="11">0.03207</Y>
          <Y t="12">0.03681</Y>
          <Y t="13">0.04213</Y>
          <Y t="14">0.048</Y>
          <Y t="15">0.05444</Y>
          <Y t="16">0.06275</Y>
          <Y t="17">0.07329</Y>
          <Y t="18">0.08515</Y>
          <Y t="19">0.09857</Y>
          <Y t="20">0.11374</Y>
          <Y t="21">0.13026</Y>
          <Y t="22">0.1472</Y>
          <Y t="23">0.16455</Y>
          <Y t="24">0.18279</Y>
          <Y t="25">0.2013</Y>
        </Axis>
      </Axis>
      <Axis t="70">
        <Axis>
          <Y t="1">0.0039</Y>
          <Y t="2">0.0061</Y>
          <Y t="3">0.0084</Y>
          <Y t="4">0.01087</Y>
          <Y t="5">0.01353</Y>
          <Y t="6">0.01644</Y>
          <Y t="7">0.01963</Y>
          <Y t="8">0.02313</Y>
          <Y t="9">0.02698</Y>
          <Y t="10">0.03122</Y>
          <Y t="11">0.03598</Y>
          <Y t="12">0.04133</Y>
          <Y t="13">0.04721</Y>
          <Y t="14">0.05367</Y>
          <Y t="15">0.06205</Y>
          <Y t="16">0.07269</Y>
          <Y t="17">0.08464</Y>
          <Y t="18">0.09817</Y>
          <Y t="19">0.11347</Y>
          <Y t="20">0.13015</Y>
          <Y t="21">0.1472</Y>
          <Y t="22">0.16455</Y>
          <Y t="23">0.18279</Y>
          <Y t="24">0.2013</Y>
          <Y t="25">0.21861</Y>
        </Axis>
      </Axis>
      <Axis t="71">
        <Axis>
          <Y t="1">0.00439</Y>
          <Y t="2">0.00684</Y>
          <Y t="3">0.00942</Y>
          <Y t="4">0.01219</Y>
          <Y t="5">0.01518</Y>
          <Y t="6">0.01844</Y>
          <Y t="7">0.02201</Y>
          <Y t="8">0.02592</Y>
          <Y t="9">0.03021</Y>
          <Y t="10">0.03501</Y>
          <Y t="11">0.04039</Y>
          <Y t="12">0.04631</Y>
          <Y t="13">0.05279</Y>
          <Y t="14">0.06128</Y>
          <Y t="15">0.07206</Y>
          <Y t="16">0.08414</Y>
          <Y t="17">0.09778</Y>
          <Y t="18">0.11323</Y>
          <Y t="19">0.13008</Y>
          <Y t="20">0.1472</Y>
          <Y t="21">0.16455</Y>
          <Y t="22">0.18279</Y>
          <Y t="23">0.2013</Y>
          <Y t="24">0.21861</Y>
          <Y t="25">0.23543</Y>
        </Axis>
      </Axis>
      <Axis t="72">
        <Axis>
          <Y t="1">0.00495</Y>
          <Y t="2">0.00767</Y>
          <Y t="3">0.01056</Y>
          <Y t="4">0.01366</Y>
          <Y t="5">0.017</Y>
          <Y t="6">0.02065</Y>
          <Y t="7">0.02463</Y>
          <Y t="8">0.02899</Y>
          <Y t="9">0.03385</Y>
          <Y t="10">0.03927</Y>
          <Y t="11">0.04523</Y>
          <Y t="12">0.05178</Y>
          <Y t="13">0.06039</Y>
          <Y t="14">0.07136</Y>
          <Y t="15">0.0836</Y>
          <Y t="16">0.09739</Y>
          <Y t="17">0.11301</Y>
          <Y t="18">0.13001</Y>
          <Y t="19">0.1472</Y>
          <Y t="20">0.16455</Y>
          <Y t="21">0.18279</Y>
          <Y t="22">0.2013</Y>
          <Y t="23">0.21861</Y>
          <Y t="24">0.23543</Y>
          <Y t="25">0.25299</Y>
        </Axis>
      </Axis>
      <Axis t="73">
        <Axis>
          <Y t="1">0.00557</Y>
          <Y t="2">0.0086</Y>
          <Y t="3">0.01182</Y>
          <Y t="4">0.01528</Y>
          <Y t="5">0.01902</Y>
          <Y t="6">0.0231</Y>
          <Y t="7">0.02753</Y>
          <Y t="8">0.03245</Y>
          <Y t="9">0.03794</Y>
          <Y t="10">0.04395</Y>
          <Y t="11">0.05056</Y>
          <Y t="12">0.05935</Y>
          <Y t="13">0.07055</Y>
          <Y t="14">0.08299</Y>
          <Y t="15">0.09698</Y>
          <Y t="16">0.11277</Y>
          <Y t="17">0.12994</Y>
          <Y t="18">0.1472</Y>
          <Y t="19">0.16455</Y>
          <Y t="20">0.18279</Y>
          <Y t="21">0.2013</Y>
          <Y t="22">0.21861</Y>
          <Y t="23">0.23543</Y>
          <Y t="24">0.25299</Y>
          <Y t="25">0.27173</Y>
        </Axis>
      </Axis>
      <Axis t="74">
        <Axis>
          <Y t="1">0.00628</Y>
          <Y t="2">0.00963</Y>
          <Y t="3">0.01322</Y>
          <Y t="4">0.01707</Y>
          <Y t="5">0.02124</Y>
          <Y t="6">0.02578</Y>
          <Y t="7">0.03078</Y>
          <Y t="8">0.03633</Y>
          <Y t="9">0.04243</Y>
          <Y t="10">0.04909</Y>
          <Y t="11">0.05809</Y>
          <Y t="12">0.06958</Y>
          <Y t="13">0.08229</Y>
          <Y t="14">0.0965</Y>
          <Y t="15">0.11252</Y>
          <Y t="16">0.12986</Y>
          <Y t="17">0.1472</Y>
          <Y t="18">0.16455</Y>
          <Y t="19">0.18279</Y>
          <Y t="20">0.2013</Y>
          <Y t="21">0.21861</Y>
          <Y t="22">0.23543</Y>
          <Y t="23">0.25299</Y>
          <Y t="24">0.27173</Y>
          <Y t="25">0.29339</Y>
        </Axis>
      </Axis>
      <Axis t="75">
        <Axis>
          <Y t="1">0.00706</Y>
          <Y t="2">0.01078</Y>
          <Y t="3">0.01476</Y>
          <Y t="4">0.01905</Y>
          <Y t="5">0.02369</Y>
          <Y t="6">0.02878</Y>
          <Y t="7">0.03442</Y>
          <Y t="8">0.04059</Y>
          <Y t="9">0.04735</Y>
          <Y t="10">0.05658</Y>
          <Y t="11">0.06842</Y>
          <Y t="12">0.08144</Y>
          <Y t="13">0.09594</Y>
          <Y t="14">0.1122</Y>
          <Y t="15">0.12978</Y>
          <Y t="16">0.1472</Y>
          <Y t="17">0.16455</Y>
          <Y t="18">0.18279</Y>
          <Y t="19">0.2013</Y>
          <Y t="20">0.21861</Y>
          <Y t="21">0.23543</Y>
          <Y t="22">0.25299</Y>
          <Y t="23">0.27173</Y>
          <Y t="24">0.29339</Y>
          <Y t="25">0.31647</Y>
        </Axis>
      </Axis>
      <Axis t="76">
        <Axis>
          <Y t="1">0.00792</Y>
          <Y t="2">0.01205</Y>
          <Y t="3">0.01646</Y>
          <Y t="4">0.02121</Y>
          <Y t="5">0.02642</Y>
          <Y t="6">0.03215</Y>
          <Y t="7">0.03841</Y>
          <Y t="8">0.04526</Y>
          <Y t="9">0.05476</Y>
          <Y t="10">0.06704</Y>
          <Y t="11">0.08042</Y>
          <Y t="12">0.09525</Y>
          <Y t="13">0.11182</Y>
          <Y t="14">0.12966</Y>
          <Y t="15">0.1472</Y>
          <Y t="16">0.16455</Y>
          <Y t="17">0.18279</Y>
          <Y t="18">0.2013</Y>
          <Y t="19">0.21861</Y>
          <Y t="20">0.23543</Y>
          <Y t="21">0.25299</Y>
          <Y t="22">0.27173</Y>
          <Y t="23">0.29339</Y>
          <Y t="24">0.31647</Y>
          <Y t="25">0.33896</Y>
        </Axis>
      </Axis>
      <Axis t="77">
        <Axis>
          <Y t="1">0.00887</Y>
          <Y t="2">0.01343</Y>
          <Y t="3">0.01832</Y>
          <Y t="4">0.02364</Y>
          <Y t="5">0.02947</Y>
          <Y t="6">0.03583</Y>
          <Y t="7">0.04278</Y>
          <Y t="8">0.05261</Y>
          <Y t="9">0.06536</Y>
          <Y t="10">0.0792</Y>
          <Y t="11">0.09442</Y>
          <Y t="12">0.11135</Y>
          <Y t="13">0.12952</Y>
          <Y t="14">0.1472</Y>
          <Y t="15">0.16455</Y>
          <Y t="16">0.18279</Y>
          <Y t="17">0.2013</Y>
          <Y t="18">0.21861</Y>
          <Y t="19">0.23543</Y>
          <Y t="20">0.25299</Y>
          <Y t="21">0.27173</Y>
          <Y t="22">0.29339</Y>
          <Y t="23">0.31647</Y>
          <Y t="24">0.33896</Y>
          <Y t="25">0.36001</Y>
        </Axis>
      </Axis>
      <Axis t="78">
        <Axis>
          <Y t="1">0.00992</Y>
          <Y t="2">0.01495</Y>
          <Y t="3">0.02039</Y>
          <Y t="4">0.02634</Y>
          <Y t="5">0.03281</Y>
          <Y t="6">0.03985</Y>
          <Y t="7">0.05005</Y>
          <Y t="8">0.06337</Y>
          <Y t="9">0.07773</Y>
          <Y t="10">0.09342</Y>
          <Y t="11">0.11077</Y>
          <Y t="12">0.12934</Y>
          <Y t="13">0.1472</Y>
          <Y t="14">0.16455</Y>
          <Y t="15">0.18279</Y>
          <Y t="16">0.2013</Y>
          <Y t="17">0.21861</Y>
          <Y t="18">0.23543</Y>
          <Y t="19">0.25299</Y>
          <Y t="20">0.27173</Y>
          <Y t="21">0.29339</Y>
          <Y t="22">0.31647</Y>
          <Y t="23">0.33896</Y>
          <Y t="24">0.36001</Y>
          <Y t="25">0.37877</Y>
        </Axis>
      </Axis>
      <Axis t="79">
        <Axis>
          <Y t="1">0.01106</Y>
          <Y t="2">0.01664</Y>
          <Y t="3">0.02271</Y>
          <Y t="4">0.02929</Y>
          <Y t="5">0.03645</Y>
          <Y t="6">0.04705</Y>
          <Y t="7">0.06102</Y>
          <Y t="8">0.07597</Y>
          <Y t="9">0.09222</Y>
          <Y t="10">0.11007</Y>
          <Y t="11">0.12911</Y>
          <Y t="12">0.1472</Y>
          <Y t="13">0.16455</Y>
          <Y t="14">0.18279</Y>
          <Y t="15">0.2013</Y>
          <Y t="16">0.21861</Y>
          <Y t="17">0.23543</Y>
          <Y t="18">0.25299</Y>
          <Y t="19">0.27173</Y>
          <Y t="20">0.29339</Y>
          <Y t="21">0.31647</Y>
          <Y t="22">0.33896</Y>
          <Y t="23">0.36001</Y>
          <Y t="24">0.37877</Y>
          <Y t="25">0.39462</Y>
        </Axis>
      </Axis>
      <Axis t="80">
        <Axis>
          <Y t="1">0.01233</Y>
          <Y t="2">0.01853</Y>
          <Y t="3">0.02523</Y>
          <Y t="4">0.03251</Y>
          <Y t="5">0.04356</Y>
          <Y t="6">0.05826</Y>
          <Y t="7">0.07391</Y>
          <Y t="8">0.0908</Y>
          <Y t="9">0.10923</Y>
          <Y t="10">0.12884</Y>
          <Y t="11">0.1472</Y>
          <Y t="12">0.16455</Y>
          <Y t="13">0.18279</Y>
          <Y t="14">0.2013</Y>
          <Y t="15">0.21861</Y>
          <Y t="16">0.23543</Y>
          <Y t="17">0.25299</Y>
          <Y t="18">0.27173</Y>
          <Y t="19">0.29339</Y>
          <Y t="20">0.31647</Y>
          <Y t="21">0.33896</Y>
          <Y t="22">0.36001</Y>
          <Y t="23">0.37877</Y>
          <Y t="24">0.39462</Y>
          <Y t="25">0.40805</Y>
        </Axis>
      </Axis>
      <Axis t="81">
        <Axis>
          <Y t="1">0.01374</Y>
          <Y t="2">0.02057</Y>
          <Y t="3">0.02797</Y>
          <Y t="4">0.03953</Y>
          <Y t="5">0.05505</Y>
          <Y t="6">0.07149</Y>
          <Y t="7">0.08912</Y>
          <Y t="8">0.10823</Y>
          <Y t="9">0.1285</Y>
          <Y t="10">0.1472</Y>
          <Y t="11">0.16455</Y>
          <Y t="12">0.18279</Y>
          <Y t="13">0.2013</Y>
          <Y t="14">0.21861</Y>
          <Y t="15">0.23543</Y>
          <Y t="16">0.25299</Y>
          <Y t="17">0.27173</Y>
          <Y t="18">0.29339</Y>
          <Y t="19">0.31647</Y>
          <Y t="20">0.33896</Y>
          <Y t="21">0.36001</Y>
          <Y t="22">0.37877</Y>
          <Y t="23">0.39462</Y>
          <Y t="24">0.40805</Y>
          <Y t="25">0.41992</Y>
        </Axis>
      </Axis>
      <Axis t="82">
        <Axis>
          <Y t="1">0.01527</Y>
          <Y t="2">0.0228</Y>
          <Y t="3">0.03491</Y>
          <Y t="4">0.05135</Y>
          <Y t="5">0.06868</Y>
          <Y t="6">0.08716</Y>
          <Y t="7">0.10706</Y>
          <Y t="8">0.12811</Y>
          <Y t="9">0.1472</Y>
          <Y t="10">0.16455</Y>
          <Y t="11">0.18279</Y>
          <Y t="12">0.2013</Y>
          <Y t="13">0.21861</Y>
          <Y t="14">0.23543</Y>
          <Y t="15">0.25299</Y>
          <Y t="16">0.27173</Y>
          <Y t="17">0.29339</Y>
          <Y t="18">0.31647</Y>
          <Y t="19">0.33896</Y>
          <Y t="20">0.36001</Y>
          <Y t="21">0.37877</Y>
          <Y t="22">0.39462</Y>
          <Y t="23">0.40805</Y>
          <Y t="24">0.41992</Y>
          <Y t="25">0.43064</Y>
        </Axis>
      </Axis>
      <Axis t="83">
        <Axis>
          <Y t="1">0.01694</Y>
          <Y t="2">0.02712</Y>
          <Y t="3">0.04712</Y>
          <Y t="4">0.06545</Y>
          <Y t="5">0.08489</Y>
          <Y t="6">0.1057</Y>
          <Y t="7">0.12765</Y>
          <Y t="8">0.1472</Y>
          <Y t="9">0.16455</Y>
          <Y t="10">0.18279</Y>
          <Y t="11">0.2013</Y>
          <Y t="12">0.21861</Y>
          <Y t="13">0.23543</Y>
          <Y t="14">0.25299</Y>
          <Y t="15">0.27173</Y>
          <Y t="16">0.29339</Y>
          <Y t="17">0.31647</Y>
          <Y t="18">0.33896</Y>
          <Y t="19">0.36001</Y>
          <Y t="20">0.37877</Y>
          <Y t="21">0.39462</Y>
          <Y t="22">0.40805</Y>
          <Y t="23">0.41992</Y>
          <Y t="24">0.43064</Y>
          <Y t="25">0.43913</Y>
        </Axis>
      </Axis>
      <Axis t="84">
        <Axis>
          <Y t="1">0.01873</Y>
          <Y t="2">0.03408</Y>
          <Y t="3">0.06176</Y>
          <Y t="4">0.08229</Y>
          <Y t="5">0.10414</Y>
          <Y t="6">0.12713</Y>
          <Y t="7">0.1472</Y>
          <Y t="8">0.16455</Y>
          <Y t="9">0.18279</Y>
          <Y t="10">0.2013</Y>
          <Y t="11">0.21861</Y>
          <Y t="12">0.23543</Y>
          <Y t="13">0.25299</Y>
          <Y t="14">0.27173</Y>
          <Y t="15">0.29339</Y>
          <Y t="16">0.31647</Y>
          <Y t="17">0.33896</Y>
          <Y t="18">0.36001</Y>
          <Y t="19">0.37877</Y>
          <Y t="20">0.39462</Y>
          <Y t="21">0.40805</Y>
          <Y t="22">0.41992</Y>
          <Y t="23">0.43064</Y>
          <Y t="24">0.43913</Y>
          <Y t="25">0.44417</Y>
        </Axis>
      </Axis>
      <Axis t="85">
        <Axis>
          <Y t="1">0.02067</Y>
          <Y t="2">0.04233</Y>
          <Y t="3">0.07932</Y>
          <Y t="4">0.10237</Y>
          <Y t="5">0.12653</Y>
          <Y t="6">0.1472</Y>
          <Y t="7">0.16455</Y>
          <Y t="8">0.18279</Y>
          <Y t="9">0.2013</Y>
          <Y t="10">0.21861</Y>
          <Y t="11">0.23543</Y>
          <Y t="12">0.25299</Y>
          <Y t="13">0.27173</Y>
          <Y t="14">0.29339</Y>
          <Y t="15">0.31647</Y>
          <Y t="16">0.33896</Y>
          <Y t="17">0.36001</Y>
          <Y t="18">0.37877</Y>
          <Y t="19">0.39462</Y>
          <Y t="20">0.40805</Y>
          <Y t="21">0.41992</Y>
          <Y t="22">0.43064</Y>
          <Y t="23">0.43913</Y>
          <Y t="24">0.44417</Y>
          <Y t="25">0.44802</Y>
        </Axis>
      </Axis>
      <Axis t="86">
        <Axis>
          <Y t="1">0.02275</Y>
          <Y t="2">0.05213</Y>
          <Y t="3">0.10035</Y>
          <Y t="4">0.12585</Y>
          <Y t="5">0.1472</Y>
          <Y t="6">0.16455</Y>
          <Y t="7">0.18279</Y>
          <Y t="8">0.2013</Y>
          <Y t="9">0.21861</Y>
          <Y t="10">0.23543</Y>
          <Y t="11">0.25299</Y>
          <Y t="12">0.27173</Y>
          <Y t="13">0.29339</Y>
          <Y t="14">0.31647</Y>
          <Y t="15">0.33896</Y>
          <Y t="16">0.36001</Y>
          <Y t="17">0.37877</Y>
          <Y t="18">0.39462</Y>
          <Y t="19">0.40805</Y>
          <Y t="20">0.41992</Y>
          <Y t="21">0.43064</Y>
          <Y t="22">0.43913</Y>
          <Y t="23">0.44417</Y>
          <Y t="24">0.44802</Y>
          <Y t="25">0.45</Y>
        </Axis>
      </Axis>
      <Axis t="87">
        <Axis>
          <Y t="1">0.02498</Y>
          <Y t="2">0.06374</Y>
          <Y t="3">0.12509</Y>
          <Y t="4">0.1472</Y>
          <Y t="5">0.16455</Y>
          <Y t="6">0.18279</Y>
          <Y t="7">0.2013</Y>
          <Y t="8">0.21861</Y>
          <Y t="9">0.23543</Y>
          <Y t="10">0.25299</Y>
          <Y t="11">0.27173</Y>
          <Y t="12">0.29339</Y>
          <Y t="13">0.31647</Y>
          <Y t="14">0.33896</Y>
          <Y t="15">0.36001</Y>
          <Y t="16">0.37877</Y>
          <Y t="17">0.39462</Y>
          <Y t="18">0.40805</Y>
          <Y t="19">0.41992</Y>
          <Y t="20">0.43064</Y>
          <Y t="21">0.43913</Y>
          <Y t="22">0.44417</Y>
          <Y t="23">0.44802</Y>
          <Y t="24">0.45</Y>
          <Y t="25">0.45</Y>
        </Axis>
      </Axis>
      <Axis t="88">
        <Axis>
          <Y t="1">0.02737</Y>
          <Y t="2">0.07177</Y>
          <Y t="3">0.1472</Y>
          <Y t="4">0.16455</Y>
          <Y t="5">0.18279</Y>
          <Y t="6">0.2013</Y>
          <Y t="7">0.21861</Y>
          <Y t="8">0.23543</Y>
          <Y t="9">0.25299</Y>
          <Y t="10">0.27173</Y>
          <Y t="11">0.29339</Y>
          <Y t="12">0.31647</Y>
          <Y t="13">0.33896</Y>
          <Y t="14">0.36001</Y>
          <Y t="15">0.37877</Y>
          <Y t="16">0.39462</Y>
          <Y t="17">0.40805</Y>
          <Y t="18">0.41992</Y>
          <Y t="19">0.43064</Y>
          <Y t="20">0.43913</Y>
          <Y t="21">0.44417</Y>
          <Y t="22">0.44802</Y>
          <Y t="23">0.45</Y>
          <Y t="24">0.45</Y>
          <Y t="25">0.45</Y>
        </Axis>
      </Axis>
      <Axis t="89">
        <Axis>
          <Y t="1">0.02996</Y>
          <Y t="2">0.08067</Y>
          <Y t="3">0.16455</Y>
          <Y t="4">0.18279</Y>
          <Y t="5">0.2013</Y>
          <Y t="6">0.21861</Y>
          <Y t="7">0.23543</Y>
          <Y t="8">0.25299</Y>
          <Y t="9">0.27173</Y>
          <Y t="10">0.29339</Y>
          <Y t="11">0.31647</Y>
          <Y t="12">0.33896</Y>
          <Y t="13">0.36001</Y>
          <Y t="14">0.37877</Y>
          <Y t="15">0.39462</Y>
          <Y t="16">0.40805</Y>
          <Y t="17">0.41992</Y>
          <Y t="18">0.43064</Y>
          <Y t="19">0.43913</Y>
          <Y t="20">0.44417</Y>
          <Y t="21">0.44802</Y>
          <Y t="22">0.45</Y>
          <Y t="23">0.45</Y>
          <Y t="24">0.45</Y>
          <Y t="25">0.45</Y>
        </Axis>
      </Axis>
      <Axis t="90">
        <Axis>
          <Y t="1">0.03282</Y>
          <Y t="2">0.11162</Y>
          <Y t="3">0.18279</Y>
          <Y t="4">0.2013</Y>
          <Y t="5">0.21861</Y>
          <Y t="6">0.23543</Y>
          <Y t="7">0.25299</Y>
          <Y t="8">0.27173</Y>
          <Y t="9">0.29339</Y>
          <Y t="10">0.31647</Y>
          <Y t="11">0.33896</Y>
          <Y t="12">0.36001</Y>
          <Y t="13">0.37877</Y>
          <Y t="14">0.39462</Y>
          <Y t="15">0.40805</Y>
          <Y t="16">0.41992</Y>
          <Y t="17">0.43064</Y>
          <Y t="18">0.43913</Y>
          <Y t="19">0.44417</Y>
          <Y t="20">0.44802</Y>
          <Y t="21">0.45</Y>
          <Y t="22">0.45</Y>
          <Y t="23">0.45</Y>
          <Y t="24">0.45</Y>
          <Y t="25">0.45</Y>
        </Axis>
      </Axis>
    </Values>
  </Table>
  <Table>
    <MetaData>
      <ScalingFactor>0</ScalingFactor>
      <DataType tc="2">Floating Point</DataType>
      <Nation tc="1">United States of America</Nation>
      <TableDescription>2008 VBT Primary Table - Male, Non-Smoker, Age Last Birthday, Ultimate</TableDescription>
      <AxisDef id="Age">
        <ScaleType tc="3">Age</ScaleType>
        <AxisName>Age</AxisName>
        <MinScaleValue>25</MinScaleValue>
        <MaxScaleValue>120</MaxScaleValue>
        <Increment>1</Increment>
      </AxisDef>
    </MetaData>
    <Values>
      <Axis>
        <Y t="25">0.00096</Y>
        <Y t="26">0.00091</Y>
        <Y t="27">0.00088</Y>
        <Y t="28">0.00087</Y>
        <Y t="29">0.00086</Y>
        <Y t="30">0.00087</Y>
        <Y t="31">0.00089</Y>
        <Y t="32">0.00091</Y>
        <Y t="33">0.00095</Y>
        <Y t="34">0.00099</Y>
        <Y t="35">0.00105</Y>
        <Y t="36">0.00111</Y>
        <Y t="37">0.00117</Y>
        <Y t="38">0.00124</Y>
        <Y t="39">0.00132</Y>
        <Y t="40">0.0014</Y>
        <Y t="41">0.00148</Y>
        <Y t="42">0.00158</Y>
        <Y t="43">0.00167</Y>
        <Y t="44">0.00177</Y>
        <Y t="45">0.00187</Y>
        <Y t="46">0.00199</Y>
        <Y t="47">0.00211</Y>
        <Y t="48">0.00225</Y>
        <Y t="49">0.0024</Y>
        <Y t="50">0.00256</Y>
        <Y t="51">0.00274</Y>
        <Y t="52">0.00295</Y>
        <Y t="53">0.00317</Y>
        <Y t="54">0.00342</Y>
        <Y t="55">0.00371</Y>
        <Y t="56">0.00402</Y>
        <Y t="57">0.00437</Y>
        <Y t="58">0.00476</Y>
        <Y t="59">0.0052</Y>
        <Y t="60">0.00571</Y>
        <Y t="61">0.00628</Y>
        <Y t="62">0.00692</Y>
        <Y t="63">0.00764</Y>
        <Y t="64">0.00846</Y>
        <Y t="65">0.00939</Y>
        <Y t="66">0.01044</Y>
        <Y t="67">0.01163</Y>
        <Y t="68">0.01297</Y>
        <Y t="69">0.01447</Y>
        <Y t="70">0.01617</Y>
        <Y t="71">0.01808</Y>
        <Y t="72">0.02021</Y>
        <Y t="73">0.0226</Y>
        <Y t="74">0.02525</Y>
        <Y t="75">0.0282</Y>
        <Y t="76">0.03148</Y>
        <Y t="77">0.0351</Y>
        <Y t="78">0.0391</Y>
        <Y t="79">0.04349</Y>
        <Y t="80">0.04842</Y>
        <Y t="81">0.05394</Y>
        <Y t="82">0.06</Y>
        <Y t="83">0.06663</Y>
        <Y t="84">0.07428</Y>
        <Y t="85">0.08318</Y>
        <Y t="86">0.09318</Y>
        <Y t="87">0.10449</Y>
        <Y t="88">0.11734</Y>
        <Y t="89">0.13148</Y>
        <Y t="90">0.1472</Y>
        <Y t="91">0.16455</Y>
        <Y t="92">0.18279</Y>
        <Y t="93">0.2013</Y>
        <Y t="94">0.21861</Y>
        <Y t="95">0.23543</Y>
        <Y t="96">0.25299</Y>
        <Y t="97">0.27173</Y>
        <Y t="98">0.29339</Y>
        <Y t="99">0.31647</Y>
        <Y t="100">0.33896</Y>
        <Y t="101">0.36001</Y>
        <Y t="102">0.37877</Y>
        <Y t="103">0.39462</Y>
        <Y t="104">0.40805</Y>
        <Y t="105">0.41992</Y>
        <Y t="106">0.43064</Y>
        <Y t="107">0.43913</Y>
        <Y t="108">0.44417</Y>
        <Y t="109">0.44802</Y>
        <Y t="110">0.45</Y>
        <Y t="111">0.45</Y>
        <Y t="112">0.45</Y>
        <Y t="113">0.45</Y>
        <Y t="114">0.45</Y>
        <Y t="115">0.45</Y>
        <Y t="116">0.45</Y>
        <Y t="117">0.45</Y>
        <Y t="118">0.45</Y>
        <Y t="119">0.45</Y>
        <Y t="120">0.45</Y>
      </Axis>
    </Values>
  </Table>
</XTbML>