﻿<?xml version="1.0" encoding="utf-8"?>
<XTbML>
  <ContentClassification>
    <TableIdentity>1004</TableIdentity>
    <ProviderDomain>soa.org</ProviderDomain>
    <ProviderName>American Academy of Actuaries along with the Society of Actuaries</ProviderName>
    <TableReference>“2008 Valuation Basic Table”, American Academy of Actuaries /Society of Actuaries, Joint Preferred Mortality Project Oversight Group (paper presented at the March 2008 meeting of the National Association of Insurance Commissioners’ Life and Health Actuarial Task Force, Orlando, Florida, March, 2008) p. 53-54. Accessed: September, 2012 from http://www.actuary.org/pdf/life/tables_march08.pdf</TableReference>
    <ContentType tc="4">Insured Lives Mortality</ContentType>
    <TableName>2008 VBT-Primary Male Smoker ALB</TableName>
    <TableDescription>2008 Valuation Basic Table (VBT) Primary Table - Male, Smoker, Age Last Birthday. Minimum Age: 0. Maximum Age: 90</TableDescription>
    <Comments>Study Data: The underlying data used in developing the 2008 Valuation Basic Table (VBT) was a subset of the Society of Actuaries (SOA) Individual Life Experience Committee's (ILEC) 2002-2004 Intercompany Study comprised of claims from 35 contributing companies. The underlying select experience for older issue ages, juveniles and smoker risks was limited hence several data sources, graduation techniques and other adjustments to augment the data were utilized to develop the final tables. The underlying data also becomes sparse and less reliable for ages in the mid-to-late 80s and beyond. Therefore, population mortality from several sources was used to reflect the mortality at the latest attained ages. Research from the SOA’s “2005 Living to 100 and Beyond” seminar, as well as research and study on longevity issues and super-centenarian mortality was incorporated. Methodology: Two aggregate tables, the Primary Table and the Limited Underwriting Table, representing different levels of underwriting and different market segments, were developed. Ultimate mortality rates were first developed and then the aggregate select-and-ultimate tables for male and female, non-smoker and smoker risks were developed. From the Primary Tables, tables reflecting a range of expected mortality rates from underwriting programs were developed. These multiple tables are referred to as the Relative Risk (RR) Tables. As testing for smoking or tobacco usage did not become common until the early 1980s, the analysis was performed on a smoker versus non-smoker distinct basis for the first 24 durations only; for durations 26 and later, the analysis was on a uni-smoke basis. Duration 25 values were determined using Whittaker-Henderson graduation between the duration 24 and duration 26 values. In situations where the data was very limited or sparse, a Projection Pursuit Regression graduation method was used in conjunction with Whittaker-Henderson. For durations 1 through 25, the expected basis is the 2001 VBT Sex Distinct, Smoker Distinct Tables; for durations 26 and later, the expected basis is the composite 2001 VBT. In a change from prior experience tables that have all ended with a mortality rate equal to 1.000, the VBT tables have an omega mortality rate of 0.45 beginning at attained age 110. Data Transcription Errors Detected: 9/2012. Data Corrected and Certified: 09/2012.</Comments>
    <KeyWord>Select</KeyWord>
    <KeyWord>Insured Lives Mortality</KeyWord>
    <KeyWord>United States of America</KeyWord>
  </ContentClassification>
  <Table>
    <MetaData>
      <ScalingFactor>0</ScalingFactor>
      <DataType tc="2">Floating Point</DataType>
      <Nation tc="1">United States of America</Nation>
      <TableDescription>2008 VBT Primary Table - Male, Smoker, Age Last Birthday, Select</TableDescription>
      <AxisDef id="Age">
        <ScaleType tc="3">Age</ScaleType>
        <AxisName>Age</AxisName>
        <MinScaleValue>0</MinScaleValue>
        <MaxScaleValue>90</MaxScaleValue>
        <Increment>1</Increment>
      </AxisDef>
      <AxisDef id="Duration">
        <ScaleType tc="2">Ordinal Date</ScaleType>
        <AxisName>Duration</AxisName>
        <MinScaleValue>1</MinScaleValue>
        <MaxScaleValue>25</MaxScaleValue>
        <Increment>1</Increment>
      </AxisDef>
    </MetaData>
    <Values>
      <Axis t="0">
        <Axis>
          <Y t="1">0.00052</Y>
          <Y t="2">0.00032</Y>
          <Y t="3">0.00024</Y>
          <Y t="4">0.00019</Y>
          <Y t="5">0.00016</Y>
          <Y t="6">0.00015</Y>
          <Y t="7">0.00014</Y>
          <Y t="8">0.00012</Y>
          <Y t="9">0.00011</Y>
          <Y t="10">0.0001</Y>
          <Y t="11">9E-05</Y>
          <Y t="12">0.00011</Y>
          <Y t="13">0.00017</Y>
          <Y t="14">0.00028</Y>
          <Y t="15">0.0004</Y>
          <Y t="16">0.00053</Y>
          <Y t="17">0.00065</Y>
          <Y t="18">0.00075</Y>
          <Y t="19">0.00084</Y>
          <Y t="20">0.00092</Y>
          <Y t="21">0.00099</Y>
          <Y t="22">0.00104</Y>
          <Y t="23">0.00106</Y>
          <Y t="24">0.00104</Y>
          <Y t="25">0.001</Y>
        </Axis>
      </Axis>
      <Axis t="1">
        <Axis>
          <Y t="1">0.00032</Y>
          <Y t="2">0.00024</Y>
          <Y t="3">0.00019</Y>
          <Y t="4">0.00016</Y>
          <Y t="5">0.00015</Y>
          <Y t="6">0.00014</Y>
          <Y t="7">0.00012</Y>
          <Y t="8">0.00011</Y>
          <Y t="9">0.0001</Y>
          <Y t="10">9E-05</Y>
          <Y t="11">0.00011</Y>
          <Y t="12">0.00017</Y>
          <Y t="13">0.00028</Y>
          <Y t="14">0.0004</Y>
          <Y t="15">0.00053</Y>
          <Y t="16">0.00065</Y>
          <Y t="17">0.00075</Y>
          <Y t="18">0.00084</Y>
          <Y t="19">0.00092</Y>
          <Y t="20">0.00099</Y>
          <Y t="21">0.00104</Y>
          <Y t="22">0.00106</Y>
          <Y t="23">0.00104</Y>
          <Y t="24">0.001</Y>
          <Y t="25">0.00096</Y>
        </Axis>
      </Axis>
      <Axis t="2">
        <Axis>
          <Y t="1">0.00024</Y>
          <Y t="2">0.00019</Y>
          <Y t="3">0.00016</Y>
          <Y t="4">0.00015</Y>
          <Y t="5">0.00014</Y>
          <Y t="6">0.00012</Y>
          <Y t="7">0.00011</Y>
          <Y t="8">0.0001</Y>
          <Y t="9">9E-05</Y>
          <Y t="10">0.00011</Y>
          <Y t="11">0.00017</Y>
          <Y t="12">0.00028</Y>
          <Y t="13">0.0004</Y>
          <Y t="14">0.00053</Y>
          <Y t="15">0.00065</Y>
          <Y t="16">0.00075</Y>
          <Y t="17">0.00084</Y>
          <Y t="18">0.00092</Y>
          <Y t="19">0.00099</Y>
          <Y t="20">0.00104</Y>
          <Y t="21">0.00106</Y>
          <Y t="22">0.00104</Y>
          <Y t="23">0.001</Y>
          <Y t="24">0.00096</Y>
          <Y t="25">0.00091</Y>
        </Axis>
      </Axis>
      <Axis t="3">
        <Axis>
          <Y t="1">0.00019</Y>
          <Y t="2">0.00016</Y>
          <Y t="3">0.00015</Y>
          <Y t="4">0.00014</Y>
          <Y t="5">0.00012</Y>
          <Y t="6">0.00011</Y>
          <Y t="7">0.0001</Y>
          <Y t="8">9E-05</Y>
          <Y t="9">0.00011</Y>
          <Y t="10">0.00017</Y>
          <Y t="11">0.00028</Y>
          <Y t="12">0.0004</Y>
          <Y t="13">0.00053</Y>
          <Y t="14">0.00065</Y>
          <Y t="15">0.00075</Y>
          <Y t="16">0.00084</Y>
          <Y t="17">0.00092</Y>
          <Y t="18">0.00099</Y>
          <Y t="19">0.00104</Y>
          <Y t="20">0.00106</Y>
          <Y t="21">0.00104</Y>
          <Y t="22">0.001</Y>
          <Y t="23">0.00096</Y>
          <Y t="24">0.00091</Y>
          <Y t="25">0.00088</Y>
        </Axis>
      </Axis>
      <Axis t="4">
        <Axis>
          <Y t="1">0.00016</Y>
          <Y t="2">0.00015</Y>
          <Y t="3">0.00014</Y>
          <Y t="4">0.00012</Y>
          <Y t="5">0.00011</Y>
          <Y t="6">0.0001</Y>
          <Y t="7">9E-05</Y>
          <Y t="8">0.00011</Y>
          <Y t="9">0.00017</Y>
          <Y t="10">0.00028</Y>
          <Y t="11">0.0004</Y>
          <Y t="12">0.00053</Y>
          <Y t="13">0.00065</Y>
          <Y t="14">0.00075</Y>
          <Y t="15">0.00084</Y>
          <Y t="16">0.00092</Y>
          <Y t="17">0.00099</Y>
          <Y t="18">0.00104</Y>
          <Y t="19">0.00106</Y>
          <Y t="20">0.00104</Y>
          <Y t="21">0.001</Y>
          <Y t="22">0.00096</Y>
          <Y t="23">0.00091</Y>
          <Y t="24">0.00088</Y>
          <Y t="25">0.00087</Y>
        </Axis>
      </Axis>
      <Axis t="5">
        <Axis>
          <Y t="1">0.00015</Y>
          <Y t="2">0.00014</Y>
          <Y t="3">0.00012</Y>
          <Y t="4">0.00011</Y>
          <Y t="5">0.0001</Y>
          <Y t="6">9E-05</Y>
          <Y t="7">0.00011</Y>
          <Y t="8">0.00017</Y>
          <Y t="9">0.00028</Y>
          <Y t="10">0.0004</Y>
          <Y t="11">0.00053</Y>
          <Y t="12">0.00065</Y>
          <Y t="13">0.00075</Y>
          <Y t="14">0.00084</Y>
          <Y t="15">0.00092</Y>
          <Y t="16">0.00099</Y>
          <Y t="17">0.00104</Y>
          <Y t="18">0.00106</Y>
          <Y t="19">0.00104</Y>
          <Y t="20">0.001</Y>
          <Y t="21">0.00096</Y>
          <Y t="22">0.00091</Y>
          <Y t="23">0.00088</Y>
          <Y t="24">0.00087</Y>
          <Y t="25">0.00086</Y>
        </Axis>
      </Axis>
      <Axis t="6">
        <Axis>
          <Y t="1">0.00014</Y>
          <Y t="2">0.00012</Y>
          <Y t="3">0.00011</Y>
          <Y t="4">0.0001</Y>
          <Y t="5">9E-05</Y>
          <Y t="6">0.00011</Y>
          <Y t="7">0.00017</Y>
          <Y t="8">0.00028</Y>
          <Y t="9">0.0004</Y>
          <Y t="10">0.00053</Y>
          <Y t="11">0.00065</Y>
          <Y t="12">0.00075</Y>
          <Y t="13">0.00084</Y>
          <Y t="14">0.00092</Y>
          <Y t="15">0.00099</Y>
          <Y t="16">0.00104</Y>
          <Y t="17">0.00106</Y>
          <Y t="18">0.00104</Y>
          <Y t="19">0.001</Y>
          <Y t="20">0.00096</Y>
          <Y t="21">0.00091</Y>
          <Y t="22">0.00088</Y>
          <Y t="23">0.00087</Y>
          <Y t="24">0.00086</Y>
          <Y t="25">0.00087</Y>
        </Axis>
      </Axis>
      <Axis t="7">
        <Axis>
          <Y t="1">0.00012</Y>
          <Y t="2">0.00011</Y>
          <Y t="3">0.0001</Y>
          <Y t="4">9E-05</Y>
          <Y t="5">0.00011</Y>
          <Y t="6">0.00017</Y>
          <Y t="7">0.00028</Y>
          <Y t="8">0.0004</Y>
          <Y t="9">0.00053</Y>
          <Y t="10">0.00065</Y>
          <Y t="11">0.00075</Y>
          <Y t="12">0.00084</Y>
          <Y t="13">0.00092</Y>
          <Y t="14">0.00099</Y>
          <Y t="15">0.00104</Y>
          <Y t="16">0.00106</Y>
          <Y t="17">0.00104</Y>
          <Y t="18">0.001</Y>
          <Y t="19">0.00096</Y>
          <Y t="20">0.00091</Y>
          <Y t="21">0.00088</Y>
          <Y t="22">0.00087</Y>
          <Y t="23">0.00086</Y>
          <Y t="24">0.00087</Y>
          <Y t="25">0.00089</Y>
        </Axis>
      </Axis>
      <Axis t="8">
        <Axis>
          <Y t="1">0.00011</Y>
          <Y t="2">0.0001</Y>
          <Y t="3">9E-05</Y>
          <Y t="4">0.00011</Y>
          <Y t="5">0.00017</Y>
          <Y t="6">0.00028</Y>
          <Y t="7">0.0004</Y>
          <Y t="8">0.00053</Y>
          <Y t="9">0.00065</Y>
          <Y t="10">0.00075</Y>
          <Y t="11">0.00084</Y>
          <Y t="12">0.00092</Y>
          <Y t="13">0.00099</Y>
          <Y t="14">0.00104</Y>
          <Y t="15">0.00106</Y>
          <Y t="16">0.00104</Y>
          <Y t="17">0.001</Y>
          <Y t="18">0.00096</Y>
          <Y t="19">0.00091</Y>
          <Y t="20">0.00088</Y>
          <Y t="21">0.00087</Y>
          <Y t="22">0.00086</Y>
          <Y t="23">0.00087</Y>
          <Y t="24">0.00089</Y>
          <Y t="25">0.00091</Y>
        </Axis>
      </Axis>
      <Axis t="9">
        <Axis>
          <Y t="1">0.0001</Y>
          <Y t="2">9E-05</Y>
          <Y t="3">0.00011</Y>
          <Y t="4">0.00017</Y>
          <Y t="5">0.00028</Y>
          <Y t="6">0.0004</Y>
          <Y t="7">0.00053</Y>
          <Y t="8">0.00065</Y>
          <Y t="9">0.00075</Y>
          <Y t="10">0.00084</Y>
          <Y t="11">0.00092</Y>
          <Y t="12">0.00099</Y>
          <Y t="13">0.00104</Y>
          <Y t="14">0.00106</Y>
          <Y t="15">0.00104</Y>
          <Y t="16">0.001</Y>
          <Y t="17">0.00096</Y>
          <Y t="18">0.00091</Y>
          <Y t="19">0.00088</Y>
          <Y t="20">0.00087</Y>
          <Y t="21">0.00086</Y>
          <Y t="22">0.00087</Y>
          <Y t="23">0.00089</Y>
          <Y t="24">0.00091</Y>
          <Y t="25">0.00095</Y>
        </Axis>
      </Axis>
      <Axis t="10">
        <Axis>
          <Y t="1">9E-05</Y>
          <Y t="2">0.00011</Y>
          <Y t="3">0.00017</Y>
          <Y t="4">0.00027</Y>
          <Y t="5">0.00039</Y>
          <Y t="6">0.00052</Y>
          <Y t="7">0.00063</Y>
          <Y t="8">0.00075</Y>
          <Y t="9">0.00082</Y>
          <Y t="10">0.0009</Y>
          <Y t="11">0.00098</Y>
          <Y t="12">0.00103</Y>
          <Y t="13">0.00105</Y>
          <Y t="14">0.00103</Y>
          <Y t="15">0.00099</Y>
          <Y t="16">0.00095</Y>
          <Y t="17">0.0009</Y>
          <Y t="18">0.00087</Y>
          <Y t="19">0.00086</Y>
          <Y t="20">0.00086</Y>
          <Y t="21">0.00087</Y>
          <Y t="22">0.00088</Y>
          <Y t="23">0.00091</Y>
          <Y t="24">0.00094</Y>
          <Y t="25">0.00099</Y>
        </Axis>
      </Axis>
      <Axis t="11">
        <Axis>
          <Y t="1">0.0001</Y>
          <Y t="2">0.00016</Y>
          <Y t="3">0.00026</Y>
          <Y t="4">0.00038</Y>
          <Y t="5">0.0005</Y>
          <Y t="6">0.00061</Y>
          <Y t="7">0.00071</Y>
          <Y t="8">0.0008</Y>
          <Y t="9">0.00087</Y>
          <Y t="10">0.00095</Y>
          <Y t="11">0.001</Y>
          <Y t="12">0.00103</Y>
          <Y t="13">0.00101</Y>
          <Y t="14">0.00097</Y>
          <Y t="15">0.00093</Y>
          <Y t="16">0.00088</Y>
          <Y t="17">0.00085</Y>
          <Y t="18">0.00084</Y>
          <Y t="19">0.00084</Y>
          <Y t="20">0.00085</Y>
          <Y t="21">0.00086</Y>
          <Y t="22">0.00089</Y>
          <Y t="23">0.00093</Y>
          <Y t="24">0.00098</Y>
          <Y t="25">0.00104</Y>
        </Axis>
      </Axis>
      <Axis t="12">
        <Axis>
          <Y t="1">0.00015</Y>
          <Y t="2">0.00025</Y>
          <Y t="3">0.00036</Y>
          <Y t="4">0.00048</Y>
          <Y t="5">0.00059</Y>
          <Y t="6">0.0007</Y>
          <Y t="7">0.00077</Y>
          <Y t="8">0.00084</Y>
          <Y t="9">0.00091</Y>
          <Y t="10">0.00097</Y>
          <Y t="11">0.001</Y>
          <Y t="12">0.00098</Y>
          <Y t="13">0.00095</Y>
          <Y t="14">0.00091</Y>
          <Y t="15">0.00086</Y>
          <Y t="16">0.00083</Y>
          <Y t="17">0.00082</Y>
          <Y t="18">0.00083</Y>
          <Y t="19">0.00083</Y>
          <Y t="20">0.00085</Y>
          <Y t="21">0.00088</Y>
          <Y t="22">0.00091</Y>
          <Y t="23">0.00097</Y>
          <Y t="24">0.00103</Y>
          <Y t="25">0.0011</Y>
        </Axis>
      </Axis>
      <Axis t="13">
        <Axis>
          <Y t="1">0.00024</Y>
          <Y t="2">0.00035</Y>
          <Y t="3">0.00046</Y>
          <Y t="4">0.00057</Y>
          <Y t="5">0.00066</Y>
          <Y t="6">0.00074</Y>
          <Y t="7">0.00081</Y>
          <Y t="8">0.00088</Y>
          <Y t="9">0.00093</Y>
          <Y t="10">0.00096</Y>
          <Y t="11">0.00095</Y>
          <Y t="12">0.00092</Y>
          <Y t="13">0.00088</Y>
          <Y t="14">0.00084</Y>
          <Y t="15">0.00082</Y>
          <Y t="16">0.0008</Y>
          <Y t="17">0.00081</Y>
          <Y t="18">0.00082</Y>
          <Y t="19">0.00083</Y>
          <Y t="20">0.00085</Y>
          <Y t="21">0.0009</Y>
          <Y t="22">0.00095</Y>
          <Y t="23">0.00101</Y>
          <Y t="24">0.00108</Y>
          <Y t="25">0.00116</Y>
        </Axis>
      </Axis>
      <Axis t="14">
        <Axis>
          <Y t="1">0.00033</Y>
          <Y t="2">0.00044</Y>
          <Y t="3">0.00053</Y>
          <Y t="4">0.00064</Y>
          <Y t="5">0.00071</Y>
          <Y t="6">0.00078</Y>
          <Y t="7">0.00084</Y>
          <Y t="8">0.0009</Y>
          <Y t="9">0.00092</Y>
          <Y t="10">0.00091</Y>
          <Y t="11">0.00088</Y>
          <Y t="12">0.00086</Y>
          <Y t="13">0.00082</Y>
          <Y t="14">0.0008</Y>
          <Y t="15">0.00079</Y>
          <Y t="16">0.00079</Y>
          <Y t="17">0.0008</Y>
          <Y t="18">0.00081</Y>
          <Y t="19">0.00083</Y>
          <Y t="20">0.00087</Y>
          <Y t="21">0.00092</Y>
          <Y t="22">0.00099</Y>
          <Y t="23">0.00105</Y>
          <Y t="24">0.00113</Y>
          <Y t="25">0.00122</Y>
        </Axis>
      </Axis>
      <Axis t="15">
        <Axis>
          <Y t="1">0.00042</Y>
          <Y t="2">0.00051</Y>
          <Y t="3">0.0006</Y>
          <Y t="4">0.00067</Y>
          <Y t="5">0.00074</Y>
          <Y t="6">0.00081</Y>
          <Y t="7">0.00086</Y>
          <Y t="8">0.00087</Y>
          <Y t="9">0.00087</Y>
          <Y t="10">0.00085</Y>
          <Y t="11">0.00081</Y>
          <Y t="12">0.00079</Y>
          <Y t="13">0.00077</Y>
          <Y t="14">0.00077</Y>
          <Y t="15">0.00077</Y>
          <Y t="16">0.00078</Y>
          <Y t="17">0.00079</Y>
          <Y t="18">0.00081</Y>
          <Y t="19">0.00085</Y>
          <Y t="20">0.0009</Y>
          <Y t="21">0.00096</Y>
          <Y t="22">0.00103</Y>
          <Y t="23">0.0011</Y>
          <Y t="24">0.00119</Y>
          <Y t="25">0.00129</Y>
        </Axis>
      </Axis>
      <Axis t="16">
        <Axis>
          <Y t="1">0.00049</Y>
          <Y t="2">0.00056</Y>
          <Y t="3">0.00063</Y>
          <Y t="4">0.0007</Y>
          <Y t="5">0.00077</Y>
          <Y t="6">0.00082</Y>
          <Y t="7">0.00084</Y>
          <Y t="8">0.00082</Y>
          <Y t="9">0.00081</Y>
          <Y t="10">0.00078</Y>
          <Y t="11">0.00074</Y>
          <Y t="12">0.00074</Y>
          <Y t="13">0.00074</Y>
          <Y t="14">0.00075</Y>
          <Y t="15">0.00076</Y>
          <Y t="16">0.00077</Y>
          <Y t="17">0.00079</Y>
          <Y t="18">0.00083</Y>
          <Y t="19">0.00088</Y>
          <Y t="20">0.00093</Y>
          <Y t="21">0.001</Y>
          <Y t="22">0.00107</Y>
          <Y t="23">0.00116</Y>
          <Y t="24">0.00125</Y>
          <Y t="25">0.00136</Y>
        </Axis>
      </Axis>
      <Axis t="17">
        <Axis>
          <Y t="1">0.00054</Y>
          <Y t="2">0.00059</Y>
          <Y t="3">0.00065</Y>
          <Y t="4">0.00074</Y>
          <Y t="5">0.00078</Y>
          <Y t="6">0.00082</Y>
          <Y t="7">0.00082</Y>
          <Y t="8">0.00079</Y>
          <Y t="9">0.00077</Y>
          <Y t="10">0.00074</Y>
          <Y t="11">0.00071</Y>
          <Y t="12">0.00072</Y>
          <Y t="13">0.00073</Y>
          <Y t="14">0.00074</Y>
          <Y t="15">0.00075</Y>
          <Y t="16">0.00078</Y>
          <Y t="17">0.00081</Y>
          <Y t="18">0.00085</Y>
          <Y t="19">0.00089</Y>
          <Y t="20">0.00096</Y>
          <Y t="21">0.00103</Y>
          <Y t="22">0.00113</Y>
          <Y t="23">0.00123</Y>
          <Y t="24">0.00133</Y>
          <Y t="25">0.00146</Y>
        </Axis>
      </Axis>
      <Axis t="18">
        <Axis>
          <Y t="1">0.00084</Y>
          <Y t="2">0.00085</Y>
          <Y t="3">0.00088</Y>
          <Y t="4">0.0009</Y>
          <Y t="5">0.00092</Y>
          <Y t="6">0.00093</Y>
          <Y t="7">0.00091</Y>
          <Y t="8">0.00092</Y>
          <Y t="9">0.00092</Y>
          <Y t="10">0.00096</Y>
          <Y t="11">0.00102</Y>
          <Y t="12">0.00109</Y>
          <Y t="13">0.00116</Y>
          <Y t="14">0.00123</Y>
          <Y t="15">0.00131</Y>
          <Y t="16">0.0014</Y>
          <Y t="17">0.0015</Y>
          <Y t="18">0.00162</Y>
          <Y t="19">0.00175</Y>
          <Y t="20">0.00191</Y>
          <Y t="21">0.0021</Y>
          <Y t="22">0.00232</Y>
          <Y t="23">0.00256</Y>
          <Y t="24">0.00285</Y>
          <Y t="25">0.0032</Y>
        </Axis>
      </Axis>
      <Axis t="19">
        <Axis>
          <Y t="1">0.00083</Y>
          <Y t="2">0.00084</Y>
          <Y t="3">0.00087</Y>
          <Y t="4">0.00089</Y>
          <Y t="5">0.0009</Y>
          <Y t="6">0.00089</Y>
          <Y t="7">0.00088</Y>
          <Y t="8">0.00087</Y>
          <Y t="9">0.0009</Y>
          <Y t="10">0.00096</Y>
          <Y t="11">0.00102</Y>
          <Y t="12">0.0011</Y>
          <Y t="13">0.00118</Y>
          <Y t="14">0.00127</Y>
          <Y t="15">0.00136</Y>
          <Y t="16">0.00146</Y>
          <Y t="17">0.00158</Y>
          <Y t="18">0.00171</Y>
          <Y t="19">0.00185</Y>
          <Y t="20">0.00202</Y>
          <Y t="21">0.00223</Y>
          <Y t="22">0.00248</Y>
          <Y t="23">0.00274</Y>
          <Y t="24">0.00307</Y>
          <Y t="25">0.00346</Y>
        </Axis>
      </Axis>
      <Axis t="20">
        <Axis>
          <Y t="1">0.00081</Y>
          <Y t="2">0.00083</Y>
          <Y t="3">0.00083</Y>
          <Y t="4">0.00085</Y>
          <Y t="5">0.00085</Y>
          <Y t="6">0.00084</Y>
          <Y t="7">0.00083</Y>
          <Y t="8">0.00084</Y>
          <Y t="9">0.00089</Y>
          <Y t="10">0.00096</Y>
          <Y t="11">0.00103</Y>
          <Y t="12">0.00112</Y>
          <Y t="13">0.00122</Y>
          <Y t="14">0.00132</Y>
          <Y t="15">0.00142</Y>
          <Y t="16">0.00153</Y>
          <Y t="17">0.00165</Y>
          <Y t="18">0.0018</Y>
          <Y t="19">0.00196</Y>
          <Y t="20">0.00214</Y>
          <Y t="21">0.00236</Y>
          <Y t="22">0.00264</Y>
          <Y t="23">0.00294</Y>
          <Y t="24">0.0033</Y>
          <Y t="25">0.00371</Y>
        </Axis>
      </Axis>
      <Axis t="21">
        <Axis>
          <Y t="1">0.00078</Y>
          <Y t="2">0.00078</Y>
          <Y t="3">0.00078</Y>
          <Y t="4">0.0008</Y>
          <Y t="5">0.0008</Y>
          <Y t="6">0.0008</Y>
          <Y t="7">0.00079</Y>
          <Y t="8">0.00083</Y>
          <Y t="9">0.00088</Y>
          <Y t="10">0.00096</Y>
          <Y t="11">0.00104</Y>
          <Y t="12">0.00114</Y>
          <Y t="13">0.00126</Y>
          <Y t="14">0.00137</Y>
          <Y t="15">0.00149</Y>
          <Y t="16">0.00161</Y>
          <Y t="17">0.00174</Y>
          <Y t="18">0.00189</Y>
          <Y t="19">0.00207</Y>
          <Y t="20">0.00226</Y>
          <Y t="21">0.00251</Y>
          <Y t="22">0.00282</Y>
          <Y t="23">0.00316</Y>
          <Y t="24">0.00353</Y>
          <Y t="25">0.00397</Y>
        </Axis>
      </Axis>
      <Axis t="22">
        <Axis>
          <Y t="1">0.00074</Y>
          <Y t="2">0.00072</Y>
          <Y t="3">0.00073</Y>
          <Y t="4">0.00075</Y>
          <Y t="5">0.00075</Y>
          <Y t="6">0.00076</Y>
          <Y t="7">0.00078</Y>
          <Y t="8">0.00082</Y>
          <Y t="9">0.00088</Y>
          <Y t="10">0.00094</Y>
          <Y t="11">0.00105</Y>
          <Y t="12">0.00118</Y>
          <Y t="13">0.00131</Y>
          <Y t="14">0.00143</Y>
          <Y t="15">0.00156</Y>
          <Y t="16">0.00168</Y>
          <Y t="17">0.00183</Y>
          <Y t="18">0.002</Y>
          <Y t="19">0.00218</Y>
          <Y t="20">0.0024</Y>
          <Y t="21">0.00267</Y>
          <Y t="22">0.00301</Y>
          <Y t="23">0.00337</Y>
          <Y t="24">0.00376</Y>
          <Y t="25">0.00424</Y>
        </Axis>
      </Axis>
      <Axis t="23">
        <Axis>
          <Y t="1">0.00068</Y>
          <Y t="2">0.00065</Y>
          <Y t="3">0.00067</Y>
          <Y t="4">0.00069</Y>
          <Y t="5">0.00071</Y>
          <Y t="6">0.00074</Y>
          <Y t="7">0.00077</Y>
          <Y t="8">0.00081</Y>
          <Y t="9">0.00085</Y>
          <Y t="10">0.00093</Y>
          <Y t="11">0.00109</Y>
          <Y t="12">0.00122</Y>
          <Y t="13">0.00136</Y>
          <Y t="14">0.0015</Y>
          <Y t="15">0.00164</Y>
          <Y t="16">0.00177</Y>
          <Y t="17">0.00193</Y>
          <Y t="18">0.00211</Y>
          <Y t="19">0.0023</Y>
          <Y t="20">0.00254</Y>
          <Y t="21">0.00285</Y>
          <Y t="22">0.00317</Y>
          <Y t="23">0.00356</Y>
          <Y t="24">0.004</Y>
          <Y t="25">0.00451</Y>
        </Axis>
      </Axis>
      <Axis t="24">
        <Axis>
          <Y t="1">0.00062</Y>
          <Y t="2">0.00059</Y>
          <Y t="3">0.00061</Y>
          <Y t="4">0.00065</Y>
          <Y t="5">0.00069</Y>
          <Y t="6">0.00072</Y>
          <Y t="7">0.00076</Y>
          <Y t="8">0.00079</Y>
          <Y t="9">0.00083</Y>
          <Y t="10">0.00097</Y>
          <Y t="11">0.00112</Y>
          <Y t="12">0.00127</Y>
          <Y t="13">0.00143</Y>
          <Y t="14">0.00157</Y>
          <Y t="15">0.00172</Y>
          <Y t="16">0.00187</Y>
          <Y t="17">0.00202</Y>
          <Y t="18">0.00222</Y>
          <Y t="19">0.00243</Y>
          <Y t="20">0.00267</Y>
          <Y t="21">0.003</Y>
          <Y t="22">0.00335</Y>
          <Y t="23">0.00377</Y>
          <Y t="24">0.00426</Y>
          <Y t="25">0.00482</Y>
        </Axis>
      </Axis>
      <Axis t="25">
        <Axis>
          <Y t="1">0.00056</Y>
          <Y t="2">0.00055</Y>
          <Y t="3">0.00058</Y>
          <Y t="4">0.00063</Y>
          <Y t="5">0.00068</Y>
          <Y t="6">0.00071</Y>
          <Y t="7">0.00072</Y>
          <Y t="8">0.00077</Y>
          <Y t="9">0.00086</Y>
          <Y t="10">0.001</Y>
          <Y t="11">0.00116</Y>
          <Y t="12">0.00132</Y>
          <Y t="13">0.00148</Y>
          <Y t="14">0.00164</Y>
          <Y t="15">0.0018</Y>
          <Y t="16">0.00196</Y>
          <Y t="17">0.00213</Y>
          <Y t="18">0.00235</Y>
          <Y t="19">0.00257</Y>
          <Y t="20">0.00286</Y>
          <Y t="21">0.00319</Y>
          <Y t="22">0.00358</Y>
          <Y t="23">0.00403</Y>
          <Y t="24">0.00455</Y>
          <Y t="25">0.00516</Y>
        </Axis>
      </Axis>
      <Axis t="26">
        <Axis>
          <Y t="1">0.00052</Y>
          <Y t="2">0.00052</Y>
          <Y t="3">0.00058</Y>
          <Y t="4">0.00062</Y>
          <Y t="5">0.00067</Y>
          <Y t="6">0.0007</Y>
          <Y t="7">0.0007</Y>
          <Y t="8">0.00078</Y>
          <Y t="9">0.00089</Y>
          <Y t="10">0.00104</Y>
          <Y t="11">0.0012</Y>
          <Y t="12">0.00137</Y>
          <Y t="13">0.00154</Y>
          <Y t="14">0.00171</Y>
          <Y t="15">0.00188</Y>
          <Y t="16">0.00207</Y>
          <Y t="17">0.00226</Y>
          <Y t="18">0.0025</Y>
          <Y t="19">0.00276</Y>
          <Y t="20">0.00308</Y>
          <Y t="21">0.00344</Y>
          <Y t="22">0.00387</Y>
          <Y t="23">0.00435</Y>
          <Y t="24">0.00489</Y>
          <Y t="25">0.00554</Y>
        </Axis>
      </Axis>
      <Axis t="27">
        <Axis>
          <Y t="1">0.00047</Y>
          <Y t="2">0.00051</Y>
          <Y t="3">0.00057</Y>
          <Y t="4">0.00063</Y>
          <Y t="5">0.00067</Y>
          <Y t="6">0.00069</Y>
          <Y t="7">0.00072</Y>
          <Y t="8">0.0008</Y>
          <Y t="9">0.00092</Y>
          <Y t="10">0.00108</Y>
          <Y t="11">0.00126</Y>
          <Y t="12">0.00144</Y>
          <Y t="13">0.00163</Y>
          <Y t="14">0.00182</Y>
          <Y t="15">0.002</Y>
          <Y t="16">0.0022</Y>
          <Y t="17">0.00242</Y>
          <Y t="18">0.00268</Y>
          <Y t="19">0.00298</Y>
          <Y t="20">0.00333</Y>
          <Y t="21">0.00372</Y>
          <Y t="22">0.00418</Y>
          <Y t="23">0.00469</Y>
          <Y t="24">0.00525</Y>
          <Y t="25">0.00595</Y>
        </Axis>
      </Axis>
      <Axis t="28">
        <Axis>
          <Y t="1">0.00044</Y>
          <Y t="2">0.0005</Y>
          <Y t="3">0.00058</Y>
          <Y t="4">0.00065</Y>
          <Y t="5">0.00069</Y>
          <Y t="6">0.00071</Y>
          <Y t="7">0.00075</Y>
          <Y t="8">0.00083</Y>
          <Y t="9">0.00095</Y>
          <Y t="10">0.00113</Y>
          <Y t="11">0.00133</Y>
          <Y t="12">0.00153</Y>
          <Y t="13">0.00175</Y>
          <Y t="14">0.00195</Y>
          <Y t="15">0.00214</Y>
          <Y t="16">0.00236</Y>
          <Y t="17">0.00261</Y>
          <Y t="18">0.00289</Y>
          <Y t="19">0.00323</Y>
          <Y t="20">0.0036</Y>
          <Y t="21">0.00403</Y>
          <Y t="22">0.00452</Y>
          <Y t="23">0.00505</Y>
          <Y t="24">0.00565</Y>
          <Y t="25">0.0064</Y>
        </Axis>
      </Axis>
      <Axis t="29">
        <Axis>
          <Y t="1">0.00042</Y>
          <Y t="2">0.00051</Y>
          <Y t="3">0.0006</Y>
          <Y t="4">0.00068</Y>
          <Y t="5">0.00071</Y>
          <Y t="6">0.00075</Y>
          <Y t="7">0.00081</Y>
          <Y t="8">0.00087</Y>
          <Y t="9">0.00102</Y>
          <Y t="10">0.00121</Y>
          <Y t="11">0.00143</Y>
          <Y t="12">0.00165</Y>
          <Y t="13">0.00188</Y>
          <Y t="14">0.0021</Y>
          <Y t="15">0.00231</Y>
          <Y t="16">0.00256</Y>
          <Y t="17">0.00283</Y>
          <Y t="18">0.00315</Y>
          <Y t="19">0.00351</Y>
          <Y t="20">0.0039</Y>
          <Y t="21">0.00437</Y>
          <Y t="22">0.00488</Y>
          <Y t="23">0.00543</Y>
          <Y t="24">0.00607</Y>
          <Y t="25">0.00689</Y>
        </Axis>
      </Axis>
      <Axis t="30">
        <Axis>
          <Y t="1">0.00039</Y>
          <Y t="2">0.00053</Y>
          <Y t="3">0.00064</Y>
          <Y t="4">0.00071</Y>
          <Y t="5">0.00075</Y>
          <Y t="6">0.00081</Y>
          <Y t="7">0.00087</Y>
          <Y t="8">0.00093</Y>
          <Y t="9">0.0011</Y>
          <Y t="10">0.0013</Y>
          <Y t="11">0.00155</Y>
          <Y t="12">0.0018</Y>
          <Y t="13">0.00203</Y>
          <Y t="14">0.00228</Y>
          <Y t="15">0.00252</Y>
          <Y t="16">0.00279</Y>
          <Y t="17">0.00308</Y>
          <Y t="18">0.00344</Y>
          <Y t="19">0.00382</Y>
          <Y t="20">0.00425</Y>
          <Y t="21">0.00473</Y>
          <Y t="22">0.00527</Y>
          <Y t="23">0.00586</Y>
          <Y t="24">0.00654</Y>
          <Y t="25">0.00743</Y>
        </Axis>
      </Axis>
      <Axis t="31">
        <Axis>
          <Y t="1">0.00039</Y>
          <Y t="2">0.00057</Y>
          <Y t="3">0.00069</Y>
          <Y t="4">0.00075</Y>
          <Y t="5">0.00081</Y>
          <Y t="6">0.00087</Y>
          <Y t="7">0.00093</Y>
          <Y t="8">0.00101</Y>
          <Y t="9">0.00119</Y>
          <Y t="10">0.00143</Y>
          <Y t="11">0.00169</Y>
          <Y t="12">0.00196</Y>
          <Y t="13">0.00223</Y>
          <Y t="14">0.00249</Y>
          <Y t="15">0.00276</Y>
          <Y t="16">0.00305</Y>
          <Y t="17">0.00337</Y>
          <Y t="18">0.00375</Y>
          <Y t="19">0.00416</Y>
          <Y t="20">0.00462</Y>
          <Y t="21">0.00514</Y>
          <Y t="22">0.00569</Y>
          <Y t="23">0.00632</Y>
          <Y t="24">0.00706</Y>
          <Y t="25">0.00805</Y>
        </Axis>
      </Axis>
      <Axis t="32">
        <Axis>
          <Y t="1">0.00042</Y>
          <Y t="2">0.00062</Y>
          <Y t="3">0.00074</Y>
          <Y t="4">0.00081</Y>
          <Y t="5">0.00087</Y>
          <Y t="6">0.00093</Y>
          <Y t="7">0.00101</Y>
          <Y t="8">0.00111</Y>
          <Y t="9">0.00132</Y>
          <Y t="10">0.00158</Y>
          <Y t="11">0.00187</Y>
          <Y t="12">0.00216</Y>
          <Y t="13">0.00245</Y>
          <Y t="14">0.00273</Y>
          <Y t="15">0.00302</Y>
          <Y t="16">0.00334</Y>
          <Y t="17">0.0037</Y>
          <Y t="18">0.00409</Y>
          <Y t="19">0.00455</Y>
          <Y t="20">0.00503</Y>
          <Y t="21">0.00557</Y>
          <Y t="22">0.00616</Y>
          <Y t="23">0.00684</Y>
          <Y t="24">0.00764</Y>
          <Y t="25">0.00874</Y>
        </Axis>
      </Axis>
      <Axis t="33">
        <Axis>
          <Y t="1">0.00044</Y>
          <Y t="2">0.00067</Y>
          <Y t="3">0.00081</Y>
          <Y t="4">0.00087</Y>
          <Y t="5">0.00093</Y>
          <Y t="6">0.00101</Y>
          <Y t="7">0.00109</Y>
          <Y t="8">0.00122</Y>
          <Y t="9">0.00146</Y>
          <Y t="10">0.00174</Y>
          <Y t="11">0.00207</Y>
          <Y t="12">0.00238</Y>
          <Y t="13">0.00269</Y>
          <Y t="14">0.003</Y>
          <Y t="15">0.00332</Y>
          <Y t="16">0.00367</Y>
          <Y t="17">0.00405</Y>
          <Y t="18">0.00448</Y>
          <Y t="19">0.00497</Y>
          <Y t="20">0.00549</Y>
          <Y t="21">0.00605</Y>
          <Y t="22">0.00668</Y>
          <Y t="23">0.00741</Y>
          <Y t="24">0.00828</Y>
          <Y t="25">0.00952</Y>
        </Axis>
      </Axis>
      <Axis t="34">
        <Axis>
          <Y t="1">0.00048</Y>
          <Y t="2">0.00074</Y>
          <Y t="3">0.00087</Y>
          <Y t="4">0.00093</Y>
          <Y t="5">0.00101</Y>
          <Y t="6">0.00109</Y>
          <Y t="7">0.00118</Y>
          <Y t="8">0.00136</Y>
          <Y t="9">0.00162</Y>
          <Y t="10">0.00193</Y>
          <Y t="11">0.00228</Y>
          <Y t="12">0.00263</Y>
          <Y t="13">0.00297</Y>
          <Y t="14">0.0033</Y>
          <Y t="15">0.00366</Y>
          <Y t="16">0.00403</Y>
          <Y t="17">0.00446</Y>
          <Y t="18">0.00491</Y>
          <Y t="19">0.00543</Y>
          <Y t="20">0.00598</Y>
          <Y t="21">0.00658</Y>
          <Y t="22">0.00725</Y>
          <Y t="23">0.00804</Y>
          <Y t="24">0.00903</Y>
          <Y t="25">0.01041</Y>
        </Axis>
      </Axis>
      <Axis t="35">
        <Axis>
          <Y t="1">0.00055</Y>
          <Y t="2">0.00081</Y>
          <Y t="3">0.00093</Y>
          <Y t="4">0.00101</Y>
          <Y t="5">0.00109</Y>
          <Y t="6">0.00118</Y>
          <Y t="7">0.0013</Y>
          <Y t="8">0.00152</Y>
          <Y t="9">0.00182</Y>
          <Y t="10">0.00215</Y>
          <Y t="11">0.00253</Y>
          <Y t="12">0.0029</Y>
          <Y t="13">0.00327</Y>
          <Y t="14">0.00364</Y>
          <Y t="15">0.00403</Y>
          <Y t="16">0.00443</Y>
          <Y t="17">0.00489</Y>
          <Y t="18">0.00539</Y>
          <Y t="19">0.00593</Y>
          <Y t="20">0.0065</Y>
          <Y t="21">0.00716</Y>
          <Y t="22">0.00788</Y>
          <Y t="23">0.00877</Y>
          <Y t="24">0.00987</Y>
          <Y t="25">0.01143</Y>
        </Axis>
      </Axis>
      <Axis t="36">
        <Axis>
          <Y t="1">0.00061</Y>
          <Y t="2">0.00088</Y>
          <Y t="3">0.00101</Y>
          <Y t="4">0.00109</Y>
          <Y t="5">0.00118</Y>
          <Y t="6">0.00129</Y>
          <Y t="7">0.00145</Y>
          <Y t="8">0.00171</Y>
          <Y t="9">0.00203</Y>
          <Y t="10">0.0024</Y>
          <Y t="11">0.0028</Y>
          <Y t="12">0.00321</Y>
          <Y t="13">0.00362</Y>
          <Y t="14">0.00402</Y>
          <Y t="15">0.00443</Y>
          <Y t="16">0.00487</Y>
          <Y t="17">0.00536</Y>
          <Y t="18">0.00589</Y>
          <Y t="19">0.00647</Y>
          <Y t="20">0.00709</Y>
          <Y t="21">0.00778</Y>
          <Y t="22">0.00859</Y>
          <Y t="23">0.00959</Y>
          <Y t="24">0.01083</Y>
          <Y t="25">0.01261</Y>
        </Axis>
      </Axis>
      <Axis t="37">
        <Axis>
          <Y t="1">0.00066</Y>
          <Y t="2">0.00095</Y>
          <Y t="3">0.00109</Y>
          <Y t="4">0.00118</Y>
          <Y t="5">0.00129</Y>
          <Y t="6">0.00143</Y>
          <Y t="7">0.00162</Y>
          <Y t="8">0.00192</Y>
          <Y t="9">0.00227</Y>
          <Y t="10">0.00269</Y>
          <Y t="11">0.00311</Y>
          <Y t="12">0.00356</Y>
          <Y t="13">0.00399</Y>
          <Y t="14">0.00443</Y>
          <Y t="15">0.00487</Y>
          <Y t="16">0.00535</Y>
          <Y t="17">0.00588</Y>
          <Y t="18">0.00644</Y>
          <Y t="19">0.00706</Y>
          <Y t="20">0.00773</Y>
          <Y t="21">0.00849</Y>
          <Y t="22">0.0094</Y>
          <Y t="23">0.01053</Y>
          <Y t="24">0.01194</Y>
          <Y t="25">0.01393</Y>
        </Axis>
      </Axis>
      <Axis t="38">
        <Axis>
          <Y t="1">0.00073</Y>
          <Y t="2">0.00102</Y>
          <Y t="3">0.00117</Y>
          <Y t="4">0.00129</Y>
          <Y t="5">0.00142</Y>
          <Y t="6">0.0016</Y>
          <Y t="7">0.00183</Y>
          <Y t="8">0.00215</Y>
          <Y t="9">0.00255</Y>
          <Y t="10">0.00299</Y>
          <Y t="11">0.00345</Y>
          <Y t="12">0.00392</Y>
          <Y t="13">0.00439</Y>
          <Y t="14">0.00486</Y>
          <Y t="15">0.00535</Y>
          <Y t="16">0.00588</Y>
          <Y t="17">0.00644</Y>
          <Y t="18">0.00705</Y>
          <Y t="19">0.00771</Y>
          <Y t="20">0.00845</Y>
          <Y t="21">0.00928</Y>
          <Y t="22">0.01031</Y>
          <Y t="23">0.0116</Y>
          <Y t="24">0.01322</Y>
          <Y t="25">0.01544</Y>
        </Axis>
      </Axis>
      <Axis t="39">
        <Axis>
          <Y t="1">0.0008</Y>
          <Y t="2">0.0011</Y>
          <Y t="3">0.00126</Y>
          <Y t="4">0.00142</Y>
          <Y t="5">0.00158</Y>
          <Y t="6">0.0018</Y>
          <Y t="7">0.00206</Y>
          <Y t="8">0.00241</Y>
          <Y t="9">0.00285</Y>
          <Y t="10">0.00332</Y>
          <Y t="11">0.00381</Y>
          <Y t="12">0.00433</Y>
          <Y t="13">0.00483</Y>
          <Y t="14">0.00535</Y>
          <Y t="15">0.00588</Y>
          <Y t="16">0.00644</Y>
          <Y t="17">0.00705</Y>
          <Y t="18">0.00771</Y>
          <Y t="19">0.00845</Y>
          <Y t="20">0.00925</Y>
          <Y t="21">0.01018</Y>
          <Y t="22">0.01134</Y>
          <Y t="23">0.01282</Y>
          <Y t="24">0.01466</Y>
          <Y t="25">0.01716</Y>
        </Axis>
      </Axis>
      <Axis t="40">
        <Axis>
          <Y t="1">0.00085</Y>
          <Y t="2">0.00118</Y>
          <Y t="3">0.00138</Y>
          <Y t="4">0.00157</Y>
          <Y t="5">0.00178</Y>
          <Y t="6">0.00202</Y>
          <Y t="7">0.00233</Y>
          <Y t="8">0.00272</Y>
          <Y t="9">0.00318</Y>
          <Y t="10">0.00369</Y>
          <Y t="11">0.00422</Y>
          <Y t="12">0.00478</Y>
          <Y t="13">0.00533</Y>
          <Y t="14">0.00588</Y>
          <Y t="15">0.00644</Y>
          <Y t="16">0.00705</Y>
          <Y t="17">0.00771</Y>
          <Y t="18">0.00845</Y>
          <Y t="19">0.00925</Y>
          <Y t="20">0.01011</Y>
          <Y t="21">0.01119</Y>
          <Y t="22">0.01253</Y>
          <Y t="23">0.01422</Y>
          <Y t="24">0.01631</Y>
          <Y t="25">0.0191</Y>
        </Axis>
      </Axis>
      <Axis t="41">
        <Axis>
          <Y t="1">0.00091</Y>
          <Y t="2">0.00126</Y>
          <Y t="3">0.00151</Y>
          <Y t="4">0.00174</Y>
          <Y t="5">0.002</Y>
          <Y t="6">0.00227</Y>
          <Y t="7">0.00262</Y>
          <Y t="8">0.00304</Y>
          <Y t="9">0.00354</Y>
          <Y t="10">0.00409</Y>
          <Y t="11">0.00467</Y>
          <Y t="12">0.00527</Y>
          <Y t="13">0.00586</Y>
          <Y t="14">0.00644</Y>
          <Y t="15">0.00705</Y>
          <Y t="16">0.00771</Y>
          <Y t="17">0.00845</Y>
          <Y t="18">0.00925</Y>
          <Y t="19">0.01011</Y>
          <Y t="20">0.01109</Y>
          <Y t="21">0.01234</Y>
          <Y t="22">0.01388</Y>
          <Y t="23">0.0158</Y>
          <Y t="24">0.01817</Y>
          <Y t="25">0.02127</Y>
        </Axis>
      </Axis>
      <Axis t="42">
        <Axis>
          <Y t="1">0.00096</Y>
          <Y t="2">0.00135</Y>
          <Y t="3">0.00166</Y>
          <Y t="4">0.00195</Y>
          <Y t="5">0.00224</Y>
          <Y t="6">0.00257</Y>
          <Y t="7">0.00294</Y>
          <Y t="8">0.0034</Y>
          <Y t="9">0.00394</Y>
          <Y t="10">0.00454</Y>
          <Y t="11">0.00516</Y>
          <Y t="12">0.0058</Y>
          <Y t="13">0.00643</Y>
          <Y t="14">0.00705</Y>
          <Y t="15">0.00771</Y>
          <Y t="16">0.00845</Y>
          <Y t="17">0.00925</Y>
          <Y t="18">0.01011</Y>
          <Y t="19">0.01105</Y>
          <Y t="20">0.01221</Y>
          <Y t="21">0.01364</Y>
          <Y t="22">0.01541</Y>
          <Y t="23">0.01761</Y>
          <Y t="24">0.02027</Y>
          <Y t="25">0.0237</Y>
        </Axis>
      </Axis>
      <Axis t="43">
        <Axis>
          <Y t="1">0.00102</Y>
          <Y t="2">0.00146</Y>
          <Y t="3">0.00183</Y>
          <Y t="4">0.00218</Y>
          <Y t="5">0.0025</Y>
          <Y t="6">0.00287</Y>
          <Y t="7">0.00329</Y>
          <Y t="8">0.00379</Y>
          <Y t="9">0.00439</Y>
          <Y t="10">0.00503</Y>
          <Y t="11">0.00569</Y>
          <Y t="12">0.00638</Y>
          <Y t="13">0.00704</Y>
          <Y t="14">0.00771</Y>
          <Y t="15">0.00845</Y>
          <Y t="16">0.00925</Y>
          <Y t="17">0.01011</Y>
          <Y t="18">0.01105</Y>
          <Y t="19">0.01212</Y>
          <Y t="20">0.01347</Y>
          <Y t="21">0.01511</Y>
          <Y t="22">0.01715</Y>
          <Y t="23">0.01964</Y>
          <Y t="24">0.02264</Y>
          <Y t="25">0.0264</Y>
        </Axis>
      </Axis>
      <Axis t="44">
        <Axis>
          <Y t="1">0.00108</Y>
          <Y t="2">0.00159</Y>
          <Y t="3">0.00202</Y>
          <Y t="4">0.00241</Y>
          <Y t="5">0.00279</Y>
          <Y t="6">0.0032</Y>
          <Y t="7">0.00367</Y>
          <Y t="8">0.00422</Y>
          <Y t="9">0.00487</Y>
          <Y t="10">0.00556</Y>
          <Y t="11">0.00627</Y>
          <Y t="12">0.00699</Y>
          <Y t="13">0.0077</Y>
          <Y t="14">0.00845</Y>
          <Y t="15">0.00925</Y>
          <Y t="16">0.01011</Y>
          <Y t="17">0.01105</Y>
          <Y t="18">0.0121</Y>
          <Y t="19">0.01335</Y>
          <Y t="20">0.0149</Y>
          <Y t="21">0.0168</Y>
          <Y t="22">0.01912</Y>
          <Y t="23">0.02191</Y>
          <Y t="24">0.02526</Y>
          <Y t="25">0.02937</Y>
        </Axis>
      </Axis>
      <Axis t="45">
        <Axis>
          <Y t="1">0.00114</Y>
          <Y t="2">0.00175</Y>
          <Y t="3">0.00224</Y>
          <Y t="4">0.00268</Y>
          <Y t="5">0.00312</Y>
          <Y t="6">0.00356</Y>
          <Y t="7">0.0041</Y>
          <Y t="8">0.00471</Y>
          <Y t="9">0.00539</Y>
          <Y t="10">0.00613</Y>
          <Y t="11">0.0069</Y>
          <Y t="12">0.00766</Y>
          <Y t="13">0.00844</Y>
          <Y t="14">0.00925</Y>
          <Y t="15">0.01011</Y>
          <Y t="16">0.01105</Y>
          <Y t="17">0.0121</Y>
          <Y t="18">0.01327</Y>
          <Y t="19">0.01474</Y>
          <Y t="20">0.01652</Y>
          <Y t="21">0.01869</Y>
          <Y t="22">0.02132</Y>
          <Y t="23">0.02446</Y>
          <Y t="24">0.02815</Y>
          <Y t="25">0.03261</Y>
        </Axis>
      </Axis>
      <Axis t="46">
        <Axis>
          <Y t="1">0.00123</Y>
          <Y t="2">0.00192</Y>
          <Y t="3">0.00249</Y>
          <Y t="4">0.00299</Y>
          <Y t="5">0.00347</Y>
          <Y t="6">0.00397</Y>
          <Y t="7">0.00456</Y>
          <Y t="8">0.00523</Y>
          <Y t="9">0.00598</Y>
          <Y t="10">0.00675</Y>
          <Y t="11">0.00757</Y>
          <Y t="12">0.0084</Y>
          <Y t="13">0.00925</Y>
          <Y t="14">0.01011</Y>
          <Y t="15">0.01105</Y>
          <Y t="16">0.0121</Y>
          <Y t="17">0.01326</Y>
          <Y t="18">0.01461</Y>
          <Y t="19">0.01631</Y>
          <Y t="20">0.01835</Y>
          <Y t="21">0.02081</Y>
          <Y t="22">0.02377</Y>
          <Y t="23">0.02727</Y>
          <Y t="24">0.03132</Y>
          <Y t="25">0.03612</Y>
        </Axis>
      </Axis>
      <Axis t="47">
        <Axis>
          <Y t="1">0.00134</Y>
          <Y t="2">0.00212</Y>
          <Y t="3">0.00276</Y>
          <Y t="4">0.00332</Y>
          <Y t="5">0.00385</Y>
          <Y t="6">0.00442</Y>
          <Y t="7">0.00506</Y>
          <Y t="8">0.00578</Y>
          <Y t="9">0.00659</Y>
          <Y t="10">0.00745</Y>
          <Y t="11">0.00831</Y>
          <Y t="12">0.0092</Y>
          <Y t="13">0.01011</Y>
          <Y t="14">0.01105</Y>
          <Y t="15">0.0121</Y>
          <Y t="16">0.01326</Y>
          <Y t="17">0.01456</Y>
          <Y t="18">0.01615</Y>
          <Y t="19">0.01808</Y>
          <Y t="20">0.02041</Y>
          <Y t="21">0.02319</Y>
          <Y t="22">0.02648</Y>
          <Y t="23">0.03034</Y>
          <Y t="24">0.03476</Y>
          <Y t="25">0.0399</Y>
        </Axis>
      </Axis>
      <Axis t="48">
        <Axis>
          <Y t="1">0.00146</Y>
          <Y t="2">0.00234</Y>
          <Y t="3">0.00305</Y>
          <Y t="4">0.00368</Y>
          <Y t="5">0.00428</Y>
          <Y t="6">0.00491</Y>
          <Y t="7">0.00561</Y>
          <Y t="8">0.00641</Y>
          <Y t="9">0.00727</Y>
          <Y t="10">0.0082</Y>
          <Y t="11">0.00912</Y>
          <Y t="12">0.01008</Y>
          <Y t="13">0.01105</Y>
          <Y t="14">0.0121</Y>
          <Y t="15">0.01326</Y>
          <Y t="16">0.01454</Y>
          <Y t="17">0.01604</Y>
          <Y t="18">0.01786</Y>
          <Y t="19">0.02007</Y>
          <Y t="20">0.02271</Y>
          <Y t="21">0.02582</Y>
          <Y t="22">0.02947</Y>
          <Y t="23">0.03369</Y>
          <Y t="24">0.03847</Y>
          <Y t="25">0.04395</Y>
        </Axis>
      </Axis>
      <Axis t="49">
        <Axis>
          <Y t="1">0.00159</Y>
          <Y t="2">0.00257</Y>
          <Y t="3">0.00338</Y>
          <Y t="4">0.00407</Y>
          <Y t="5">0.00474</Y>
          <Y t="6">0.00544</Y>
          <Y t="7">0.00621</Y>
          <Y t="8">0.00708</Y>
          <Y t="9">0.00801</Y>
          <Y t="10">0.00901</Y>
          <Y t="11">0.01001</Y>
          <Y t="12">0.01104</Y>
          <Y t="13">0.0121</Y>
          <Y t="14">0.01326</Y>
          <Y t="15">0.01453</Y>
          <Y t="16">0.01598</Y>
          <Y t="17">0.01772</Y>
          <Y t="18">0.0198</Y>
          <Y t="19">0.02229</Y>
          <Y t="20">0.02524</Y>
          <Y t="21">0.02872</Y>
          <Y t="22">0.03274</Y>
          <Y t="23">0.03731</Y>
          <Y t="24">0.04245</Y>
          <Y t="25">0.04827</Y>
        </Axis>
      </Axis>
      <Axis t="50">
        <Axis>
          <Y t="1">0.00174</Y>
          <Y t="2">0.00284</Y>
          <Y t="3">0.00374</Y>
          <Y t="4">0.0045</Y>
          <Y t="5">0.00524</Y>
          <Y t="6">0.00603</Y>
          <Y t="7">0.00687</Y>
          <Y t="8">0.00781</Y>
          <Y t="9">0.00882</Y>
          <Y t="10">0.00989</Y>
          <Y t="11">0.01097</Y>
          <Y t="12">0.0121</Y>
          <Y t="13">0.01326</Y>
          <Y t="14">0.01453</Y>
          <Y t="15">0.01594</Y>
          <Y t="16">0.01761</Y>
          <Y t="17">0.0196</Y>
          <Y t="18">0.02196</Y>
          <Y t="19">0.02476</Y>
          <Y t="20">0.02806</Y>
          <Y t="21">0.03189</Y>
          <Y t="22">0.03628</Y>
          <Y t="23">0.04119</Y>
          <Y t="24">0.04669</Y>
          <Y t="25">0.05283</Y>
        </Axis>
      </Axis>
      <Axis t="51">
        <Axis>
          <Y t="1">0.00193</Y>
          <Y t="2">0.00315</Y>
          <Y t="3">0.00412</Y>
          <Y t="4">0.00497</Y>
          <Y t="5">0.00579</Y>
          <Y t="6">0.00667</Y>
          <Y t="7">0.00759</Y>
          <Y t="8">0.00861</Y>
          <Y t="9">0.00971</Y>
          <Y t="10">0.01086</Y>
          <Y t="11">0.01203</Y>
          <Y t="12">0.01325</Y>
          <Y t="13">0.01453</Y>
          <Y t="14">0.01594</Y>
          <Y t="15">0.01755</Y>
          <Y t="16">0.01945</Y>
          <Y t="17">0.02169</Y>
          <Y t="18">0.02437</Y>
          <Y t="19">0.0275</Y>
          <Y t="20">0.03116</Y>
          <Y t="21">0.03533</Y>
          <Y t="22">0.04008</Y>
          <Y t="23">0.04534</Y>
          <Y t="24">0.05117</Y>
          <Y t="25">0.05766</Y>
        </Axis>
      </Axis>
      <Axis t="52">
        <Axis>
          <Y t="1">0.00214</Y>
          <Y t="2">0.00347</Y>
          <Y t="3">0.00453</Y>
          <Y t="4">0.00548</Y>
          <Y t="5">0.0064</Y>
          <Y t="6">0.00736</Y>
          <Y t="7">0.00838</Y>
          <Y t="8">0.00949</Y>
          <Y t="9">0.01067</Y>
          <Y t="10">0.01191</Y>
          <Y t="11">0.01319</Y>
          <Y t="12">0.01452</Y>
          <Y t="13">0.01593</Y>
          <Y t="14">0.01752</Y>
          <Y t="15">0.01937</Y>
          <Y t="16">0.0215</Y>
          <Y t="17">0.02405</Y>
          <Y t="18">0.02704</Y>
          <Y t="19">0.03051</Y>
          <Y t="20">0.03453</Y>
          <Y t="21">0.03906</Y>
          <Y t="22">0.04414</Y>
          <Y t="23">0.04975</Y>
          <Y t="24">0.05591</Y>
          <Y t="25">0.06274</Y>
        </Axis>
      </Axis>
      <Axis t="53">
        <Axis>
          <Y t="1">0.00239</Y>
          <Y t="2">0.00381</Y>
          <Y t="3">0.00499</Y>
          <Y t="4">0.00603</Y>
          <Y t="5">0.00705</Y>
          <Y t="6">0.00811</Y>
          <Y t="7">0.00924</Y>
          <Y t="8">0.01044</Y>
          <Y t="9">0.01173</Y>
          <Y t="10">0.01306</Y>
          <Y t="11">0.01447</Y>
          <Y t="12">0.01592</Y>
          <Y t="13">0.01751</Y>
          <Y t="14">0.0193</Y>
          <Y t="15">0.02137</Y>
          <Y t="16">0.02378</Y>
          <Y t="17">0.02665</Y>
          <Y t="18">0.02997</Y>
          <Y t="19">0.03381</Y>
          <Y t="20">0.03817</Y>
          <Y t="21">0.04306</Y>
          <Y t="22">0.04845</Y>
          <Y t="23">0.0544</Y>
          <Y t="24">0.0609</Y>
          <Y t="25">0.06805</Y>
        </Axis>
      </Axis>
      <Axis t="54">
        <Axis>
          <Y t="1">0.00266</Y>
          <Y t="2">0.00419</Y>
          <Y t="3">0.00546</Y>
          <Y t="4">0.00663</Y>
          <Y t="5">0.00775</Y>
          <Y t="6">0.00894</Y>
          <Y t="7">0.01017</Y>
          <Y t="8">0.01149</Y>
          <Y t="9">0.01289</Y>
          <Y t="10">0.01433</Y>
          <Y t="11">0.01586</Y>
          <Y t="12">0.01747</Y>
          <Y t="13">0.01925</Y>
          <Y t="14">0.02127</Y>
          <Y t="15">0.0236</Y>
          <Y t="16">0.02633</Y>
          <Y t="17">0.02951</Y>
          <Y t="18">0.03318</Y>
          <Y t="19">0.03738</Y>
          <Y t="20">0.04208</Y>
          <Y t="21">0.0473</Y>
          <Y t="22">0.05302</Y>
          <Y t="23">0.05928</Y>
          <Y t="24">0.06612</Y>
          <Y t="25">0.07364</Y>
        </Axis>
      </Axis>
      <Axis t="55">
        <Axis>
          <Y t="1">0.00295</Y>
          <Y t="2">0.0046</Y>
          <Y t="3">0.00599</Y>
          <Y t="4">0.00729</Y>
          <Y t="5">0.00853</Y>
          <Y t="6">0.00984</Y>
          <Y t="7">0.01119</Y>
          <Y t="8">0.01264</Y>
          <Y t="9">0.01415</Y>
          <Y t="10">0.01572</Y>
          <Y t="11">0.0174</Y>
          <Y t="12">0.01919</Y>
          <Y t="13">0.02119</Y>
          <Y t="14">0.02346</Y>
          <Y t="15">0.02608</Y>
          <Y t="16">0.02913</Y>
          <Y t="17">0.03265</Y>
          <Y t="18">0.03668</Y>
          <Y t="19">0.04122</Y>
          <Y t="20">0.04626</Y>
          <Y t="21">0.0518</Y>
          <Y t="22">0.05785</Y>
          <Y t="23">0.06441</Y>
          <Y t="24">0.07158</Y>
          <Y t="25">0.0795</Y>
        </Axis>
      </Axis>
      <Axis t="56">
        <Axis>
          <Y t="1">0.00328</Y>
          <Y t="2">0.00505</Y>
          <Y t="3">0.00658</Y>
          <Y t="4">0.008</Y>
          <Y t="5">0.0094</Y>
          <Y t="6">0.01081</Y>
          <Y t="7">0.01232</Y>
          <Y t="8">0.01388</Y>
          <Y t="9">0.01552</Y>
          <Y t="10">0.01725</Y>
          <Y t="11">0.01911</Y>
          <Y t="12">0.0211</Y>
          <Y t="13">0.02335</Y>
          <Y t="14">0.02588</Y>
          <Y t="15">0.02882</Y>
          <Y t="16">0.0322</Y>
          <Y t="17">0.03608</Y>
          <Y t="18">0.04046</Y>
          <Y t="19">0.04534</Y>
          <Y t="20">0.0507</Y>
          <Y t="21">0.05657</Y>
          <Y t="22">0.06293</Y>
          <Y t="23">0.0698</Y>
          <Y t="24">0.07732</Y>
          <Y t="25">0.08584</Y>
        </Axis>
      </Axis>
      <Axis t="57">
        <Axis>
          <Y t="1">0.00363</Y>
          <Y t="2">0.00554</Y>
          <Y t="3">0.00721</Y>
          <Y t="4">0.00878</Y>
          <Y t="5">0.01033</Y>
          <Y t="6">0.01188</Y>
          <Y t="7">0.01354</Y>
          <Y t="8">0.01524</Y>
          <Y t="9">0.01704</Y>
          <Y t="10">0.01894</Y>
          <Y t="11">0.02099</Y>
          <Y t="12">0.02321</Y>
          <Y t="13">0.02571</Y>
          <Y t="14">0.02856</Y>
          <Y t="15">0.03182</Y>
          <Y t="16">0.03556</Y>
          <Y t="17">0.0398</Y>
          <Y t="18">0.04452</Y>
          <Y t="19">0.04974</Y>
          <Y t="20">0.05542</Y>
          <Y t="21">0.0616</Y>
          <Y t="22">0.06824</Y>
          <Y t="23">0.07546</Y>
          <Y t="24">0.08351</Y>
          <Y t="25">0.09275</Y>
        </Axis>
      </Axis>
      <Axis t="58">
        <Axis>
          <Y t="1">0.004</Y>
          <Y t="2">0.00609</Y>
          <Y t="3">0.00791</Y>
          <Y t="4">0.00963</Y>
          <Y t="5">0.01133</Y>
          <Y t="6">0.01305</Y>
          <Y t="7">0.01485</Y>
          <Y t="8">0.01673</Y>
          <Y t="9">0.0187</Y>
          <Y t="10">0.02078</Y>
          <Y t="11">0.02304</Y>
          <Y t="12">0.02553</Y>
          <Y t="13">0.02832</Y>
          <Y t="14">0.03149</Y>
          <Y t="15">0.03511</Y>
          <Y t="16">0.03921</Y>
          <Y t="17">0.04381</Y>
          <Y t="18">0.04887</Y>
          <Y t="19">0.0544</Y>
          <Y t="20">0.0604</Y>
          <Y t="21">0.06687</Y>
          <Y t="22">0.07382</Y>
          <Y t="23">0.08157</Y>
          <Y t="24">0.09025</Y>
          <Y t="25">0.10006</Y>
        </Axis>
      </Axis>
      <Axis t="59">
        <Axis>
          <Y t="1">0.00441</Y>
          <Y t="2">0.00667</Y>
          <Y t="3">0.00867</Y>
          <Y t="4">0.01057</Y>
          <Y t="5">0.01243</Y>
          <Y t="6">0.01434</Y>
          <Y t="7">0.01629</Y>
          <Y t="8">0.01835</Y>
          <Y t="9">0.02051</Y>
          <Y t="10">0.0228</Y>
          <Y t="11">0.02531</Y>
          <Y t="12">0.02807</Y>
          <Y t="13">0.03118</Y>
          <Y t="14">0.03469</Y>
          <Y t="15">0.03868</Y>
          <Y t="16">0.04314</Y>
          <Y t="17">0.04808</Y>
          <Y t="18">0.05349</Y>
          <Y t="19">0.05934</Y>
          <Y t="20">0.06564</Y>
          <Y t="21">0.07239</Y>
          <Y t="22">0.07986</Y>
          <Y t="23">0.08817</Y>
          <Y t="24">0.09736</Y>
          <Y t="25">0.10777</Y>
        </Axis>
      </Axis>
      <Axis t="60">
        <Axis>
          <Y t="1">0.00486</Y>
          <Y t="2">0.00729</Y>
          <Y t="3">0.0095</Y>
          <Y t="4">0.0116</Y>
          <Y t="5">0.01364</Y>
          <Y t="6">0.01572</Y>
          <Y t="7">0.01787</Y>
          <Y t="8">0.02011</Y>
          <Y t="9">0.02247</Y>
          <Y t="10">0.02501</Y>
          <Y t="11">0.02779</Y>
          <Y t="12">0.03084</Y>
          <Y t="13">0.0343</Y>
          <Y t="14">0.03817</Y>
          <Y t="15">0.04252</Y>
          <Y t="16">0.04735</Y>
          <Y t="17">0.05265</Y>
          <Y t="18">0.0584</Y>
          <Y t="19">0.06455</Y>
          <Y t="20">0.07115</Y>
          <Y t="21">0.0784</Y>
          <Y t="22">0.08641</Y>
          <Y t="23">0.09517</Y>
          <Y t="24">0.10486</Y>
          <Y t="25">0.11689</Y>
        </Axis>
      </Axis>
      <Axis t="61">
        <Axis>
          <Y t="1">0.00534</Y>
          <Y t="2">0.00799</Y>
          <Y t="3">0.01042</Y>
          <Y t="4">0.01272</Y>
          <Y t="5">0.01495</Y>
          <Y t="6">0.01722</Y>
          <Y t="7">0.01956</Y>
          <Y t="8">0.02202</Y>
          <Y t="9">0.02461</Y>
          <Y t="10">0.02741</Y>
          <Y t="11">0.03048</Y>
          <Y t="12">0.03388</Y>
          <Y t="13">0.03768</Y>
          <Y t="14">0.04193</Y>
          <Y t="15">0.04666</Y>
          <Y t="16">0.05187</Y>
          <Y t="17">0.05751</Y>
          <Y t="18">0.06358</Y>
          <Y t="19">0.07005</Y>
          <Y t="20">0.07714</Y>
          <Y t="21">0.08493</Y>
          <Y t="22">0.09335</Y>
          <Y t="23">0.10255</Y>
          <Y t="24">0.11399</Y>
          <Y t="25">0.12788</Y>
        </Axis>
      </Axis>
      <Axis t="62">
        <Axis>
          <Y t="1">0.00586</Y>
          <Y t="2">0.00877</Y>
          <Y t="3">0.01143</Y>
          <Y t="4">0.01393</Y>
          <Y t="5">0.01637</Y>
          <Y t="6">0.01886</Y>
          <Y t="7">0.0214</Y>
          <Y t="8">0.0241</Y>
          <Y t="9">0.02693</Y>
          <Y t="10">0.03003</Y>
          <Y t="11">0.03341</Y>
          <Y t="12">0.03717</Y>
          <Y t="13">0.04135</Y>
          <Y t="14">0.046</Y>
          <Y t="15">0.0511</Y>
          <Y t="16">0.05668</Y>
          <Y t="17">0.06265</Y>
          <Y t="18">0.06905</Y>
          <Y t="19">0.07603</Y>
          <Y t="20">0.08365</Y>
          <Y t="21">0.09181</Y>
          <Y t="22">0.10065</Y>
          <Y t="23">0.11178</Y>
          <Y t="24">0.1253</Y>
          <Y t="25">0.1401</Y>
        </Axis>
      </Axis>
      <Axis t="63">
        <Axis>
          <Y t="1">0.00645</Y>
          <Y t="2">0.00964</Y>
          <Y t="3">0.01253</Y>
          <Y t="4">0.01524</Y>
          <Y t="5">0.01793</Y>
          <Y t="6">0.02062</Y>
          <Y t="7">0.02338</Y>
          <Y t="8">0.02634</Y>
          <Y t="9">0.02945</Y>
          <Y t="10">0.03285</Y>
          <Y t="11">0.03659</Y>
          <Y t="12">0.04073</Y>
          <Y t="13">0.04529</Y>
          <Y t="14">0.05035</Y>
          <Y t="15">0.05585</Y>
          <Y t="16">0.06177</Y>
          <Y t="17">0.06812</Y>
          <Y t="18">0.07502</Y>
          <Y t="19">0.08252</Y>
          <Y t="20">0.09052</Y>
          <Y t="21">0.0991</Y>
          <Y t="22">0.10996</Y>
          <Y t="23">0.1234</Y>
          <Y t="24">0.1379</Y>
          <Y t="25">0.15379</Y>
        </Axis>
      </Axis>
      <Axis t="64">
        <Axis>
          <Y t="1">0.00711</Y>
          <Y t="2">0.01057</Y>
          <Y t="3">0.01373</Y>
          <Y t="4">0.01669</Y>
          <Y t="5">0.01959</Y>
          <Y t="6">0.02251</Y>
          <Y t="7">0.02554</Y>
          <Y t="8">0.02873</Y>
          <Y t="9">0.03216</Y>
          <Y t="10">0.0359</Y>
          <Y t="11">0.04002</Y>
          <Y t="12">0.04454</Y>
          <Y t="13">0.04954</Y>
          <Y t="14">0.05501</Y>
          <Y t="15">0.06089</Y>
          <Y t="16">0.06719</Y>
          <Y t="17">0.07407</Y>
          <Y t="18">0.08153</Y>
          <Y t="19">0.0894</Y>
          <Y t="20">0.0978</Y>
          <Y t="21">0.10853</Y>
          <Y t="22">0.12182</Y>
          <Y t="23">0.1363</Y>
          <Y t="24">0.15206</Y>
          <Y t="25">0.16921</Y>
        </Axis>
      </Axis>
      <Axis t="65">
        <Axis>
          <Y t="1">0.00783</Y>
          <Y t="2">0.0116</Y>
          <Y t="3">0.01503</Y>
          <Y t="4">0.01824</Y>
          <Y t="5">0.02138</Y>
          <Y t="6">0.02456</Y>
          <Y t="7">0.02784</Y>
          <Y t="8">0.03133</Y>
          <Y t="9">0.03509</Y>
          <Y t="10">0.03919</Y>
          <Y t="11">0.04372</Y>
          <Y t="12">0.04865</Y>
          <Y t="13">0.05409</Y>
          <Y t="14">0.05997</Y>
          <Y t="15">0.06624</Y>
          <Y t="16">0.07311</Y>
          <Y t="17">0.08054</Y>
          <Y t="18">0.08842</Y>
          <Y t="19">0.09671</Y>
          <Y t="20">0.10731</Y>
          <Y t="21">0.12061</Y>
          <Y t="22">0.135</Y>
          <Y t="23">0.15085</Y>
          <Y t="24">0.16805</Y>
          <Y t="25">0.18604</Y>
        </Axis>
      </Axis>
      <Axis t="66">
        <Axis>
          <Y t="1">0.00862</Y>
          <Y t="2">0.01273</Y>
          <Y t="3">0.01643</Y>
          <Y t="4">0.0199</Y>
          <Y t="5">0.02331</Y>
          <Y t="6">0.02676</Y>
          <Y t="7">0.03032</Y>
          <Y t="8">0.03415</Y>
          <Y t="9">0.03824</Y>
          <Y t="10">0.04275</Y>
          <Y t="11">0.0477</Y>
          <Y t="12">0.05309</Y>
          <Y t="13">0.05895</Y>
          <Y t="14">0.06526</Y>
          <Y t="15">0.07212</Y>
          <Y t="16">0.07958</Y>
          <Y t="17">0.08744</Y>
          <Y t="18">0.09571</Y>
          <Y t="19">0.10631</Y>
          <Y t="20">0.11956</Y>
          <Y t="21">0.13401</Y>
          <Y t="22">0.14986</Y>
          <Y t="23">0.1673</Y>
          <Y t="24">0.1856</Y>
          <Y t="25">0.2041</Y>
        </Axis>
      </Axis>
      <Axis t="67">
        <Axis>
          <Y t="1">0.00951</Y>
          <Y t="2">0.01396</Y>
          <Y t="3">0.01794</Y>
          <Y t="4">0.0217</Y>
          <Y t="5">0.02536</Y>
          <Y t="6">0.02909</Y>
          <Y t="7">0.03298</Y>
          <Y t="8">0.03715</Y>
          <Y t="9">0.04164</Y>
          <Y t="10">0.04659</Y>
          <Y t="11">0.05197</Y>
          <Y t="12">0.05783</Y>
          <Y t="13">0.06415</Y>
          <Y t="14">0.07107</Y>
          <Y t="15">0.07855</Y>
          <Y t="16">0.08646</Y>
          <Y t="17">0.09476</Y>
          <Y t="18">0.10539</Y>
          <Y t="19">0.11873</Y>
          <Y t="20">0.13315</Y>
          <Y t="21">0.14913</Y>
          <Y t="22">0.16669</Y>
          <Y t="23">0.18532</Y>
          <Y t="24">0.2041</Y>
          <Y t="25">0.22319</Y>
        </Axis>
      </Axis>
      <Axis t="68">
        <Axis>
          <Y t="1">0.0105</Y>
          <Y t="2">0.01529</Y>
          <Y t="3">0.01957</Y>
          <Y t="4">0.0236</Y>
          <Y t="5">0.02756</Y>
          <Y t="6">0.0316</Y>
          <Y t="7">0.03583</Y>
          <Y t="8">0.04038</Y>
          <Y t="9">0.0453</Y>
          <Y t="10">0.0507</Y>
          <Y t="11">0.05657</Y>
          <Y t="12">0.06291</Y>
          <Y t="13">0.06985</Y>
          <Y t="14">0.07744</Y>
          <Y t="15">0.08541</Y>
          <Y t="16">0.09378</Y>
          <Y t="17">0.10453</Y>
          <Y t="18">0.11796</Y>
          <Y t="19">0.13249</Y>
          <Y t="20">0.14851</Y>
          <Y t="21">0.16625</Y>
          <Y t="22">0.18511</Y>
          <Y t="23">0.2041</Y>
          <Y t="24">0.22319</Y>
          <Y t="25">0.24276</Y>
        </Axis>
      </Axis>
      <Axis t="69">
        <Axis>
          <Y t="1">0.01158</Y>
          <Y t="2">0.01671</Y>
          <Y t="3">0.02131</Y>
          <Y t="4">0.02564</Y>
          <Y t="5">0.0299</Y>
          <Y t="6">0.03427</Y>
          <Y t="7">0.03889</Y>
          <Y t="8">0.04385</Y>
          <Y t="9">0.04924</Y>
          <Y t="10">0.05511</Y>
          <Y t="11">0.06149</Y>
          <Y t="12">0.06849</Y>
          <Y t="13">0.07613</Y>
          <Y t="14">0.08422</Y>
          <Y t="15">0.09272</Y>
          <Y t="16">0.10365</Y>
          <Y t="17">0.11726</Y>
          <Y t="18">0.13189</Y>
          <Y t="19">0.14803</Y>
          <Y t="20">0.16591</Y>
          <Y t="21">0.18498</Y>
          <Y t="22">0.2041</Y>
          <Y t="23">0.22319</Y>
          <Y t="24">0.24276</Y>
          <Y t="25">0.262</Y>
        </Axis>
      </Axis>
      <Axis t="70">
        <Axis>
          <Y t="1">0.01274</Y>
          <Y t="2">0.01824</Y>
          <Y t="3">0.02314</Y>
          <Y t="4">0.0278</Y>
          <Y t="5">0.03239</Y>
          <Y t="6">0.03714</Y>
          <Y t="7">0.04217</Y>
          <Y t="8">0.04759</Y>
          <Y t="9">0.05348</Y>
          <Y t="10">0.05986</Y>
          <Y t="11">0.06691</Y>
          <Y t="12">0.07465</Y>
          <Y t="13">0.08287</Y>
          <Y t="14">0.0915</Y>
          <Y t="15">0.10268</Y>
          <Y t="16">0.11656</Y>
          <Y t="17">0.13133</Y>
          <Y t="18">0.14763</Y>
          <Y t="19">0.16566</Y>
          <Y t="20">0.18487</Y>
          <Y t="21">0.2041</Y>
          <Y t="22">0.22319</Y>
          <Y t="23">0.24276</Y>
          <Y t="24">0.262</Y>
          <Y t="25">0.27897</Y>
        </Axis>
      </Axis>
      <Axis t="71">
        <Axis>
          <Y t="1">0.014</Y>
          <Y t="2">0.01984</Y>
          <Y t="3">0.02508</Y>
          <Y t="4">0.03008</Y>
          <Y t="5">0.03504</Y>
          <Y t="6">0.0402</Y>
          <Y t="7">0.04569</Y>
          <Y t="8">0.05162</Y>
          <Y t="9">0.05804</Y>
          <Y t="10">0.06512</Y>
          <Y t="11">0.07292</Y>
          <Y t="12">0.08126</Y>
          <Y t="13">0.09007</Y>
          <Y t="14">0.10153</Y>
          <Y t="15">0.11577</Y>
          <Y t="16">0.13078</Y>
          <Y t="17">0.14723</Y>
          <Y t="18">0.16546</Y>
          <Y t="19">0.18483</Y>
          <Y t="20">0.2041</Y>
          <Y t="21">0.22319</Y>
          <Y t="22">0.24276</Y>
          <Y t="23">0.262</Y>
          <Y t="24">0.27897</Y>
          <Y t="25">0.29458</Y>
        </Axis>
      </Axis>
      <Axis t="72">
        <Axis>
          <Y t="1">0.0153</Y>
          <Y t="2">0.02151</Y>
          <Y t="3">0.02712</Y>
          <Y t="4">0.03248</Y>
          <Y t="5">0.03786</Y>
          <Y t="6">0.04348</Y>
          <Y t="7">0.04948</Y>
          <Y t="8">0.05595</Y>
          <Y t="9">0.0631</Y>
          <Y t="10">0.07097</Y>
          <Y t="11">0.07939</Y>
          <Y t="12">0.08838</Y>
          <Y t="13">0.10018</Y>
          <Y t="14">0.1148</Y>
          <Y t="15">0.13016</Y>
          <Y t="16">0.14684</Y>
          <Y t="17">0.16527</Y>
          <Y t="18">0.18477</Y>
          <Y t="19">0.2041</Y>
          <Y t="20">0.22319</Y>
          <Y t="21">0.24276</Y>
          <Y t="22">0.262</Y>
          <Y t="23">0.27897</Y>
          <Y t="24">0.29458</Y>
          <Y t="25">0.31044</Y>
        </Axis>
      </Axis>
      <Axis t="73">
        <Axis>
          <Y t="1">0.01664</Y>
          <Y t="2">0.02324</Y>
          <Y t="3">0.02924</Y>
          <Y t="4">0.03501</Y>
          <Y t="5">0.04086</Y>
          <Y t="6">0.04701</Y>
          <Y t="7">0.05355</Y>
          <Y t="8">0.06076</Y>
          <Y t="9">0.06871</Y>
          <Y t="10">0.07726</Y>
          <Y t="11">0.08637</Y>
          <Y t="12">0.09855</Y>
          <Y t="13">0.11367</Y>
          <Y t="14">0.12941</Y>
          <Y t="15">0.14641</Y>
          <Y t="16">0.16506</Y>
          <Y t="17">0.18472</Y>
          <Y t="18">0.2041</Y>
          <Y t="19">0.22319</Y>
          <Y t="20">0.24276</Y>
          <Y t="21">0.262</Y>
          <Y t="22">0.27897</Y>
          <Y t="23">0.29458</Y>
          <Y t="24">0.31044</Y>
          <Y t="25">0.32691</Y>
        </Axis>
      </Axis>
      <Axis t="74">
        <Axis>
          <Y t="1">0.01804</Y>
          <Y t="2">0.02502</Y>
          <Y t="3">0.03145</Y>
          <Y t="4">0.03769</Y>
          <Y t="5">0.04407</Y>
          <Y t="6">0.05078</Y>
          <Y t="7">0.05808</Y>
          <Y t="8">0.0661</Y>
          <Y t="9">0.07477</Y>
          <Y t="10">0.08402</Y>
          <Y t="11">0.0966</Y>
          <Y t="12">0.11228</Y>
          <Y t="13">0.1285</Y>
          <Y t="14">0.14588</Y>
          <Y t="15">0.16485</Y>
          <Y t="16">0.18468</Y>
          <Y t="17">0.2041</Y>
          <Y t="18">0.22319</Y>
          <Y t="19">0.24276</Y>
          <Y t="20">0.262</Y>
          <Y t="21">0.27897</Y>
          <Y t="22">0.29458</Y>
          <Y t="23">0.31044</Y>
          <Y t="24">0.32691</Y>
          <Y t="25">0.34597</Y>
        </Axis>
      </Axis>
      <Axis t="75">
        <Axis>
          <Y t="1">0.01945</Y>
          <Y t="2">0.02687</Y>
          <Y t="3">0.03376</Y>
          <Y t="4">0.04052</Y>
          <Y t="5">0.04748</Y>
          <Y t="6">0.05494</Y>
          <Y t="7">0.06309</Y>
          <Y t="8">0.07187</Y>
          <Y t="9">0.0813</Y>
          <Y t="10">0.09431</Y>
          <Y t="11">0.11062</Y>
          <Y t="12">0.12742</Y>
          <Y t="13">0.14523</Y>
          <Y t="14">0.16453</Y>
          <Y t="15">0.18461</Y>
          <Y t="16">0.2041</Y>
          <Y t="17">0.22319</Y>
          <Y t="18">0.24276</Y>
          <Y t="19">0.262</Y>
          <Y t="20">0.27897</Y>
          <Y t="21">0.29458</Y>
          <Y t="22">0.31044</Y>
          <Y t="23">0.32691</Y>
          <Y t="24">0.34597</Y>
          <Y t="25">0.36573</Y>
        </Axis>
      </Axis>
      <Axis t="76">
        <Axis>
          <Y t="1">0.02087</Y>
          <Y t="2">0.02877</Y>
          <Y t="3">0.03617</Y>
          <Y t="4">0.04353</Y>
          <Y t="5">0.05125</Y>
          <Y t="6">0.05956</Y>
          <Y t="7">0.06849</Y>
          <Y t="8">0.07809</Y>
          <Y t="9">0.09164</Y>
          <Y t="10">0.10869</Y>
          <Y t="11">0.12607</Y>
          <Y t="12">0.14444</Y>
          <Y t="13">0.16414</Y>
          <Y t="14">0.18452</Y>
          <Y t="15">0.2041</Y>
          <Y t="16">0.22319</Y>
          <Y t="17">0.24276</Y>
          <Y t="18">0.262</Y>
          <Y t="19">0.27897</Y>
          <Y t="20">0.29458</Y>
          <Y t="21">0.31044</Y>
          <Y t="22">0.32691</Y>
          <Y t="23">0.34597</Y>
          <Y t="24">0.36573</Y>
          <Y t="25">0.38348</Y>
        </Axis>
      </Axis>
      <Axis t="77">
        <Axis>
          <Y t="1">0.0223</Y>
          <Y t="2">0.0307</Y>
          <Y t="3">0.03871</Y>
          <Y t="4">0.04683</Y>
          <Y t="5">0.05542</Y>
          <Y t="6">0.06455</Y>
          <Y t="7">0.07433</Y>
          <Y t="8">0.08849</Y>
          <Y t="9">0.10638</Y>
          <Y t="10">0.1245</Y>
          <Y t="11">0.14343</Y>
          <Y t="12">0.16364</Y>
          <Y t="13">0.18438</Y>
          <Y t="14">0.2041</Y>
          <Y t="15">0.22319</Y>
          <Y t="16">0.24276</Y>
          <Y t="17">0.262</Y>
          <Y t="18">0.27897</Y>
          <Y t="19">0.29458</Y>
          <Y t="20">0.31044</Y>
          <Y t="21">0.32691</Y>
          <Y t="22">0.34597</Y>
          <Y t="23">0.36573</Y>
          <Y t="24">0.38348</Y>
          <Y t="25">0.39799</Y>
        </Axis>
      </Axis>
      <Axis t="78">
        <Axis>
          <Y t="1">0.02375</Y>
          <Y t="2">0.0327</Y>
          <Y t="3">0.04147</Y>
          <Y t="4">0.05045</Y>
          <Y t="5">0.05989</Y>
          <Y t="6">0.06993</Y>
          <Y t="7">0.08476</Y>
          <Y t="8">0.10366</Y>
          <Y t="9">0.12257</Y>
          <Y t="10">0.14225</Y>
          <Y t="11">0.16298</Y>
          <Y t="12">0.18419</Y>
          <Y t="13">0.2041</Y>
          <Y t="14">0.22319</Y>
          <Y t="15">0.24276</Y>
          <Y t="16">0.262</Y>
          <Y t="17">0.27897</Y>
          <Y t="18">0.29458</Y>
          <Y t="19">0.31044</Y>
          <Y t="20">0.32691</Y>
          <Y t="21">0.34597</Y>
          <Y t="22">0.36573</Y>
          <Y t="23">0.38348</Y>
          <Y t="24">0.39799</Y>
          <Y t="25">0.40855</Y>
        </Axis>
      </Axis>
      <Axis t="79">
        <Axis>
          <Y t="1">0.02522</Y>
          <Y t="2">0.03488</Y>
          <Y t="3">0.04449</Y>
          <Y t="4">0.05435</Y>
          <Y t="5">0.06471</Y>
          <Y t="6">0.08038</Y>
          <Y t="7">0.1004</Y>
          <Y t="8">0.12032</Y>
          <Y t="9">0.14078</Y>
          <Y t="10">0.1622</Y>
          <Y t="11">0.18394</Y>
          <Y t="12">0.2041</Y>
          <Y t="13">0.22319</Y>
          <Y t="14">0.24276</Y>
          <Y t="15">0.262</Y>
          <Y t="16">0.27897</Y>
          <Y t="17">0.29458</Y>
          <Y t="18">0.31044</Y>
          <Y t="19">0.32691</Y>
          <Y t="20">0.34597</Y>
          <Y t="21">0.36573</Y>
          <Y t="22">0.38348</Y>
          <Y t="23">0.39799</Y>
          <Y t="24">0.40855</Y>
          <Y t="25">0.41447</Y>
        </Axis>
      </Axis>
      <Axis t="80">
        <Axis>
          <Y t="1">0.02678</Y>
          <Y t="2">0.03725</Y>
          <Y t="3">0.04772</Y>
          <Y t="4">0.05854</Y>
          <Y t="5">0.07519</Y>
          <Y t="6">0.09659</Y>
          <Y t="7">0.11762</Y>
          <Y t="8">0.13904</Y>
          <Y t="9">0.16124</Y>
          <Y t="10">0.18363</Y>
          <Y t="11">0.2041</Y>
          <Y t="12">0.22319</Y>
          <Y t="13">0.24276</Y>
          <Y t="14">0.262</Y>
          <Y t="15">0.27897</Y>
          <Y t="16">0.29458</Y>
          <Y t="17">0.31044</Y>
          <Y t="18">0.32691</Y>
          <Y t="19">0.34597</Y>
          <Y t="20">0.36573</Y>
          <Y t="21">0.38348</Y>
          <Y t="22">0.39799</Y>
          <Y t="23">0.40855</Y>
          <Y t="24">0.41447</Y>
          <Y t="25">0.41774</Y>
        </Axis>
      </Axis>
      <Axis t="81">
        <Axis>
          <Y t="1">0.02845</Y>
          <Y t="2">0.03975</Y>
          <Y t="3">0.05117</Y>
          <Y t="4">0.06904</Y>
          <Y t="5">0.09204</Y>
          <Y t="6">0.11442</Y>
          <Y t="7">0.13696</Y>
          <Y t="8">0.16008</Y>
          <Y t="9">0.18326</Y>
          <Y t="10">0.2041</Y>
          <Y t="11">0.22319</Y>
          <Y t="12">0.24276</Y>
          <Y t="13">0.262</Y>
          <Y t="14">0.27897</Y>
          <Y t="15">0.29458</Y>
          <Y t="16">0.31044</Y>
          <Y t="17">0.32691</Y>
          <Y t="18">0.34597</Y>
          <Y t="19">0.36573</Y>
          <Y t="20">0.38348</Y>
          <Y t="21">0.39799</Y>
          <Y t="22">0.40855</Y>
          <Y t="23">0.41447</Y>
          <Y t="24">0.41774</Y>
          <Y t="25">0.42266</Y>
        </Axis>
      </Axis>
      <Axis t="82">
        <Axis>
          <Y t="1">0.03023</Y>
          <Y t="2">0.04245</Y>
          <Y t="3">0.06175</Y>
          <Y t="4">0.08666</Y>
          <Y t="5">0.11059</Y>
          <Y t="6">0.13449</Y>
          <Y t="7">0.15868</Y>
          <Y t="8">0.18281</Y>
          <Y t="9">0.2041</Y>
          <Y t="10">0.22319</Y>
          <Y t="11">0.24276</Y>
          <Y t="12">0.262</Y>
          <Y t="13">0.27897</Y>
          <Y t="14">0.29458</Y>
          <Y t="15">0.31044</Y>
          <Y t="16">0.32691</Y>
          <Y t="17">0.34597</Y>
          <Y t="18">0.36573</Y>
          <Y t="19">0.38348</Y>
          <Y t="20">0.39799</Y>
          <Y t="21">0.40855</Y>
          <Y t="22">0.41447</Y>
          <Y t="23">0.41774</Y>
          <Y t="24">0.42266</Y>
          <Y t="25">0.43064</Y>
        </Axis>
      </Axis>
      <Axis t="83">
        <Axis>
          <Y t="1">0.03213</Y>
          <Y t="2">0.04872</Y>
          <Y t="3">0.08028</Y>
          <Y t="4">0.10605</Y>
          <Y t="5">0.13152</Y>
          <Y t="6">0.15703</Y>
          <Y t="7">0.18227</Y>
          <Y t="8">0.2041</Y>
          <Y t="9">0.22319</Y>
          <Y t="10">0.24276</Y>
          <Y t="11">0.262</Y>
          <Y t="12">0.27897</Y>
          <Y t="13">0.29458</Y>
          <Y t="14">0.31044</Y>
          <Y t="15">0.32691</Y>
          <Y t="16">0.34597</Y>
          <Y t="17">0.36573</Y>
          <Y t="18">0.38348</Y>
          <Y t="19">0.39799</Y>
          <Y t="20">0.40855</Y>
          <Y t="21">0.41447</Y>
          <Y t="22">0.41774</Y>
          <Y t="23">0.42266</Y>
          <Y t="24">0.43064</Y>
          <Y t="25">0.43913</Y>
        </Axis>
      </Axis>
      <Axis t="84">
        <Axis>
          <Y t="1">0.0342</Y>
          <Y t="2">0.05902</Y>
          <Y t="3">0.10072</Y>
          <Y t="4">0.12801</Y>
          <Y t="5">0.15508</Y>
          <Y t="6">0.18163</Y>
          <Y t="7">0.2041</Y>
          <Y t="8">0.22319</Y>
          <Y t="9">0.24276</Y>
          <Y t="10">0.262</Y>
          <Y t="11">0.27897</Y>
          <Y t="12">0.29458</Y>
          <Y t="13">0.31044</Y>
          <Y t="14">0.32691</Y>
          <Y t="15">0.34597</Y>
          <Y t="16">0.36573</Y>
          <Y t="17">0.38348</Y>
          <Y t="18">0.39799</Y>
          <Y t="19">0.40855</Y>
          <Y t="20">0.41447</Y>
          <Y t="21">0.41774</Y>
          <Y t="22">0.42266</Y>
          <Y t="23">0.43064</Y>
          <Y t="24">0.43913</Y>
          <Y t="25">0.44417</Y>
        </Axis>
      </Axis>
      <Axis t="85">
        <Axis>
          <Y t="1">0.03645</Y>
          <Y t="2">0.07047</Y>
          <Y t="3">0.12391</Y>
          <Y t="4">0.1528</Y>
          <Y t="5">0.18089</Y>
          <Y t="6">0.2041</Y>
          <Y t="7">0.22319</Y>
          <Y t="8">0.24276</Y>
          <Y t="9">0.262</Y>
          <Y t="10">0.27897</Y>
          <Y t="11">0.29458</Y>
          <Y t="12">0.31044</Y>
          <Y t="13">0.32691</Y>
          <Y t="14">0.34597</Y>
          <Y t="15">0.36573</Y>
          <Y t="16">0.38348</Y>
          <Y t="17">0.39799</Y>
          <Y t="18">0.40855</Y>
          <Y t="19">0.41447</Y>
          <Y t="20">0.41774</Y>
          <Y t="21">0.42266</Y>
          <Y t="22">0.43064</Y>
          <Y t="23">0.43913</Y>
          <Y t="24">0.44417</Y>
          <Y t="25">0.44802</Y>
        </Axis>
      </Axis>
      <Axis t="86">
        <Axis>
          <Y t="1">0.03894</Y>
          <Y t="2">0.08348</Y>
          <Y t="3">0.15014</Y>
          <Y t="4">0.18003</Y>
          <Y t="5">0.2041</Y>
          <Y t="6">0.22319</Y>
          <Y t="7">0.24276</Y>
          <Y t="8">0.262</Y>
          <Y t="9">0.27897</Y>
          <Y t="10">0.29458</Y>
          <Y t="11">0.31044</Y>
          <Y t="12">0.32691</Y>
          <Y t="13">0.34597</Y>
          <Y t="14">0.36573</Y>
          <Y t="15">0.38348</Y>
          <Y t="16">0.39799</Y>
          <Y t="17">0.40855</Y>
          <Y t="18">0.41447</Y>
          <Y t="19">0.41774</Y>
          <Y t="20">0.42266</Y>
          <Y t="21">0.43064</Y>
          <Y t="22">0.43913</Y>
          <Y t="23">0.44417</Y>
          <Y t="24">0.44802</Y>
          <Y t="25">0.45</Y>
        </Axis>
      </Axis>
      <Axis t="87">
        <Axis>
          <Y t="1">0.04168</Y>
          <Y t="2">0.09818</Y>
          <Y t="3">0.17906</Y>
          <Y t="4">0.2041</Y>
          <Y t="5">0.22319</Y>
          <Y t="6">0.24276</Y>
          <Y t="7">0.262</Y>
          <Y t="8">0.27897</Y>
          <Y t="9">0.29458</Y>
          <Y t="10">0.31044</Y>
          <Y t="11">0.32691</Y>
          <Y t="12">0.34597</Y>
          <Y t="13">0.36573</Y>
          <Y t="14">0.38348</Y>
          <Y t="15">0.39799</Y>
          <Y t="16">0.40855</Y>
          <Y t="17">0.41447</Y>
          <Y t="18">0.41774</Y>
          <Y t="19">0.42266</Y>
          <Y t="20">0.43064</Y>
          <Y t="21">0.43913</Y>
          <Y t="22">0.44417</Y>
          <Y t="23">0.44802</Y>
          <Y t="24">0.45</Y>
          <Y t="25">0.45</Y>
        </Axis>
      </Axis>
      <Axis t="88">
        <Axis>
          <Y t="1">0.04471</Y>
          <Y t="2">0.10646</Y>
          <Y t="3">0.2041</Y>
          <Y t="4">0.22319</Y>
          <Y t="5">0.24276</Y>
          <Y t="6">0.262</Y>
          <Y t="7">0.27897</Y>
          <Y t="8">0.29458</Y>
          <Y t="9">0.31044</Y>
          <Y t="10">0.32691</Y>
          <Y t="11">0.34597</Y>
          <Y t="12">0.36573</Y>
          <Y t="13">0.38348</Y>
          <Y t="14">0.39799</Y>
          <Y t="15">0.40855</Y>
          <Y t="16">0.41447</Y>
          <Y t="17">0.41774</Y>
          <Y t="18">0.42266</Y>
          <Y t="19">0.43064</Y>
          <Y t="20">0.43913</Y>
          <Y t="21">0.44417</Y>
          <Y t="22">0.44802</Y>
          <Y t="23">0.45</Y>
          <Y t="24">0.45</Y>
          <Y t="25">0.45</Y>
        </Axis>
      </Axis>
      <Axis t="89">
        <Axis>
          <Y t="1">0.0481</Y>
          <Y t="2">0.11572</Y>
          <Y t="3">0.22319</Y>
          <Y t="4">0.24276</Y>
          <Y t="5">0.262</Y>
          <Y t="6">0.27897</Y>
          <Y t="7">0.29458</Y>
          <Y t="8">0.31044</Y>
          <Y t="9">0.32691</Y>
          <Y t="10">0.34597</Y>
          <Y t="11">0.36573</Y>
          <Y t="12">0.38348</Y>
          <Y t="13">0.39799</Y>
          <Y t="14">0.40855</Y>
          <Y t="15">0.41447</Y>
          <Y t="16">0.41774</Y>
          <Y t="17">0.42266</Y>
          <Y t="18">0.43064</Y>
          <Y t="19">0.43913</Y>
          <Y t="20">0.44417</Y>
          <Y t="21">0.44802</Y>
          <Y t="22">0.45</Y>
          <Y t="23">0.45</Y>
          <Y t="24">0.45</Y>
          <Y t="25">0.45</Y>
        </Axis>
      </Axis>
      <Axis t="90">
        <Axis>
          <Y t="1">0.05194</Y>
          <Y t="2">0.16025</Y>
          <Y t="3">0.24276</Y>
          <Y t="4">0.262</Y>
          <Y t="5">0.27897</Y>
          <Y t="6">0.29458</Y>
          <Y t="7">0.31044</Y>
          <Y t="8">0.32691</Y>
          <Y t="9">0.34597</Y>
          <Y t="10">0.36573</Y>
          <Y t="11">0.38348</Y>
          <Y t="12">0.39799</Y>
          <Y t="13">0.40855</Y>
          <Y t="14">0.41447</Y>
          <Y t="15">0.41774</Y>
          <Y t="16">0.42266</Y>
          <Y t="17">0.43064</Y>
          <Y t="18">0.43913</Y>
          <Y t="19">0.44417</Y>
          <Y t="20">0.44802</Y>
          <Y t="21">0.45</Y>
          <Y t="22">0.45</Y>
          <Y t="23">0.45</Y>
          <Y t="24">0.45</Y>
          <Y t="25">0.45</Y>
        </Axis>
      </Axis>
    </Values>
  </Table>
  <Table>
    <MetaData>
      <ScalingFactor>0</ScalingFactor>
      <DataType tc="2">Floating Point</DataType>
      <Nation tc="1">United States of America</Nation>
      <TableDescription>2008 VBT Primary Table - Male, Smoker, Age Last Birthday, Ultimate</TableDescription>
      <AxisDef id="Age">
        <ScaleType tc="3">Age</ScaleType>
        <AxisName>Age</AxisName>
        <MinScaleValue>25</MinScaleValue>
        <MaxScaleValue>120</MaxScaleValue>
        <Increment>1</Increment>
      </AxisDef>
    </MetaData>
    <Values>
      <Axis>
        <Y t="25">0.00096</Y>
        <Y t="26">0.00091</Y>
        <Y t="27">0.00088</Y>
        <Y t="28">0.00087</Y>
        <Y t="29">0.00086</Y>
        <Y t="30">0.00087</Y>
        <Y t="31">0.00089</Y>
        <Y t="32">0.00091</Y>
        <Y t="33">0.00095</Y>
        <Y t="34">0.00099</Y>
        <Y t="35">0.00105</Y>
        <Y t="36">0.00111</Y>
        <Y t="37">0.00117</Y>
        <Y t="38">0.00124</Y>
        <Y t="39">0.00132</Y>
        <Y t="40">0.0014</Y>
        <Y t="41">0.00148</Y>
        <Y t="42">0.00158</Y>
        <Y t="43">0.0036</Y>
        <Y t="44">0.00388</Y>
        <Y t="45">0.00416</Y>
        <Y t="46">0.00446</Y>
        <Y t="47">0.00479</Y>
        <Y t="48">0.00513</Y>
        <Y t="49">0.00551</Y>
        <Y t="50">0.00591</Y>
        <Y t="51">0.00635</Y>
        <Y t="52">0.00684</Y>
        <Y t="53">0.00737</Y>
        <Y t="54">0.00797</Y>
        <Y t="55">0.00865</Y>
        <Y t="56">0.0094</Y>
        <Y t="57">0.01025</Y>
        <Y t="58">0.0112</Y>
        <Y t="59">0.01229</Y>
        <Y t="60">0.01353</Y>
        <Y t="61">0.01494</Y>
        <Y t="62">0.01653</Y>
        <Y t="63">0.01832</Y>
        <Y t="64">0.02033</Y>
        <Y t="65">0.02257</Y>
        <Y t="66">0.02507</Y>
        <Y t="67">0.02784</Y>
        <Y t="68">0.03086</Y>
        <Y t="69">0.03416</Y>
        <Y t="70">0.03774</Y>
        <Y t="71">0.04158</Y>
        <Y t="72">0.04568</Y>
        <Y t="73">0.05005</Y>
        <Y t="74">0.05469</Y>
        <Y t="75">0.05958</Y>
        <Y t="76">0.06475</Y>
        <Y t="77">0.07019</Y>
        <Y t="78">0.07591</Y>
        <Y t="79">0.08191</Y>
        <Y t="80">0.08844</Y>
        <Y t="81">0.09558</Y>
        <Y t="82">0.10314</Y>
        <Y t="83">0.11114</Y>
        <Y t="84">0.12028</Y>
        <Y t="85">0.13092</Y>
        <Y t="86">0.14269</Y>
        <Y t="87">0.15584</Y>
        <Y t="88">0.17061</Y>
        <Y t="89">0.18659</Y>
        <Y t="90">0.2041</Y>
        <Y t="91">0.22319</Y>
        <Y t="92">0.24276</Y>
        <Y t="93">0.262</Y>
        <Y t="94">0.27897</Y>
        <Y t="95">0.29458</Y>
        <Y t="96">0.31044</Y>
        <Y t="97">0.32691</Y>
        <Y t="98">0.34597</Y>
        <Y t="99">0.36573</Y>
        <Y t="100">0.38348</Y>
        <Y t="101">0.39799</Y>
        <Y t="102">0.40855</Y>
        <Y t="103">0.41447</Y>
        <Y t="104">0.41774</Y>
        <Y t="105">0.42266</Y>
        <Y t="106">0.43064</Y>
        <Y t="107">0.43913</Y>
        <Y t="108">0.44417</Y>
        <Y t="109">0.44802</Y>
        <Y t="110">0.45</Y>
        <Y t="111">0.45</Y>
        <Y t="112">0.45</Y>
        <Y t="113">0.45</Y>
        <Y t="114">0.45</Y>
        <Y t="115">0.45</Y>
        <Y t="116">0.45</Y>
        <Y t="117">0.45</Y>
        <Y t="118">0.45</Y>
        <Y t="119">0.45</Y>
        <Y t="120">0.45</Y>
      </Axis>
    </Values>
  </Table>
</XTbML>