﻿<?xml version="1.0" encoding="utf-8"?>
<XTbML>
  <ContentClassification>
    <TableIdentity>1003</TableIdentity>
    <ProviderDomain>soa.org</ProviderDomain>
    <ProviderName>American Academy of Actuaries along with the Society of Actuaries</ProviderName>
    <TableReference>“2008 Valuation Basic Table”, American Academy of Actuaries /Society of Actuaries, Joint Preferred Mortality Project Oversight Group (paper presented at the March 2008 meeting of the National Association of Insurance Commissioners’ Life and Health Actuarial Task Force, Orlando, Florida, March, 2008) p. 47-48. Accessed: September, 2012 from http://www.actuary.org/pdf/life/tables_march08.pdf</TableReference>
    <ContentType tc="4">Insured Lives Mortality</ContentType>
    <TableName>2008 VBT-Primary Male Non-Smoker ANB</TableName>
    <TableDescription>2008 Valuation Basic Table (VBT) Primary Table - Male, Non-Smoker, Age Nearest Birthday. Minimum Age: 0. Maximum Age: 90</TableDescription>
    <Comments>Study Data: The underlying data used in developing the 2008 Valuation Basic Table (VBT) was a subset of the Society of Actuaries (SOA) Individual Life Experience Committee's (ILEC) 2002-2004 Intercompany Study comprised of claims from 35 contributing companies. The underlying select experience for older issue ages, juveniles and smoker risks was limited hence several data sources, graduation techniques and other adjustments to augment the data were utilized to develop the final tables. The underlying data also becomes sparse and less reliable for ages in the mid-to-late 80s and beyond. Therefore, population mortality from several sources was used to reflect the mortality at the latest attained ages. Research from the SOA’s “2005 Living to 100 and Beyond” seminar, as well as research and study on longevity issues and super-centenarian mortality was incorporated. Methodology: Two aggregate tables, the Primary Table and the Limited Underwriting Table, representing different levels of underwriting and different market segments, were developed. Ultimate mortality rates were first developed and then the aggregate select-and-ultimate tables for male and female, non-smoker and smoker risks were developed. From the Primary Tables, tables reflecting a range of expected mortality rates from underwriting programs were developed. These multiple tables are referred to as the Relative Risk (RR) Tables. As testing for smoking or tobacco usage did not become common until the early 1980s, the analysis was performed on a smoker versus non-smoker distinct basis for the first 24 durations only; for durations 26 and later, the analysis was on a uni-smoke basis. Duration 25 values were determined using Whittaker-Henderson graduation between the duration 24 and duration 26 values. In situations where the data was very limited or sparse, a Projection Pursuit Regression graduation method was used in conjunction with Whittaker-Henderson. For durations 1 through 25, the expected basis is the 2001 VBT Sex Distinct, Smoker Distinct Tables; for durations 26 and later, the expected basis is the composite 2001 VBT. In a change from prior experience tables that have all ended with a mortality rate equal to 1.000, the VBT tables have an omega mortality rate of 0.45 beginning at attained age 110. Data Transcription Errors: None. Data Certified: 09/2012.</Comments>
    <KeyWord>Select</KeyWord>
    <KeyWord>Insured Lives Mortality</KeyWord>
    <KeyWord>United States of America</KeyWord>
  </ContentClassification>
  <Table>
    <MetaData>
      <ScalingFactor>0</ScalingFactor>
      <DataType tc="2">Floating Point</DataType>
      <Nation tc="1">United States of America</Nation>
      <TableDescription>2008 VBT Primary Table - Male, Non-Smoker, Age Nearest Birthday, Select</TableDescription>
      <AxisDef id="Age">
        <ScaleType tc="3">Age</ScaleType>
        <AxisName>Age</AxisName>
        <MinScaleValue>0</MinScaleValue>
        <MaxScaleValue>90</MaxScaleValue>
        <Increment>1</Increment>
      </AxisDef>
      <AxisDef id="Duration">
        <ScaleType tc="2">Ordinal Date</ScaleType>
        <AxisName>Duration</AxisName>
        <MinScaleValue>1</MinScaleValue>
        <MaxScaleValue>25</MaxScaleValue>
        <Increment>1</Increment>
      </AxisDef>
    </MetaData>
    <Values>
      <Axis t="0">
        <Axis>
          <Y t="1">0.00062</Y>
          <Y t="2">0.00038</Y>
          <Y t="3">0.00026</Y>
          <Y t="4">0.00021</Y>
          <Y t="5">0.00017</Y>
          <Y t="6">0.00015</Y>
          <Y t="7">0.00014</Y>
          <Y t="8">0.00013</Y>
          <Y t="9">0.00011</Y>
          <Y t="10">0.0001</Y>
          <Y t="11">9E-05</Y>
          <Y t="12">9E-05</Y>
          <Y t="13">0.00013</Y>
          <Y t="14">0.00022</Y>
          <Y t="15">0.00034</Y>
          <Y t="16">0.00047</Y>
          <Y t="17">0.00059</Y>
          <Y t="18">0.00071</Y>
          <Y t="19">0.0008</Y>
          <Y t="20">0.00088</Y>
          <Y t="21">0.00096</Y>
          <Y t="22">0.00103</Y>
          <Y t="23">0.00106</Y>
          <Y t="24">0.00106</Y>
          <Y t="25">0.00102</Y>
        </Axis>
      </Axis>
      <Axis t="1">
        <Axis>
          <Y t="1">0.00038</Y>
          <Y t="2">0.00026</Y>
          <Y t="3">0.00021</Y>
          <Y t="4">0.00017</Y>
          <Y t="5">0.00015</Y>
          <Y t="6">0.00014</Y>
          <Y t="7">0.00013</Y>
          <Y t="8">0.00011</Y>
          <Y t="9">0.0001</Y>
          <Y t="10">9E-05</Y>
          <Y t="11">9E-05</Y>
          <Y t="12">0.00013</Y>
          <Y t="13">0.00022</Y>
          <Y t="14">0.00034</Y>
          <Y t="15">0.00047</Y>
          <Y t="16">0.00059</Y>
          <Y t="17">0.00071</Y>
          <Y t="18">0.0008</Y>
          <Y t="19">0.00088</Y>
          <Y t="20">0.00096</Y>
          <Y t="21">0.00103</Y>
          <Y t="22">0.00106</Y>
          <Y t="23">0.00106</Y>
          <Y t="24">0.00102</Y>
          <Y t="25">0.00098</Y>
        </Axis>
      </Axis>
      <Axis t="2">
        <Axis>
          <Y t="1">0.00026</Y>
          <Y t="2">0.00021</Y>
          <Y t="3">0.00017</Y>
          <Y t="4">0.00015</Y>
          <Y t="5">0.00014</Y>
          <Y t="6">0.00013</Y>
          <Y t="7">0.00011</Y>
          <Y t="8">0.0001</Y>
          <Y t="9">9E-05</Y>
          <Y t="10">9E-05</Y>
          <Y t="11">0.00013</Y>
          <Y t="12">0.00022</Y>
          <Y t="13">0.00034</Y>
          <Y t="14">0.00047</Y>
          <Y t="15">0.00059</Y>
          <Y t="16">0.00071</Y>
          <Y t="17">0.0008</Y>
          <Y t="18">0.00088</Y>
          <Y t="19">0.00096</Y>
          <Y t="20">0.00103</Y>
          <Y t="21">0.00106</Y>
          <Y t="22">0.00106</Y>
          <Y t="23">0.00102</Y>
          <Y t="24">0.00098</Y>
          <Y t="25">0.00093</Y>
        </Axis>
      </Axis>
      <Axis t="3">
        <Axis>
          <Y t="1">0.00021</Y>
          <Y t="2">0.00017</Y>
          <Y t="3">0.00015</Y>
          <Y t="4">0.00014</Y>
          <Y t="5">0.00013</Y>
          <Y t="6">0.00011</Y>
          <Y t="7">0.0001</Y>
          <Y t="8">9E-05</Y>
          <Y t="9">9E-05</Y>
          <Y t="10">0.00013</Y>
          <Y t="11">0.00022</Y>
          <Y t="12">0.00034</Y>
          <Y t="13">0.00047</Y>
          <Y t="14">0.00059</Y>
          <Y t="15">0.00071</Y>
          <Y t="16">0.0008</Y>
          <Y t="17">0.00088</Y>
          <Y t="18">0.00096</Y>
          <Y t="19">0.00103</Y>
          <Y t="20">0.00106</Y>
          <Y t="21">0.00106</Y>
          <Y t="22">0.00102</Y>
          <Y t="23">0.00098</Y>
          <Y t="24">0.00093</Y>
          <Y t="25">0.00088</Y>
        </Axis>
      </Axis>
      <Axis t="4">
        <Axis>
          <Y t="1">0.00017</Y>
          <Y t="2">0.00015</Y>
          <Y t="3">0.00014</Y>
          <Y t="4">0.00013</Y>
          <Y t="5">0.00011</Y>
          <Y t="6">0.0001</Y>
          <Y t="7">9E-05</Y>
          <Y t="8">9E-05</Y>
          <Y t="9">0.00013</Y>
          <Y t="10">0.00022</Y>
          <Y t="11">0.00034</Y>
          <Y t="12">0.00047</Y>
          <Y t="13">0.00059</Y>
          <Y t="14">0.00071</Y>
          <Y t="15">0.0008</Y>
          <Y t="16">0.00088</Y>
          <Y t="17">0.00096</Y>
          <Y t="18">0.00103</Y>
          <Y t="19">0.00106</Y>
          <Y t="20">0.00106</Y>
          <Y t="21">0.00102</Y>
          <Y t="22">0.00098</Y>
          <Y t="23">0.00093</Y>
          <Y t="24">0.00088</Y>
          <Y t="25">0.00087</Y>
        </Axis>
      </Axis>
      <Axis t="5">
        <Axis>
          <Y t="1">0.00015</Y>
          <Y t="2">0.00014</Y>
          <Y t="3">0.00013</Y>
          <Y t="4">0.00011</Y>
          <Y t="5">0.0001</Y>
          <Y t="6">9E-05</Y>
          <Y t="7">9E-05</Y>
          <Y t="8">0.00013</Y>
          <Y t="9">0.00022</Y>
          <Y t="10">0.00034</Y>
          <Y t="11">0.00047</Y>
          <Y t="12">0.00059</Y>
          <Y t="13">0.00071</Y>
          <Y t="14">0.0008</Y>
          <Y t="15">0.00088</Y>
          <Y t="16">0.00096</Y>
          <Y t="17">0.00103</Y>
          <Y t="18">0.00106</Y>
          <Y t="19">0.00106</Y>
          <Y t="20">0.00102</Y>
          <Y t="21">0.00098</Y>
          <Y t="22">0.00093</Y>
          <Y t="23">0.00088</Y>
          <Y t="24">0.00087</Y>
          <Y t="25">0.00086</Y>
        </Axis>
      </Axis>
      <Axis t="6">
        <Axis>
          <Y t="1">0.00014</Y>
          <Y t="2">0.00013</Y>
          <Y t="3">0.00011</Y>
          <Y t="4">0.0001</Y>
          <Y t="5">9E-05</Y>
          <Y t="6">9E-05</Y>
          <Y t="7">0.00013</Y>
          <Y t="8">0.00022</Y>
          <Y t="9">0.00034</Y>
          <Y t="10">0.00047</Y>
          <Y t="11">0.00059</Y>
          <Y t="12">0.00071</Y>
          <Y t="13">0.0008</Y>
          <Y t="14">0.00088</Y>
          <Y t="15">0.00096</Y>
          <Y t="16">0.00103</Y>
          <Y t="17">0.00106</Y>
          <Y t="18">0.00106</Y>
          <Y t="19">0.00102</Y>
          <Y t="20">0.00098</Y>
          <Y t="21">0.00093</Y>
          <Y t="22">0.00088</Y>
          <Y t="23">0.00087</Y>
          <Y t="24">0.00086</Y>
          <Y t="25">0.00087</Y>
        </Axis>
      </Axis>
      <Axis t="7">
        <Axis>
          <Y t="1">0.00013</Y>
          <Y t="2">0.00011</Y>
          <Y t="3">0.0001</Y>
          <Y t="4">9E-05</Y>
          <Y t="5">9E-05</Y>
          <Y t="6">0.00013</Y>
          <Y t="7">0.00022</Y>
          <Y t="8">0.00034</Y>
          <Y t="9">0.00047</Y>
          <Y t="10">0.00059</Y>
          <Y t="11">0.00071</Y>
          <Y t="12">0.0008</Y>
          <Y t="13">0.00088</Y>
          <Y t="14">0.00096</Y>
          <Y t="15">0.00103</Y>
          <Y t="16">0.00106</Y>
          <Y t="17">0.00106</Y>
          <Y t="18">0.00102</Y>
          <Y t="19">0.00098</Y>
          <Y t="20">0.00093</Y>
          <Y t="21">0.00088</Y>
          <Y t="22">0.00087</Y>
          <Y t="23">0.00086</Y>
          <Y t="24">0.00087</Y>
          <Y t="25">0.00088</Y>
        </Axis>
      </Axis>
      <Axis t="8">
        <Axis>
          <Y t="1">0.00011</Y>
          <Y t="2">0.0001</Y>
          <Y t="3">9E-05</Y>
          <Y t="4">9E-05</Y>
          <Y t="5">0.00013</Y>
          <Y t="6">0.00022</Y>
          <Y t="7">0.00034</Y>
          <Y t="8">0.00047</Y>
          <Y t="9">0.00059</Y>
          <Y t="10">0.00071</Y>
          <Y t="11">0.0008</Y>
          <Y t="12">0.00088</Y>
          <Y t="13">0.00096</Y>
          <Y t="14">0.00103</Y>
          <Y t="15">0.00106</Y>
          <Y t="16">0.00106</Y>
          <Y t="17">0.00102</Y>
          <Y t="18">0.00098</Y>
          <Y t="19">0.00093</Y>
          <Y t="20">0.00088</Y>
          <Y t="21">0.00087</Y>
          <Y t="22">0.00086</Y>
          <Y t="23">0.00087</Y>
          <Y t="24">0.00088</Y>
          <Y t="25">0.0009</Y>
        </Axis>
      </Axis>
      <Axis t="9">
        <Axis>
          <Y t="1">0.0001</Y>
          <Y t="2">9E-05</Y>
          <Y t="3">9E-05</Y>
          <Y t="4">0.00013</Y>
          <Y t="5">0.00022</Y>
          <Y t="6">0.00034</Y>
          <Y t="7">0.00047</Y>
          <Y t="8">0.00059</Y>
          <Y t="9">0.00071</Y>
          <Y t="10">0.0008</Y>
          <Y t="11">0.00088</Y>
          <Y t="12">0.00096</Y>
          <Y t="13">0.00103</Y>
          <Y t="14">0.00106</Y>
          <Y t="15">0.00106</Y>
          <Y t="16">0.00102</Y>
          <Y t="17">0.00098</Y>
          <Y t="18">0.00093</Y>
          <Y t="19">0.00088</Y>
          <Y t="20">0.00087</Y>
          <Y t="21">0.00086</Y>
          <Y t="22">0.00087</Y>
          <Y t="23">0.00088</Y>
          <Y t="24">0.0009</Y>
          <Y t="25">0.00093</Y>
        </Axis>
      </Axis>
      <Axis t="10">
        <Axis>
          <Y t="1">9E-05</Y>
          <Y t="2">9E-05</Y>
          <Y t="3">0.00013</Y>
          <Y t="4">0.00022</Y>
          <Y t="5">0.00034</Y>
          <Y t="6">0.00047</Y>
          <Y t="7">0.00059</Y>
          <Y t="8">0.00071</Y>
          <Y t="9">0.0008</Y>
          <Y t="10">0.00088</Y>
          <Y t="11">0.00096</Y>
          <Y t="12">0.00103</Y>
          <Y t="13">0.00106</Y>
          <Y t="14">0.00106</Y>
          <Y t="15">0.00102</Y>
          <Y t="16">0.00098</Y>
          <Y t="17">0.00093</Y>
          <Y t="18">0.00088</Y>
          <Y t="19">0.00087</Y>
          <Y t="20">0.00086</Y>
          <Y t="21">0.00087</Y>
          <Y t="22">0.00088</Y>
          <Y t="23">0.0009</Y>
          <Y t="24">0.00093</Y>
          <Y t="25">0.00097</Y>
        </Axis>
      </Axis>
      <Axis t="11">
        <Axis>
          <Y t="1">9E-05</Y>
          <Y t="2">0.00013</Y>
          <Y t="3">0.00021</Y>
          <Y t="4">0.00033</Y>
          <Y t="5">0.00045</Y>
          <Y t="6">0.00057</Y>
          <Y t="7">0.00068</Y>
          <Y t="8">0.00078</Y>
          <Y t="9">0.00085</Y>
          <Y t="10">0.00093</Y>
          <Y t="11">0.001</Y>
          <Y t="12">0.00104</Y>
          <Y t="13">0.00104</Y>
          <Y t="14">0.001</Y>
          <Y t="15">0.00096</Y>
          <Y t="16">0.00091</Y>
          <Y t="17">0.00087</Y>
          <Y t="18">0.00085</Y>
          <Y t="19">0.00085</Y>
          <Y t="20">0.00085</Y>
          <Y t="21">0.00086</Y>
          <Y t="22">0.00088</Y>
          <Y t="23">0.00092</Y>
          <Y t="24">0.00096</Y>
          <Y t="25">0.00102</Y>
        </Axis>
      </Axis>
      <Axis t="12">
        <Axis>
          <Y t="1">0.00012</Y>
          <Y t="2">0.0002</Y>
          <Y t="3">0.00031</Y>
          <Y t="4">0.00044</Y>
          <Y t="5">0.00055</Y>
          <Y t="6">0.00066</Y>
          <Y t="7">0.00075</Y>
          <Y t="8">0.00082</Y>
          <Y t="9">0.0009</Y>
          <Y t="10">0.00097</Y>
          <Y t="11">0.00101</Y>
          <Y t="12">0.00101</Y>
          <Y t="13">0.00098</Y>
          <Y t="14">0.00094</Y>
          <Y t="15">0.00089</Y>
          <Y t="16">0.00085</Y>
          <Y t="17">0.00083</Y>
          <Y t="18">0.00083</Y>
          <Y t="19">0.00083</Y>
          <Y t="20">0.00085</Y>
          <Y t="21">0.00087</Y>
          <Y t="22">0.0009</Y>
          <Y t="23">0.00095</Y>
          <Y t="24">0.00101</Y>
          <Y t="25">0.00107</Y>
        </Axis>
      </Axis>
      <Axis t="13">
        <Axis>
          <Y t="1">0.00019</Y>
          <Y t="2">0.0003</Y>
          <Y t="3">0.00042</Y>
          <Y t="4">0.00053</Y>
          <Y t="5">0.00063</Y>
          <Y t="6">0.00072</Y>
          <Y t="7">0.00079</Y>
          <Y t="8">0.00087</Y>
          <Y t="9">0.00093</Y>
          <Y t="10">0.00097</Y>
          <Y t="11">0.00098</Y>
          <Y t="12">0.00095</Y>
          <Y t="13">0.00092</Y>
          <Y t="14">0.00087</Y>
          <Y t="15">0.00083</Y>
          <Y t="16">0.00081</Y>
          <Y t="17">0.00081</Y>
          <Y t="18">0.00082</Y>
          <Y t="19">0.00083</Y>
          <Y t="20">0.00085</Y>
          <Y t="21">0.00089</Y>
          <Y t="22">0.00093</Y>
          <Y t="23">0.00099</Y>
          <Y t="24">0.00106</Y>
          <Y t="25">0.00113</Y>
        </Axis>
      </Axis>
      <Axis t="14">
        <Axis>
          <Y t="1">0.00029</Y>
          <Y t="2">0.0004</Y>
          <Y t="3">0.0005</Y>
          <Y t="4">0.00061</Y>
          <Y t="5">0.00069</Y>
          <Y t="6">0.00076</Y>
          <Y t="7">0.00083</Y>
          <Y t="8">0.0009</Y>
          <Y t="9">0.00093</Y>
          <Y t="10">0.00094</Y>
          <Y t="11">0.00092</Y>
          <Y t="12">0.00089</Y>
          <Y t="13">0.00084</Y>
          <Y t="14">0.00081</Y>
          <Y t="15">0.0008</Y>
          <Y t="16">0.00079</Y>
          <Y t="17">0.0008</Y>
          <Y t="18">0.00081</Y>
          <Y t="19">0.00083</Y>
          <Y t="20">0.00086</Y>
          <Y t="21">0.00091</Y>
          <Y t="22">0.00097</Y>
          <Y t="23">0.00103</Y>
          <Y t="24">0.00111</Y>
          <Y t="25">0.00119</Y>
        </Axis>
      </Axis>
      <Axis t="15">
        <Axis>
          <Y t="1">0.00038</Y>
          <Y t="2">0.00048</Y>
          <Y t="3">0.00057</Y>
          <Y t="4">0.00066</Y>
          <Y t="5">0.00073</Y>
          <Y t="6">0.0008</Y>
          <Y t="7">0.00086</Y>
          <Y t="8">0.00089</Y>
          <Y t="9">0.0009</Y>
          <Y t="10">0.00088</Y>
          <Y t="11">0.00084</Y>
          <Y t="12">0.00082</Y>
          <Y t="13">0.00079</Y>
          <Y t="14">0.00078</Y>
          <Y t="15">0.00078</Y>
          <Y t="16">0.00078</Y>
          <Y t="17">0.00079</Y>
          <Y t="18">0.00081</Y>
          <Y t="19">0.00084</Y>
          <Y t="20">0.00089</Y>
          <Y t="21">0.00094</Y>
          <Y t="22">0.00101</Y>
          <Y t="23">0.00108</Y>
          <Y t="24">0.00116</Y>
          <Y t="25">0.00126</Y>
        </Axis>
      </Axis>
      <Axis t="16">
        <Axis>
          <Y t="1">0.00046</Y>
          <Y t="2">0.00054</Y>
          <Y t="3">0.00062</Y>
          <Y t="4">0.00069</Y>
          <Y t="5">0.00076</Y>
          <Y t="6">0.00082</Y>
          <Y t="7">0.00085</Y>
          <Y t="8">0.00085</Y>
          <Y t="9">0.00084</Y>
          <Y t="10">0.00081</Y>
          <Y t="11">0.00077</Y>
          <Y t="12">0.00076</Y>
          <Y t="13">0.00075</Y>
          <Y t="14">0.00076</Y>
          <Y t="15">0.00076</Y>
          <Y t="16">0.00077</Y>
          <Y t="17">0.00079</Y>
          <Y t="18">0.00082</Y>
          <Y t="19">0.00087</Y>
          <Y t="20">0.00092</Y>
          <Y t="21">0.00098</Y>
          <Y t="22">0.00105</Y>
          <Y t="23">0.00113</Y>
          <Y t="24">0.00122</Y>
          <Y t="25">0.00132</Y>
        </Axis>
      </Axis>
      <Axis t="17">
        <Axis>
          <Y t="1">0.00052</Y>
          <Y t="2">0.00058</Y>
          <Y t="3">0.00065</Y>
          <Y t="4">0.00072</Y>
          <Y t="5">0.00078</Y>
          <Y t="6">0.00082</Y>
          <Y t="7">0.00082</Y>
          <Y t="8">0.00079</Y>
          <Y t="9">0.00077</Y>
          <Y t="10">0.00074</Y>
          <Y t="11">0.00071</Y>
          <Y t="12">0.00072</Y>
          <Y t="13">0.00073</Y>
          <Y t="14">0.00074</Y>
          <Y t="15">0.00075</Y>
          <Y t="16">0.00077</Y>
          <Y t="17">0.0008</Y>
          <Y t="18">0.00084</Y>
          <Y t="19">0.00089</Y>
          <Y t="20">0.00095</Y>
          <Y t="21">0.00102</Y>
          <Y t="22">0.0011</Y>
          <Y t="23">0.00119</Y>
          <Y t="24">0.00129</Y>
          <Y t="25">0.0014</Y>
        </Axis>
      </Axis>
      <Axis t="18">
        <Axis>
          <Y t="1">0.00055</Y>
          <Y t="2">0.0006</Y>
          <Y t="3">0.00067</Y>
          <Y t="4">0.00073</Y>
          <Y t="5">0.00077</Y>
          <Y t="6">0.00078</Y>
          <Y t="7">0.00075</Y>
          <Y t="8">0.00073</Y>
          <Y t="9">0.0007</Y>
          <Y t="10">0.00068</Y>
          <Y t="11">0.00068</Y>
          <Y t="12">0.0007</Y>
          <Y t="13">0.00071</Y>
          <Y t="14">0.00073</Y>
          <Y t="15">0.00075</Y>
          <Y t="16">0.00078</Y>
          <Y t="17">0.00082</Y>
          <Y t="18">0.00087</Y>
          <Y t="19">0.00092</Y>
          <Y t="20">0.00099</Y>
          <Y t="21">0.00106</Y>
          <Y t="22">0.00115</Y>
          <Y t="23">0.00124</Y>
          <Y t="24">0.00135</Y>
          <Y t="25">0.00148</Y>
        </Axis>
      </Axis>
      <Axis t="19">
        <Axis>
          <Y t="1">0.00057</Y>
          <Y t="2">0.00062</Y>
          <Y t="3">0.00068</Y>
          <Y t="4">0.00072</Y>
          <Y t="5">0.00073</Y>
          <Y t="6">0.00072</Y>
          <Y t="7">0.00069</Y>
          <Y t="8">0.00066</Y>
          <Y t="9">0.00064</Y>
          <Y t="10">0.00064</Y>
          <Y t="11">0.00065</Y>
          <Y t="12">0.00068</Y>
          <Y t="13">0.0007</Y>
          <Y t="14">0.00073</Y>
          <Y t="15">0.00076</Y>
          <Y t="16">0.0008</Y>
          <Y t="17">0.00085</Y>
          <Y t="18">0.0009</Y>
          <Y t="19">0.00096</Y>
          <Y t="20">0.00102</Y>
          <Y t="21">0.00111</Y>
          <Y t="22">0.0012</Y>
          <Y t="23">0.0013</Y>
          <Y t="24">0.00142</Y>
          <Y t="25">0.00156</Y>
        </Axis>
      </Axis>
      <Axis t="20">
        <Axis>
          <Y t="1">0.00059</Y>
          <Y t="2">0.00063</Y>
          <Y t="3">0.00066</Y>
          <Y t="4">0.00068</Y>
          <Y t="5">0.00068</Y>
          <Y t="6">0.00065</Y>
          <Y t="7">0.00062</Y>
          <Y t="8">0.0006</Y>
          <Y t="9">0.0006</Y>
          <Y t="10">0.00062</Y>
          <Y t="11">0.00063</Y>
          <Y t="12">0.00067</Y>
          <Y t="13">0.0007</Y>
          <Y t="14">0.00074</Y>
          <Y t="15">0.00078</Y>
          <Y t="16">0.00082</Y>
          <Y t="17">0.00087</Y>
          <Y t="18">0.00093</Y>
          <Y t="19">0.00099</Y>
          <Y t="20">0.00106</Y>
          <Y t="21">0.00115</Y>
          <Y t="22">0.00125</Y>
          <Y t="23">0.00136</Y>
          <Y t="24">0.0015</Y>
          <Y t="25">0.00166</Y>
        </Axis>
      </Axis>
      <Axis t="21">
        <Axis>
          <Y t="1">0.00059</Y>
          <Y t="2">0.00061</Y>
          <Y t="3">0.00062</Y>
          <Y t="4">0.00062</Y>
          <Y t="5">0.00061</Y>
          <Y t="6">0.00059</Y>
          <Y t="7">0.00056</Y>
          <Y t="8">0.00056</Y>
          <Y t="9">0.00057</Y>
          <Y t="10">0.0006</Y>
          <Y t="11">0.00062</Y>
          <Y t="12">0.00066</Y>
          <Y t="13">0.00071</Y>
          <Y t="14">0.00075</Y>
          <Y t="15">0.0008</Y>
          <Y t="16">0.00085</Y>
          <Y t="17">0.0009</Y>
          <Y t="18">0.00096</Y>
          <Y t="19">0.00103</Y>
          <Y t="20">0.0011</Y>
          <Y t="21">0.00119</Y>
          <Y t="22">0.0013</Y>
          <Y t="23">0.00143</Y>
          <Y t="24">0.00158</Y>
          <Y t="25">0.00174</Y>
        </Axis>
      </Axis>
      <Axis t="22">
        <Axis>
          <Y t="1">0.00057</Y>
          <Y t="2">0.00056</Y>
          <Y t="3">0.00056</Y>
          <Y t="4">0.00056</Y>
          <Y t="5">0.00055</Y>
          <Y t="6">0.00053</Y>
          <Y t="7">0.00052</Y>
          <Y t="8">0.00053</Y>
          <Y t="9">0.00055</Y>
          <Y t="10">0.00058</Y>
          <Y t="11">0.0006</Y>
          <Y t="12">0.00066</Y>
          <Y t="13">0.00072</Y>
          <Y t="14">0.00077</Y>
          <Y t="15">0.00082</Y>
          <Y t="16">0.00087</Y>
          <Y t="17">0.00093</Y>
          <Y t="18">0.00099</Y>
          <Y t="19">0.00106</Y>
          <Y t="20">0.00114</Y>
          <Y t="21">0.00124</Y>
          <Y t="22">0.00137</Y>
          <Y t="23">0.00151</Y>
          <Y t="24">0.00166</Y>
          <Y t="25">0.00184</Y>
        </Axis>
      </Axis>
      <Axis t="23">
        <Axis>
          <Y t="1">0.00053</Y>
          <Y t="2">0.0005</Y>
          <Y t="3">0.0005</Y>
          <Y t="4">0.0005</Y>
          <Y t="5">0.00049</Y>
          <Y t="6">0.00049</Y>
          <Y t="7">0.00049</Y>
          <Y t="8">0.0005</Y>
          <Y t="9">0.00053</Y>
          <Y t="10">0.00054</Y>
          <Y t="11">0.0006</Y>
          <Y t="12">0.00067</Y>
          <Y t="13">0.00073</Y>
          <Y t="14">0.00079</Y>
          <Y t="15">0.00085</Y>
          <Y t="16">0.0009</Y>
          <Y t="17">0.00096</Y>
          <Y t="18">0.00103</Y>
          <Y t="19">0.0011</Y>
          <Y t="20">0.00119</Y>
          <Y t="21">0.0013</Y>
          <Y t="22">0.00143</Y>
          <Y t="23">0.00157</Y>
          <Y t="24">0.00174</Y>
          <Y t="25">0.00194</Y>
        </Axis>
      </Axis>
      <Axis t="24">
        <Axis>
          <Y t="1">0.00047</Y>
          <Y t="2">0.00044</Y>
          <Y t="3">0.00044</Y>
          <Y t="4">0.00044</Y>
          <Y t="5">0.00045</Y>
          <Y t="6">0.00046</Y>
          <Y t="7">0.00047</Y>
          <Y t="8">0.00048</Y>
          <Y t="9">0.0005</Y>
          <Y t="10">0.00054</Y>
          <Y t="11">0.00061</Y>
          <Y t="12">0.00068</Y>
          <Y t="13">0.00075</Y>
          <Y t="14">0.00081</Y>
          <Y t="15">0.00087</Y>
          <Y t="16">0.00093</Y>
          <Y t="17">0.00099</Y>
          <Y t="18">0.00106</Y>
          <Y t="19">0.00114</Y>
          <Y t="20">0.00123</Y>
          <Y t="21">0.00136</Y>
          <Y t="22">0.00148</Y>
          <Y t="23">0.00164</Y>
          <Y t="24">0.00183</Y>
          <Y t="25">0.00205</Y>
        </Axis>
      </Axis>
      <Axis t="25">
        <Axis>
          <Y t="1">0.00041</Y>
          <Y t="2">0.00038</Y>
          <Y t="3">0.00038</Y>
          <Y t="4">0.0004</Y>
          <Y t="5">0.00042</Y>
          <Y t="6">0.00043</Y>
          <Y t="7">0.00044</Y>
          <Y t="8">0.00045</Y>
          <Y t="9">0.00048</Y>
          <Y t="10">0.00055</Y>
          <Y t="11">0.00062</Y>
          <Y t="12">0.0007</Y>
          <Y t="13">0.00077</Y>
          <Y t="14">0.00084</Y>
          <Y t="15">0.0009</Y>
          <Y t="16">0.00096</Y>
          <Y t="17">0.00102</Y>
          <Y t="18">0.0011</Y>
          <Y t="19">0.00118</Y>
          <Y t="20">0.00128</Y>
          <Y t="21">0.0014</Y>
          <Y t="22">0.00155</Y>
          <Y t="23">0.00172</Y>
          <Y t="24">0.00193</Y>
          <Y t="25">0.00218</Y>
        </Axis>
      </Axis>
      <Axis t="26">
        <Axis>
          <Y t="1">0.00036</Y>
          <Y t="2">0.00034</Y>
          <Y t="3">0.00036</Y>
          <Y t="4">0.00038</Y>
          <Y t="5">0.0004</Y>
          <Y t="6">0.00041</Y>
          <Y t="7">0.00042</Y>
          <Y t="8">0.00045</Y>
          <Y t="9">0.00049</Y>
          <Y t="10">0.00056</Y>
          <Y t="11">0.00063</Y>
          <Y t="12">0.00071</Y>
          <Y t="13">0.00078</Y>
          <Y t="14">0.00085</Y>
          <Y t="15">0.00092</Y>
          <Y t="16">0.00099</Y>
          <Y t="17">0.00106</Y>
          <Y t="18">0.00115</Y>
          <Y t="19">0.00124</Y>
          <Y t="20">0.00136</Y>
          <Y t="21">0.00149</Y>
          <Y t="22">0.00165</Y>
          <Y t="23">0.00184</Y>
          <Y t="24">0.00206</Y>
          <Y t="25">0.00232</Y>
        </Axis>
      </Axis>
      <Axis t="27">
        <Axis>
          <Y t="1">0.00031</Y>
          <Y t="2">0.00031</Y>
          <Y t="3">0.00034</Y>
          <Y t="4">0.00036</Y>
          <Y t="5">0.00038</Y>
          <Y t="6">0.00038</Y>
          <Y t="7">0.00042</Y>
          <Y t="8">0.00045</Y>
          <Y t="9">0.0005</Y>
          <Y t="10">0.00057</Y>
          <Y t="11">0.00064</Y>
          <Y t="12">0.00072</Y>
          <Y t="13">0.0008</Y>
          <Y t="14">0.00088</Y>
          <Y t="15">0.00095</Y>
          <Y t="16">0.00103</Y>
          <Y t="17">0.00111</Y>
          <Y t="18">0.00121</Y>
          <Y t="19">0.00132</Y>
          <Y t="20">0.00145</Y>
          <Y t="21">0.00159</Y>
          <Y t="22">0.00177</Y>
          <Y t="23">0.00197</Y>
          <Y t="24">0.0022</Y>
          <Y t="25">0.00249</Y>
        </Axis>
      </Axis>
      <Axis t="28">
        <Axis>
          <Y t="1">0.00027</Y>
          <Y t="2">0.00029</Y>
          <Y t="3">0.00033</Y>
          <Y t="4">0.00036</Y>
          <Y t="5">0.00036</Y>
          <Y t="6">0.00038</Y>
          <Y t="7">0.00042</Y>
          <Y t="8">0.00045</Y>
          <Y t="9">0.00051</Y>
          <Y t="10">0.00058</Y>
          <Y t="11">0.00066</Y>
          <Y t="12">0.00075</Y>
          <Y t="13">0.00084</Y>
          <Y t="14">0.00092</Y>
          <Y t="15">0.001</Y>
          <Y t="16">0.00108</Y>
          <Y t="17">0.00118</Y>
          <Y t="18">0.00128</Y>
          <Y t="19">0.00141</Y>
          <Y t="20">0.00155</Y>
          <Y t="21">0.00171</Y>
          <Y t="22">0.0019</Y>
          <Y t="23">0.00211</Y>
          <Y t="24">0.00236</Y>
          <Y t="25">0.00266</Y>
        </Axis>
      </Axis>
      <Axis t="29">
        <Axis>
          <Y t="1">0.00024</Y>
          <Y t="2">0.00028</Y>
          <Y t="3">0.00032</Y>
          <Y t="4">0.00035</Y>
          <Y t="5">0.00037</Y>
          <Y t="6">0.00038</Y>
          <Y t="7">0.00042</Y>
          <Y t="8">0.00046</Y>
          <Y t="9">0.00052</Y>
          <Y t="10">0.00059</Y>
          <Y t="11">0.00069</Y>
          <Y t="12">0.00078</Y>
          <Y t="13">0.00088</Y>
          <Y t="14">0.00097</Y>
          <Y t="15">0.00105</Y>
          <Y t="16">0.00115</Y>
          <Y t="17">0.00125</Y>
          <Y t="18">0.00137</Y>
          <Y t="19">0.00151</Y>
          <Y t="20">0.00166</Y>
          <Y t="21">0.00184</Y>
          <Y t="22">0.00204</Y>
          <Y t="23">0.00226</Y>
          <Y t="24">0.00253</Y>
          <Y t="25">0.00286</Y>
        </Axis>
      </Axis>
      <Axis t="30">
        <Axis>
          <Y t="1">0.00021</Y>
          <Y t="2">0.00027</Y>
          <Y t="3">0.00032</Y>
          <Y t="4">0.00036</Y>
          <Y t="5">0.00038</Y>
          <Y t="6">0.00039</Y>
          <Y t="7">0.00042</Y>
          <Y t="8">0.00047</Y>
          <Y t="9">0.00053</Y>
          <Y t="10">0.00062</Y>
          <Y t="11">0.00073</Y>
          <Y t="12">0.00083</Y>
          <Y t="13">0.00093</Y>
          <Y t="14">0.00103</Y>
          <Y t="15">0.00112</Y>
          <Y t="16">0.00123</Y>
          <Y t="17">0.00134</Y>
          <Y t="18">0.00148</Y>
          <Y t="19">0.00163</Y>
          <Y t="20">0.00179</Y>
          <Y t="21">0.00198</Y>
          <Y t="22">0.00219</Y>
          <Y t="23">0.00243</Y>
          <Y t="24">0.00271</Y>
          <Y t="25">0.00307</Y>
        </Axis>
      </Axis>
      <Axis t="31">
        <Axis>
          <Y t="1">0.00019</Y>
          <Y t="2">0.00027</Y>
          <Y t="3">0.00033</Y>
          <Y t="4">0.00037</Y>
          <Y t="5">0.00039</Y>
          <Y t="6">0.0004</Y>
          <Y t="7">0.00043</Y>
          <Y t="8">0.00048</Y>
          <Y t="9">0.00056</Y>
          <Y t="10">0.00066</Y>
          <Y t="11">0.00077</Y>
          <Y t="12">0.00089</Y>
          <Y t="13">0.00099</Y>
          <Y t="14">0.0011</Y>
          <Y t="15">0.00121</Y>
          <Y t="16">0.00132</Y>
          <Y t="17">0.00145</Y>
          <Y t="18">0.0016</Y>
          <Y t="19">0.00176</Y>
          <Y t="20">0.00194</Y>
          <Y t="21">0.00214</Y>
          <Y t="22">0.00236</Y>
          <Y t="23">0.00261</Y>
          <Y t="24">0.00292</Y>
          <Y t="25">0.00332</Y>
        </Axis>
      </Axis>
      <Axis t="32">
        <Axis>
          <Y t="1">0.00019</Y>
          <Y t="2">0.00028</Y>
          <Y t="3">0.00034</Y>
          <Y t="4">0.00038</Y>
          <Y t="5">0.0004</Y>
          <Y t="6">0.00041</Y>
          <Y t="7">0.00044</Y>
          <Y t="8">0.00051</Y>
          <Y t="9">0.0006</Y>
          <Y t="10">0.00071</Y>
          <Y t="11">0.00083</Y>
          <Y t="12">0.00095</Y>
          <Y t="13">0.00107</Y>
          <Y t="14">0.00118</Y>
          <Y t="15">0.0013</Y>
          <Y t="16">0.00143</Y>
          <Y t="17">0.00157</Y>
          <Y t="18">0.00173</Y>
          <Y t="19">0.00191</Y>
          <Y t="20">0.0021</Y>
          <Y t="21">0.00231</Y>
          <Y t="22">0.00254</Y>
          <Y t="23">0.00281</Y>
          <Y t="24">0.00315</Y>
          <Y t="25">0.00359</Y>
        </Axis>
      </Axis>
      <Axis t="33">
        <Axis>
          <Y t="1">0.0002</Y>
          <Y t="2">0.00029</Y>
          <Y t="3">0.00035</Y>
          <Y t="4">0.00039</Y>
          <Y t="5">0.00041</Y>
          <Y t="6">0.00042</Y>
          <Y t="7">0.00047</Y>
          <Y t="8">0.00055</Y>
          <Y t="9">0.00065</Y>
          <Y t="10">0.00077</Y>
          <Y t="11">0.0009</Y>
          <Y t="12">0.00103</Y>
          <Y t="13">0.00115</Y>
          <Y t="14">0.00128</Y>
          <Y t="15">0.00141</Y>
          <Y t="16">0.00155</Y>
          <Y t="17">0.00171</Y>
          <Y t="18">0.00188</Y>
          <Y t="19">0.00208</Y>
          <Y t="20">0.00228</Y>
          <Y t="21">0.0025</Y>
          <Y t="22">0.00275</Y>
          <Y t="23">0.00304</Y>
          <Y t="24">0.0034</Y>
          <Y t="25">0.00389</Y>
        </Axis>
      </Axis>
      <Axis t="34">
        <Axis>
          <Y t="1">0.00021</Y>
          <Y t="2">0.0003</Y>
          <Y t="3">0.00037</Y>
          <Y t="4">0.0004</Y>
          <Y t="5">0.00042</Y>
          <Y t="6">0.00045</Y>
          <Y t="7">0.00051</Y>
          <Y t="8">0.00059</Y>
          <Y t="9">0.0007</Y>
          <Y t="10">0.00083</Y>
          <Y t="11">0.00097</Y>
          <Y t="12">0.00111</Y>
          <Y t="13">0.00125</Y>
          <Y t="14">0.00138</Y>
          <Y t="15">0.00153</Y>
          <Y t="16">0.00169</Y>
          <Y t="17">0.00186</Y>
          <Y t="18">0.00205</Y>
          <Y t="19">0.00226</Y>
          <Y t="20">0.00248</Y>
          <Y t="21">0.00271</Y>
          <Y t="22">0.00297</Y>
          <Y t="23">0.00328</Y>
          <Y t="24">0.00369</Y>
          <Y t="25">0.00424</Y>
        </Axis>
      </Axis>
      <Axis t="35">
        <Axis>
          <Y t="1">0.00022</Y>
          <Y t="2">0.00032</Y>
          <Y t="3">0.00038</Y>
          <Y t="4">0.00042</Y>
          <Y t="5">0.00044</Y>
          <Y t="6">0.00049</Y>
          <Y t="7">0.00055</Y>
          <Y t="8">0.00065</Y>
          <Y t="9">0.00077</Y>
          <Y t="10">0.0009</Y>
          <Y t="11">0.00105</Y>
          <Y t="12">0.0012</Y>
          <Y t="13">0.00135</Y>
          <Y t="14">0.0015</Y>
          <Y t="15">0.00167</Y>
          <Y t="16">0.00184</Y>
          <Y t="17">0.00204</Y>
          <Y t="18">0.00224</Y>
          <Y t="19">0.00246</Y>
          <Y t="20">0.00269</Y>
          <Y t="21">0.00294</Y>
          <Y t="22">0.00322</Y>
          <Y t="23">0.00356</Y>
          <Y t="24">0.00402</Y>
          <Y t="25">0.00462</Y>
        </Axis>
      </Axis>
      <Axis t="36">
        <Axis>
          <Y t="1">0.00023</Y>
          <Y t="2">0.00033</Y>
          <Y t="3">0.0004</Y>
          <Y t="4">0.00044</Y>
          <Y t="5">0.00048</Y>
          <Y t="6">0.00053</Y>
          <Y t="7">0.00061</Y>
          <Y t="8">0.00071</Y>
          <Y t="9">0.00084</Y>
          <Y t="10">0.00098</Y>
          <Y t="11">0.00114</Y>
          <Y t="12">0.0013</Y>
          <Y t="13">0.00147</Y>
          <Y t="14">0.00164</Y>
          <Y t="15">0.00182</Y>
          <Y t="16">0.00201</Y>
          <Y t="17">0.00222</Y>
          <Y t="18">0.00245</Y>
          <Y t="19">0.00268</Y>
          <Y t="20">0.00292</Y>
          <Y t="21">0.00319</Y>
          <Y t="22">0.00349</Y>
          <Y t="23">0.00388</Y>
          <Y t="24">0.00438</Y>
          <Y t="25">0.00507</Y>
        </Axis>
      </Axis>
      <Axis t="37">
        <Axis>
          <Y t="1">0.00024</Y>
          <Y t="2">0.00035</Y>
          <Y t="3">0.00042</Y>
          <Y t="4">0.00047</Y>
          <Y t="5">0.00051</Y>
          <Y t="6">0.00058</Y>
          <Y t="7">0.00066</Y>
          <Y t="8">0.00078</Y>
          <Y t="9">0.00091</Y>
          <Y t="10">0.00107</Y>
          <Y t="11">0.00124</Y>
          <Y t="12">0.00142</Y>
          <Y t="13">0.0016</Y>
          <Y t="14">0.00179</Y>
          <Y t="15">0.00199</Y>
          <Y t="16">0.0022</Y>
          <Y t="17">0.00243</Y>
          <Y t="18">0.00267</Y>
          <Y t="19">0.00292</Y>
          <Y t="20">0.00318</Y>
          <Y t="21">0.00346</Y>
          <Y t="22">0.0038</Y>
          <Y t="23">0.00423</Y>
          <Y t="24">0.0048</Y>
          <Y t="25">0.00557</Y>
        </Axis>
      </Axis>
      <Axis t="38">
        <Axis>
          <Y t="1">0.00025</Y>
          <Y t="2">0.00036</Y>
          <Y t="3">0.00044</Y>
          <Y t="4">0.0005</Y>
          <Y t="5">0.00056</Y>
          <Y t="6">0.00064</Y>
          <Y t="7">0.00073</Y>
          <Y t="8">0.00085</Y>
          <Y t="9">0.001</Y>
          <Y t="10">0.00117</Y>
          <Y t="11">0.00135</Y>
          <Y t="12">0.00154</Y>
          <Y t="13">0.00174</Y>
          <Y t="14">0.00195</Y>
          <Y t="15">0.00217</Y>
          <Y t="16">0.00241</Y>
          <Y t="17">0.00265</Y>
          <Y t="18">0.00291</Y>
          <Y t="19">0.00318</Y>
          <Y t="20">0.00346</Y>
          <Y t="21">0.00377</Y>
          <Y t="22">0.00415</Y>
          <Y t="23">0.00464</Y>
          <Y t="24">0.00528</Y>
          <Y t="25">0.00614</Y>
        </Axis>
      </Axis>
      <Axis t="39">
        <Axis>
          <Y t="1">0.00026</Y>
          <Y t="2">0.00038</Y>
          <Y t="3">0.00046</Y>
          <Y t="4">0.00054</Y>
          <Y t="5">0.00061</Y>
          <Y t="6">0.0007</Y>
          <Y t="7">0.0008</Y>
          <Y t="8">0.00093</Y>
          <Y t="9">0.00109</Y>
          <Y t="10">0.00127</Y>
          <Y t="11">0.00146</Y>
          <Y t="12">0.00167</Y>
          <Y t="13">0.00189</Y>
          <Y t="14">0.00212</Y>
          <Y t="15">0.00237</Y>
          <Y t="16">0.00263</Y>
          <Y t="17">0.0029</Y>
          <Y t="18">0.00317</Y>
          <Y t="19">0.00346</Y>
          <Y t="20">0.00377</Y>
          <Y t="21">0.00411</Y>
          <Y t="22">0.00454</Y>
          <Y t="23">0.00509</Y>
          <Y t="24">0.00583</Y>
          <Y t="25">0.00679</Y>
        </Axis>
      </Axis>
      <Axis t="40">
        <Axis>
          <Y t="1">0.00027</Y>
          <Y t="2">0.0004</Y>
          <Y t="3">0.00049</Y>
          <Y t="4">0.00058</Y>
          <Y t="5">0.00067</Y>
          <Y t="6">0.00077</Y>
          <Y t="7">0.00088</Y>
          <Y t="8">0.00102</Y>
          <Y t="9">0.00119</Y>
          <Y t="10">0.00138</Y>
          <Y t="11">0.00159</Y>
          <Y t="12">0.00182</Y>
          <Y t="13">0.00206</Y>
          <Y t="14">0.00232</Y>
          <Y t="15">0.00259</Y>
          <Y t="16">0.00287</Y>
          <Y t="17">0.00316</Y>
          <Y t="18">0.00346</Y>
          <Y t="19">0.00377</Y>
          <Y t="20">0.00411</Y>
          <Y t="21">0.0045</Y>
          <Y t="22">0.00498</Y>
          <Y t="23">0.00562</Y>
          <Y t="24">0.00645</Y>
          <Y t="25">0.00753</Y>
        </Axis>
      </Axis>
      <Axis t="41">
        <Axis>
          <Y t="1">0.00028</Y>
          <Y t="2">0.00042</Y>
          <Y t="3">0.00053</Y>
          <Y t="4">0.00063</Y>
          <Y t="5">0.00074</Y>
          <Y t="6">0.00084</Y>
          <Y t="7">0.00097</Y>
          <Y t="8">0.00112</Y>
          <Y t="9">0.0013</Y>
          <Y t="10">0.0015</Y>
          <Y t="11">0.00173</Y>
          <Y t="12">0.00198</Y>
          <Y t="13">0.00225</Y>
          <Y t="14">0.00253</Y>
          <Y t="15">0.00282</Y>
          <Y t="16">0.00313</Y>
          <Y t="17">0.00344</Y>
          <Y t="18">0.00377</Y>
          <Y t="19">0.00411</Y>
          <Y t="20">0.00448</Y>
          <Y t="21">0.00493</Y>
          <Y t="22">0.00549</Y>
          <Y t="23">0.00622</Y>
          <Y t="24">0.00716</Y>
          <Y t="25">0.00837</Y>
        </Axis>
      </Axis>
      <Axis t="42">
        <Axis>
          <Y t="1">0.00029</Y>
          <Y t="2">0.00044</Y>
          <Y t="3">0.00057</Y>
          <Y t="4">0.00069</Y>
          <Y t="5">0.00081</Y>
          <Y t="6">0.00093</Y>
          <Y t="7">0.00106</Y>
          <Y t="8">0.00122</Y>
          <Y t="9">0.00141</Y>
          <Y t="10">0.00163</Y>
          <Y t="11">0.00188</Y>
          <Y t="12">0.00216</Y>
          <Y t="13">0.00245</Y>
          <Y t="14">0.00276</Y>
          <Y t="15">0.00308</Y>
          <Y t="16">0.00341</Y>
          <Y t="17">0.00375</Y>
          <Y t="18">0.0041</Y>
          <Y t="19">0.00448</Y>
          <Y t="20">0.00491</Y>
          <Y t="21">0.00542</Y>
          <Y t="22">0.00607</Y>
          <Y t="23">0.0069</Y>
          <Y t="24">0.00797</Y>
          <Y t="25">0.00933</Y>
        </Axis>
      </Axis>
      <Axis t="43">
        <Axis>
          <Y t="1">0.0003</Y>
          <Y t="2">0.00047</Y>
          <Y t="3">0.00062</Y>
          <Y t="4">0.00076</Y>
          <Y t="5">0.00089</Y>
          <Y t="6">0.00102</Y>
          <Y t="7">0.00116</Y>
          <Y t="8">0.00133</Y>
          <Y t="9">0.00154</Y>
          <Y t="10">0.00178</Y>
          <Y t="11">0.00205</Y>
          <Y t="12">0.00235</Y>
          <Y t="13">0.00267</Y>
          <Y t="14">0.003</Y>
          <Y t="15">0.00335</Y>
          <Y t="16">0.00372</Y>
          <Y t="17">0.00409</Y>
          <Y t="18">0.00448</Y>
          <Y t="19">0.0049</Y>
          <Y t="20">0.00539</Y>
          <Y t="21">0.00598</Y>
          <Y t="22">0.00673</Y>
          <Y t="23">0.00769</Y>
          <Y t="24">0.0089</Y>
          <Y t="25">0.01041</Y>
        </Axis>
      </Axis>
      <Axis t="44">
        <Axis>
          <Y t="1">0.00032</Y>
          <Y t="2">0.0005</Y>
          <Y t="3">0.00067</Y>
          <Y t="4">0.00083</Y>
          <Y t="5">0.00097</Y>
          <Y t="6">0.00111</Y>
          <Y t="7">0.00127</Y>
          <Y t="8">0.00145</Y>
          <Y t="9">0.00168</Y>
          <Y t="10">0.00194</Y>
          <Y t="11">0.00223</Y>
          <Y t="12">0.00256</Y>
          <Y t="13">0.0029</Y>
          <Y t="14">0.00327</Y>
          <Y t="15">0.00365</Y>
          <Y t="16">0.00405</Y>
          <Y t="17">0.00446</Y>
          <Y t="18">0.00489</Y>
          <Y t="19">0.00537</Y>
          <Y t="20">0.00593</Y>
          <Y t="21">0.00662</Y>
          <Y t="22">0.00749</Y>
          <Y t="23">0.00858</Y>
          <Y t="24">0.00996</Y>
          <Y t="25">0.01165</Y>
        </Axis>
      </Axis>
      <Axis t="45">
        <Axis>
          <Y t="1">0.00033</Y>
          <Y t="2">0.00054</Y>
          <Y t="3">0.00073</Y>
          <Y t="4">0.0009</Y>
          <Y t="5">0.00106</Y>
          <Y t="6">0.00121</Y>
          <Y t="7">0.00138</Y>
          <Y t="8">0.00158</Y>
          <Y t="9">0.00182</Y>
          <Y t="10">0.00211</Y>
          <Y t="11">0.00243</Y>
          <Y t="12">0.00278</Y>
          <Y t="13">0.00316</Y>
          <Y t="14">0.00356</Y>
          <Y t="15">0.00398</Y>
          <Y t="16">0.00441</Y>
          <Y t="17">0.00486</Y>
          <Y t="18">0.00535</Y>
          <Y t="19">0.0059</Y>
          <Y t="20">0.00655</Y>
          <Y t="21">0.00735</Y>
          <Y t="22">0.00835</Y>
          <Y t="23">0.0096</Y>
          <Y t="24">0.01115</Y>
          <Y t="25">0.01304</Y>
        </Axis>
      </Axis>
      <Axis t="46">
        <Axis>
          <Y t="1">0.00035</Y>
          <Y t="2">0.00059</Y>
          <Y t="3">0.0008</Y>
          <Y t="4">0.00099</Y>
          <Y t="5">0.00116</Y>
          <Y t="6">0.00132</Y>
          <Y t="7">0.00151</Y>
          <Y t="8">0.00173</Y>
          <Y t="9">0.00199</Y>
          <Y t="10">0.00229</Y>
          <Y t="11">0.00264</Y>
          <Y t="12">0.00303</Y>
          <Y t="13">0.00345</Y>
          <Y t="14">0.00388</Y>
          <Y t="15">0.00434</Y>
          <Y t="16">0.00481</Y>
          <Y t="17">0.00531</Y>
          <Y t="18">0.00586</Y>
          <Y t="19">0.0065</Y>
          <Y t="20">0.00725</Y>
          <Y t="21">0.00818</Y>
          <Y t="22">0.00934</Y>
          <Y t="23">0.01077</Y>
          <Y t="24">0.01251</Y>
          <Y t="25">0.01461</Y>
        </Axis>
      </Axis>
      <Axis t="47">
        <Axis>
          <Y t="1">0.00038</Y>
          <Y t="2">0.00064</Y>
          <Y t="3">0.00088</Y>
          <Y t="4">0.00108</Y>
          <Y t="5">0.00126</Y>
          <Y t="6">0.00144</Y>
          <Y t="7">0.00164</Y>
          <Y t="8">0.00188</Y>
          <Y t="9">0.00217</Y>
          <Y t="10">0.0025</Y>
          <Y t="11">0.00288</Y>
          <Y t="12">0.0033</Y>
          <Y t="13">0.00376</Y>
          <Y t="14">0.00423</Y>
          <Y t="15">0.00473</Y>
          <Y t="16">0.00526</Y>
          <Y t="17">0.00582</Y>
          <Y t="18">0.00645</Y>
          <Y t="19">0.00718</Y>
          <Y t="20">0.00806</Y>
          <Y t="21">0.00914</Y>
          <Y t="22">0.01046</Y>
          <Y t="23">0.01208</Y>
          <Y t="24">0.01404</Y>
          <Y t="25">0.01637</Y>
        </Axis>
      </Axis>
      <Axis t="48">
        <Axis>
          <Y t="1">0.00041</Y>
          <Y t="2">0.00071</Y>
          <Y t="3">0.00096</Y>
          <Y t="4">0.00118</Y>
          <Y t="5">0.00137</Y>
          <Y t="6">0.00157</Y>
          <Y t="7">0.00179</Y>
          <Y t="8">0.00205</Y>
          <Y t="9">0.00236</Y>
          <Y t="10">0.00273</Y>
          <Y t="11">0.00314</Y>
          <Y t="12">0.0036</Y>
          <Y t="13">0.00409</Y>
          <Y t="14">0.00462</Y>
          <Y t="15">0.00517</Y>
          <Y t="16">0.00575</Y>
          <Y t="17">0.00639</Y>
          <Y t="18">0.00711</Y>
          <Y t="19">0.00796</Y>
          <Y t="20">0.00898</Y>
          <Y t="21">0.01022</Y>
          <Y t="22">0.01174</Y>
          <Y t="23">0.01358</Y>
          <Y t="24">0.01577</Y>
          <Y t="25">0.01835</Y>
        </Axis>
      </Axis>
      <Axis t="49">
        <Axis>
          <Y t="1">0.00045</Y>
          <Y t="2">0.00077</Y>
          <Y t="3">0.00105</Y>
          <Y t="4">0.00129</Y>
          <Y t="5">0.0015</Y>
          <Y t="6">0.00171</Y>
          <Y t="7">0.00195</Y>
          <Y t="8">0.00224</Y>
          <Y t="9">0.00258</Y>
          <Y t="10">0.00298</Y>
          <Y t="11">0.00343</Y>
          <Y t="12">0.00393</Y>
          <Y t="13">0.00447</Y>
          <Y t="14">0.00504</Y>
          <Y t="15">0.00565</Y>
          <Y t="16">0.00631</Y>
          <Y t="17">0.00703</Y>
          <Y t="18">0.00786</Y>
          <Y t="19">0.00885</Y>
          <Y t="20">0.01003</Y>
          <Y t="21">0.01146</Y>
          <Y t="22">0.01319</Y>
          <Y t="23">0.01526</Y>
          <Y t="24">0.01771</Y>
          <Y t="25">0.02057</Y>
        </Axis>
      </Axis>
      <Axis t="50">
        <Axis>
          <Y t="1">0.00049</Y>
          <Y t="2">0.00085</Y>
          <Y t="3">0.00115</Y>
          <Y t="4">0.0014</Y>
          <Y t="5">0.00163</Y>
          <Y t="6">0.00187</Y>
          <Y t="7">0.00213</Y>
          <Y t="8">0.00244</Y>
          <Y t="9">0.00282</Y>
          <Y t="10">0.00326</Y>
          <Y t="11">0.00375</Y>
          <Y t="12">0.0043</Y>
          <Y t="13">0.00489</Y>
          <Y t="14">0.00552</Y>
          <Y t="15">0.0062</Y>
          <Y t="16">0.00694</Y>
          <Y t="17">0.00777</Y>
          <Y t="18">0.00873</Y>
          <Y t="19">0.00986</Y>
          <Y t="20">0.01122</Y>
          <Y t="21">0.01286</Y>
          <Y t="22">0.01483</Y>
          <Y t="23">0.01715</Y>
          <Y t="24">0.01988</Y>
          <Y t="25">0.02304</Y>
        </Axis>
      </Axis>
      <Axis t="51">
        <Axis>
          <Y t="1">0.00054</Y>
          <Y t="2">0.00093</Y>
          <Y t="3">0.00126</Y>
          <Y t="4">0.00153</Y>
          <Y t="5">0.00178</Y>
          <Y t="6">0.00204</Y>
          <Y t="7">0.00233</Y>
          <Y t="8">0.00268</Y>
          <Y t="9">0.00309</Y>
          <Y t="10">0.00357</Y>
          <Y t="11">0.00411</Y>
          <Y t="12">0.00471</Y>
          <Y t="13">0.00536</Y>
          <Y t="14">0.00606</Y>
          <Y t="15">0.00681</Y>
          <Y t="16">0.00765</Y>
          <Y t="17">0.0086</Y>
          <Y t="18">0.00971</Y>
          <Y t="19">0.01102</Y>
          <Y t="20">0.01259</Y>
          <Y t="21">0.01445</Y>
          <Y t="22">0.01667</Y>
          <Y t="23">0.01927</Y>
          <Y t="24">0.0223</Y>
          <Y t="25">0.02579</Y>
        </Axis>
      </Axis>
      <Axis t="52">
        <Axis>
          <Y t="1">0.0006</Y>
          <Y t="2">0.00103</Y>
          <Y t="3">0.00137</Y>
          <Y t="4">0.00167</Y>
          <Y t="5">0.00194</Y>
          <Y t="6">0.00223</Y>
          <Y t="7">0.00255</Y>
          <Y t="8">0.00293</Y>
          <Y t="9">0.00339</Y>
          <Y t="10">0.00392</Y>
          <Y t="11">0.00451</Y>
          <Y t="12">0.00517</Y>
          <Y t="13">0.00588</Y>
          <Y t="14">0.00666</Y>
          <Y t="15">0.00752</Y>
          <Y t="16">0.00847</Y>
          <Y t="17">0.00956</Y>
          <Y t="18">0.01084</Y>
          <Y t="19">0.01234</Y>
          <Y t="20">0.01413</Y>
          <Y t="21">0.01625</Y>
          <Y t="22">0.01874</Y>
          <Y t="23">0.02164</Y>
          <Y t="24">0.02499</Y>
          <Y t="25">0.02884</Y>
        </Axis>
      </Axis>
      <Axis t="53">
        <Axis>
          <Y t="1">0.00067</Y>
          <Y t="2">0.00112</Y>
          <Y t="3">0.0015</Y>
          <Y t="4">0.00182</Y>
          <Y t="5">0.00212</Y>
          <Y t="6">0.00244</Y>
          <Y t="7">0.0028</Y>
          <Y t="8">0.00323</Y>
          <Y t="9">0.00373</Y>
          <Y t="10">0.00431</Y>
          <Y t="11">0.00497</Y>
          <Y t="12">0.00569</Y>
          <Y t="13">0.00648</Y>
          <Y t="14">0.00735</Y>
          <Y t="15">0.00832</Y>
          <Y t="16">0.0094</Y>
          <Y t="17">0.01066</Y>
          <Y t="18">0.01212</Y>
          <Y t="19">0.01384</Y>
          <Y t="20">0.01588</Y>
          <Y t="21">0.01827</Y>
          <Y t="22">0.02105</Y>
          <Y t="23">0.02428</Y>
          <Y t="24">0.02798</Y>
          <Y t="25">0.03221</Y>
        </Axis>
      </Axis>
      <Axis t="54">
        <Axis>
          <Y t="1">0.00075</Y>
          <Y t="2">0.00123</Y>
          <Y t="3">0.00163</Y>
          <Y t="4">0.00198</Y>
          <Y t="5">0.00231</Y>
          <Y t="6">0.00267</Y>
          <Y t="7">0.00308</Y>
          <Y t="8">0.00355</Y>
          <Y t="9">0.00411</Y>
          <Y t="10">0.00475</Y>
          <Y t="11">0.00548</Y>
          <Y t="12">0.00628</Y>
          <Y t="13">0.00716</Y>
          <Y t="14">0.00814</Y>
          <Y t="15">0.00923</Y>
          <Y t="16">0.01047</Y>
          <Y t="17">0.01191</Y>
          <Y t="18">0.01358</Y>
          <Y t="19">0.01555</Y>
          <Y t="20">0.01785</Y>
          <Y t="21">0.02053</Y>
          <Y t="22">0.02363</Y>
          <Y t="23">0.0272</Y>
          <Y t="24">0.03128</Y>
          <Y t="25">0.03592</Y>
        </Axis>
      </Axis>
      <Axis t="55">
        <Axis>
          <Y t="1">0.00083</Y>
          <Y t="2">0.00134</Y>
          <Y t="3">0.00177</Y>
          <Y t="4">0.00216</Y>
          <Y t="5">0.00253</Y>
          <Y t="6">0.00294</Y>
          <Y t="7">0.00339</Y>
          <Y t="8">0.00393</Y>
          <Y t="9">0.00455</Y>
          <Y t="10">0.00526</Y>
          <Y t="11">0.00606</Y>
          <Y t="12">0.00695</Y>
          <Y t="13">0.00794</Y>
          <Y t="14">0.00904</Y>
          <Y t="15">0.01028</Y>
          <Y t="16">0.0117</Y>
          <Y t="17">0.01333</Y>
          <Y t="18">0.01524</Y>
          <Y t="19">0.01747</Y>
          <Y t="20">0.02006</Y>
          <Y t="21">0.02305</Y>
          <Y t="22">0.0265</Y>
          <Y t="23">0.03043</Y>
          <Y t="24">0.03491</Y>
          <Y t="25">0.04001</Y>
        </Axis>
      </Axis>
      <Axis t="56">
        <Axis>
          <Y t="1">0.00092</Y>
          <Y t="2">0.00147</Y>
          <Y t="3">0.00193</Y>
          <Y t="4">0.00236</Y>
          <Y t="5">0.00278</Y>
          <Y t="6">0.00323</Y>
          <Y t="7">0.00375</Y>
          <Y t="8">0.00435</Y>
          <Y t="9">0.00504</Y>
          <Y t="10">0.00583</Y>
          <Y t="11">0.00673</Y>
          <Y t="12">0.00772</Y>
          <Y t="13">0.00883</Y>
          <Y t="14">0.01007</Y>
          <Y t="15">0.01148</Y>
          <Y t="16">0.01309</Y>
          <Y t="17">0.01496</Y>
          <Y t="18">0.01712</Y>
          <Y t="19">0.01963</Y>
          <Y t="20">0.02253</Y>
          <Y t="21">0.02586</Y>
          <Y t="22">0.02967</Y>
          <Y t="23">0.03399</Y>
          <Y t="24">0.0389</Y>
          <Y t="25">0.04449</Y>
        </Axis>
      </Axis>
      <Axis t="57">
        <Axis>
          <Y t="1">0.00102</Y>
          <Y t="2">0.0016</Y>
          <Y t="3">0.00211</Y>
          <Y t="4">0.00258</Y>
          <Y t="5">0.00306</Y>
          <Y t="6">0.00357</Y>
          <Y t="7">0.00416</Y>
          <Y t="8">0.00483</Y>
          <Y t="9">0.00561</Y>
          <Y t="10">0.00649</Y>
          <Y t="11">0.00749</Y>
          <Y t="12">0.0086</Y>
          <Y t="13">0.00985</Y>
          <Y t="14">0.01125</Y>
          <Y t="15">0.01285</Y>
          <Y t="16">0.01468</Y>
          <Y t="17">0.0168</Y>
          <Y t="18">0.01924</Y>
          <Y t="19">0.02206</Y>
          <Y t="20">0.02529</Y>
          <Y t="21">0.02898</Y>
          <Y t="22">0.03317</Y>
          <Y t="23">0.03791</Y>
          <Y t="24">0.04328</Y>
          <Y t="25">0.04961</Y>
        </Axis>
      </Axis>
      <Axis t="58">
        <Axis>
          <Y t="1">0.00112</Y>
          <Y t="2">0.00175</Y>
          <Y t="3">0.0023</Y>
          <Y t="4">0.00283</Y>
          <Y t="5">0.00337</Y>
          <Y t="6">0.00395</Y>
          <Y t="7">0.00462</Y>
          <Y t="8">0.00538</Y>
          <Y t="9">0.00625</Y>
          <Y t="10">0.00724</Y>
          <Y t="11">0.00836</Y>
          <Y t="12">0.00961</Y>
          <Y t="13">0.01101</Y>
          <Y t="14">0.0126</Y>
          <Y t="15">0.01441</Y>
          <Y t="16">0.01649</Y>
          <Y t="17">0.01888</Y>
          <Y t="18">0.02162</Y>
          <Y t="19">0.02476</Y>
          <Y t="20">0.02835</Y>
          <Y t="21">0.03242</Y>
          <Y t="22">0.03701</Y>
          <Y t="23">0.04219</Y>
          <Y t="24">0.04827</Y>
          <Y t="25">0.05523</Y>
        </Axis>
      </Axis>
      <Axis t="59">
        <Axis>
          <Y t="1">0.00123</Y>
          <Y t="2">0.00191</Y>
          <Y t="3">0.00252</Y>
          <Y t="4">0.00311</Y>
          <Y t="5">0.00372</Y>
          <Y t="6">0.00439</Y>
          <Y t="7">0.00514</Y>
          <Y t="8">0.00601</Y>
          <Y t="9">0.00699</Y>
          <Y t="10">0.0081</Y>
          <Y t="11">0.00935</Y>
          <Y t="12">0.01076</Y>
          <Y t="13">0.01235</Y>
          <Y t="14">0.01414</Y>
          <Y t="15">0.01619</Y>
          <Y t="16">0.01853</Y>
          <Y t="17">0.02122</Y>
          <Y t="18">0.02428</Y>
          <Y t="19">0.02778</Y>
          <Y t="20">0.03174</Y>
          <Y t="21">0.0362</Y>
          <Y t="22">0.04122</Y>
          <Y t="23">0.04708</Y>
          <Y t="24">0.05374</Y>
          <Y t="25">0.06136</Y>
        </Axis>
      </Axis>
      <Axis t="60">
        <Axis>
          <Y t="1">0.00135</Y>
          <Y t="2">0.00208</Y>
          <Y t="3">0.00276</Y>
          <Y t="4">0.00343</Y>
          <Y t="5">0.00412</Y>
          <Y t="6">0.00489</Y>
          <Y t="7">0.00575</Y>
          <Y t="8">0.00672</Y>
          <Y t="9">0.00783</Y>
          <Y t="10">0.00908</Y>
          <Y t="11">0.01049</Y>
          <Y t="12">0.01207</Y>
          <Y t="13">0.01386</Y>
          <Y t="14">0.01589</Y>
          <Y t="15">0.0182</Y>
          <Y t="16">0.02084</Y>
          <Y t="17">0.02384</Y>
          <Y t="18">0.02726</Y>
          <Y t="19">0.03112</Y>
          <Y t="20">0.03547</Y>
          <Y t="21">0.04035</Y>
          <Y t="22">0.04603</Y>
          <Y t="23">0.05244</Y>
          <Y t="24">0.05971</Y>
          <Y t="25">0.06806</Y>
        </Axis>
      </Axis>
      <Axis t="61">
        <Axis>
          <Y t="1">0.00148</Y>
          <Y t="2">0.00227</Y>
          <Y t="3">0.00303</Y>
          <Y t="4">0.00379</Y>
          <Y t="5">0.00458</Y>
          <Y t="6">0.00545</Y>
          <Y t="7">0.00643</Y>
          <Y t="8">0.00754</Y>
          <Y t="9">0.00879</Y>
          <Y t="10">0.0102</Y>
          <Y t="11">0.01179</Y>
          <Y t="12">0.01357</Y>
          <Y t="13">0.01559</Y>
          <Y t="14">0.01787</Y>
          <Y t="15">0.02047</Y>
          <Y t="16">0.02342</Y>
          <Y t="17">0.02677</Y>
          <Y t="18">0.03056</Y>
          <Y t="19">0.03481</Y>
          <Y t="20">0.03958</Y>
          <Y t="21">0.0451</Y>
          <Y t="22">0.0513</Y>
          <Y t="23">0.05828</Y>
          <Y t="24">0.06621</Y>
          <Y t="25">0.07662</Y>
        </Axis>
      </Axis>
      <Axis t="62">
        <Axis>
          <Y t="1">0.00161</Y>
          <Y t="2">0.00249</Y>
          <Y t="3">0.00334</Y>
          <Y t="4">0.0042</Y>
          <Y t="5">0.0051</Y>
          <Y t="6">0.0061</Y>
          <Y t="7">0.00721</Y>
          <Y t="8">0.00847</Y>
          <Y t="9">0.00988</Y>
          <Y t="10">0.01147</Y>
          <Y t="11">0.01326</Y>
          <Y t="12">0.01527</Y>
          <Y t="13">0.01754</Y>
          <Y t="14">0.02011</Y>
          <Y t="15">0.02302</Y>
          <Y t="16">0.02632</Y>
          <Y t="17">0.03003</Y>
          <Y t="18">0.03421</Y>
          <Y t="19">0.03888</Y>
          <Y t="20">0.04427</Y>
          <Y t="21">0.0503</Y>
          <Y t="22">0.05705</Y>
          <Y t="23">0.06464</Y>
          <Y t="24">0.0749</Y>
          <Y t="25">0.08628</Y>
        </Axis>
      </Axis>
      <Axis t="63">
        <Axis>
          <Y t="1">0.00177</Y>
          <Y t="2">0.00274</Y>
          <Y t="3">0.00369</Y>
          <Y t="4">0.00466</Y>
          <Y t="5">0.0057</Y>
          <Y t="6">0.00684</Y>
          <Y t="7">0.0081</Y>
          <Y t="8">0.00953</Y>
          <Y t="9">0.01112</Y>
          <Y t="10">0.01292</Y>
          <Y t="11">0.01493</Y>
          <Y t="12">0.0172</Y>
          <Y t="13">0.01975</Y>
          <Y t="14">0.02263</Y>
          <Y t="15">0.02588</Y>
          <Y t="16">0.02954</Y>
          <Y t="17">0.03365</Y>
          <Y t="18">0.03824</Y>
          <Y t="19">0.04353</Y>
          <Y t="20">0.04943</Y>
          <Y t="21">0.05599</Y>
          <Y t="22">0.06331</Y>
          <Y t="23">0.07344</Y>
          <Y t="24">0.08473</Y>
          <Y t="25">0.09719</Y>
        </Axis>
      </Axis>
      <Axis t="64">
        <Axis>
          <Y t="1">0.00194</Y>
          <Y t="2">0.00302</Y>
          <Y t="3">0.00409</Y>
          <Y t="4">0.00519</Y>
          <Y t="5">0.00638</Y>
          <Y t="6">0.00767</Y>
          <Y t="7">0.00911</Y>
          <Y t="8">0.01073</Y>
          <Y t="9">0.01253</Y>
          <Y t="10">0.01455</Y>
          <Y t="11">0.01682</Y>
          <Y t="12">0.01937</Y>
          <Y t="13">0.02223</Y>
          <Y t="14">0.02545</Y>
          <Y t="15">0.02907</Y>
          <Y t="16">0.03312</Y>
          <Y t="17">0.03765</Y>
          <Y t="18">0.04286</Y>
          <Y t="19">0.04865</Y>
          <Y t="20">0.05507</Y>
          <Y t="21">0.06219</Y>
          <Y t="22">0.0722</Y>
          <Y t="23">0.08343</Y>
          <Y t="24">0.09588</Y>
          <Y t="25">0.1097</Y>
        </Axis>
      </Axis>
      <Axis t="65">
        <Axis>
          <Y t="1">0.00214</Y>
          <Y t="2">0.00333</Y>
          <Y t="3">0.00454</Y>
          <Y t="4">0.0058</Y>
          <Y t="5">0.00714</Y>
          <Y t="6">0.00862</Y>
          <Y t="7">0.01026</Y>
          <Y t="8">0.01208</Y>
          <Y t="9">0.01412</Y>
          <Y t="10">0.0164</Y>
          <Y t="11">0.01895</Y>
          <Y t="12">0.0218</Y>
          <Y t="13">0.02501</Y>
          <Y t="14">0.0286</Y>
          <Y t="15">0.03261</Y>
          <Y t="16">0.03708</Y>
          <Y t="17">0.04223</Y>
          <Y t="18">0.04795</Y>
          <Y t="19">0.05426</Y>
          <Y t="20">0.06122</Y>
          <Y t="21">0.07116</Y>
          <Y t="22">0.08233</Y>
          <Y t="23">0.09479</Y>
          <Y t="24">0.10871</Y>
          <Y t="25">0.1239</Y>
        </Axis>
      </Axis>
      <Axis t="66">
        <Axis>
          <Y t="1">0.00236</Y>
          <Y t="2">0.0037</Y>
          <Y t="3">0.00506</Y>
          <Y t="4">0.00648</Y>
          <Y t="5">0.00802</Y>
          <Y t="6">0.0097</Y>
          <Y t="7">0.01155</Y>
          <Y t="8">0.01362</Y>
          <Y t="9">0.01591</Y>
          <Y t="10">0.01847</Y>
          <Y t="11">0.02134</Y>
          <Y t="12">0.02453</Y>
          <Y t="13">0.02811</Y>
          <Y t="14">0.03209</Y>
          <Y t="15">0.03653</Y>
          <Y t="16">0.04164</Y>
          <Y t="17">0.04729</Y>
          <Y t="18">0.05353</Y>
          <Y t="19">0.06039</Y>
          <Y t="20">0.07027</Y>
          <Y t="21">0.08141</Y>
          <Y t="22">0.09388</Y>
          <Y t="23">0.10791</Y>
          <Y t="24">0.12334</Y>
          <Y t="25">0.13933</Y>
        </Axis>
      </Axis>
      <Axis t="67">
        <Axis>
          <Y t="1">0.00262</Y>
          <Y t="2">0.00411</Y>
          <Y t="3">0.00564</Y>
          <Y t="4">0.00726</Y>
          <Y t="5">0.009</Y>
          <Y t="6">0.01091</Y>
          <Y t="7">0.01301</Y>
          <Y t="8">0.01534</Y>
          <Y t="9">0.01792</Y>
          <Y t="10">0.0208</Y>
          <Y t="11">0.024</Y>
          <Y t="12">0.02758</Y>
          <Y t="13">0.03155</Y>
          <Y t="14">0.03597</Y>
          <Y t="15">0.04104</Y>
          <Y t="16">0.04666</Y>
          <Y t="17">0.05285</Y>
          <Y t="18">0.05964</Y>
          <Y t="19">0.0695</Y>
          <Y t="20">0.08063</Y>
          <Y t="21">0.09312</Y>
          <Y t="22">0.10724</Y>
          <Y t="23">0.1229</Y>
          <Y t="24">0.13933</Y>
          <Y t="25">0.15634</Y>
        </Axis>
      </Axis>
      <Axis t="68">
        <Axis>
          <Y t="1">0.00292</Y>
          <Y t="2">0.00459</Y>
          <Y t="3">0.00631</Y>
          <Y t="4">0.00814</Y>
          <Y t="5">0.01011</Y>
          <Y t="6">0.01227</Y>
          <Y t="7">0.01464</Y>
          <Y t="8">0.01727</Y>
          <Y t="9">0.02017</Y>
          <Y t="10">0.0234</Y>
          <Y t="11">0.02698</Y>
          <Y t="12">0.03096</Y>
          <Y t="13">0.03537</Y>
          <Y t="14">0.04043</Y>
          <Y t="15">0.04602</Y>
          <Y t="16">0.05219</Y>
          <Y t="17">0.05894</Y>
          <Y t="18">0.06881</Y>
          <Y t="19">0.07995</Y>
          <Y t="20">0.09249</Y>
          <Y t="21">0.1067</Y>
          <Y t="22">0.12256</Y>
          <Y t="23">0.13933</Y>
          <Y t="24">0.15634</Y>
          <Y t="25">0.17428</Y>
        </Axis>
      </Axis>
      <Axis t="69">
        <Axis>
          <Y t="1">0.00327</Y>
          <Y t="2">0.00513</Y>
          <Y t="3">0.00707</Y>
          <Y t="4">0.00913</Y>
          <Y t="5">0.01136</Y>
          <Y t="6">0.0138</Y>
          <Y t="7">0.01647</Y>
          <Y t="8">0.01942</Y>
          <Y t="9">0.02268</Y>
          <Y t="10">0.02628</Y>
          <Y t="11">0.03028</Y>
          <Y t="12">0.0347</Y>
          <Y t="13">0.03975</Y>
          <Y t="14">0.04535</Y>
          <Y t="15">0.05151</Y>
          <Y t="16">0.05825</Y>
          <Y t="17">0.06817</Y>
          <Y t="18">0.07935</Y>
          <Y t="19">0.09194</Y>
          <Y t="20">0.10626</Y>
          <Y t="21">0.1223</Y>
          <Y t="22">0.13933</Y>
          <Y t="23">0.15634</Y>
          <Y t="24">0.17428</Y>
          <Y t="25">0.1931</Y>
        </Axis>
      </Axis>
      <Axis t="70">
        <Axis>
          <Y t="1">0.00367</Y>
          <Y t="2">0.00575</Y>
          <Y t="3">0.00792</Y>
          <Y t="4">0.01025</Y>
          <Y t="5">0.01276</Y>
          <Y t="6">0.0155</Y>
          <Y t="7">0.01851</Y>
          <Y t="8">0.02181</Y>
          <Y t="9">0.02546</Y>
          <Y t="10">0.02948</Y>
          <Y t="11">0.03392</Y>
          <Y t="12">0.039</Y>
          <Y t="13">0.0446</Y>
          <Y t="14">0.05077</Y>
          <Y t="15">0.05752</Y>
          <Y t="16">0.06753</Y>
          <Y t="17">0.07879</Y>
          <Y t="18">0.09146</Y>
          <Y t="19">0.10588</Y>
          <Y t="20">0.1221</Y>
          <Y t="21">0.13933</Y>
          <Y t="22">0.15634</Y>
          <Y t="23">0.17428</Y>
          <Y t="24">0.1931</Y>
          <Y t="25">0.21146</Y>
        </Axis>
      </Axis>
      <Axis t="71">
        <Axis>
          <Y t="1">0.00413</Y>
          <Y t="2">0.00645</Y>
          <Y t="3">0.00888</Y>
          <Y t="4">0.0115</Y>
          <Y t="5">0.01432</Y>
          <Y t="6">0.0174</Y>
          <Y t="7">0.02077</Y>
          <Y t="8">0.02447</Y>
          <Y t="9">0.02854</Y>
          <Y t="10">0.03302</Y>
          <Y t="11">0.03812</Y>
          <Y t="12">0.04375</Y>
          <Y t="13">0.04994</Y>
          <Y t="14">0.05672</Y>
          <Y t="15">0.06686</Y>
          <Y t="16">0.07823</Y>
          <Y t="17">0.091</Y>
          <Y t="18">0.10555</Y>
          <Y t="19">0.12195</Y>
          <Y t="20">0.13933</Y>
          <Y t="21">0.15634</Y>
          <Y t="22">0.17428</Y>
          <Y t="23">0.1931</Y>
          <Y t="24">0.21146</Y>
          <Y t="25">0.22767</Y>
        </Axis>
      </Axis>
      <Axis t="72">
        <Axis>
          <Y t="1">0.00466</Y>
          <Y t="2">0.00723</Y>
          <Y t="3">0.00996</Y>
          <Y t="4">0.01289</Y>
          <Y t="5">0.01605</Y>
          <Y t="6">0.0195</Y>
          <Y t="7">0.02327</Y>
          <Y t="8">0.0274</Y>
          <Y t="9">0.03193</Y>
          <Y t="10">0.03707</Y>
          <Y t="11">0.04274</Y>
          <Y t="12">0.04898</Y>
          <Y t="13">0.0558</Y>
          <Y t="14">0.06612</Y>
          <Y t="15">0.07764</Y>
          <Y t="16">0.09055</Y>
          <Y t="17">0.10524</Y>
          <Y t="18">0.12182</Y>
          <Y t="19">0.13933</Y>
          <Y t="20">0.15634</Y>
          <Y t="21">0.17428</Y>
          <Y t="22">0.1931</Y>
          <Y t="23">0.21146</Y>
          <Y t="24">0.22767</Y>
          <Y t="25">0.24548</Y>
        </Axis>
      </Axis>
      <Axis t="73">
        <Axis>
          <Y t="1">0.00524</Y>
          <Y t="2">0.00811</Y>
          <Y t="3">0.01116</Y>
          <Y t="4">0.01443</Y>
          <Y t="5">0.01797</Y>
          <Y t="6">0.02183</Y>
          <Y t="7">0.02603</Y>
          <Y t="8">0.03063</Y>
          <Y t="9">0.03583</Y>
          <Y t="10">0.04155</Y>
          <Y t="11">0.04783</Y>
          <Y t="12">0.05472</Y>
          <Y t="13">0.06526</Y>
          <Y t="14">0.07698</Y>
          <Y t="15">0.09006</Y>
          <Y t="16">0.10492</Y>
          <Y t="17">0.12169</Y>
          <Y t="18">0.13933</Y>
          <Y t="19">0.15634</Y>
          <Y t="20">0.17428</Y>
          <Y t="21">0.1931</Y>
          <Y t="22">0.21146</Y>
          <Y t="23">0.22767</Y>
          <Y t="24">0.24548</Y>
          <Y t="25">0.26295</Y>
        </Axis>
      </Axis>
      <Axis t="74">
        <Axis>
          <Y t="1">0.00591</Y>
          <Y t="2">0.00909</Y>
          <Y t="3">0.01249</Y>
          <Y t="4">0.01614</Y>
          <Y t="5">0.02009</Y>
          <Y t="6">0.02439</Y>
          <Y t="7">0.02907</Y>
          <Y t="8">0.03433</Y>
          <Y t="9">0.04012</Y>
          <Y t="10">0.04646</Y>
          <Y t="11">0.05342</Y>
          <Y t="12">0.06424</Y>
          <Y t="13">0.07621</Y>
          <Y t="14">0.08951</Y>
          <Y t="15">0.10458</Y>
          <Y t="16">0.12155</Y>
          <Y t="17">0.13933</Y>
          <Y t="18">0.15634</Y>
          <Y t="19">0.17428</Y>
          <Y t="20">0.1931</Y>
          <Y t="21">0.21146</Y>
          <Y t="22">0.22767</Y>
          <Y t="23">0.24548</Y>
          <Y t="24">0.26295</Y>
          <Y t="25">0.28365</Y>
        </Axis>
      </Axis>
      <Axis t="75">
        <Axis>
          <Y t="1">0.00665</Y>
          <Y t="2">0.01018</Y>
          <Y t="3">0.01396</Y>
          <Y t="4">0.01802</Y>
          <Y t="5">0.02242</Y>
          <Y t="6">0.0272</Y>
          <Y t="7">0.03254</Y>
          <Y t="8">0.0384</Y>
          <Y t="9">0.04483</Y>
          <Y t="10">0.05185</Y>
          <Y t="11">0.06302</Y>
          <Y t="12">0.07529</Y>
          <Y t="13">0.08887</Y>
          <Y t="14">0.10417</Y>
          <Y t="15">0.12138</Y>
          <Y t="16">0.13933</Y>
          <Y t="17">0.15634</Y>
          <Y t="18">0.17428</Y>
          <Y t="19">0.1931</Y>
          <Y t="20">0.21146</Y>
          <Y t="21">0.22767</Y>
          <Y t="22">0.24548</Y>
          <Y t="23">0.26295</Y>
          <Y t="24">0.28365</Y>
          <Y t="25">0.30699</Y>
        </Axis>
      </Axis>
      <Axis t="76">
        <Axis>
          <Y t="1">0.00747</Y>
          <Y t="2">0.01139</Y>
          <Y t="3">0.01558</Y>
          <Y t="4">0.02009</Y>
          <Y t="5">0.02498</Y>
          <Y t="6">0.03041</Y>
          <Y t="7">0.03636</Y>
          <Y t="8">0.04287</Y>
          <Y t="9">0.04998</Y>
          <Y t="10">0.06156</Y>
          <Y t="11">0.07419</Y>
          <Y t="12">0.08809</Y>
          <Y t="13">0.10369</Y>
          <Y t="14">0.12117</Y>
          <Y t="15">0.13933</Y>
          <Y t="16">0.15634</Y>
          <Y t="17">0.17428</Y>
          <Y t="18">0.1931</Y>
          <Y t="19">0.21146</Y>
          <Y t="20">0.22767</Y>
          <Y t="21">0.24548</Y>
          <Y t="22">0.26295</Y>
          <Y t="23">0.28365</Y>
          <Y t="24">0.30699</Y>
          <Y t="25">0.33015</Y>
        </Axis>
      </Axis>
      <Axis t="77">
        <Axis>
          <Y t="1">0.00838</Y>
          <Y t="2">0.01271</Y>
          <Y t="3">0.01736</Y>
          <Y t="4">0.02236</Y>
          <Y t="5">0.0279</Y>
          <Y t="6">0.03394</Y>
          <Y t="7">0.04054</Y>
          <Y t="8">0.04775</Y>
          <Y t="9">0.0598</Y>
          <Y t="10">0.07287</Y>
          <Y t="11">0.08715</Y>
          <Y t="12">0.1031</Y>
          <Y t="13">0.1209</Y>
          <Y t="14">0.13933</Y>
          <Y t="15">0.15634</Y>
          <Y t="16">0.17428</Y>
          <Y t="17">0.1931</Y>
          <Y t="18">0.21146</Y>
          <Y t="19">0.22767</Y>
          <Y t="20">0.24548</Y>
          <Y t="21">0.26295</Y>
          <Y t="22">0.28365</Y>
          <Y t="23">0.30699</Y>
          <Y t="24">0.33015</Y>
          <Y t="25">0.35212</Y>
        </Axis>
      </Axis>
      <Axis t="78">
        <Axis>
          <Y t="1">0.00937</Y>
          <Y t="2">0.01416</Y>
          <Y t="3">0.0193</Y>
          <Y t="4">0.02495</Y>
          <Y t="5">0.03109</Y>
          <Y t="6">0.03779</Y>
          <Y t="7">0.04511</Y>
          <Y t="8">0.05771</Y>
          <Y t="9">0.07128</Y>
          <Y t="10">0.08603</Y>
          <Y t="11">0.10238</Y>
          <Y t="12">0.12055</Y>
          <Y t="13">0.13933</Y>
          <Y t="14">0.15634</Y>
          <Y t="15">0.17428</Y>
          <Y t="16">0.1931</Y>
          <Y t="17">0.21146</Y>
          <Y t="18">0.22767</Y>
          <Y t="19">0.24548</Y>
          <Y t="20">0.26295</Y>
          <Y t="21">0.28365</Y>
          <Y t="22">0.30699</Y>
          <Y t="23">0.33015</Y>
          <Y t="24">0.35212</Y>
          <Y t="25">0.37218</Y>
        </Axis>
      </Axis>
      <Axis t="79">
        <Axis>
          <Y t="1">0.01047</Y>
          <Y t="2">0.01575</Y>
          <Y t="3">0.02151</Y>
          <Y t="4">0.02777</Y>
          <Y t="5">0.03458</Y>
          <Y t="6">0.042</Y>
          <Y t="7">0.05523</Y>
          <Y t="8">0.06938</Y>
          <Y t="9">0.08467</Y>
          <Y t="10">0.10151</Y>
          <Y t="11">0.12012</Y>
          <Y t="12">0.13933</Y>
          <Y t="13">0.15634</Y>
          <Y t="14">0.17428</Y>
          <Y t="15">0.1931</Y>
          <Y t="16">0.21146</Y>
          <Y t="17">0.22767</Y>
          <Y t="18">0.24548</Y>
          <Y t="19">0.26295</Y>
          <Y t="20">0.28365</Y>
          <Y t="21">0.30699</Y>
          <Y t="22">0.33015</Y>
          <Y t="23">0.35212</Y>
          <Y t="24">0.37218</Y>
          <Y t="25">0.38926</Y>
        </Axis>
      </Axis>
      <Axis t="80">
        <Axis>
          <Y t="1">0.01166</Y>
          <Y t="2">0.01755</Y>
          <Y t="3">0.02393</Y>
          <Y t="4">0.03086</Y>
          <Y t="5">0.03839</Y>
          <Y t="6">0.05232</Y>
          <Y t="7">0.06715</Y>
          <Y t="8">0.08306</Y>
          <Y t="9">0.10047</Y>
          <Y t="10">0.1196</Y>
          <Y t="11">0.13933</Y>
          <Y t="12">0.15634</Y>
          <Y t="13">0.17428</Y>
          <Y t="14">0.1931</Y>
          <Y t="15">0.21146</Y>
          <Y t="16">0.22767</Y>
          <Y t="17">0.24548</Y>
          <Y t="18">0.26295</Y>
          <Y t="19">0.28365</Y>
          <Y t="20">0.30699</Y>
          <Y t="21">0.33015</Y>
          <Y t="22">0.35212</Y>
          <Y t="23">0.37218</Y>
          <Y t="24">0.38926</Y>
          <Y t="25">0.4034</Y>
        </Axis>
      </Axis>
      <Axis t="81">
        <Axis>
          <Y t="1">0.01301</Y>
          <Y t="2">0.01952</Y>
          <Y t="3">0.02656</Y>
          <Y t="4">0.03421</Y>
          <Y t="5">0.04894</Y>
          <Y t="6">0.06453</Y>
          <Y t="7">0.08116</Y>
          <Y t="8">0.09924</Y>
          <Y t="9">0.11896</Y>
          <Y t="10">0.13933</Y>
          <Y t="11">0.15634</Y>
          <Y t="12">0.17428</Y>
          <Y t="13">0.1931</Y>
          <Y t="14">0.21146</Y>
          <Y t="15">0.22767</Y>
          <Y t="16">0.24548</Y>
          <Y t="17">0.26295</Y>
          <Y t="18">0.28365</Y>
          <Y t="19">0.30699</Y>
          <Y t="20">0.33015</Y>
          <Y t="21">0.35212</Y>
          <Y t="22">0.37218</Y>
          <Y t="23">0.38926</Y>
          <Y t="24">0.4034</Y>
          <Y t="25">0.41585</Y>
        </Axis>
      </Axis>
      <Axis t="82">
        <Axis>
          <Y t="1">0.01448</Y>
          <Y t="2">0.02165</Y>
          <Y t="3">0.02942</Y>
          <Y t="4">0.04503</Y>
          <Y t="5">0.06148</Y>
          <Y t="6">0.07894</Y>
          <Y t="7">0.09778</Y>
          <Y t="8">0.11822</Y>
          <Y t="9">0.13933</Y>
          <Y t="10">0.15634</Y>
          <Y t="11">0.17428</Y>
          <Y t="12">0.1931</Y>
          <Y t="13">0.21146</Y>
          <Y t="14">0.22767</Y>
          <Y t="15">0.24548</Y>
          <Y t="16">0.26295</Y>
          <Y t="17">0.28365</Y>
          <Y t="18">0.30699</Y>
          <Y t="19">0.33015</Y>
          <Y t="20">0.35212</Y>
          <Y t="21">0.37218</Y>
          <Y t="22">0.38926</Y>
          <Y t="23">0.4034</Y>
          <Y t="24">0.41585</Y>
          <Y t="25">0.4269</Y>
        </Axis>
      </Axis>
      <Axis t="83">
        <Axis>
          <Y t="1">0.01608</Y>
          <Y t="2">0.02397</Y>
          <Y t="3">0.04056</Y>
          <Y t="4">0.05797</Y>
          <Y t="5">0.07636</Y>
          <Y t="6">0.09609</Y>
          <Y t="7">0.11735</Y>
          <Y t="8">0.13933</Y>
          <Y t="9">0.15634</Y>
          <Y t="10">0.17428</Y>
          <Y t="11">0.1931</Y>
          <Y t="12">0.21146</Y>
          <Y t="13">0.22767</Y>
          <Y t="14">0.24548</Y>
          <Y t="15">0.26295</Y>
          <Y t="16">0.28365</Y>
          <Y t="17">0.30699</Y>
          <Y t="18">0.33015</Y>
          <Y t="19">0.35212</Y>
          <Y t="20">0.37218</Y>
          <Y t="21">0.38926</Y>
          <Y t="22">0.4034</Y>
          <Y t="23">0.41585</Y>
          <Y t="24">0.4269</Y>
          <Y t="25">0.43716</Y>
        </Axis>
      </Axis>
      <Axis t="84">
        <Axis>
          <Y t="1">0.01781</Y>
          <Y t="2">0.03035</Y>
          <Y t="3">0.05396</Y>
          <Y t="4">0.07339</Y>
          <Y t="5">0.09413</Y>
          <Y t="6">0.11634</Y>
          <Y t="7">0.13933</Y>
          <Y t="8">0.15634</Y>
          <Y t="9">0.17428</Y>
          <Y t="10">0.1931</Y>
          <Y t="11">0.21146</Y>
          <Y t="12">0.22767</Y>
          <Y t="13">0.24548</Y>
          <Y t="14">0.26295</Y>
          <Y t="15">0.28365</Y>
          <Y t="16">0.30699</Y>
          <Y t="17">0.33015</Y>
          <Y t="18">0.35212</Y>
          <Y t="19">0.37218</Y>
          <Y t="20">0.38926</Y>
          <Y t="21">0.4034</Y>
          <Y t="22">0.41585</Y>
          <Y t="23">0.4269</Y>
          <Y t="24">0.43716</Y>
          <Y t="25">0.44263</Y>
        </Axis>
      </Axis>
      <Axis t="85">
        <Axis>
          <Y t="1">0.01967</Y>
          <Y t="2">0.03793</Y>
          <Y t="3">0.07001</Y>
          <Y t="4">0.09189</Y>
          <Y t="5">0.1152</Y>
          <Y t="6">0.13933</Y>
          <Y t="7">0.15634</Y>
          <Y t="8">0.17428</Y>
          <Y t="9">0.1931</Y>
          <Y t="10">0.21146</Y>
          <Y t="11">0.22767</Y>
          <Y t="12">0.24548</Y>
          <Y t="13">0.26295</Y>
          <Y t="14">0.28365</Y>
          <Y t="15">0.30699</Y>
          <Y t="16">0.33015</Y>
          <Y t="17">0.35212</Y>
          <Y t="18">0.37218</Y>
          <Y t="19">0.38926</Y>
          <Y t="20">0.4034</Y>
          <Y t="21">0.41585</Y>
          <Y t="22">0.4269</Y>
          <Y t="23">0.43716</Y>
          <Y t="24">0.44263</Y>
          <Y t="25">0.44692</Y>
        </Axis>
      </Axis>
      <Axis t="86">
        <Axis>
          <Y t="1">0.02168</Y>
          <Y t="2">0.04691</Y>
          <Y t="3">0.08934</Y>
          <Y t="4">0.1139</Y>
          <Y t="5">0.13933</Y>
          <Y t="6">0.15634</Y>
          <Y t="7">0.17428</Y>
          <Y t="8">0.1931</Y>
          <Y t="9">0.21146</Y>
          <Y t="10">0.22767</Y>
          <Y t="11">0.24548</Y>
          <Y t="12">0.26295</Y>
          <Y t="13">0.28365</Y>
          <Y t="14">0.30699</Y>
          <Y t="15">0.33015</Y>
          <Y t="16">0.35212</Y>
          <Y t="17">0.37218</Y>
          <Y t="18">0.38926</Y>
          <Y t="19">0.4034</Y>
          <Y t="20">0.41585</Y>
          <Y t="21">0.4269</Y>
          <Y t="22">0.43716</Y>
          <Y t="23">0.44263</Y>
          <Y t="24">0.44692</Y>
          <Y t="25">0.45</Y>
        </Axis>
      </Axis>
      <Axis t="87">
        <Axis>
          <Y t="1">0.02384</Y>
          <Y t="2">0.0576</Y>
          <Y t="3">0.11245</Y>
          <Y t="4">0.13933</Y>
          <Y t="5">0.15634</Y>
          <Y t="6">0.17428</Y>
          <Y t="7">0.1931</Y>
          <Y t="8">0.21146</Y>
          <Y t="9">0.22767</Y>
          <Y t="10">0.24548</Y>
          <Y t="11">0.26295</Y>
          <Y t="12">0.28365</Y>
          <Y t="13">0.30699</Y>
          <Y t="14">0.33015</Y>
          <Y t="15">0.35212</Y>
          <Y t="16">0.37218</Y>
          <Y t="17">0.38926</Y>
          <Y t="18">0.4034</Y>
          <Y t="19">0.41585</Y>
          <Y t="20">0.4269</Y>
          <Y t="21">0.43716</Y>
          <Y t="22">0.44263</Y>
          <Y t="23">0.44692</Y>
          <Y t="24">0.45</Y>
          <Y t="25">0.45</Y>
        </Axis>
      </Axis>
      <Axis t="88">
        <Axis>
          <Y t="1">0.02615</Y>
          <Y t="2">0.07025</Y>
          <Y t="3">0.13933</Y>
          <Y t="4">0.15634</Y>
          <Y t="5">0.17428</Y>
          <Y t="6">0.1931</Y>
          <Y t="7">0.21146</Y>
          <Y t="8">0.22767</Y>
          <Y t="9">0.24548</Y>
          <Y t="10">0.26295</Y>
          <Y t="11">0.28365</Y>
          <Y t="12">0.30699</Y>
          <Y t="13">0.33015</Y>
          <Y t="14">0.35212</Y>
          <Y t="15">0.37218</Y>
          <Y t="16">0.38926</Y>
          <Y t="17">0.4034</Y>
          <Y t="18">0.41585</Y>
          <Y t="19">0.4269</Y>
          <Y t="20">0.43716</Y>
          <Y t="21">0.44263</Y>
          <Y t="22">0.44692</Y>
          <Y t="23">0.45</Y>
          <Y t="24">0.45</Y>
          <Y t="25">0.45</Y>
        </Axis>
      </Axis>
      <Axis t="89">
        <Axis>
          <Y t="1">0.02862</Y>
          <Y t="2">0.07341</Y>
          <Y t="3">0.15634</Y>
          <Y t="4">0.17428</Y>
          <Y t="5">0.1931</Y>
          <Y t="6">0.21146</Y>
          <Y t="7">0.22767</Y>
          <Y t="8">0.24548</Y>
          <Y t="9">0.26295</Y>
          <Y t="10">0.28365</Y>
          <Y t="11">0.30699</Y>
          <Y t="12">0.33015</Y>
          <Y t="13">0.35212</Y>
          <Y t="14">0.37218</Y>
          <Y t="15">0.38926</Y>
          <Y t="16">0.4034</Y>
          <Y t="17">0.41585</Y>
          <Y t="18">0.4269</Y>
          <Y t="19">0.43716</Y>
          <Y t="20">0.44263</Y>
          <Y t="21">0.44692</Y>
          <Y t="22">0.45</Y>
          <Y t="23">0.45</Y>
          <Y t="24">0.45</Y>
          <Y t="25">0.45</Y>
        </Axis>
      </Axis>
      <Axis t="90">
        <Axis>
          <Y t="1">0.03133</Y>
          <Y t="2">0.08851</Y>
          <Y t="3">0.17428</Y>
          <Y t="4">0.1931</Y>
          <Y t="5">0.21146</Y>
          <Y t="6">0.22767</Y>
          <Y t="7">0.24548</Y>
          <Y t="8">0.26295</Y>
          <Y t="9">0.28365</Y>
          <Y t="10">0.30699</Y>
          <Y t="11">0.33015</Y>
          <Y t="12">0.35212</Y>
          <Y t="13">0.37218</Y>
          <Y t="14">0.38926</Y>
          <Y t="15">0.4034</Y>
          <Y t="16">0.41585</Y>
          <Y t="17">0.4269</Y>
          <Y t="18">0.43716</Y>
          <Y t="19">0.44263</Y>
          <Y t="20">0.44692</Y>
          <Y t="21">0.45</Y>
          <Y t="22">0.45</Y>
          <Y t="23">0.45</Y>
          <Y t="24">0.45</Y>
          <Y t="25">0.45</Y>
        </Axis>
      </Axis>
    </Values>
  </Table>
  <Table>
    <MetaData>
      <ScalingFactor>0</ScalingFactor>
      <DataType tc="2">Floating Point</DataType>
      <Nation tc="1">United States of America</Nation>
      <TableDescription>2008 VBT Primary Table - Male, Non-Smoker, Age Nearest Birthday, Ultimate</TableDescription>
      <AxisDef id="Age">
        <ScaleType tc="3">Age</ScaleType>
        <AxisName>Age</AxisName>
        <MinScaleValue>25</MinScaleValue>
        <MaxScaleValue>120</MaxScaleValue>
        <Increment>1</Increment>
      </AxisDef>
    </MetaData>
    <Values>
      <Axis>
        <Y t="25">0.00098</Y>
        <Y t="26">0.00093</Y>
        <Y t="27">0.00088</Y>
        <Y t="28">0.00087</Y>
        <Y t="29">0.00086</Y>
        <Y t="30">0.00087</Y>
        <Y t="31">0.00088</Y>
        <Y t="32">0.0009</Y>
        <Y t="33">0.00093</Y>
        <Y t="34">0.00097</Y>
        <Y t="35">0.00102</Y>
        <Y t="36">0.00108</Y>
        <Y t="37">0.00114</Y>
        <Y t="38">0.00121</Y>
        <Y t="39">0.00128</Y>
        <Y t="40">0.00136</Y>
        <Y t="41">0.00144</Y>
        <Y t="42">0.00153</Y>
        <Y t="43">0.00162</Y>
        <Y t="44">0.00173</Y>
        <Y t="45">0.00182</Y>
        <Y t="46">0.00193</Y>
        <Y t="47">0.00205</Y>
        <Y t="48">0.00218</Y>
        <Y t="49">0.00232</Y>
        <Y t="50">0.00248</Y>
        <Y t="51">0.00265</Y>
        <Y t="52">0.00284</Y>
        <Y t="53">0.00306</Y>
        <Y t="54">0.00329</Y>
        <Y t="55">0.00356</Y>
        <Y t="56">0.00386</Y>
        <Y t="57">0.00419</Y>
        <Y t="58">0.00456</Y>
        <Y t="59">0.00497</Y>
        <Y t="60">0.00544</Y>
        <Y t="61">0.00598</Y>
        <Y t="62">0.00658</Y>
        <Y t="63">0.00726</Y>
        <Y t="64">0.00803</Y>
        <Y t="65">0.0089</Y>
        <Y t="66">0.00988</Y>
        <Y t="67">0.011</Y>
        <Y t="68">0.01226</Y>
        <Y t="69">0.01368</Y>
        <Y t="70">0.01528</Y>
        <Y t="71">0.01708</Y>
        <Y t="72">0.0191</Y>
        <Y t="73">0.02135</Y>
        <Y t="74">0.02387</Y>
        <Y t="75">0.02667</Y>
        <Y t="76">0.02978</Y>
        <Y t="77">0.03323</Y>
        <Y t="78">0.03704</Y>
        <Y t="79">0.04123</Y>
        <Y t="80">0.04584</Y>
        <Y t="81">0.05112</Y>
        <Y t="82">0.05692</Y>
        <Y t="83">0.06327</Y>
        <Y t="84">0.07022</Y>
        <Y t="85">0.07864</Y>
        <Y t="86">0.08811</Y>
        <Y t="87">0.09873</Y>
        <Y t="88">0.11088</Y>
        <Y t="89">0.1246</Y>
        <Y t="90">0.13933</Y>
        <Y t="91">0.15634</Y>
        <Y t="92">0.17428</Y>
        <Y t="93">0.1931</Y>
        <Y t="94">0.21146</Y>
        <Y t="95">0.22767</Y>
        <Y t="96">0.24548</Y>
        <Y t="97">0.26295</Y>
        <Y t="98">0.28365</Y>
        <Y t="99">0.30699</Y>
        <Y t="100">0.33015</Y>
        <Y t="101">0.35212</Y>
        <Y t="102">0.37218</Y>
        <Y t="103">0.38926</Y>
        <Y t="104">0.4034</Y>
        <Y t="105">0.41585</Y>
        <Y t="106">0.4269</Y>
        <Y t="107">0.43716</Y>
        <Y t="108">0.44263</Y>
        <Y t="109">0.44692</Y>
        <Y t="110">0.45</Y>
        <Y t="111">0.45</Y>
        <Y t="112">0.45</Y>
        <Y t="113">0.45</Y>
        <Y t="114">0.45</Y>
        <Y t="115">0.45</Y>
        <Y t="116">0.45</Y>
        <Y t="117">0.45</Y>
        <Y t="118">0.45</Y>
        <Y t="119">0.45</Y>
        <Y t="120">0.45</Y>
      </Axis>
    </Values>
  </Table>
</XTbML>