﻿<?xml version="1.0" encoding="utf-8"?>
<XTbML>
  <ContentClassification>
    <TableIdentity>1001</TableIdentity>
    <ProviderDomain>soa.org</ProviderDomain>
    <ProviderName>Society of Actuaries</ProviderName>
    <TableReference>Society of Actuaries website</TableReference>
    <ContentType tc="4">Insured Lives Mortality</ContentType>
    <TableName>2008 VBT (FPT) Smoking Unknown ANB - December 2008 (Interim, not final)</TableName>
    <TableDescription>2008 VBT Primary Table -Female, Smoking unknown, age nearest birthday</TableDescription>
    <Comments>The 2008 VBT is composed of two aggregate or combined standard and preferred risk tables. The aggregate tables are referred to as the Primary Table and the Limited Underwriting Table.  The Team then subdivided the Primary Table into multiple tables to reflect the range of expected mortality from super-preferred to residual standard risk.  These multiple tables are referred to as the Relative Risk (RR) Tables.</Comments>
    <KeyWord>Select</KeyWord>
    <KeyWord>Insured Lives Mortality</KeyWord>
    <KeyWord>United States of America</KeyWord>
  </ContentClassification>
  <Table>
    <MetaData>
      <ScalingFactor>0</ScalingFactor>
      <DataType tc="2">Floating Point</DataType>
      <Nation tc="1">United States of America</Nation>
      <TableDescription>2008 VBT Primary Table -Female, Smoking unknown, age nearest birthday, Select</TableDescription>
      <AxisDef id="Age">
        <ScaleType tc="3">Age</ScaleType>
        <AxisName>Age</AxisName>
        <MinScaleValue>0</MinScaleValue>
        <MaxScaleValue>90</MaxScaleValue>
        <Increment>1</Increment>
      </AxisDef>
      <AxisDef id="Duration">
        <ScaleType tc="2">Ordinal Date</ScaleType>
        <AxisName>Duration</AxisName>
        <MinScaleValue>1</MinScaleValue>
        <MaxScaleValue>25</MaxScaleValue>
        <Increment>1</Increment>
      </AxisDef>
    </MetaData>
    <Values>
      <Axis t="0">
        <Axis>
          <Y t="1">0.00031</Y>
          <Y t="2">0.00026</Y>
          <Y t="3">0.00022</Y>
          <Y t="4">0.00017</Y>
          <Y t="5">0.00013</Y>
          <Y t="6">0.00012</Y>
          <Y t="7">0.00011</Y>
          <Y t="8">0.00011</Y>
          <Y t="9">0.0001</Y>
          <Y t="10">0.0001</Y>
          <Y t="11">9E-05</Y>
          <Y t="12">9E-05</Y>
          <Y t="13">0.00011</Y>
          <Y t="14">0.00014</Y>
          <Y t="15">0.00018</Y>
          <Y t="16">0.00023</Y>
          <Y t="17">0.00027</Y>
          <Y t="18">0.0003</Y>
          <Y t="19">0.00031</Y>
          <Y t="20">0.00031</Y>
          <Y t="21">0.0003</Y>
          <Y t="22">0.0003</Y>
          <Y t="23">0.0003</Y>
          <Y t="24">0.0003</Y>
          <Y t="25">0.0003</Y>
        </Axis>
      </Axis>
      <Axis t="1">
        <Axis>
          <Y t="1">0.00026</Y>
          <Y t="2">0.00022</Y>
          <Y t="3">0.00017</Y>
          <Y t="4">0.00013</Y>
          <Y t="5">0.00012</Y>
          <Y t="6">0.00011</Y>
          <Y t="7">0.00011</Y>
          <Y t="8">0.0001</Y>
          <Y t="9">0.0001</Y>
          <Y t="10">9E-05</Y>
          <Y t="11">9E-05</Y>
          <Y t="12">0.00011</Y>
          <Y t="13">0.00014</Y>
          <Y t="14">0.00018</Y>
          <Y t="15">0.00023</Y>
          <Y t="16">0.00027</Y>
          <Y t="17">0.0003</Y>
          <Y t="18">0.00031</Y>
          <Y t="19">0.00031</Y>
          <Y t="20">0.0003</Y>
          <Y t="21">0.0003</Y>
          <Y t="22">0.0003</Y>
          <Y t="23">0.0003</Y>
          <Y t="24">0.0003</Y>
          <Y t="25">0.0003</Y>
        </Axis>
      </Axis>
      <Axis t="2">
        <Axis>
          <Y t="1">0.00022</Y>
          <Y t="2">0.00017</Y>
          <Y t="3">0.00013</Y>
          <Y t="4">0.00012</Y>
          <Y t="5">0.00011</Y>
          <Y t="6">0.00011</Y>
          <Y t="7">0.0001</Y>
          <Y t="8">0.0001</Y>
          <Y t="9">9E-05</Y>
          <Y t="10">9E-05</Y>
          <Y t="11">0.00011</Y>
          <Y t="12">0.00014</Y>
          <Y t="13">0.00018</Y>
          <Y t="14">0.00023</Y>
          <Y t="15">0.00027</Y>
          <Y t="16">0.0003</Y>
          <Y t="17">0.00031</Y>
          <Y t="18">0.00031</Y>
          <Y t="19">0.0003</Y>
          <Y t="20">0.0003</Y>
          <Y t="21">0.0003</Y>
          <Y t="22">0.0003</Y>
          <Y t="23">0.0003</Y>
          <Y t="24">0.0003</Y>
          <Y t="25">0.0003</Y>
        </Axis>
      </Axis>
      <Axis t="3">
        <Axis>
          <Y t="1">0.00017</Y>
          <Y t="2">0.00013</Y>
          <Y t="3">0.00012</Y>
          <Y t="4">0.00011</Y>
          <Y t="5">0.00011</Y>
          <Y t="6">0.0001</Y>
          <Y t="7">0.0001</Y>
          <Y t="8">9E-05</Y>
          <Y t="9">9E-05</Y>
          <Y t="10">0.00011</Y>
          <Y t="11">0.00014</Y>
          <Y t="12">0.00018</Y>
          <Y t="13">0.00023</Y>
          <Y t="14">0.00027</Y>
          <Y t="15">0.0003</Y>
          <Y t="16">0.00031</Y>
          <Y t="17">0.00031</Y>
          <Y t="18">0.0003</Y>
          <Y t="19">0.0003</Y>
          <Y t="20">0.0003</Y>
          <Y t="21">0.0003</Y>
          <Y t="22">0.0003</Y>
          <Y t="23">0.0003</Y>
          <Y t="24">0.0003</Y>
          <Y t="25">0.00031</Y>
        </Axis>
      </Axis>
      <Axis t="4">
        <Axis>
          <Y t="1">0.00013</Y>
          <Y t="2">0.00012</Y>
          <Y t="3">0.00011</Y>
          <Y t="4">0.00011</Y>
          <Y t="5">0.0001</Y>
          <Y t="6">0.0001</Y>
          <Y t="7">9E-05</Y>
          <Y t="8">9E-05</Y>
          <Y t="9">0.00011</Y>
          <Y t="10">0.00014</Y>
          <Y t="11">0.00018</Y>
          <Y t="12">0.00023</Y>
          <Y t="13">0.00027</Y>
          <Y t="14">0.0003</Y>
          <Y t="15">0.00031</Y>
          <Y t="16">0.00031</Y>
          <Y t="17">0.0003</Y>
          <Y t="18">0.0003</Y>
          <Y t="19">0.0003</Y>
          <Y t="20">0.0003</Y>
          <Y t="21">0.0003</Y>
          <Y t="22">0.0003</Y>
          <Y t="23">0.0003</Y>
          <Y t="24">0.00031</Y>
          <Y t="25">0.00032</Y>
        </Axis>
      </Axis>
      <Axis t="5">
        <Axis>
          <Y t="1">0.00012</Y>
          <Y t="2">0.00011</Y>
          <Y t="3">0.00011</Y>
          <Y t="4">0.0001</Y>
          <Y t="5">0.0001</Y>
          <Y t="6">9E-05</Y>
          <Y t="7">9E-05</Y>
          <Y t="8">0.00011</Y>
          <Y t="9">0.00014</Y>
          <Y t="10">0.00018</Y>
          <Y t="11">0.00023</Y>
          <Y t="12">0.00027</Y>
          <Y t="13">0.0003</Y>
          <Y t="14">0.00031</Y>
          <Y t="15">0.00031</Y>
          <Y t="16">0.0003</Y>
          <Y t="17">0.0003</Y>
          <Y t="18">0.0003</Y>
          <Y t="19">0.0003</Y>
          <Y t="20">0.0003</Y>
          <Y t="21">0.0003</Y>
          <Y t="22">0.0003</Y>
          <Y t="23">0.00031</Y>
          <Y t="24">0.00032</Y>
          <Y t="25">0.00033</Y>
        </Axis>
      </Axis>
      <Axis t="6">
        <Axis>
          <Y t="1">0.00011</Y>
          <Y t="2">0.00011</Y>
          <Y t="3">0.0001</Y>
          <Y t="4">0.0001</Y>
          <Y t="5">9E-05</Y>
          <Y t="6">9E-05</Y>
          <Y t="7">0.00011</Y>
          <Y t="8">0.00014</Y>
          <Y t="9">0.00018</Y>
          <Y t="10">0.00023</Y>
          <Y t="11">0.00027</Y>
          <Y t="12">0.0003</Y>
          <Y t="13">0.00031</Y>
          <Y t="14">0.00031</Y>
          <Y t="15">0.0003</Y>
          <Y t="16">0.0003</Y>
          <Y t="17">0.0003</Y>
          <Y t="18">0.0003</Y>
          <Y t="19">0.0003</Y>
          <Y t="20">0.0003</Y>
          <Y t="21">0.0003</Y>
          <Y t="22">0.00031</Y>
          <Y t="23">0.00032</Y>
          <Y t="24">0.00033</Y>
          <Y t="25">0.00035</Y>
        </Axis>
      </Axis>
      <Axis t="7">
        <Axis>
          <Y t="1">0.00011</Y>
          <Y t="2">0.0001</Y>
          <Y t="3">0.0001</Y>
          <Y t="4">9E-05</Y>
          <Y t="5">9E-05</Y>
          <Y t="6">0.00011</Y>
          <Y t="7">0.00014</Y>
          <Y t="8">0.00018</Y>
          <Y t="9">0.00023</Y>
          <Y t="10">0.00027</Y>
          <Y t="11">0.0003</Y>
          <Y t="12">0.00031</Y>
          <Y t="13">0.00031</Y>
          <Y t="14">0.0003</Y>
          <Y t="15">0.0003</Y>
          <Y t="16">0.0003</Y>
          <Y t="17">0.0003</Y>
          <Y t="18">0.0003</Y>
          <Y t="19">0.0003</Y>
          <Y t="20">0.0003</Y>
          <Y t="21">0.00031</Y>
          <Y t="22">0.00032</Y>
          <Y t="23">0.00033</Y>
          <Y t="24">0.00035</Y>
          <Y t="25">0.00037</Y>
        </Axis>
      </Axis>
      <Axis t="8">
        <Axis>
          <Y t="1">0.0001</Y>
          <Y t="2">0.0001</Y>
          <Y t="3">9E-05</Y>
          <Y t="4">9E-05</Y>
          <Y t="5">0.00011</Y>
          <Y t="6">0.00014</Y>
          <Y t="7">0.00018</Y>
          <Y t="8">0.00023</Y>
          <Y t="9">0.00027</Y>
          <Y t="10">0.0003</Y>
          <Y t="11">0.00031</Y>
          <Y t="12">0.00031</Y>
          <Y t="13">0.0003</Y>
          <Y t="14">0.0003</Y>
          <Y t="15">0.0003</Y>
          <Y t="16">0.0003</Y>
          <Y t="17">0.0003</Y>
          <Y t="18">0.0003</Y>
          <Y t="19">0.0003</Y>
          <Y t="20">0.00031</Y>
          <Y t="21">0.00032</Y>
          <Y t="22">0.00033</Y>
          <Y t="23">0.00035</Y>
          <Y t="24">0.00037</Y>
          <Y t="25">0.0004</Y>
        </Axis>
      </Axis>
      <Axis t="9">
        <Axis>
          <Y t="1">0.0001</Y>
          <Y t="2">9E-05</Y>
          <Y t="3">9E-05</Y>
          <Y t="4">0.00011</Y>
          <Y t="5">0.00014</Y>
          <Y t="6">0.00018</Y>
          <Y t="7">0.00023</Y>
          <Y t="8">0.00027</Y>
          <Y t="9">0.0003</Y>
          <Y t="10">0.00031</Y>
          <Y t="11">0.00031</Y>
          <Y t="12">0.0003</Y>
          <Y t="13">0.0003</Y>
          <Y t="14">0.0003</Y>
          <Y t="15">0.0003</Y>
          <Y t="16">0.0003</Y>
          <Y t="17">0.0003</Y>
          <Y t="18">0.0003</Y>
          <Y t="19">0.00031</Y>
          <Y t="20">0.00032</Y>
          <Y t="21">0.00033</Y>
          <Y t="22">0.00035</Y>
          <Y t="23">0.00037</Y>
          <Y t="24">0.0004</Y>
          <Y t="25">0.00043</Y>
        </Axis>
      </Axis>
      <Axis t="10">
        <Axis>
          <Y t="1">9E-05</Y>
          <Y t="2">9E-05</Y>
          <Y t="3">0.00011</Y>
          <Y t="4">0.00014</Y>
          <Y t="5">0.00018</Y>
          <Y t="6">0.00023</Y>
          <Y t="7">0.00027</Y>
          <Y t="8">0.0003</Y>
          <Y t="9">0.00031</Y>
          <Y t="10">0.00031</Y>
          <Y t="11">0.0003</Y>
          <Y t="12">0.0003</Y>
          <Y t="13">0.0003</Y>
          <Y t="14">0.0003</Y>
          <Y t="15">0.0003</Y>
          <Y t="16">0.0003</Y>
          <Y t="17">0.0003</Y>
          <Y t="18">0.00031</Y>
          <Y t="19">0.00032</Y>
          <Y t="20">0.00033</Y>
          <Y t="21">0.00035</Y>
          <Y t="22">0.00037</Y>
          <Y t="23">0.0004</Y>
          <Y t="24">0.00043</Y>
          <Y t="25">0.00046</Y>
        </Axis>
      </Axis>
      <Axis t="11">
        <Axis>
          <Y t="1">9E-05</Y>
          <Y t="2">0.0001</Y>
          <Y t="3">0.00013</Y>
          <Y t="4">0.00018</Y>
          <Y t="5">0.00022</Y>
          <Y t="6">0.00026</Y>
          <Y t="7">0.00029</Y>
          <Y t="8">0.0003</Y>
          <Y t="9">0.0003</Y>
          <Y t="10">0.0003</Y>
          <Y t="11">0.0003</Y>
          <Y t="12">0.0003</Y>
          <Y t="13">0.00029</Y>
          <Y t="14">0.00029</Y>
          <Y t="15">0.00029</Y>
          <Y t="16">0.0003</Y>
          <Y t="17">0.00031</Y>
          <Y t="18">0.00032</Y>
          <Y t="19">0.00033</Y>
          <Y t="20">0.00035</Y>
          <Y t="21">0.00037</Y>
          <Y t="22">0.0004</Y>
          <Y t="23">0.00043</Y>
          <Y t="24">0.00046</Y>
          <Y t="25">0.0005</Y>
        </Axis>
      </Axis>
      <Axis t="12">
        <Axis>
          <Y t="1">0.0001</Y>
          <Y t="2">0.00013</Y>
          <Y t="3">0.00017</Y>
          <Y t="4">0.00022</Y>
          <Y t="5">0.00025</Y>
          <Y t="6">0.00028</Y>
          <Y t="7">0.00029</Y>
          <Y t="8">0.00029</Y>
          <Y t="9">0.00029</Y>
          <Y t="10">0.00029</Y>
          <Y t="11">0.00029</Y>
          <Y t="12">0.00029</Y>
          <Y t="13">0.00029</Y>
          <Y t="14">0.00029</Y>
          <Y t="15">0.00029</Y>
          <Y t="16">0.0003</Y>
          <Y t="17">0.00031</Y>
          <Y t="18">0.00033</Y>
          <Y t="19">0.00035</Y>
          <Y t="20">0.00037</Y>
          <Y t="21">0.0004</Y>
          <Y t="22">0.00043</Y>
          <Y t="23">0.00046</Y>
          <Y t="24">0.0005</Y>
          <Y t="25">0.00054</Y>
        </Axis>
      </Axis>
      <Axis t="13">
        <Axis>
          <Y t="1">0.00012</Y>
          <Y t="2">0.00016</Y>
          <Y t="3">0.00021</Y>
          <Y t="4">0.00025</Y>
          <Y t="5">0.00027</Y>
          <Y t="6">0.00028</Y>
          <Y t="7">0.00029</Y>
          <Y t="8">0.00028</Y>
          <Y t="9">0.00028</Y>
          <Y t="10">0.00028</Y>
          <Y t="11">0.00028</Y>
          <Y t="12">0.00028</Y>
          <Y t="13">0.00028</Y>
          <Y t="14">0.00028</Y>
          <Y t="15">0.00029</Y>
          <Y t="16">0.00031</Y>
          <Y t="17">0.00033</Y>
          <Y t="18">0.00035</Y>
          <Y t="19">0.00037</Y>
          <Y t="20">0.0004</Y>
          <Y t="21">0.00043</Y>
          <Y t="22">0.00046</Y>
          <Y t="23">0.0005</Y>
          <Y t="24">0.00054</Y>
          <Y t="25">0.00058</Y>
        </Axis>
      </Axis>
      <Axis t="14">
        <Axis>
          <Y t="1">0.00015</Y>
          <Y t="2">0.0002</Y>
          <Y t="3">0.00024</Y>
          <Y t="4">0.00027</Y>
          <Y t="5">0.00028</Y>
          <Y t="6">0.00028</Y>
          <Y t="7">0.00027</Y>
          <Y t="8">0.00028</Y>
          <Y t="9">0.00028</Y>
          <Y t="10">0.00028</Y>
          <Y t="11">0.00028</Y>
          <Y t="12">0.00027</Y>
          <Y t="13">0.00028</Y>
          <Y t="14">0.00029</Y>
          <Y t="15">0.0003</Y>
          <Y t="16">0.00032</Y>
          <Y t="17">0.00034</Y>
          <Y t="18">0.00036</Y>
          <Y t="19">0.00039</Y>
          <Y t="20">0.00043</Y>
          <Y t="21">0.00046</Y>
          <Y t="22">0.0005</Y>
          <Y t="23">0.00054</Y>
          <Y t="24">0.00058</Y>
          <Y t="25">0.00063</Y>
        </Axis>
      </Axis>
      <Axis t="15">
        <Axis>
          <Y t="1">0.00018</Y>
          <Y t="2">0.00023</Y>
          <Y t="3">0.00026</Y>
          <Y t="4">0.00027</Y>
          <Y t="5">0.00027</Y>
          <Y t="6">0.00026</Y>
          <Y t="7">0.00027</Y>
          <Y t="8">0.00027</Y>
          <Y t="9">0.00027</Y>
          <Y t="10">0.00027</Y>
          <Y t="11">0.00027</Y>
          <Y t="12">0.00027</Y>
          <Y t="13">0.00028</Y>
          <Y t="14">0.00029</Y>
          <Y t="15">0.00031</Y>
          <Y t="16">0.00033</Y>
          <Y t="17">0.00035</Y>
          <Y t="18">0.00039</Y>
          <Y t="19">0.00042</Y>
          <Y t="20">0.00046</Y>
          <Y t="21">0.0005</Y>
          <Y t="22">0.00054</Y>
          <Y t="23">0.00058</Y>
          <Y t="24">0.00063</Y>
          <Y t="25">0.00067</Y>
        </Axis>
      </Axis>
      <Axis t="16">
        <Axis>
          <Y t="1">0.0002</Y>
          <Y t="2">0.00024</Y>
          <Y t="3">0.00026</Y>
          <Y t="4">0.00026</Y>
          <Y t="5">0.00026</Y>
          <Y t="6">0.00026</Y>
          <Y t="7">0.00026</Y>
          <Y t="8">0.00026</Y>
          <Y t="9">0.00026</Y>
          <Y t="10">0.00027</Y>
          <Y t="11">0.00027</Y>
          <Y t="12">0.00027</Y>
          <Y t="13">0.00028</Y>
          <Y t="14">0.0003</Y>
          <Y t="15">0.00032</Y>
          <Y t="16">0.00034</Y>
          <Y t="17">0.00038</Y>
          <Y t="18">0.00041</Y>
          <Y t="19">0.00046</Y>
          <Y t="20">0.0005</Y>
          <Y t="21">0.00054</Y>
          <Y t="22">0.00058</Y>
          <Y t="23">0.00062</Y>
          <Y t="24">0.00067</Y>
          <Y t="25">0.00072</Y>
        </Axis>
      </Axis>
      <Axis t="17">
        <Axis>
          <Y t="1">0.00021</Y>
          <Y t="2">0.00024</Y>
          <Y t="3">0.00025</Y>
          <Y t="4">0.00025</Y>
          <Y t="5">0.00025</Y>
          <Y t="6">0.00025</Y>
          <Y t="7">0.00025</Y>
          <Y t="8">0.00026</Y>
          <Y t="9">0.00026</Y>
          <Y t="10">0.00026</Y>
          <Y t="11">0.00027</Y>
          <Y t="12">0.00028</Y>
          <Y t="13">0.00029</Y>
          <Y t="14">0.00031</Y>
          <Y t="15">0.00033</Y>
          <Y t="16">0.00036</Y>
          <Y t="17">0.0004</Y>
          <Y t="18">0.00045</Y>
          <Y t="19">0.00049</Y>
          <Y t="20">0.00053</Y>
          <Y t="21">0.00058</Y>
          <Y t="22">0.00062</Y>
          <Y t="23">0.00067</Y>
          <Y t="24">0.00071</Y>
          <Y t="25">0.00076</Y>
        </Axis>
      </Axis>
      <Axis t="18">
        <Axis>
          <Y t="1">0.00028</Y>
          <Y t="2">0.00029</Y>
          <Y t="3">0.00029</Y>
          <Y t="4">0.00028</Y>
          <Y t="5">0.00027</Y>
          <Y t="6">0.00026</Y>
          <Y t="7">0.00026</Y>
          <Y t="8">0.00027</Y>
          <Y t="9">0.00028</Y>
          <Y t="10">0.00028</Y>
          <Y t="11">0.0003</Y>
          <Y t="12">0.00031</Y>
          <Y t="13">0.00033</Y>
          <Y t="14">0.00035</Y>
          <Y t="15">0.00038</Y>
          <Y t="16">0.00042</Y>
          <Y t="17">0.00048</Y>
          <Y t="18">0.00054</Y>
          <Y t="19">0.0006</Y>
          <Y t="20">0.00065</Y>
          <Y t="21">0.0007</Y>
          <Y t="22">0.00075</Y>
          <Y t="23">0.00082</Y>
          <Y t="24">0.00088</Y>
          <Y t="25">0.00094</Y>
        </Axis>
      </Axis>
      <Axis t="19">
        <Axis>
          <Y t="1">0.00025</Y>
          <Y t="2">0.00027</Y>
          <Y t="3">0.00027</Y>
          <Y t="4">0.00026</Y>
          <Y t="5">0.00026</Y>
          <Y t="6">0.00025</Y>
          <Y t="7">0.00025</Y>
          <Y t="8">0.00027</Y>
          <Y t="9">0.00028</Y>
          <Y t="10">0.00029</Y>
          <Y t="11">0.00031</Y>
          <Y t="12">0.00032</Y>
          <Y t="13">0.00034</Y>
          <Y t="14">0.00037</Y>
          <Y t="15">0.0004</Y>
          <Y t="16">0.00046</Y>
          <Y t="17">0.00052</Y>
          <Y t="18">0.00057</Y>
          <Y t="19">0.00065</Y>
          <Y t="20">0.0007</Y>
          <Y t="21">0.00075</Y>
          <Y t="22">0.00082</Y>
          <Y t="23">0.00088</Y>
          <Y t="24">0.00094</Y>
          <Y t="25">0.001</Y>
        </Axis>
      </Axis>
      <Axis t="20">
        <Axis>
          <Y t="1">0.00024</Y>
          <Y t="2">0.00026</Y>
          <Y t="3">0.00025</Y>
          <Y t="4">0.00025</Y>
          <Y t="5">0.00024</Y>
          <Y t="6">0.00024</Y>
          <Y t="7">0.00024</Y>
          <Y t="8">0.00026</Y>
          <Y t="9">0.00028</Y>
          <Y t="10">0.0003</Y>
          <Y t="11">0.00032</Y>
          <Y t="12">0.00033</Y>
          <Y t="13">0.00035</Y>
          <Y t="14">0.00039</Y>
          <Y t="15">0.00044</Y>
          <Y t="16">0.00049</Y>
          <Y t="17">0.00055</Y>
          <Y t="18">0.00062</Y>
          <Y t="19">0.00069</Y>
          <Y t="20">0.00075</Y>
          <Y t="21">0.00082</Y>
          <Y t="22">0.00087</Y>
          <Y t="23">0.00093</Y>
          <Y t="24">0.001</Y>
          <Y t="25">0.00109</Y>
        </Axis>
      </Axis>
      <Axis t="21">
        <Axis>
          <Y t="1">0.00022</Y>
          <Y t="2">0.00024</Y>
          <Y t="3">0.00024</Y>
          <Y t="4">0.00023</Y>
          <Y t="5">0.00023</Y>
          <Y t="6">0.00024</Y>
          <Y t="7">0.00024</Y>
          <Y t="8">0.00027</Y>
          <Y t="9">0.00028</Y>
          <Y t="10">0.00031</Y>
          <Y t="11">0.00033</Y>
          <Y t="12">0.00034</Y>
          <Y t="13">0.00038</Y>
          <Y t="14">0.00041</Y>
          <Y t="15">0.00046</Y>
          <Y t="16">0.00052</Y>
          <Y t="17">0.00059</Y>
          <Y t="18">0.00067</Y>
          <Y t="19">0.00074</Y>
          <Y t="20">0.00081</Y>
          <Y t="21">0.00087</Y>
          <Y t="22">0.00093</Y>
          <Y t="23">0.00099</Y>
          <Y t="24">0.00107</Y>
          <Y t="25">0.00117</Y>
        </Axis>
      </Axis>
      <Axis t="22">
        <Axis>
          <Y t="1">0.00019</Y>
          <Y t="2">0.00022</Y>
          <Y t="3">0.00022</Y>
          <Y t="4">0.00023</Y>
          <Y t="5">0.00023</Y>
          <Y t="6">0.00024</Y>
          <Y t="7">0.00025</Y>
          <Y t="8">0.00027</Y>
          <Y t="9">0.0003</Y>
          <Y t="10">0.00032</Y>
          <Y t="11">0.00034</Y>
          <Y t="12">0.00037</Y>
          <Y t="13">0.0004</Y>
          <Y t="14">0.00044</Y>
          <Y t="15">0.00048</Y>
          <Y t="16">0.00055</Y>
          <Y t="17">0.00064</Y>
          <Y t="18">0.00072</Y>
          <Y t="19">0.00079</Y>
          <Y t="20">0.00087</Y>
          <Y t="21">0.00093</Y>
          <Y t="22">0.00099</Y>
          <Y t="23">0.00106</Y>
          <Y t="24">0.00116</Y>
          <Y t="25">0.00129</Y>
        </Axis>
      </Axis>
      <Axis t="23">
        <Axis>
          <Y t="1">0.00018</Y>
          <Y t="2">0.00021</Y>
          <Y t="3">0.00022</Y>
          <Y t="4">0.00022</Y>
          <Y t="5">0.00023</Y>
          <Y t="6">0.00024</Y>
          <Y t="7">0.00025</Y>
          <Y t="8">0.00028</Y>
          <Y t="9">0.00031</Y>
          <Y t="10">0.00033</Y>
          <Y t="11">0.00036</Y>
          <Y t="12">0.00039</Y>
          <Y t="13">0.00043</Y>
          <Y t="14">0.00046</Y>
          <Y t="15">0.00052</Y>
          <Y t="16">0.00059</Y>
          <Y t="17">0.00067</Y>
          <Y t="18">0.00076</Y>
          <Y t="19">0.00084</Y>
          <Y t="20">0.00091</Y>
          <Y t="21">0.00098</Y>
          <Y t="22">0.00106</Y>
          <Y t="23">0.00115</Y>
          <Y t="24">0.00128</Y>
          <Y t="25">0.00145</Y>
        </Axis>
      </Axis>
      <Axis t="24">
        <Axis>
          <Y t="1">0.00016</Y>
          <Y t="2">0.00019</Y>
          <Y t="3">0.00021</Y>
          <Y t="4">0.00022</Y>
          <Y t="5">0.00023</Y>
          <Y t="6">0.00024</Y>
          <Y t="7">0.00026</Y>
          <Y t="8">0.00029</Y>
          <Y t="9">0.00032</Y>
          <Y t="10">0.00036</Y>
          <Y t="11">0.00038</Y>
          <Y t="12">0.00042</Y>
          <Y t="13">0.00045</Y>
          <Y t="14">0.00049</Y>
          <Y t="15">0.00055</Y>
          <Y t="16">0.00063</Y>
          <Y t="17">0.00071</Y>
          <Y t="18">0.00081</Y>
          <Y t="19">0.0009</Y>
          <Y t="20">0.00098</Y>
          <Y t="21">0.00105</Y>
          <Y t="22">0.00115</Y>
          <Y t="23">0.00126</Y>
          <Y t="24">0.00144</Y>
          <Y t="25">0.00164</Y>
        </Axis>
      </Axis>
      <Axis t="25">
        <Axis>
          <Y t="1">0.00015</Y>
          <Y t="2">0.00018</Y>
          <Y t="3">0.00021</Y>
          <Y t="4">0.00022</Y>
          <Y t="5">0.00023</Y>
          <Y t="6">0.00024</Y>
          <Y t="7">0.00026</Y>
          <Y t="8">0.0003</Y>
          <Y t="9">0.00034</Y>
          <Y t="10">0.00038</Y>
          <Y t="11">0.00041</Y>
          <Y t="12">0.00043</Y>
          <Y t="13">0.00048</Y>
          <Y t="14">0.00051</Y>
          <Y t="15">0.00057</Y>
          <Y t="16">0.00067</Y>
          <Y t="17">0.00076</Y>
          <Y t="18">0.00086</Y>
          <Y t="19">0.00095</Y>
          <Y t="20">0.00105</Y>
          <Y t="21">0.00114</Y>
          <Y t="22">0.00125</Y>
          <Y t="23">0.00143</Y>
          <Y t="24">0.00163</Y>
          <Y t="25">0.00185</Y>
        </Axis>
      </Axis>
      <Axis t="26">
        <Axis>
          <Y t="1">0.00015</Y>
          <Y t="2">0.00018</Y>
          <Y t="3">0.00021</Y>
          <Y t="4">0.00022</Y>
          <Y t="5">0.00023</Y>
          <Y t="6">0.00024</Y>
          <Y t="7">0.00027</Y>
          <Y t="8">0.00031</Y>
          <Y t="9">0.00036</Y>
          <Y t="10">0.00039</Y>
          <Y t="11">0.00042</Y>
          <Y t="12">0.00045</Y>
          <Y t="13">0.00049</Y>
          <Y t="14">0.00055</Y>
          <Y t="15">0.00062</Y>
          <Y t="16">0.00071</Y>
          <Y t="17">0.00081</Y>
          <Y t="18">0.00092</Y>
          <Y t="19">0.00101</Y>
          <Y t="20">0.00112</Y>
          <Y t="21">0.00123</Y>
          <Y t="22">0.00135</Y>
          <Y t="23">0.00152</Y>
          <Y t="24">0.00171</Y>
          <Y t="25">0.00197</Y>
        </Axis>
      </Axis>
      <Axis t="27">
        <Axis>
          <Y t="1">0.00015</Y>
          <Y t="2">0.00018</Y>
          <Y t="3">0.00021</Y>
          <Y t="4">0.00022</Y>
          <Y t="5">0.00023</Y>
          <Y t="6">0.00025</Y>
          <Y t="7">0.00028</Y>
          <Y t="8">0.00032</Y>
          <Y t="9">0.00037</Y>
          <Y t="10">0.00041</Y>
          <Y t="11">0.00044</Y>
          <Y t="12">0.00049</Y>
          <Y t="13">0.00054</Y>
          <Y t="14">0.0006</Y>
          <Y t="15">0.00068</Y>
          <Y t="16">0.00078</Y>
          <Y t="17">0.00087</Y>
          <Y t="18">0.00098</Y>
          <Y t="19">0.00109</Y>
          <Y t="20">0.0012</Y>
          <Y t="21">0.00132</Y>
          <Y t="22">0.00146</Y>
          <Y t="23">0.00165</Y>
          <Y t="24">0.00186</Y>
          <Y t="25">0.00216</Y>
        </Axis>
      </Axis>
      <Axis t="28">
        <Axis>
          <Y t="1">0.00015</Y>
          <Y t="2">0.00019</Y>
          <Y t="3">0.00022</Y>
          <Y t="4">0.00023</Y>
          <Y t="5">0.00024</Y>
          <Y t="6">0.00026</Y>
          <Y t="7">0.00029</Y>
          <Y t="8">0.00034</Y>
          <Y t="9">0.00039</Y>
          <Y t="10">0.00043</Y>
          <Y t="11">0.00048</Y>
          <Y t="12">0.00053</Y>
          <Y t="13">0.00059</Y>
          <Y t="14">0.00066</Y>
          <Y t="15">0.00074</Y>
          <Y t="16">0.00084</Y>
          <Y t="17">0.00095</Y>
          <Y t="18">0.00105</Y>
          <Y t="19">0.00116</Y>
          <Y t="20">0.00128</Y>
          <Y t="21">0.00143</Y>
          <Y t="22">0.00158</Y>
          <Y t="23">0.00179</Y>
          <Y t="24">0.00203</Y>
          <Y t="25">0.00236</Y>
        </Axis>
      </Axis>
      <Axis t="29">
        <Axis>
          <Y t="1">0.00015</Y>
          <Y t="2">0.0002</Y>
          <Y t="3">0.00022</Y>
          <Y t="4">0.00024</Y>
          <Y t="5">0.00025</Y>
          <Y t="6">0.00027</Y>
          <Y t="7">0.00031</Y>
          <Y t="8">0.00037</Y>
          <Y t="9">0.00041</Y>
          <Y t="10">0.00047</Y>
          <Y t="11">0.00052</Y>
          <Y t="12">0.00058</Y>
          <Y t="13">0.00064</Y>
          <Y t="14">0.00072</Y>
          <Y t="15">0.00081</Y>
          <Y t="16">0.00091</Y>
          <Y t="17">0.00102</Y>
          <Y t="18">0.00114</Y>
          <Y t="19">0.00126</Y>
          <Y t="20">0.00138</Y>
          <Y t="21">0.00154</Y>
          <Y t="22">0.00172</Y>
          <Y t="23">0.00194</Y>
          <Y t="24">0.00221</Y>
          <Y t="25">0.00257</Y>
        </Axis>
      </Axis>
      <Axis t="30">
        <Axis>
          <Y t="1">0.00016</Y>
          <Y t="2">0.00021</Y>
          <Y t="3">0.00023</Y>
          <Y t="4">0.00025</Y>
          <Y t="5">0.00026</Y>
          <Y t="6">0.0003</Y>
          <Y t="7">0.00033</Y>
          <Y t="8">0.00039</Y>
          <Y t="9">0.00045</Y>
          <Y t="10">0.00051</Y>
          <Y t="11">0.00057</Y>
          <Y t="12">0.00063</Y>
          <Y t="13">0.00071</Y>
          <Y t="14">0.00079</Y>
          <Y t="15">0.00089</Y>
          <Y t="16">0.001</Y>
          <Y t="17">0.00111</Y>
          <Y t="18">0.00123</Y>
          <Y t="19">0.00136</Y>
          <Y t="20">0.00151</Y>
          <Y t="21">0.00168</Y>
          <Y t="22">0.00187</Y>
          <Y t="23">0.00211</Y>
          <Y t="24">0.0024</Y>
          <Y t="25">0.00281</Y>
        </Axis>
      </Axis>
      <Axis t="31">
        <Axis>
          <Y t="1">0.00016</Y>
          <Y t="2">0.00021</Y>
          <Y t="3">0.00024</Y>
          <Y t="4">0.00026</Y>
          <Y t="5">0.00028</Y>
          <Y t="6">0.00031</Y>
          <Y t="7">0.00037</Y>
          <Y t="8">0.00043</Y>
          <Y t="9">0.00049</Y>
          <Y t="10">0.00056</Y>
          <Y t="11">0.00062</Y>
          <Y t="12">0.0007</Y>
          <Y t="13">0.00078</Y>
          <Y t="14">0.00088</Y>
          <Y t="15">0.00099</Y>
          <Y t="16">0.0011</Y>
          <Y t="17">0.00122</Y>
          <Y t="18">0.00134</Y>
          <Y t="19">0.00148</Y>
          <Y t="20">0.00164</Y>
          <Y t="21">0.00183</Y>
          <Y t="22">0.00204</Y>
          <Y t="23">0.00231</Y>
          <Y t="24">0.00263</Y>
          <Y t="25">0.00305</Y>
        </Axis>
      </Axis>
      <Axis t="32">
        <Axis>
          <Y t="1">0.00017</Y>
          <Y t="2">0.00022</Y>
          <Y t="3">0.00025</Y>
          <Y t="4">0.00028</Y>
          <Y t="5">0.0003</Y>
          <Y t="6">0.00034</Y>
          <Y t="7">0.00039</Y>
          <Y t="8">0.00046</Y>
          <Y t="9">0.00054</Y>
          <Y t="10">0.00061</Y>
          <Y t="11">0.00069</Y>
          <Y t="12">0.00077</Y>
          <Y t="13">0.00087</Y>
          <Y t="14">0.00098</Y>
          <Y t="15">0.00109</Y>
          <Y t="16">0.0012</Y>
          <Y t="17">0.00133</Y>
          <Y t="18">0.00147</Y>
          <Y t="19">0.00163</Y>
          <Y t="20">0.00181</Y>
          <Y t="21">0.002</Y>
          <Y t="22">0.00224</Y>
          <Y t="23">0.00251</Y>
          <Y t="24">0.00287</Y>
          <Y t="25">0.00333</Y>
        </Axis>
      </Axis>
      <Axis t="33">
        <Axis>
          <Y t="1">0.00017</Y>
          <Y t="2">0.00023</Y>
          <Y t="3">0.00027</Y>
          <Y t="4">0.00029</Y>
          <Y t="5">0.00032</Y>
          <Y t="6">0.00037</Y>
          <Y t="7">0.00043</Y>
          <Y t="8">0.00051</Y>
          <Y t="9">0.00058</Y>
          <Y t="10">0.00067</Y>
          <Y t="11">0.00076</Y>
          <Y t="12">0.00086</Y>
          <Y t="13">0.00097</Y>
          <Y t="14">0.00108</Y>
          <Y t="15">0.0012</Y>
          <Y t="16">0.00132</Y>
          <Y t="17">0.00147</Y>
          <Y t="18">0.00161</Y>
          <Y t="19">0.00178</Y>
          <Y t="20">0.00197</Y>
          <Y t="21">0.00219</Y>
          <Y t="22">0.00244</Y>
          <Y t="23">0.00275</Y>
          <Y t="24">0.00312</Y>
          <Y t="25">0.00362</Y>
        </Axis>
      </Axis>
      <Axis t="34">
        <Axis>
          <Y t="1">0.00018</Y>
          <Y t="2">0.00024</Y>
          <Y t="3">0.00028</Y>
          <Y t="4">0.0003</Y>
          <Y t="5">0.00035</Y>
          <Y t="6">0.00041</Y>
          <Y t="7">0.00048</Y>
          <Y t="8">0.00056</Y>
          <Y t="9">0.00065</Y>
          <Y t="10">0.00074</Y>
          <Y t="11">0.00084</Y>
          <Y t="12">0.00095</Y>
          <Y t="13">0.00107</Y>
          <Y t="14">0.00119</Y>
          <Y t="15">0.00132</Y>
          <Y t="16">0.00146</Y>
          <Y t="17">0.00161</Y>
          <Y t="18">0.00177</Y>
          <Y t="19">0.00195</Y>
          <Y t="20">0.00215</Y>
          <Y t="21">0.00239</Y>
          <Y t="22">0.00266</Y>
          <Y t="23">0.00299</Y>
          <Y t="24">0.0034</Y>
          <Y t="25">0.00394</Y>
        </Axis>
      </Axis>
      <Axis t="35">
        <Axis>
          <Y t="1">0.00019</Y>
          <Y t="2">0.00025</Y>
          <Y t="3">0.00029</Y>
          <Y t="4">0.00032</Y>
          <Y t="5">0.00038</Y>
          <Y t="6">0.00045</Y>
          <Y t="7">0.00053</Y>
          <Y t="8">0.00061</Y>
          <Y t="9">0.00071</Y>
          <Y t="10">0.00082</Y>
          <Y t="11">0.00093</Y>
          <Y t="12">0.00106</Y>
          <Y t="13">0.00118</Y>
          <Y t="14">0.00132</Y>
          <Y t="15">0.00146</Y>
          <Y t="16">0.00161</Y>
          <Y t="17">0.00177</Y>
          <Y t="18">0.00194</Y>
          <Y t="19">0.00214</Y>
          <Y t="20">0.00235</Y>
          <Y t="21">0.00261</Y>
          <Y t="22">0.00291</Y>
          <Y t="23">0.00326</Y>
          <Y t="24">0.00371</Y>
          <Y t="25">0.00429</Y>
        </Axis>
      </Axis>
      <Axis t="36">
        <Axis>
          <Y t="1">0.0002</Y>
          <Y t="2">0.00026</Y>
          <Y t="3">0.00031</Y>
          <Y t="4">0.00035</Y>
          <Y t="5">0.00042</Y>
          <Y t="6">0.0005</Y>
          <Y t="7">0.00058</Y>
          <Y t="8">0.00068</Y>
          <Y t="9">0.00078</Y>
          <Y t="10">0.00091</Y>
          <Y t="11">0.00103</Y>
          <Y t="12">0.00117</Y>
          <Y t="13">0.00131</Y>
          <Y t="14">0.00146</Y>
          <Y t="15">0.00161</Y>
          <Y t="16">0.00177</Y>
          <Y t="17">0.00194</Y>
          <Y t="18">0.00214</Y>
          <Y t="19">0.00234</Y>
          <Y t="20">0.00258</Y>
          <Y t="21">0.00285</Y>
          <Y t="22">0.00317</Y>
          <Y t="23">0.00355</Y>
          <Y t="24">0.00404</Y>
          <Y t="25">0.00468</Y>
        </Axis>
      </Axis>
      <Axis t="37">
        <Axis>
          <Y t="1">0.00021</Y>
          <Y t="2">0.00028</Y>
          <Y t="3">0.00032</Y>
          <Y t="4">0.00037</Y>
          <Y t="5">0.00046</Y>
          <Y t="6">0.00055</Y>
          <Y t="7">0.00065</Y>
          <Y t="8">0.00074</Y>
          <Y t="9">0.00086</Y>
          <Y t="10">0.00099</Y>
          <Y t="11">0.00114</Y>
          <Y t="12">0.0013</Y>
          <Y t="13">0.00145</Y>
          <Y t="14">0.00161</Y>
          <Y t="15">0.00177</Y>
          <Y t="16">0.00194</Y>
          <Y t="17">0.00214</Y>
          <Y t="18">0.00234</Y>
          <Y t="19">0.00256</Y>
          <Y t="20">0.00281</Y>
          <Y t="21">0.0031</Y>
          <Y t="22">0.00345</Y>
          <Y t="23">0.00388</Y>
          <Y t="24">0.00441</Y>
          <Y t="25">0.00513</Y>
        </Axis>
      </Axis>
      <Axis t="38">
        <Axis>
          <Y t="1">0.00022</Y>
          <Y t="2">0.00029</Y>
          <Y t="3">0.00034</Y>
          <Y t="4">0.00041</Y>
          <Y t="5">0.00051</Y>
          <Y t="6">0.0006</Y>
          <Y t="7">0.00071</Y>
          <Y t="8">0.00082</Y>
          <Y t="9">0.00095</Y>
          <Y t="10">0.0011</Y>
          <Y t="11">0.00127</Y>
          <Y t="12">0.00143</Y>
          <Y t="13">0.00159</Y>
          <Y t="14">0.00177</Y>
          <Y t="15">0.00194</Y>
          <Y t="16">0.00214</Y>
          <Y t="17">0.00234</Y>
          <Y t="18">0.00255</Y>
          <Y t="19">0.0028</Y>
          <Y t="20">0.00307</Y>
          <Y t="21">0.00338</Y>
          <Y t="22">0.00377</Y>
          <Y t="23">0.00423</Y>
          <Y t="24">0.00481</Y>
          <Y t="25">0.00563</Y>
        </Axis>
      </Axis>
      <Axis t="39">
        <Axis>
          <Y t="1">0.00023</Y>
          <Y t="2">0.00031</Y>
          <Y t="3">0.00036</Y>
          <Y t="4">0.00045</Y>
          <Y t="5">0.00056</Y>
          <Y t="6">0.00067</Y>
          <Y t="7">0.00077</Y>
          <Y t="8">0.00091</Y>
          <Y t="9">0.00105</Y>
          <Y t="10">0.00121</Y>
          <Y t="11">0.0014</Y>
          <Y t="12">0.00157</Y>
          <Y t="13">0.00176</Y>
          <Y t="14">0.00194</Y>
          <Y t="15">0.00214</Y>
          <Y t="16">0.00234</Y>
          <Y t="17">0.00255</Y>
          <Y t="18">0.00279</Y>
          <Y t="19">0.00305</Y>
          <Y t="20">0.00334</Y>
          <Y t="21">0.00369</Y>
          <Y t="22">0.00411</Y>
          <Y t="23">0.00463</Y>
          <Y t="24">0.00527</Y>
          <Y t="25">0.00621</Y>
        </Axis>
      </Axis>
      <Axis t="40">
        <Axis>
          <Y t="1">0.00024</Y>
          <Y t="2">0.00032</Y>
          <Y t="3">0.00039</Y>
          <Y t="4">0.00051</Y>
          <Y t="5">0.00061</Y>
          <Y t="6">0.00073</Y>
          <Y t="7">0.00085</Y>
          <Y t="8">0.001</Y>
          <Y t="9">0.00116</Y>
          <Y t="10">0.00134</Y>
          <Y t="11">0.00153</Y>
          <Y t="12">0.00173</Y>
          <Y t="13">0.00192</Y>
          <Y t="14">0.00213</Y>
          <Y t="15">0.00234</Y>
          <Y t="16">0.00255</Y>
          <Y t="17">0.00278</Y>
          <Y t="18">0.00304</Y>
          <Y t="19">0.00332</Y>
          <Y t="20">0.00364</Y>
          <Y t="21">0.00402</Y>
          <Y t="22">0.00449</Y>
          <Y t="23">0.00507</Y>
          <Y t="24">0.0058</Y>
          <Y t="25">0.00685</Y>
        </Axis>
      </Axis>
      <Axis t="41">
        <Axis>
          <Y t="1">0.00025</Y>
          <Y t="2">0.00034</Y>
          <Y t="3">0.00043</Y>
          <Y t="4">0.00055</Y>
          <Y t="5">0.00068</Y>
          <Y t="6">0.0008</Y>
          <Y t="7">0.00093</Y>
          <Y t="8">0.00109</Y>
          <Y t="9">0.00128</Y>
          <Y t="10">0.00148</Y>
          <Y t="11">0.00169</Y>
          <Y t="12">0.00189</Y>
          <Y t="13">0.00211</Y>
          <Y t="14">0.00233</Y>
          <Y t="15">0.00255</Y>
          <Y t="16">0.00278</Y>
          <Y t="17">0.00303</Y>
          <Y t="18">0.00331</Y>
          <Y t="19">0.00361</Y>
          <Y t="20">0.00397</Y>
          <Y t="21">0.00439</Y>
          <Y t="22">0.00491</Y>
          <Y t="23">0.00558</Y>
          <Y t="24">0.00642</Y>
          <Y t="25">0.0076</Y>
        </Axis>
      </Axis>
      <Axis t="42">
        <Axis>
          <Y t="1">0.00026</Y>
          <Y t="2">0.00036</Y>
          <Y t="3">0.00047</Y>
          <Y t="4">0.00061</Y>
          <Y t="5">0.00075</Y>
          <Y t="6">0.00088</Y>
          <Y t="7">0.00103</Y>
          <Y t="8">0.0012</Y>
          <Y t="9">0.0014</Y>
          <Y t="10">0.00161</Y>
          <Y t="11">0.00185</Y>
          <Y t="12">0.00208</Y>
          <Y t="13">0.0023</Y>
          <Y t="14">0.00253</Y>
          <Y t="15">0.00277</Y>
          <Y t="16">0.00302</Y>
          <Y t="17">0.0033</Y>
          <Y t="18">0.0036</Y>
          <Y t="19">0.00393</Y>
          <Y t="20">0.00433</Y>
          <Y t="21">0.0048</Y>
          <Y t="22">0.0054</Y>
          <Y t="23">0.00617</Y>
          <Y t="24">0.00714</Y>
          <Y t="25">0.00845</Y>
        </Axis>
      </Axis>
      <Axis t="43">
        <Axis>
          <Y t="1">0.00028</Y>
          <Y t="2">0.00039</Y>
          <Y t="3">0.00052</Y>
          <Y t="4">0.00067</Y>
          <Y t="5">0.00081</Y>
          <Y t="6">0.00096</Y>
          <Y t="7">0.00112</Y>
          <Y t="8">0.00132</Y>
          <Y t="9">0.00154</Y>
          <Y t="10">0.00178</Y>
          <Y t="11">0.00202</Y>
          <Y t="12">0.00227</Y>
          <Y t="13">0.00252</Y>
          <Y t="14">0.00276</Y>
          <Y t="15">0.00301</Y>
          <Y t="16">0.00329</Y>
          <Y t="17">0.00359</Y>
          <Y t="18">0.00391</Y>
          <Y t="19">0.00428</Y>
          <Y t="20">0.00473</Y>
          <Y t="21">0.00526</Y>
          <Y t="22">0.00597</Y>
          <Y t="23">0.00686</Y>
          <Y t="24">0.00795</Y>
          <Y t="25">0.00942</Y>
        </Axis>
      </Axis>
      <Axis t="44">
        <Axis>
          <Y t="1">0.0003</Y>
          <Y t="2">0.00042</Y>
          <Y t="3">0.00058</Y>
          <Y t="4">0.00074</Y>
          <Y t="5">0.00088</Y>
          <Y t="6">0.00104</Y>
          <Y t="7">0.00123</Y>
          <Y t="8">0.00145</Y>
          <Y t="9">0.00169</Y>
          <Y t="10">0.00194</Y>
          <Y t="11">0.00221</Y>
          <Y t="12">0.00247</Y>
          <Y t="13">0.00274</Y>
          <Y t="14">0.003</Y>
          <Y t="15">0.00327</Y>
          <Y t="16">0.00357</Y>
          <Y t="17">0.00389</Y>
          <Y t="18">0.00425</Y>
          <Y t="19">0.00467</Y>
          <Y t="20">0.00516</Y>
          <Y t="21">0.00581</Y>
          <Y t="22">0.00663</Y>
          <Y t="23">0.00764</Y>
          <Y t="24">0.00888</Y>
          <Y t="25">0.01053</Y>
        </Axis>
      </Axis>
      <Axis t="45">
        <Axis>
          <Y t="1">0.00032</Y>
          <Y t="2">0.00046</Y>
          <Y t="3">0.00064</Y>
          <Y t="4">0.0008</Y>
          <Y t="5">0.00097</Y>
          <Y t="6">0.00114</Y>
          <Y t="7">0.00134</Y>
          <Y t="8">0.00158</Y>
          <Y t="9">0.00184</Y>
          <Y t="10">0.00212</Y>
          <Y t="11">0.00241</Y>
          <Y t="12">0.00269</Y>
          <Y t="13">0.00297</Y>
          <Y t="14">0.00326</Y>
          <Y t="15">0.00355</Y>
          <Y t="16">0.00386</Y>
          <Y t="17">0.00422</Y>
          <Y t="18">0.00462</Y>
          <Y t="19">0.00509</Y>
          <Y t="20">0.00568</Y>
          <Y t="21">0.00643</Y>
          <Y t="22">0.00737</Y>
          <Y t="23">0.00854</Y>
          <Y t="24">0.00994</Y>
          <Y t="25">0.01179</Y>
        </Axis>
      </Axis>
      <Axis t="46">
        <Axis>
          <Y t="1">0.00034</Y>
          <Y t="2">0.00051</Y>
          <Y t="3">0.0007</Y>
          <Y t="4">0.00088</Y>
          <Y t="5">0.00106</Y>
          <Y t="6">0.00125</Y>
          <Y t="7">0.00148</Y>
          <Y t="8">0.00174</Y>
          <Y t="9">0.00202</Y>
          <Y t="10">0.00232</Y>
          <Y t="11">0.00262</Y>
          <Y t="12">0.00291</Y>
          <Y t="13">0.00321</Y>
          <Y t="14">0.00352</Y>
          <Y t="15">0.00384</Y>
          <Y t="16">0.00419</Y>
          <Y t="17">0.00458</Y>
          <Y t="18">0.00503</Y>
          <Y t="19">0.00558</Y>
          <Y t="20">0.00627</Y>
          <Y t="21">0.00714</Y>
          <Y t="22">0.00822</Y>
          <Y t="23">0.00955</Y>
          <Y t="24">0.01115</Y>
          <Y t="25">0.01321</Y>
        </Axis>
      </Axis>
      <Axis t="47">
        <Axis>
          <Y t="1">0.00036</Y>
          <Y t="2">0.00055</Y>
          <Y t="3">0.00077</Y>
          <Y t="4">0.00096</Y>
          <Y t="5">0.00115</Y>
          <Y t="6">0.00137</Y>
          <Y t="7">0.00161</Y>
          <Y t="8">0.00189</Y>
          <Y t="9">0.00221</Y>
          <Y t="10">0.00252</Y>
          <Y t="11">0.00284</Y>
          <Y t="12">0.00316</Y>
          <Y t="13">0.00348</Y>
          <Y t="14">0.0038</Y>
          <Y t="15">0.00416</Y>
          <Y t="16">0.00455</Y>
          <Y t="17">0.00498</Y>
          <Y t="18">0.00549</Y>
          <Y t="19">0.00614</Y>
          <Y t="20">0.00695</Y>
          <Y t="21">0.00794</Y>
          <Y t="22">0.00919</Y>
          <Y t="23">0.0107</Y>
          <Y t="24">0.01251</Y>
          <Y t="25">0.01481</Y>
        </Axis>
      </Axis>
      <Axis t="48">
        <Axis>
          <Y t="1">0.00038</Y>
          <Y t="2">0.00061</Y>
          <Y t="3">0.00083</Y>
          <Y t="4">0.00104</Y>
          <Y t="5">0.00125</Y>
          <Y t="6">0.0015</Y>
          <Y t="7">0.00177</Y>
          <Y t="8">0.00208</Y>
          <Y t="9">0.00241</Y>
          <Y t="10">0.00274</Y>
          <Y t="11">0.00308</Y>
          <Y t="12">0.00342</Y>
          <Y t="13">0.00376</Y>
          <Y t="14">0.00412</Y>
          <Y t="15">0.0045</Y>
          <Y t="16">0.00493</Y>
          <Y t="17">0.00543</Y>
          <Y t="18">0.00604</Y>
          <Y t="19">0.00678</Y>
          <Y t="20">0.00771</Y>
          <Y t="21">0.00886</Y>
          <Y t="22">0.01029</Y>
          <Y t="23">0.012</Y>
          <Y t="24">0.01405</Y>
          <Y t="25">0.01661</Y>
        </Axis>
      </Axis>
      <Axis t="49">
        <Axis>
          <Y t="1">0.0004</Y>
          <Y t="2">0.00066</Y>
          <Y t="3">0.0009</Y>
          <Y t="4">0.00113</Y>
          <Y t="5">0.00136</Y>
          <Y t="6">0.00164</Y>
          <Y t="7">0.00194</Y>
          <Y t="8">0.00228</Y>
          <Y t="9">0.00262</Y>
          <Y t="10">0.00299</Y>
          <Y t="11">0.00335</Y>
          <Y t="12">0.00371</Y>
          <Y t="13">0.00408</Y>
          <Y t="14">0.00446</Y>
          <Y t="15">0.00488</Y>
          <Y t="16">0.00536</Y>
          <Y t="17">0.00594</Y>
          <Y t="18">0.00663</Y>
          <Y t="19">0.0075</Y>
          <Y t="20">0.00858</Y>
          <Y t="21">0.0099</Y>
          <Y t="22">0.01152</Y>
          <Y t="23">0.01346</Y>
          <Y t="24">0.01577</Y>
          <Y t="25">0.01861</Y>
        </Axis>
      </Axis>
      <Axis t="50">
        <Axis>
          <Y t="1">0.00043</Y>
          <Y t="2">0.00072</Y>
          <Y t="3">0.00097</Y>
          <Y t="4">0.00123</Y>
          <Y t="5">0.00149</Y>
          <Y t="6">0.0018</Y>
          <Y t="7">0.00213</Y>
          <Y t="8">0.00249</Y>
          <Y t="9">0.00286</Y>
          <Y t="10">0.00324</Y>
          <Y t="11">0.00363</Y>
          <Y t="12">0.00401</Y>
          <Y t="13">0.0044</Y>
          <Y t="14">0.00483</Y>
          <Y t="15">0.0053</Y>
          <Y t="16">0.00585</Y>
          <Y t="17">0.00651</Y>
          <Y t="18">0.00732</Y>
          <Y t="19">0.00832</Y>
          <Y t="20">0.00956</Y>
          <Y t="21">0.01108</Y>
          <Y t="22">0.01292</Y>
          <Y t="23">0.0151</Y>
          <Y t="24">0.01769</Y>
          <Y t="25">0.02083</Y>
        </Axis>
      </Axis>
      <Axis t="51">
        <Axis>
          <Y t="1">0.00047</Y>
          <Y t="2">0.00078</Y>
          <Y t="3">0.00105</Y>
          <Y t="4">0.00133</Y>
          <Y t="5">0.00164</Y>
          <Y t="6">0.00197</Y>
          <Y t="7">0.00234</Y>
          <Y t="8">0.00272</Y>
          <Y t="9">0.00312</Y>
          <Y t="10">0.00352</Y>
          <Y t="11">0.00393</Y>
          <Y t="12">0.00434</Y>
          <Y t="13">0.00477</Y>
          <Y t="14">0.00524</Y>
          <Y t="15">0.00578</Y>
          <Y t="16">0.0064</Y>
          <Y t="17">0.00717</Y>
          <Y t="18">0.00811</Y>
          <Y t="19">0.00927</Y>
          <Y t="20">0.01068</Y>
          <Y t="21">0.01241</Y>
          <Y t="22">0.01447</Y>
          <Y t="23">0.01693</Y>
          <Y t="24">0.01982</Y>
          <Y t="25">0.02331</Y>
        </Axis>
      </Axis>
      <Axis t="52">
        <Axis>
          <Y t="1">0.00051</Y>
          <Y t="2">0.00083</Y>
          <Y t="3">0.00114</Y>
          <Y t="4">0.00145</Y>
          <Y t="5">0.00178</Y>
          <Y t="6">0.00216</Y>
          <Y t="7">0.00256</Y>
          <Y t="8">0.00298</Y>
          <Y t="9">0.0034</Y>
          <Y t="10">0.00383</Y>
          <Y t="11">0.00426</Y>
          <Y t="12">0.0047</Y>
          <Y t="13">0.00518</Y>
          <Y t="14">0.0057</Y>
          <Y t="15">0.00631</Y>
          <Y t="16">0.00703</Y>
          <Y t="17">0.00792</Y>
          <Y t="18">0.00899</Y>
          <Y t="19">0.01033</Y>
          <Y t="20">0.01195</Y>
          <Y t="21">0.01389</Y>
          <Y t="22">0.01621</Y>
          <Y t="23">0.01896</Y>
          <Y t="24">0.02218</Y>
          <Y t="25">0.02603</Y>
        </Axis>
      </Axis>
      <Axis t="53">
        <Axis>
          <Y t="1">0.00054</Y>
          <Y t="2">0.00089</Y>
          <Y t="3">0.00122</Y>
          <Y t="4">0.00158</Y>
          <Y t="5">0.00197</Y>
          <Y t="6">0.00237</Y>
          <Y t="7">0.00281</Y>
          <Y t="8">0.00325</Y>
          <Y t="9">0.00371</Y>
          <Y t="10">0.00416</Y>
          <Y t="11">0.00463</Y>
          <Y t="12">0.00511</Y>
          <Y t="13">0.00564</Y>
          <Y t="14">0.00622</Y>
          <Y t="15">0.00692</Y>
          <Y t="16">0.00775</Y>
          <Y t="17">0.00876</Y>
          <Y t="18">0.01002</Y>
          <Y t="19">0.01154</Y>
          <Y t="20">0.01337</Y>
          <Y t="21">0.01556</Y>
          <Y t="22">0.01816</Y>
          <Y t="23">0.02122</Y>
          <Y t="24">0.02479</Y>
          <Y t="25">0.02902</Y>
        </Axis>
      </Axis>
      <Axis t="54">
        <Axis>
          <Y t="1">0.00058</Y>
          <Y t="2">0.00096</Y>
          <Y t="3">0.00133</Y>
          <Y t="4">0.00173</Y>
          <Y t="5">0.00215</Y>
          <Y t="6">0.00261</Y>
          <Y t="7">0.00308</Y>
          <Y t="8">0.00356</Y>
          <Y t="9">0.00404</Y>
          <Y t="10">0.00454</Y>
          <Y t="11">0.00503</Y>
          <Y t="12">0.00556</Y>
          <Y t="13">0.00615</Y>
          <Y t="14">0.00682</Y>
          <Y t="15">0.00762</Y>
          <Y t="16">0.00857</Y>
          <Y t="17">0.00974</Y>
          <Y t="18">0.01117</Y>
          <Y t="19">0.0129</Y>
          <Y t="20">0.01497</Y>
          <Y t="21">0.01742</Y>
          <Y t="22">0.02031</Y>
          <Y t="23">0.02369</Y>
          <Y t="24">0.02765</Y>
          <Y t="25">0.0323</Y>
        </Axis>
      </Axis>
      <Axis t="55">
        <Axis>
          <Y t="1">0.00062</Y>
          <Y t="2">0.00103</Y>
          <Y t="3">0.00145</Y>
          <Y t="4">0.0019</Y>
          <Y t="5">0.00238</Y>
          <Y t="6">0.00287</Y>
          <Y t="7">0.00339</Y>
          <Y t="8">0.0039</Y>
          <Y t="9">0.00442</Y>
          <Y t="10">0.00494</Y>
          <Y t="11">0.00549</Y>
          <Y t="12">0.00608</Y>
          <Y t="13">0.00674</Y>
          <Y t="14">0.0075</Y>
          <Y t="15">0.00842</Y>
          <Y t="16">0.00951</Y>
          <Y t="17">0.01085</Y>
          <Y t="18">0.01248</Y>
          <Y t="19">0.01444</Y>
          <Y t="20">0.01675</Y>
          <Y t="21">0.01948</Y>
          <Y t="22">0.02268</Y>
          <Y t="23">0.02641</Y>
          <Y t="24">0.03078</Y>
          <Y t="25">0.03589</Y>
        </Axis>
      </Axis>
      <Axis t="56">
        <Axis>
          <Y t="1">0.00066</Y>
          <Y t="2">0.00111</Y>
          <Y t="3">0.00159</Y>
          <Y t="4">0.00209</Y>
          <Y t="5">0.00262</Y>
          <Y t="6">0.00316</Y>
          <Y t="7">0.00372</Y>
          <Y t="8">0.00427</Y>
          <Y t="9">0.00483</Y>
          <Y t="10">0.00539</Y>
          <Y t="11">0.006</Y>
          <Y t="12">0.00666</Y>
          <Y t="13">0.00741</Y>
          <Y t="14">0.00827</Y>
          <Y t="15">0.00933</Y>
          <Y t="16">0.01059</Y>
          <Y t="17">0.01212</Y>
          <Y t="18">0.01396</Y>
          <Y t="19">0.01615</Y>
          <Y t="20">0.01873</Y>
          <Y t="21">0.02176</Y>
          <Y t="22">0.0253</Y>
          <Y t="23">0.02941</Y>
          <Y t="24">0.0342</Y>
          <Y t="25">0.0398</Y>
        </Axis>
      </Axis>
      <Axis t="57">
        <Axis>
          <Y t="1">0.00072</Y>
          <Y t="2">0.00121</Y>
          <Y t="3">0.00175</Y>
          <Y t="4">0.00231</Y>
          <Y t="5">0.0029</Y>
          <Y t="6">0.00349</Y>
          <Y t="7">0.00409</Y>
          <Y t="8">0.00469</Y>
          <Y t="9">0.00529</Y>
          <Y t="10">0.00592</Y>
          <Y t="11">0.00658</Y>
          <Y t="12">0.00732</Y>
          <Y t="13">0.00817</Y>
          <Y t="14">0.00918</Y>
          <Y t="15">0.01037</Y>
          <Y t="16">0.01182</Y>
          <Y t="17">0.01355</Y>
          <Y t="18">0.01563</Y>
          <Y t="19">0.01807</Y>
          <Y t="20">0.02094</Y>
          <Y t="21">0.02428</Y>
          <Y t="22">0.02816</Y>
          <Y t="23">0.03268</Y>
          <Y t="24">0.03792</Y>
          <Y t="25">0.04416</Y>
        </Axis>
      </Axis>
      <Axis t="58">
        <Axis>
          <Y t="1">0.00077</Y>
          <Y t="2">0.00134</Y>
          <Y t="3">0.00193</Y>
          <Y t="4">0.00256</Y>
          <Y t="5">0.0032</Y>
          <Y t="6">0.00385</Y>
          <Y t="7">0.00451</Y>
          <Y t="8">0.00515</Y>
          <Y t="9">0.0058</Y>
          <Y t="10">0.00649</Y>
          <Y t="11">0.00724</Y>
          <Y t="12">0.00807</Y>
          <Y t="13">0.00905</Y>
          <Y t="14">0.01019</Y>
          <Y t="15">0.01157</Y>
          <Y t="16">0.01321</Y>
          <Y t="17">0.01517</Y>
          <Y t="18">0.01749</Y>
          <Y t="19">0.02021</Y>
          <Y t="20">0.02338</Y>
          <Y t="21">0.02705</Y>
          <Y t="22">0.03131</Y>
          <Y t="23">0.03624</Y>
          <Y t="24">0.04207</Y>
          <Y t="25">0.0489</Y>
        </Axis>
      </Axis>
      <Axis t="59">
        <Axis>
          <Y t="1">0.00084</Y>
          <Y t="2">0.00146</Y>
          <Y t="3">0.00214</Y>
          <Y t="4">0.00284</Y>
          <Y t="5">0.00354</Y>
          <Y t="6">0.00425</Y>
          <Y t="7">0.00495</Y>
          <Y t="8">0.00566</Y>
          <Y t="9">0.00638</Y>
          <Y t="10">0.00715</Y>
          <Y t="11">0.00798</Y>
          <Y t="12">0.00894</Y>
          <Y t="13">0.01005</Y>
          <Y t="14">0.01137</Y>
          <Y t="15">0.01293</Y>
          <Y t="16">0.01479</Y>
          <Y t="17">0.01699</Y>
          <Y t="18">0.01959</Y>
          <Y t="19">0.0226</Y>
          <Y t="20">0.02607</Y>
          <Y t="21">0.03011</Y>
          <Y t="22">0.03475</Y>
          <Y t="23">0.04021</Y>
          <Y t="24">0.04658</Y>
          <Y t="25">0.05408</Y>
        </Axis>
      </Axis>
      <Axis t="60">
        <Axis>
          <Y t="1">0.00091</Y>
          <Y t="2">0.00163</Y>
          <Y t="3">0.00239</Y>
          <Y t="4">0.00315</Y>
          <Y t="5">0.00393</Y>
          <Y t="6">0.0047</Y>
          <Y t="7">0.00547</Y>
          <Y t="8">0.00624</Y>
          <Y t="9">0.00703</Y>
          <Y t="10">0.00789</Y>
          <Y t="11">0.00884</Y>
          <Y t="12">0.00993</Y>
          <Y t="13">0.01119</Y>
          <Y t="14">0.0127</Y>
          <Y t="15">0.01448</Y>
          <Y t="16">0.01657</Y>
          <Y t="17">0.01904</Y>
          <Y t="18">0.0219</Y>
          <Y t="19">0.02522</Y>
          <Y t="20">0.02905</Y>
          <Y t="21">0.03344</Y>
          <Y t="22">0.03858</Y>
          <Y t="23">0.04453</Y>
          <Y t="24">0.05149</Y>
          <Y t="25">0.05968</Y>
        </Axis>
      </Axis>
      <Axis t="61">
        <Axis>
          <Y t="1">0.00101</Y>
          <Y t="2">0.00182</Y>
          <Y t="3">0.00266</Y>
          <Y t="4">0.0035</Y>
          <Y t="5">0.00435</Y>
          <Y t="6">0.00519</Y>
          <Y t="7">0.00603</Y>
          <Y t="8">0.00687</Y>
          <Y t="9">0.00777</Y>
          <Y t="10">0.00872</Y>
          <Y t="11">0.0098</Y>
          <Y t="12">0.01105</Y>
          <Y t="13">0.0125</Y>
          <Y t="14">0.01421</Y>
          <Y t="15">0.01621</Y>
          <Y t="16">0.01857</Y>
          <Y t="17">0.02131</Y>
          <Y t="18">0.02448</Y>
          <Y t="19">0.02813</Y>
          <Y t="20">0.03231</Y>
          <Y t="21">0.03718</Y>
          <Y t="22">0.04277</Y>
          <Y t="23">0.04924</Y>
          <Y t="24">0.0568</Y>
          <Y t="25">0.06642</Y>
        </Axis>
      </Axis>
      <Axis t="62">
        <Axis>
          <Y t="1">0.00113</Y>
          <Y t="2">0.00202</Y>
          <Y t="3">0.00296</Y>
          <Y t="4">0.00389</Y>
          <Y t="5">0.00482</Y>
          <Y t="6">0.00574</Y>
          <Y t="7">0.00666</Y>
          <Y t="8">0.00759</Y>
          <Y t="9">0.00859</Y>
          <Y t="10">0.00969</Y>
          <Y t="11">0.01091</Y>
          <Y t="12">0.01233</Y>
          <Y t="13">0.01398</Y>
          <Y t="14">0.01591</Y>
          <Y t="15">0.01818</Y>
          <Y t="16">0.02081</Y>
          <Y t="17">0.02385</Y>
          <Y t="18">0.02735</Y>
          <Y t="19">0.03134</Y>
          <Y t="20">0.03596</Y>
          <Y t="21">0.04125</Y>
          <Y t="22">0.04733</Y>
          <Y t="23">0.05435</Y>
          <Y t="24">0.06378</Y>
          <Y t="25">0.07379</Y>
        </Axis>
      </Axis>
      <Axis t="63">
        <Axis>
          <Y t="1">0.00126</Y>
          <Y t="2">0.00227</Y>
          <Y t="3">0.0033</Y>
          <Y t="4">0.00433</Y>
          <Y t="5">0.00535</Y>
          <Y t="6">0.00634</Y>
          <Y t="7">0.00735</Y>
          <Y t="8">0.0084</Y>
          <Y t="9">0.00952</Y>
          <Y t="10">0.01076</Y>
          <Y t="11">0.01217</Y>
          <Y t="12">0.01378</Y>
          <Y t="13">0.01566</Y>
          <Y t="14">0.01784</Y>
          <Y t="15">0.02038</Y>
          <Y t="16">0.02332</Y>
          <Y t="17">0.02667</Y>
          <Y t="18">0.0305</Y>
          <Y t="19">0.03494</Y>
          <Y t="20">0.03997</Y>
          <Y t="21">0.04571</Y>
          <Y t="22">0.05228</Y>
          <Y t="23">0.06153</Y>
          <Y t="24">0.07146</Y>
          <Y t="25">0.08183</Y>
        </Axis>
      </Axis>
      <Axis t="64">
        <Axis>
          <Y t="1">0.00143</Y>
          <Y t="2">0.00255</Y>
          <Y t="3">0.00368</Y>
          <Y t="4">0.0048</Y>
          <Y t="5">0.00591</Y>
          <Y t="6">0.00702</Y>
          <Y t="7">0.00814</Y>
          <Y t="8">0.00931</Y>
          <Y t="9">0.01058</Y>
          <Y t="10">0.01198</Y>
          <Y t="11">0.01358</Y>
          <Y t="12">0.01542</Y>
          <Y t="13">0.01754</Y>
          <Y t="14">0.02001</Y>
          <Y t="15">0.02284</Y>
          <Y t="16">0.0261</Y>
          <Y t="17">0.0298</Y>
          <Y t="18">0.03407</Y>
          <Y t="19">0.03889</Y>
          <Y t="20">0.04435</Y>
          <Y t="21">0.05056</Y>
          <Y t="22">0.05966</Y>
          <Y t="23">0.06951</Y>
          <Y t="24">0.07991</Y>
          <Y t="25">0.09062</Y>
        </Axis>
      </Axis>
      <Axis t="65">
        <Axis>
          <Y t="1">0.00161</Y>
          <Y t="2">0.00285</Y>
          <Y t="3">0.00409</Y>
          <Y t="4">0.00533</Y>
          <Y t="5">0.00654</Y>
          <Y t="6">0.00776</Y>
          <Y t="7">0.00901</Y>
          <Y t="8">0.01032</Y>
          <Y t="9">0.01176</Y>
          <Y t="10">0.01335</Y>
          <Y t="11">0.01518</Y>
          <Y t="12">0.01726</Y>
          <Y t="13">0.01967</Y>
          <Y t="14">0.02244</Y>
          <Y t="15">0.02559</Y>
          <Y t="16">0.02918</Y>
          <Y t="17">0.03332</Y>
          <Y t="18">0.03798</Y>
          <Y t="19">0.04323</Y>
          <Y t="20">0.04914</Y>
          <Y t="21">0.05809</Y>
          <Y t="22">0.06788</Y>
          <Y t="23">0.07833</Y>
          <Y t="24">0.0892</Y>
          <Y t="25">0.10016</Y>
        </Axis>
      </Axis>
      <Axis t="66">
        <Axis>
          <Y t="1">0.00182</Y>
          <Y t="2">0.00319</Y>
          <Y t="3">0.00455</Y>
          <Y t="4">0.00591</Y>
          <Y t="5">0.00725</Y>
          <Y t="6">0.00858</Y>
          <Y t="7">0.00998</Y>
          <Y t="8">0.01145</Y>
          <Y t="9">0.01309</Y>
          <Y t="10">0.0149</Y>
          <Y t="11">0.01698</Y>
          <Y t="12">0.01935</Y>
          <Y t="13">0.02205</Y>
          <Y t="14">0.02514</Y>
          <Y t="15">0.02865</Y>
          <Y t="16">0.03267</Y>
          <Y t="17">0.0372</Y>
          <Y t="18">0.04228</Y>
          <Y t="19">0.04797</Y>
          <Y t="20">0.05681</Y>
          <Y t="21">0.06653</Y>
          <Y t="22">0.07702</Y>
          <Y t="23">0.08806</Y>
          <Y t="24">0.09938</Y>
          <Y t="25">0.1104</Y>
        </Axis>
      </Axis>
      <Axis t="67">
        <Axis>
          <Y t="1">0.00206</Y>
          <Y t="2">0.00357</Y>
          <Y t="3">0.00506</Y>
          <Y t="4">0.00653</Y>
          <Y t="5">0.00801</Y>
          <Y t="6">0.0095</Y>
          <Y t="7">0.01106</Y>
          <Y t="8">0.01272</Y>
          <Y t="9">0.01458</Y>
          <Y t="10">0.01664</Y>
          <Y t="11">0.019</Y>
          <Y t="12">0.02167</Y>
          <Y t="13">0.02471</Y>
          <Y t="14">0.02816</Y>
          <Y t="15">0.0321</Y>
          <Y t="16">0.03654</Y>
          <Y t="17">0.04149</Y>
          <Y t="18">0.04699</Y>
          <Y t="19">0.05576</Y>
          <Y t="20">0.06543</Y>
          <Y t="21">0.07594</Y>
          <Y t="22">0.08713</Y>
          <Y t="23">0.09878</Y>
          <Y t="24">0.1104</Y>
          <Y t="25">0.12014</Y>
        </Axis>
      </Axis>
      <Axis t="68">
        <Axis>
          <Y t="1">0.00233</Y>
          <Y t="2">0.00397</Y>
          <Y t="3">0.00561</Y>
          <Y t="4">0.00723</Y>
          <Y t="5">0.00885</Y>
          <Y t="6">0.01051</Y>
          <Y t="7">0.01226</Y>
          <Y t="8">0.01415</Y>
          <Y t="9">0.01625</Y>
          <Y t="10">0.0186</Y>
          <Y t="11">0.02126</Y>
          <Y t="12">0.02427</Y>
          <Y t="13">0.02767</Y>
          <Y t="14">0.03157</Y>
          <Y t="15">0.03593</Y>
          <Y t="16">0.04079</Y>
          <Y t="17">0.0462</Y>
          <Y t="18">0.05489</Y>
          <Y t="19">0.06452</Y>
          <Y t="20">0.07506</Y>
          <Y t="21">0.08638</Y>
          <Y t="22">0.0983</Y>
          <Y t="23">0.1104</Y>
          <Y t="24">0.12014</Y>
          <Y t="25">0.1305</Y>
        </Axis>
      </Axis>
      <Axis t="69">
        <Axis>
          <Y t="1">0.00262</Y>
          <Y t="2">0.00443</Y>
          <Y t="3">0.00621</Y>
          <Y t="4">0.00799</Y>
          <Y t="5">0.00978</Y>
          <Y t="6">0.01163</Y>
          <Y t="7">0.0136</Y>
          <Y t="8">0.01574</Y>
          <Y t="9">0.01811</Y>
          <Y t="10">0.02078</Y>
          <Y t="11">0.02378</Y>
          <Y t="12">0.02717</Y>
          <Y t="13">0.03103</Y>
          <Y t="14">0.03535</Y>
          <Y t="15">0.04017</Y>
          <Y t="16">0.04548</Y>
          <Y t="17">0.05417</Y>
          <Y t="18">0.06379</Y>
          <Y t="19">0.07435</Y>
          <Y t="20">0.08578</Y>
          <Y t="21">0.09794</Y>
          <Y t="22">0.1104</Y>
          <Y t="23">0.12014</Y>
          <Y t="24">0.1305</Y>
          <Y t="25">0.14158</Y>
        </Axis>
      </Axis>
      <Axis t="70">
        <Axis>
          <Y t="1">0.00295</Y>
          <Y t="2">0.00492</Y>
          <Y t="3">0.00686</Y>
          <Y t="4">0.00881</Y>
          <Y t="5">0.01081</Y>
          <Y t="6">0.01287</Y>
          <Y t="7">0.01508</Y>
          <Y t="8">0.0175</Y>
          <Y t="9">0.0202</Y>
          <Y t="10">0.02321</Y>
          <Y t="11">0.0266</Y>
          <Y t="12">0.03046</Y>
          <Y t="13">0.03477</Y>
          <Y t="14">0.03955</Y>
          <Y t="15">0.04483</Y>
          <Y t="16">0.05354</Y>
          <Y t="17">0.06318</Y>
          <Y t="18">0.07378</Y>
          <Y t="19">0.08531</Y>
          <Y t="20">0.09768</Y>
          <Y t="21">0.1104</Y>
          <Y t="22">0.12014</Y>
          <Y t="23">0.1305</Y>
          <Y t="24">0.14158</Y>
          <Y t="25">0.15333</Y>
        </Axis>
      </Axis>
      <Axis t="71">
        <Axis>
          <Y t="1">0.0033</Y>
          <Y t="2">0.00543</Y>
          <Y t="3">0.00758</Y>
          <Y t="4">0.00972</Y>
          <Y t="5">0.01192</Y>
          <Y t="6">0.01424</Y>
          <Y t="7">0.01674</Y>
          <Y t="8">0.01948</Y>
          <Y t="9">0.02253</Y>
          <Y t="10">0.02592</Y>
          <Y t="11">0.02979</Y>
          <Y t="12">0.03411</Y>
          <Y t="13">0.03889</Y>
          <Y t="14">0.04417</Y>
          <Y t="15">0.05295</Y>
          <Y t="16">0.06264</Y>
          <Y t="17">0.0733</Y>
          <Y t="18">0.08493</Y>
          <Y t="19">0.09749</Y>
          <Y t="20">0.1104</Y>
          <Y t="21">0.12014</Y>
          <Y t="22">0.1305</Y>
          <Y t="23">0.14158</Y>
          <Y t="24">0.15333</Y>
          <Y t="25">0.16577</Y>
        </Axis>
      </Axis>
      <Axis t="72">
        <Axis>
          <Y t="1">0.00367</Y>
          <Y t="2">0.00601</Y>
          <Y t="3">0.00834</Y>
          <Y t="4">0.01071</Y>
          <Y t="5">0.01316</Y>
          <Y t="6">0.01576</Y>
          <Y t="7">0.01857</Y>
          <Y t="8">0.02167</Y>
          <Y t="9">0.02511</Y>
          <Y t="10">0.02901</Y>
          <Y t="11">0.03334</Y>
          <Y t="12">0.03816</Y>
          <Y t="13">0.04346</Y>
          <Y t="14">0.05237</Y>
          <Y t="15">0.06215</Y>
          <Y t="16">0.07289</Y>
          <Y t="17">0.08462</Y>
          <Y t="18">0.09734</Y>
          <Y t="19">0.1104</Y>
          <Y t="20">0.12014</Y>
          <Y t="21">0.1305</Y>
          <Y t="22">0.14158</Y>
          <Y t="23">0.15333</Y>
          <Y t="24">0.16577</Y>
          <Y t="25">0.17897</Y>
        </Axis>
      </Axis>
      <Axis t="73">
        <Axis>
          <Y t="1">0.00407</Y>
          <Y t="2">0.00662</Y>
          <Y t="3">0.00917</Y>
          <Y t="4">0.01179</Y>
          <Y t="5">0.01452</Y>
          <Y t="6">0.01744</Y>
          <Y t="7">0.02061</Y>
          <Y t="8">0.0241</Y>
          <Y t="9">0.02804</Y>
          <Y t="10">0.03242</Y>
          <Y t="11">0.03728</Y>
          <Y t="12">0.04263</Y>
          <Y t="13">0.05171</Y>
          <Y t="14">0.06164</Y>
          <Y t="15">0.07251</Y>
          <Y t="16">0.08436</Y>
          <Y t="17">0.09723</Y>
          <Y t="18">0.1104</Y>
          <Y t="19">0.12014</Y>
          <Y t="20">0.1305</Y>
          <Y t="21">0.14158</Y>
          <Y t="22">0.15333</Y>
          <Y t="23">0.16577</Y>
          <Y t="24">0.17897</Y>
          <Y t="25">0.19288</Y>
        </Axis>
      </Axis>
      <Axis t="74">
        <Axis>
          <Y t="1">0.0045</Y>
          <Y t="2">0.00727</Y>
          <Y t="3">0.01008</Y>
          <Y t="4">0.01297</Y>
          <Y t="5">0.01602</Y>
          <Y t="6">0.01929</Y>
          <Y t="7">0.02286</Y>
          <Y t="8">0.02686</Y>
          <Y t="9">0.03129</Y>
          <Y t="10">0.0362</Y>
          <Y t="11">0.04163</Y>
          <Y t="12">0.05096</Y>
          <Y t="13">0.06109</Y>
          <Y t="14">0.07211</Y>
          <Y t="15">0.08411</Y>
          <Y t="16">0.09714</Y>
          <Y t="17">0.1104</Y>
          <Y t="18">0.12014</Y>
          <Y t="19">0.1305</Y>
          <Y t="20">0.14158</Y>
          <Y t="21">0.15333</Y>
          <Y t="22">0.16577</Y>
          <Y t="23">0.17897</Y>
          <Y t="24">0.19288</Y>
          <Y t="25">0.21949</Y>
        </Axis>
      </Axis>
      <Axis t="75">
        <Axis>
          <Y t="1">0.00495</Y>
          <Y t="2">0.00798</Y>
          <Y t="3">0.01107</Y>
          <Y t="4">0.01427</Y>
          <Y t="5">0.01767</Y>
          <Y t="6">0.02134</Y>
          <Y t="7">0.02541</Y>
          <Y t="8">0.02992</Y>
          <Y t="9">0.03489</Y>
          <Y t="10">0.04039</Y>
          <Y t="11">0.05003</Y>
          <Y t="12">0.06042</Y>
          <Y t="13">0.07166</Y>
          <Y t="14">0.08384</Y>
          <Y t="15">0.09703</Y>
          <Y t="16">0.1104</Y>
          <Y t="17">0.12014</Y>
          <Y t="18">0.1305</Y>
          <Y t="19">0.14158</Y>
          <Y t="20">0.15333</Y>
          <Y t="21">0.16577</Y>
          <Y t="22">0.17897</Y>
          <Y t="23">0.19288</Y>
          <Y t="24">0.21949</Y>
          <Y t="25">0.24653</Y>
        </Axis>
      </Axis>
      <Axis t="76">
        <Axis>
          <Y t="1">0.00543</Y>
          <Y t="2">0.00873</Y>
          <Y t="3">0.01214</Y>
          <Y t="4">0.0157</Y>
          <Y t="5">0.01948</Y>
          <Y t="6">0.02365</Y>
          <Y t="7">0.02823</Y>
          <Y t="8">0.03328</Y>
          <Y t="9">0.03887</Y>
          <Y t="10">0.0489</Y>
          <Y t="11">0.05961</Y>
          <Y t="12">0.07112</Y>
          <Y t="13">0.08351</Y>
          <Y t="14">0.0969</Y>
          <Y t="15">0.1104</Y>
          <Y t="16">0.12014</Y>
          <Y t="17">0.1305</Y>
          <Y t="18">0.14158</Y>
          <Y t="19">0.15333</Y>
          <Y t="20">0.16577</Y>
          <Y t="21">0.17897</Y>
          <Y t="22">0.19288</Y>
          <Y t="23">0.21949</Y>
          <Y t="24">0.24653</Y>
          <Y t="25">0.27363</Y>
        </Axis>
      </Axis>
      <Axis t="77">
        <Axis>
          <Y t="1">0.00591</Y>
          <Y t="2">0.00954</Y>
          <Y t="3">0.0133</Y>
          <Y t="4">0.01725</Y>
          <Y t="5">0.02152</Y>
          <Y t="6">0.0262</Y>
          <Y t="7">0.03134</Y>
          <Y t="8">0.03701</Y>
          <Y t="9">0.04748</Y>
          <Y t="10">0.05859</Y>
          <Y t="11">0.07044</Y>
          <Y t="12">0.08312</Y>
          <Y t="13">0.09673</Y>
          <Y t="14">0.1104</Y>
          <Y t="15">0.12014</Y>
          <Y t="16">0.1305</Y>
          <Y t="17">0.14158</Y>
          <Y t="18">0.15333</Y>
          <Y t="19">0.16577</Y>
          <Y t="20">0.17897</Y>
          <Y t="21">0.19288</Y>
          <Y t="22">0.21949</Y>
          <Y t="23">0.24653</Y>
          <Y t="24">0.27363</Y>
          <Y t="25">0.30035</Y>
        </Axis>
      </Axis>
      <Axis t="78">
        <Axis>
          <Y t="1">0.00643</Y>
          <Y t="2">0.0104</Y>
          <Y t="3">0.01456</Y>
          <Y t="4">0.01898</Y>
          <Y t="5">0.02376</Y>
          <Y t="6">0.029</Y>
          <Y t="7">0.03476</Y>
          <Y t="8">0.04575</Y>
          <Y t="9">0.05733</Y>
          <Y t="10">0.06958</Y>
          <Y t="11">0.0826</Y>
          <Y t="12">0.0965</Y>
          <Y t="13">0.1104</Y>
          <Y t="14">0.12014</Y>
          <Y t="15">0.1305</Y>
          <Y t="16">0.14158</Y>
          <Y t="17">0.15333</Y>
          <Y t="18">0.16577</Y>
          <Y t="19">0.17897</Y>
          <Y t="20">0.19288</Y>
          <Y t="21">0.21949</Y>
          <Y t="22">0.24653</Y>
          <Y t="23">0.27363</Y>
          <Y t="24">0.30035</Y>
          <Y t="25">0.32627</Y>
        </Axis>
      </Axis>
      <Axis t="79">
        <Axis>
          <Y t="1">0.00695</Y>
          <Y t="2">0.01133</Y>
          <Y t="3">0.01594</Y>
          <Y t="4">0.02088</Y>
          <Y t="5">0.02622</Y>
          <Y t="6">0.03208</Y>
          <Y t="7">0.04367</Y>
          <Y t="8">0.05578</Y>
          <Y t="9">0.06853</Y>
          <Y t="10">0.08196</Y>
          <Y t="11">0.0962</Y>
          <Y t="12">0.1104</Y>
          <Y t="13">0.12014</Y>
          <Y t="14">0.1305</Y>
          <Y t="15">0.14158</Y>
          <Y t="16">0.15333</Y>
          <Y t="17">0.16577</Y>
          <Y t="18">0.17897</Y>
          <Y t="19">0.19288</Y>
          <Y t="20">0.21949</Y>
          <Y t="21">0.24653</Y>
          <Y t="22">0.27363</Y>
          <Y t="23">0.30035</Y>
          <Y t="24">0.32627</Y>
          <Y t="25">0.35078</Y>
        </Axis>
      </Axis>
      <Axis t="80">
        <Axis>
          <Y t="1">0.0075</Y>
          <Y t="2">0.01235</Y>
          <Y t="3">0.01746</Y>
          <Y t="4">0.02294</Y>
          <Y t="5">0.0289</Y>
          <Y t="6">0.04119</Y>
          <Y t="7">0.05392</Y>
          <Y t="8">0.06722</Y>
          <Y t="9">0.08116</Y>
          <Y t="10">0.09581</Y>
          <Y t="11">0.1104</Y>
          <Y t="12">0.12014</Y>
          <Y t="13">0.1305</Y>
          <Y t="14">0.14158</Y>
          <Y t="15">0.15333</Y>
          <Y t="16">0.16577</Y>
          <Y t="17">0.17897</Y>
          <Y t="18">0.19288</Y>
          <Y t="19">0.21949</Y>
          <Y t="20">0.24653</Y>
          <Y t="21">0.27363</Y>
          <Y t="22">0.30035</Y>
          <Y t="23">0.32627</Y>
          <Y t="24">0.35078</Y>
          <Y t="25">0.37239</Y>
        </Axis>
      </Axis>
      <Axis t="81">
        <Axis>
          <Y t="1">0.00808</Y>
          <Y t="2">0.01344</Y>
          <Y t="3">0.0191</Y>
          <Y t="4">0.0252</Y>
          <Y t="5">0.03828</Y>
          <Y t="6">0.05171</Y>
          <Y t="7">0.06565</Y>
          <Y t="8">0.08016</Y>
          <Y t="9">0.09532</Y>
          <Y t="10">0.1104</Y>
          <Y t="11">0.12014</Y>
          <Y t="12">0.1305</Y>
          <Y t="13">0.14158</Y>
          <Y t="14">0.15333</Y>
          <Y t="15">0.16577</Y>
          <Y t="16">0.17897</Y>
          <Y t="17">0.19288</Y>
          <Y t="18">0.21949</Y>
          <Y t="19">0.24653</Y>
          <Y t="20">0.27363</Y>
          <Y t="21">0.30035</Y>
          <Y t="22">0.32627</Y>
          <Y t="23">0.35078</Y>
          <Y t="24">0.37239</Y>
          <Y t="25">0.39348</Y>
        </Axis>
      </Axis>
      <Axis t="82">
        <Axis>
          <Y t="1">0.00868</Y>
          <Y t="2">0.01459</Y>
          <Y t="3">0.02087</Y>
          <Y t="4">0.03492</Y>
          <Y t="5">0.04915</Y>
          <Y t="6">0.0638</Y>
          <Y t="7">0.07897</Y>
          <Y t="8">0.09471</Y>
          <Y t="9">0.1104</Y>
          <Y t="10">0.12014</Y>
          <Y t="11">0.1305</Y>
          <Y t="12">0.14158</Y>
          <Y t="13">0.15333</Y>
          <Y t="14">0.16577</Y>
          <Y t="15">0.17897</Y>
          <Y t="16">0.19288</Y>
          <Y t="17">0.21949</Y>
          <Y t="18">0.24653</Y>
          <Y t="19">0.27363</Y>
          <Y t="20">0.30035</Y>
          <Y t="21">0.32627</Y>
          <Y t="22">0.35078</Y>
          <Y t="23">0.37239</Y>
          <Y t="24">0.39348</Y>
          <Y t="25">0.40615</Y>
        </Axis>
      </Axis>
      <Axis t="83">
        <Axis>
          <Y t="1">0.00928</Y>
          <Y t="2">0.01583</Y>
          <Y t="3">0.03103</Y>
          <Y t="4">0.04618</Y>
          <Y t="5">0.06165</Y>
          <Y t="6">0.07756</Y>
          <Y t="7">0.09399</Y>
          <Y t="8">0.1104</Y>
          <Y t="9">0.12014</Y>
          <Y t="10">0.1305</Y>
          <Y t="11">0.14158</Y>
          <Y t="12">0.15333</Y>
          <Y t="13">0.16577</Y>
          <Y t="14">0.17897</Y>
          <Y t="15">0.19288</Y>
          <Y t="16">0.21949</Y>
          <Y t="17">0.24653</Y>
          <Y t="18">0.27363</Y>
          <Y t="19">0.30035</Y>
          <Y t="20">0.32627</Y>
          <Y t="21">0.35078</Y>
          <Y t="22">0.37239</Y>
          <Y t="23">0.39348</Y>
          <Y t="24">0.40615</Y>
          <Y t="25">0.41821</Y>
        </Axis>
      </Axis>
      <Axis t="84">
        <Axis>
          <Y t="1">0.0099</Y>
          <Y t="2">0.02127</Y>
          <Y t="3">0.04281</Y>
          <Y t="4">0.05921</Y>
          <Y t="5">0.07596</Y>
          <Y t="6">0.09315</Y>
          <Y t="7">0.1104</Y>
          <Y t="8">0.12014</Y>
          <Y t="9">0.1305</Y>
          <Y t="10">0.14158</Y>
          <Y t="11">0.15333</Y>
          <Y t="12">0.16577</Y>
          <Y t="13">0.17897</Y>
          <Y t="14">0.19288</Y>
          <Y t="15">0.21949</Y>
          <Y t="16">0.24653</Y>
          <Y t="17">0.27363</Y>
          <Y t="18">0.30035</Y>
          <Y t="19">0.32627</Y>
          <Y t="20">0.35078</Y>
          <Y t="21">0.37239</Y>
          <Y t="22">0.39348</Y>
          <Y t="23">0.40615</Y>
          <Y t="24">0.41821</Y>
          <Y t="25">0.42958</Y>
        </Axis>
      </Axis>
      <Axis t="85">
        <Axis>
          <Y t="1">0.01053</Y>
          <Y t="2">0.02754</Y>
          <Y t="3">0.05645</Y>
          <Y t="4">0.07414</Y>
          <Y t="5">0.0922</Y>
          <Y t="6">0.1104</Y>
          <Y t="7">0.12014</Y>
          <Y t="8">0.1305</Y>
          <Y t="9">0.14158</Y>
          <Y t="10">0.15333</Y>
          <Y t="11">0.16577</Y>
          <Y t="12">0.17897</Y>
          <Y t="13">0.19288</Y>
          <Y t="14">0.21949</Y>
          <Y t="15">0.24653</Y>
          <Y t="16">0.27363</Y>
          <Y t="17">0.30035</Y>
          <Y t="18">0.32627</Y>
          <Y t="19">0.35078</Y>
          <Y t="20">0.37239</Y>
          <Y t="21">0.39348</Y>
          <Y t="22">0.40615</Y>
          <Y t="23">0.41821</Y>
          <Y t="24">0.42958</Y>
          <Y t="25">0.44021</Y>
        </Axis>
      </Axis>
      <Axis t="86">
        <Axis>
          <Y t="1">0.01116</Y>
          <Y t="2">0.03476</Y>
          <Y t="3">0.07212</Y>
          <Y t="4">0.09114</Y>
          <Y t="5">0.1104</Y>
          <Y t="6">0.12014</Y>
          <Y t="7">0.1305</Y>
          <Y t="8">0.14158</Y>
          <Y t="9">0.15333</Y>
          <Y t="10">0.16577</Y>
          <Y t="11">0.17897</Y>
          <Y t="12">0.19288</Y>
          <Y t="13">0.21949</Y>
          <Y t="14">0.24653</Y>
          <Y t="15">0.27363</Y>
          <Y t="16">0.30035</Y>
          <Y t="17">0.32627</Y>
          <Y t="18">0.35078</Y>
          <Y t="19">0.37239</Y>
          <Y t="20">0.39348</Y>
          <Y t="21">0.40615</Y>
          <Y t="22">0.41821</Y>
          <Y t="23">0.42958</Y>
          <Y t="24">0.44021</Y>
          <Y t="25">0.45</Y>
        </Axis>
      </Axis>
      <Axis t="87">
        <Axis>
          <Y t="1">0.01179</Y>
          <Y t="2">0.04301</Y>
          <Y t="3">0.09</Y>
          <Y t="4">0.1104</Y>
          <Y t="5">0.12014</Y>
          <Y t="6">0.1305</Y>
          <Y t="7">0.14158</Y>
          <Y t="8">0.15333</Y>
          <Y t="9">0.16577</Y>
          <Y t="10">0.17897</Y>
          <Y t="11">0.19288</Y>
          <Y t="12">0.21949</Y>
          <Y t="13">0.24653</Y>
          <Y t="14">0.27363</Y>
          <Y t="15">0.30035</Y>
          <Y t="16">0.32627</Y>
          <Y t="17">0.35078</Y>
          <Y t="18">0.37239</Y>
          <Y t="19">0.39348</Y>
          <Y t="20">0.40615</Y>
          <Y t="21">0.41821</Y>
          <Y t="22">0.42958</Y>
          <Y t="23">0.44021</Y>
          <Y t="24">0.45</Y>
          <Y t="25">0.45</Y>
        </Axis>
      </Axis>
      <Axis t="88">
        <Axis>
          <Y t="1">0.01241</Y>
          <Y t="2">0.05235</Y>
          <Y t="3">0.1104</Y>
          <Y t="4">0.12014</Y>
          <Y t="5">0.1305</Y>
          <Y t="6">0.14158</Y>
          <Y t="7">0.15333</Y>
          <Y t="8">0.16577</Y>
          <Y t="9">0.17897</Y>
          <Y t="10">0.19288</Y>
          <Y t="11">0.21949</Y>
          <Y t="12">0.24653</Y>
          <Y t="13">0.27363</Y>
          <Y t="14">0.30035</Y>
          <Y t="15">0.32627</Y>
          <Y t="16">0.35078</Y>
          <Y t="17">0.37239</Y>
          <Y t="18">0.39348</Y>
          <Y t="19">0.40615</Y>
          <Y t="20">0.41821</Y>
          <Y t="21">0.42958</Y>
          <Y t="22">0.44021</Y>
          <Y t="23">0.45</Y>
          <Y t="24">0.45</Y>
          <Y t="25">0.45</Y>
        </Axis>
      </Axis>
      <Axis t="89">
        <Axis>
          <Y t="1">0.01303</Y>
          <Y t="2">0.0566</Y>
          <Y t="3">0.12014</Y>
          <Y t="4">0.1305</Y>
          <Y t="5">0.14158</Y>
          <Y t="6">0.15333</Y>
          <Y t="7">0.16577</Y>
          <Y t="8">0.17897</Y>
          <Y t="9">0.19288</Y>
          <Y t="10">0.21949</Y>
          <Y t="11">0.24653</Y>
          <Y t="12">0.27363</Y>
          <Y t="13">0.30035</Y>
          <Y t="14">0.32627</Y>
          <Y t="15">0.35078</Y>
          <Y t="16">0.37239</Y>
          <Y t="17">0.39348</Y>
          <Y t="18">0.40615</Y>
          <Y t="19">0.41821</Y>
          <Y t="20">0.42958</Y>
          <Y t="21">0.44021</Y>
          <Y t="22">0.45</Y>
          <Y t="23">0.45</Y>
          <Y t="24">0.45</Y>
          <Y t="25">0.45</Y>
        </Axis>
      </Axis>
      <Axis t="90">
        <Axis>
          <Y t="1">0.01366</Y>
          <Y t="2">0.06104</Y>
          <Y t="3">0.1305</Y>
          <Y t="4">0.14158</Y>
          <Y t="5">0.15333</Y>
          <Y t="6">0.16577</Y>
          <Y t="7">0.17897</Y>
          <Y t="8">0.19288</Y>
          <Y t="9">0.21949</Y>
          <Y t="10">0.24653</Y>
          <Y t="11">0.27363</Y>
          <Y t="12">0.30035</Y>
          <Y t="13">0.32627</Y>
          <Y t="14">0.35078</Y>
          <Y t="15">0.37239</Y>
          <Y t="16">0.39348</Y>
          <Y t="17">0.40615</Y>
          <Y t="18">0.41821</Y>
          <Y t="19">0.42958</Y>
          <Y t="20">0.44021</Y>
          <Y t="21">0.45</Y>
          <Y t="22">0.45</Y>
          <Y t="23">0.45</Y>
          <Y t="24">0.45</Y>
          <Y t="25">0.45</Y>
        </Axis>
      </Axis>
    </Values>
  </Table>
  <Table>
    <MetaData>
      <ScalingFactor>0</ScalingFactor>
      <DataType tc="2">Floating Point</DataType>
      <Nation tc="1">United States of America</Nation>
      <TableDescription>2008 VBT Primary Table -Female, Smoking unknown, age nearest birthday, Ultimate</TableDescription>
      <AxisDef id="Age">
        <ScaleType tc="3">Age</ScaleType>
        <AxisName>Age</AxisName>
        <MinScaleValue>25</MinScaleValue>
        <MaxScaleValue>120</MaxScaleValue>
        <Increment>1</Increment>
      </AxisDef>
    </MetaData>
    <Values>
      <Axis>
        <Y t="25">0.0003</Y>
        <Y t="26">0.0003</Y>
        <Y t="27">0.00031</Y>
        <Y t="28">0.00032</Y>
        <Y t="29">0.00033</Y>
        <Y t="30">0.00035</Y>
        <Y t="31">0.00037</Y>
        <Y t="32">0.0004</Y>
        <Y t="33">0.00043</Y>
        <Y t="34">0.00046</Y>
        <Y t="35">0.0005</Y>
        <Y t="36">0.00054</Y>
        <Y t="37">0.00058</Y>
        <Y t="38">0.00063</Y>
        <Y t="39">0.00067</Y>
        <Y t="40">0.00072</Y>
        <Y t="41">0.00077</Y>
        <Y t="42">0.00082</Y>
        <Y t="43">0.00101</Y>
        <Y t="44">0.00109</Y>
        <Y t="45">0.00117</Y>
        <Y t="46">0.0013</Y>
        <Y t="47">0.00146</Y>
        <Y t="48">0.00165</Y>
        <Y t="49">0.00186</Y>
        <Y t="50">0.00207</Y>
        <Y t="51">0.00231</Y>
        <Y t="52">0.00255</Y>
        <Y t="53">0.00281</Y>
        <Y t="54">0.00307</Y>
        <Y t="55">0.00335</Y>
        <Y t="56">0.00365</Y>
        <Y t="57">0.00396</Y>
        <Y t="58">0.00432</Y>
        <Y t="59">0.0047</Y>
        <Y t="60">0.00512</Y>
        <Y t="61">0.00559</Y>
        <Y t="62">0.00611</Y>
        <Y t="63">0.00671</Y>
        <Y t="64">0.00738</Y>
        <Y t="65">0.00816</Y>
        <Y t="66">0.00905</Y>
        <Y t="67">0.01005</Y>
        <Y t="68">0.01119</Y>
        <Y t="69">0.0125</Y>
        <Y t="70">0.01398</Y>
        <Y t="71">0.01563</Y>
        <Y t="72">0.0175</Y>
        <Y t="73">0.01959</Y>
        <Y t="74">0.02192</Y>
        <Y t="75">0.02451</Y>
        <Y t="76">0.02736</Y>
        <Y t="77">0.03051</Y>
        <Y t="78">0.03397</Y>
        <Y t="79">0.03775</Y>
        <Y t="80">0.0419</Y>
        <Y t="81">0.04651</Y>
        <Y t="82">0.05156</Y>
        <Y t="83">0.05705</Y>
        <Y t="84">0.06302</Y>
        <Y t="85">0.0695</Y>
        <Y t="86">0.07652</Y>
        <Y t="87">0.0841</Y>
        <Y t="88">0.0923</Y>
        <Y t="89">0.10114</Y>
        <Y t="90">0.1104</Y>
        <Y t="91">0.12014</Y>
        <Y t="92">0.1305</Y>
        <Y t="93">0.14158</Y>
        <Y t="94">0.15333</Y>
        <Y t="95">0.16577</Y>
        <Y t="96">0.17897</Y>
        <Y t="97">0.19288</Y>
        <Y t="98">0.21949</Y>
        <Y t="99">0.24653</Y>
        <Y t="100">0.27363</Y>
        <Y t="101">0.30035</Y>
        <Y t="102">0.32627</Y>
        <Y t="103">0.35078</Y>
        <Y t="104">0.37239</Y>
        <Y t="105">0.39348</Y>
        <Y t="106">0.40615</Y>
        <Y t="107">0.41821</Y>
        <Y t="108">0.42958</Y>
        <Y t="109">0.44021</Y>
        <Y t="110">0.45</Y>
        <Y t="111">0.45</Y>
        <Y t="112">0.45</Y>
        <Y t="113">0.45</Y>
        <Y t="114">0.45</Y>
        <Y t="115">0.45</Y>
        <Y t="116">0.45</Y>
        <Y t="117">0.45</Y>
        <Y t="118">0.45</Y>
        <Y t="119">0.45</Y>
        <Y t="120">0.45</Y>
      </Axis>
    </Values>
  </Table>
</XTbML>