﻿<?xml version="1.0" encoding="utf-8"?>
<XTbML>
  <ContentClassification>
    <TableIdentity>1017</TableIdentity>
    <ProviderDomain>soa.org</ProviderDomain>
    <ProviderName>Society of Actuaries</ProviderName>
    <TableReference>“Appendix  F – Relative Risk Tables”, Society of Actuaries. Accessed: October, 2012 from http://www.soa.org/Files/Zip/research-2008-vbt-report-app-f.pdf</TableReference>
    <ContentType tc="4">Insured Lives Mortality</ContentType>
    <TableName>2008 VBT Female RR150 Non-Smoker ALB</TableName>
    <TableDescription>2008 Valuation Basic Table (VBT) Relative Risk (RR) - Female, 150%, Non-Smoker, Age Last Birthday. Minimum Age: 18. Maximum Age: 90.</TableDescription>
    <Comments>Study Data: The underlying data used in developing the 2008 Valuation Basic Table (VBT) was a subset of the Society of Actuaries (SOA) Individual Life Experience Committee's (ILEC) 2002-2004 Intercompany Study comprised of claims from 35 contributing companies. Of these 35 companies, 28 companies maintained preferred class underwriting criteria. Nevertheless, this data proved insufficient to develop all the relationships needed for construction of the Relative Risk tables. Consequently, research from a reinsurer heavily supplemented the data. Note that subsequent to publication in March, 2008 of “2008 Valuation Basic Table” by the American Academy of Actuaries, the values (p. 183-184 for this particular table) were revised in February of 2009. Methodology: Relative Risk Ratios were developed from an Underwriting Criteria Score (UCS). The Relative Risk Ratios were then applied to the 2008 Primary Table to create 10 preferred non-smoker tables and 4 preferred smoker tables delineated by gender. Next, a Preferred Wear-Off Factor was applied to durations 2 and later. The Wear-Off Factors result in the relative risk tables grading into the corresponding aggregate table at higher attained ages. The Preferred Wear-Off Factors are the same for all the Relative Risk tables. Data Transcription Errors: None. Data Certified: 10/2012..</Comments>
    <KeyWord>Select</KeyWord>
    <KeyWord>Insured Lives Mortality</KeyWord>
    <KeyWord>United States of America</KeyWord>
  </ContentClassification>
  <Table>
    <MetaData>
      <ScalingFactor>0</ScalingFactor>
      <DataType tc="2">Floating Point</DataType>
      <Nation tc="1">United States of America</Nation>
      <TableDescription>2008 Valuation Basic Table (VBT) Relative Risk (RR) - Female, 150%, Non-Smoker, Age Last Birthday. Minimum Age: 18. Maximum Age: 90. Select</TableDescription>
      <AxisDef id="Age">
        <ScaleType tc="3">Age</ScaleType>
        <AxisName>Age</AxisName>
        <MinScaleValue>18</MinScaleValue>
        <MaxScaleValue>90</MaxScaleValue>
        <Increment>1</Increment>
      </AxisDef>
      <AxisDef id="Duration">
        <ScaleType tc="2">Ordinal Date</ScaleType>
        <AxisName>Duration</AxisName>
        <MinScaleValue>1</MinScaleValue>
        <MaxScaleValue>25</MaxScaleValue>
        <Increment>1</Increment>
      </AxisDef>
    </MetaData>
    <Values>
      <Axis t="18">
        <Axis>
          <Y t="1">0.0004</Y>
          <Y t="2">0.00045</Y>
          <Y t="3">0.00047</Y>
          <Y t="4">0.00047</Y>
          <Y t="5">0.00047</Y>
          <Y t="6">0.00047</Y>
          <Y t="7">0.00048</Y>
          <Y t="8">0.0005</Y>
          <Y t="9">0.00052</Y>
          <Y t="10">0.00052</Y>
          <Y t="11">0.00054</Y>
          <Y t="12">0.00056</Y>
          <Y t="13">0.0006</Y>
          <Y t="14">0.00064</Y>
          <Y t="15">0.00069</Y>
          <Y t="16">0.00077</Y>
          <Y t="17">0.00087</Y>
          <Y t="18">0.00097</Y>
          <Y t="19">0.00108</Y>
          <Y t="20">0.00117</Y>
          <Y t="21">0.00126</Y>
          <Y t="22">0.00134</Y>
          <Y t="23">0.00144</Y>
          <Y t="24">0.00154</Y>
          <Y t="25">0.00164</Y>
        </Axis>
      </Axis>
      <Axis t="19">
        <Axis>
          <Y t="1">0.00036</Y>
          <Y t="2">0.00042</Y>
          <Y t="3">0.00044</Y>
          <Y t="4">0.00044</Y>
          <Y t="5">0.00044</Y>
          <Y t="6">0.00044</Y>
          <Y t="7">0.00046</Y>
          <Y t="8">0.00048</Y>
          <Y t="9">0.00051</Y>
          <Y t="10">0.00053</Y>
          <Y t="11">0.00055</Y>
          <Y t="12">0.00057</Y>
          <Y t="13">0.0006</Y>
          <Y t="14">0.00065</Y>
          <Y t="15">0.00072</Y>
          <Y t="16">0.00082</Y>
          <Y t="17">0.00092</Y>
          <Y t="18">0.00102</Y>
          <Y t="19">0.00114</Y>
          <Y t="20">0.00123</Y>
          <Y t="21">0.00132</Y>
          <Y t="22">0.00141</Y>
          <Y t="23">0.0015</Y>
          <Y t="24">0.00161</Y>
          <Y t="25">0.00173</Y>
        </Axis>
      </Axis>
      <Axis t="20">
        <Axis>
          <Y t="1">0.00033</Y>
          <Y t="2">0.00039</Y>
          <Y t="3">0.00041</Y>
          <Y t="4">0.00041</Y>
          <Y t="5">0.00041</Y>
          <Y t="6">0.00042</Y>
          <Y t="7">0.00044</Y>
          <Y t="8">0.00046</Y>
          <Y t="9">0.0005</Y>
          <Y t="10">0.00052</Y>
          <Y t="11">0.00056</Y>
          <Y t="12">0.00057</Y>
          <Y t="13">0.00062</Y>
          <Y t="14">0.00068</Y>
          <Y t="15">0.00076</Y>
          <Y t="16">0.00085</Y>
          <Y t="17">0.00096</Y>
          <Y t="18">0.00108</Y>
          <Y t="19">0.00119</Y>
          <Y t="20">0.00129</Y>
          <Y t="21">0.00138</Y>
          <Y t="22">0.00147</Y>
          <Y t="23">0.00156</Y>
          <Y t="24">0.00169</Y>
          <Y t="25">0.00183</Y>
        </Axis>
      </Axis>
      <Axis t="21">
        <Axis>
          <Y t="1">0.0003</Y>
          <Y t="2">0.00037</Y>
          <Y t="3">0.00039</Y>
          <Y t="4">0.0004</Y>
          <Y t="5">0.0004</Y>
          <Y t="6">0.00041</Y>
          <Y t="7">0.00043</Y>
          <Y t="8">0.00047</Y>
          <Y t="9">0.00049</Y>
          <Y t="10">0.00053</Y>
          <Y t="11">0.00056</Y>
          <Y t="12">0.00059</Y>
          <Y t="13">0.00065</Y>
          <Y t="14">0.00071</Y>
          <Y t="15">0.00078</Y>
          <Y t="16">0.00089</Y>
          <Y t="17">0.00101</Y>
          <Y t="18">0.00113</Y>
          <Y t="19">0.00125</Y>
          <Y t="20">0.00135</Y>
          <Y t="21">0.00144</Y>
          <Y t="22">0.00154</Y>
          <Y t="23">0.00164</Y>
          <Y t="24">0.00178</Y>
          <Y t="25">0.00195</Y>
        </Axis>
      </Axis>
      <Axis t="22">
        <Axis>
          <Y t="1">0.00027</Y>
          <Y t="2">0.00034</Y>
          <Y t="3">0.00037</Y>
          <Y t="4">0.00038</Y>
          <Y t="5">0.00039</Y>
          <Y t="6">0.00041</Y>
          <Y t="7">0.00043</Y>
          <Y t="8">0.00046</Y>
          <Y t="9">0.0005</Y>
          <Y t="10">0.00054</Y>
          <Y t="11">0.00057</Y>
          <Y t="12">0.00062</Y>
          <Y t="13">0.00068</Y>
          <Y t="14">0.00073</Y>
          <Y t="15">0.00082</Y>
          <Y t="16">0.00092</Y>
          <Y t="17">0.00105</Y>
          <Y t="18">0.00118</Y>
          <Y t="19">0.0013</Y>
          <Y t="20">0.00141</Y>
          <Y t="21">0.0015</Y>
          <Y t="22">0.00161</Y>
          <Y t="23">0.00173</Y>
          <Y t="24">0.0019</Y>
          <Y t="25">0.00213</Y>
        </Axis>
      </Axis>
      <Axis t="23">
        <Axis>
          <Y t="1">0.00024</Y>
          <Y t="2">0.00032</Y>
          <Y t="3">0.00035</Y>
          <Y t="4">0.00036</Y>
          <Y t="5">0.00038</Y>
          <Y t="6">0.0004</Y>
          <Y t="7">0.00042</Y>
          <Y t="8">0.00047</Y>
          <Y t="9">0.00051</Y>
          <Y t="10">0.00055</Y>
          <Y t="11">0.00059</Y>
          <Y t="12">0.00065</Y>
          <Y t="13">0.0007</Y>
          <Y t="14">0.00075</Y>
          <Y t="15">0.00085</Y>
          <Y t="16">0.00096</Y>
          <Y t="17">0.00109</Y>
          <Y t="18">0.00122</Y>
          <Y t="19">0.00136</Y>
          <Y t="20">0.00146</Y>
          <Y t="21">0.00157</Y>
          <Y t="22">0.0017</Y>
          <Y t="23">0.00185</Y>
          <Y t="24">0.00208</Y>
          <Y t="25">0.00236</Y>
        </Axis>
      </Axis>
      <Axis t="24">
        <Axis>
          <Y t="1">0.00022</Y>
          <Y t="2">0.00029</Y>
          <Y t="3">0.00034</Y>
          <Y t="4">0.00036</Y>
          <Y t="5">0.00037</Y>
          <Y t="6">0.00039</Y>
          <Y t="7">0.00043</Y>
          <Y t="8">0.00046</Y>
          <Y t="9">0.00053</Y>
          <Y t="10">0.00058</Y>
          <Y t="11">0.00062</Y>
          <Y t="12">0.00066</Y>
          <Y t="13">0.00072</Y>
          <Y t="14">0.00078</Y>
          <Y t="15">0.00087</Y>
          <Y t="16">0.001</Y>
          <Y t="17">0.00113</Y>
          <Y t="18">0.00127</Y>
          <Y t="19">0.00141</Y>
          <Y t="20">0.00154</Y>
          <Y t="21">0.00165</Y>
          <Y t="22">0.00181</Y>
          <Y t="23">0.00202</Y>
          <Y t="24">0.0023</Y>
          <Y t="25">0.00261</Y>
        </Axis>
      </Axis>
      <Axis t="25">
        <Axis>
          <Y t="1">0.00021</Y>
          <Y t="2">0.00028</Y>
          <Y t="3">0.00033</Y>
          <Y t="4">0.00035</Y>
          <Y t="5">0.00037</Y>
          <Y t="6">0.00039</Y>
          <Y t="7">0.00042</Y>
          <Y t="8">0.00047</Y>
          <Y t="9">0.00054</Y>
          <Y t="10">0.0006</Y>
          <Y t="11">0.00063</Y>
          <Y t="12">0.00068</Y>
          <Y t="13">0.00074</Y>
          <Y t="14">0.00081</Y>
          <Y t="15">0.0009</Y>
          <Y t="16">0.00104</Y>
          <Y t="17">0.00118</Y>
          <Y t="18">0.00133</Y>
          <Y t="19">0.00147</Y>
          <Y t="20">0.00161</Y>
          <Y t="21">0.00175</Y>
          <Y t="22">0.00192</Y>
          <Y t="23">0.00217</Y>
          <Y t="24">0.00245</Y>
          <Y t="25">0.0028</Y>
        </Axis>
      </Axis>
      <Axis t="26">
        <Axis>
          <Y t="1">0.00021</Y>
          <Y t="2">0.00028</Y>
          <Y t="3">0.00033</Y>
          <Y t="4">0.00034</Y>
          <Y t="5">0.00036</Y>
          <Y t="6">0.00038</Y>
          <Y t="7">0.00041</Y>
          <Y t="8">0.00048</Y>
          <Y t="9">0.00055</Y>
          <Y t="10">0.0006</Y>
          <Y t="11">0.00065</Y>
          <Y t="12">0.00071</Y>
          <Y t="13">0.00077</Y>
          <Y t="14">0.00085</Y>
          <Y t="15">0.00096</Y>
          <Y t="16">0.0011</Y>
          <Y t="17">0.00124</Y>
          <Y t="18">0.00139</Y>
          <Y t="19">0.00153</Y>
          <Y t="20">0.00168</Y>
          <Y t="21">0.00185</Y>
          <Y t="22">0.00203</Y>
          <Y t="23">0.00228</Y>
          <Y t="24">0.00257</Y>
          <Y t="25">0.00296</Y>
        </Axis>
      </Axis>
      <Axis t="27">
        <Axis>
          <Y t="1">0.0002</Y>
          <Y t="2">0.00027</Y>
          <Y t="3">0.00032</Y>
          <Y t="4">0.00034</Y>
          <Y t="5">0.00036</Y>
          <Y t="6">0.00037</Y>
          <Y t="7">0.00042</Y>
          <Y t="8">0.00049</Y>
          <Y t="9">0.00056</Y>
          <Y t="10">0.00062</Y>
          <Y t="11">0.00068</Y>
          <Y t="12">0.00075</Y>
          <Y t="13">0.00082</Y>
          <Y t="14">0.00091</Y>
          <Y t="15">0.00103</Y>
          <Y t="16">0.00116</Y>
          <Y t="17">0.00131</Y>
          <Y t="18">0.00146</Y>
          <Y t="19">0.00161</Y>
          <Y t="20">0.00176</Y>
          <Y t="21">0.00194</Y>
          <Y t="22">0.00215</Y>
          <Y t="23">0.00242</Y>
          <Y t="24">0.00275</Y>
          <Y t="25">0.00318</Y>
        </Axis>
      </Axis>
      <Axis t="28">
        <Axis>
          <Y t="1">0.0002</Y>
          <Y t="2">0.00028</Y>
          <Y t="3">0.00032</Y>
          <Y t="4">0.00033</Y>
          <Y t="5">0.00035</Y>
          <Y t="6">0.00038</Y>
          <Y t="7">0.00043</Y>
          <Y t="8">0.00051</Y>
          <Y t="9">0.00058</Y>
          <Y t="10">0.00065</Y>
          <Y t="11">0.00072</Y>
          <Y t="12">0.00079</Y>
          <Y t="13">0.00087</Y>
          <Y t="14">0.00098</Y>
          <Y t="15">0.00111</Y>
          <Y t="16">0.00124</Y>
          <Y t="17">0.00139</Y>
          <Y t="18">0.00154</Y>
          <Y t="19">0.0017</Y>
          <Y t="20">0.00185</Y>
          <Y t="21">0.00205</Y>
          <Y t="22">0.00228</Y>
          <Y t="23">0.00257</Y>
          <Y t="24">0.00293</Y>
          <Y t="25">0.0034</Y>
        </Axis>
      </Axis>
      <Axis t="29">
        <Axis>
          <Y t="1">0.0002</Y>
          <Y t="2">0.00028</Y>
          <Y t="3">0.00031</Y>
          <Y t="4">0.00034</Y>
          <Y t="5">0.00036</Y>
          <Y t="6">0.0004</Y>
          <Y t="7">0.00045</Y>
          <Y t="8">0.00053</Y>
          <Y t="9">0.00061</Y>
          <Y t="10">0.00069</Y>
          <Y t="11">0.00076</Y>
          <Y t="12">0.00084</Y>
          <Y t="13">0.00094</Y>
          <Y t="14">0.00106</Y>
          <Y t="15">0.00119</Y>
          <Y t="16">0.00132</Y>
          <Y t="17">0.00147</Y>
          <Y t="18">0.00163</Y>
          <Y t="19">0.00179</Y>
          <Y t="20">0.00196</Y>
          <Y t="21">0.00218</Y>
          <Y t="22">0.00242</Y>
          <Y t="23">0.00274</Y>
          <Y t="24">0.00313</Y>
          <Y t="25">0.00364</Y>
        </Axis>
      </Axis>
      <Axis t="30">
        <Axis>
          <Y t="1">0.00021</Y>
          <Y t="2">0.00029</Y>
          <Y t="3">0.00032</Y>
          <Y t="4">0.00036</Y>
          <Y t="5">0.00037</Y>
          <Y t="6">0.00042</Y>
          <Y t="7">0.00049</Y>
          <Y t="8">0.00057</Y>
          <Y t="9">0.00065</Y>
          <Y t="10">0.00073</Y>
          <Y t="11">0.00081</Y>
          <Y t="12">0.00091</Y>
          <Y t="13">0.00102</Y>
          <Y t="14">0.00114</Y>
          <Y t="15">0.00128</Y>
          <Y t="16">0.00142</Y>
          <Y t="17">0.00157</Y>
          <Y t="18">0.00172</Y>
          <Y t="19">0.00189</Y>
          <Y t="20">0.00209</Y>
          <Y t="21">0.00231</Y>
          <Y t="22">0.00258</Y>
          <Y t="23">0.00292</Y>
          <Y t="24">0.00334</Y>
          <Y t="25">0.00389</Y>
        </Axis>
      </Axis>
      <Axis t="31">
        <Axis>
          <Y t="1">0.00021</Y>
          <Y t="2">0.00029</Y>
          <Y t="3">0.00033</Y>
          <Y t="4">0.00037</Y>
          <Y t="5">0.00039</Y>
          <Y t="6">0.00044</Y>
          <Y t="7">0.00052</Y>
          <Y t="8">0.00061</Y>
          <Y t="9">0.00069</Y>
          <Y t="10">0.00078</Y>
          <Y t="11">0.00088</Y>
          <Y t="12">0.00099</Y>
          <Y t="13">0.00111</Y>
          <Y t="14">0.00124</Y>
          <Y t="15">0.00138</Y>
          <Y t="16">0.00152</Y>
          <Y t="17">0.00168</Y>
          <Y t="18">0.00184</Y>
          <Y t="19">0.00202</Y>
          <Y t="20">0.00223</Y>
          <Y t="21">0.00246</Y>
          <Y t="22">0.00275</Y>
          <Y t="23">0.00311</Y>
          <Y t="24">0.00356</Y>
          <Y t="25">0.00415</Y>
        </Axis>
      </Axis>
      <Axis t="32">
        <Axis>
          <Y t="1">0.00022</Y>
          <Y t="2">0.0003</Y>
          <Y t="3">0.00035</Y>
          <Y t="4">0.00038</Y>
          <Y t="5">0.00041</Y>
          <Y t="6">0.00047</Y>
          <Y t="7">0.00055</Y>
          <Y t="8">0.00065</Y>
          <Y t="9">0.00074</Y>
          <Y t="10">0.00084</Y>
          <Y t="11">0.00096</Y>
          <Y t="12">0.00108</Y>
          <Y t="13">0.00121</Y>
          <Y t="14">0.00135</Y>
          <Y t="15">0.00149</Y>
          <Y t="16">0.00164</Y>
          <Y t="17">0.0018</Y>
          <Y t="18">0.00197</Y>
          <Y t="19">0.00216</Y>
          <Y t="20">0.00238</Y>
          <Y t="21">0.00263</Y>
          <Y t="22">0.00294</Y>
          <Y t="23">0.00332</Y>
          <Y t="24">0.0038</Y>
          <Y t="25">0.00443</Y>
        </Axis>
      </Axis>
      <Axis t="33">
        <Axis>
          <Y t="1">0.00022</Y>
          <Y t="2">0.00031</Y>
          <Y t="3">0.00036</Y>
          <Y t="4">0.00039</Y>
          <Y t="5">0.00044</Y>
          <Y t="6">0.00051</Y>
          <Y t="7">0.0006</Y>
          <Y t="8">0.0007</Y>
          <Y t="9">0.0008</Y>
          <Y t="10">0.00092</Y>
          <Y t="11">0.00104</Y>
          <Y t="12">0.00117</Y>
          <Y t="13">0.00132</Y>
          <Y t="14">0.00146</Y>
          <Y t="15">0.00162</Y>
          <Y t="16">0.00177</Y>
          <Y t="17">0.00194</Y>
          <Y t="18">0.00211</Y>
          <Y t="19">0.00231</Y>
          <Y t="20">0.00254</Y>
          <Y t="21">0.00281</Y>
          <Y t="22">0.00313</Y>
          <Y t="23">0.00354</Y>
          <Y t="24">0.00405</Y>
          <Y t="25">0.00473</Y>
        </Axis>
      </Axis>
      <Axis t="34">
        <Axis>
          <Y t="1">0.00023</Y>
          <Y t="2">0.00032</Y>
          <Y t="3">0.00037</Y>
          <Y t="4">0.0004</Y>
          <Y t="5">0.00047</Y>
          <Y t="6">0.00055</Y>
          <Y t="7">0.00065</Y>
          <Y t="8">0.00076</Y>
          <Y t="9">0.00087</Y>
          <Y t="10">0.001</Y>
          <Y t="11">0.00113</Y>
          <Y t="12">0.00128</Y>
          <Y t="13">0.00143</Y>
          <Y t="14">0.00158</Y>
          <Y t="15">0.00175</Y>
          <Y t="16">0.00191</Y>
          <Y t="17">0.00209</Y>
          <Y t="18">0.00227</Y>
          <Y t="19">0.00248</Y>
          <Y t="20">0.00272</Y>
          <Y t="21">0.00301</Y>
          <Y t="22">0.00335</Y>
          <Y t="23">0.00378</Y>
          <Y t="24">0.00434</Y>
          <Y t="25">0.00506</Y>
        </Axis>
      </Axis>
      <Axis t="35">
        <Axis>
          <Y t="1">0.00024</Y>
          <Y t="2">0.00033</Y>
          <Y t="3">0.00038</Y>
          <Y t="4">0.00042</Y>
          <Y t="5">0.0005</Y>
          <Y t="6">0.0006</Y>
          <Y t="7">0.0007</Y>
          <Y t="8">0.00082</Y>
          <Y t="9">0.00095</Y>
          <Y t="10">0.00109</Y>
          <Y t="11">0.00123</Y>
          <Y t="12">0.0014</Y>
          <Y t="13">0.00155</Y>
          <Y t="14">0.00172</Y>
          <Y t="15">0.00189</Y>
          <Y t="16">0.00206</Y>
          <Y t="17">0.00225</Y>
          <Y t="18">0.00244</Y>
          <Y t="19">0.00266</Y>
          <Y t="20">0.00292</Y>
          <Y t="21">0.00323</Y>
          <Y t="22">0.00359</Y>
          <Y t="23">0.00405</Y>
          <Y t="24">0.00465</Y>
          <Y t="25">0.00543</Y>
        </Axis>
      </Axis>
      <Axis t="36">
        <Axis>
          <Y t="1">0.00026</Y>
          <Y t="2">0.00035</Y>
          <Y t="3">0.00039</Y>
          <Y t="4">0.00044</Y>
          <Y t="5">0.00054</Y>
          <Y t="6">0.00065</Y>
          <Y t="7">0.00076</Y>
          <Y t="8">0.00088</Y>
          <Y t="9">0.00103</Y>
          <Y t="10">0.00118</Y>
          <Y t="11">0.00134</Y>
          <Y t="12">0.00152</Y>
          <Y t="13">0.00169</Y>
          <Y t="14">0.00187</Y>
          <Y t="15">0.00205</Y>
          <Y t="16">0.00222</Y>
          <Y t="17">0.00242</Y>
          <Y t="18">0.00263</Y>
          <Y t="19">0.00286</Y>
          <Y t="20">0.00314</Y>
          <Y t="21">0.00345</Y>
          <Y t="22">0.00385</Y>
          <Y t="23">0.00435</Y>
          <Y t="24">0.00501</Y>
          <Y t="25">0.00585</Y>
        </Axis>
      </Axis>
      <Axis t="37">
        <Axis>
          <Y t="1">0.00027</Y>
          <Y t="2">0.00036</Y>
          <Y t="3">0.0004</Y>
          <Y t="4">0.00048</Y>
          <Y t="5">0.00059</Y>
          <Y t="6">0.00071</Y>
          <Y t="7">0.00083</Y>
          <Y t="8">0.00096</Y>
          <Y t="9">0.00111</Y>
          <Y t="10">0.00128</Y>
          <Y t="11">0.00147</Y>
          <Y t="12">0.00165</Y>
          <Y t="13">0.00184</Y>
          <Y t="14">0.00203</Y>
          <Y t="15">0.00221</Y>
          <Y t="16">0.00241</Y>
          <Y t="17">0.00261</Y>
          <Y t="18">0.00284</Y>
          <Y t="19">0.00308</Y>
          <Y t="20">0.00337</Y>
          <Y t="21">0.00371</Y>
          <Y t="22">0.00414</Y>
          <Y t="23">0.00469</Y>
          <Y t="24">0.00541</Y>
          <Y t="25">0.00633</Y>
        </Axis>
      </Axis>
      <Axis t="38">
        <Axis>
          <Y t="1">0.00028</Y>
          <Y t="2">0.00037</Y>
          <Y t="3">0.00041</Y>
          <Y t="4">0.00052</Y>
          <Y t="5">0.00064</Y>
          <Y t="6">0.00077</Y>
          <Y t="7">0.0009</Y>
          <Y t="8">0.00104</Y>
          <Y t="9">0.00121</Y>
          <Y t="10">0.00139</Y>
          <Y t="11">0.0016</Y>
          <Y t="12">0.00179</Y>
          <Y t="13">0.00199</Y>
          <Y t="14">0.00219</Y>
          <Y t="15">0.00239</Y>
          <Y t="16">0.0026</Y>
          <Y t="17">0.00282</Y>
          <Y t="18">0.00305</Y>
          <Y t="19">0.00332</Y>
          <Y t="20">0.00362</Y>
          <Y t="21">0.00399</Y>
          <Y t="22">0.00447</Y>
          <Y t="23">0.00507</Y>
          <Y t="24">0.00585</Y>
          <Y t="25">0.00686</Y>
        </Axis>
      </Axis>
      <Axis t="39">
        <Axis>
          <Y t="1">0.0003</Y>
          <Y t="2">0.00038</Y>
          <Y t="3">0.00043</Y>
          <Y t="4">0.00057</Y>
          <Y t="5">0.0007</Y>
          <Y t="6">0.00083</Y>
          <Y t="7">0.00098</Y>
          <Y t="8">0.00114</Y>
          <Y t="9">0.00132</Y>
          <Y t="10">0.00152</Y>
          <Y t="11">0.00173</Y>
          <Y t="12">0.00195</Y>
          <Y t="13">0.00216</Y>
          <Y t="14">0.00237</Y>
          <Y t="15">0.00259</Y>
          <Y t="16">0.0028</Y>
          <Y t="17">0.00303</Y>
          <Y t="18">0.00329</Y>
          <Y t="19">0.00357</Y>
          <Y t="20">0.00389</Y>
          <Y t="21">0.00431</Y>
          <Y t="22">0.00483</Y>
          <Y t="23">0.0055</Y>
          <Y t="24">0.00637</Y>
          <Y t="25">0.00747</Y>
        </Axis>
      </Axis>
      <Axis t="40">
        <Axis>
          <Y t="1">0.00031</Y>
          <Y t="2">0.0004</Y>
          <Y t="3">0.00047</Y>
          <Y t="4">0.00062</Y>
          <Y t="5">0.00076</Y>
          <Y t="6">0.0009</Y>
          <Y t="7">0.00106</Y>
          <Y t="8">0.00123</Y>
          <Y t="9">0.00144</Y>
          <Y t="10">0.00165</Y>
          <Y t="11">0.00188</Y>
          <Y t="12">0.00211</Y>
          <Y t="13">0.00233</Y>
          <Y t="14">0.00256</Y>
          <Y t="15">0.00279</Y>
          <Y t="16">0.00301</Y>
          <Y t="17">0.00326</Y>
          <Y t="18">0.00353</Y>
          <Y t="19">0.00384</Y>
          <Y t="20">0.0042</Y>
          <Y t="21">0.00466</Y>
          <Y t="22">0.00524</Y>
          <Y t="23">0.006</Y>
          <Y t="24">0.00696</Y>
          <Y t="25">0.00817</Y>
        </Axis>
      </Axis>
      <Axis t="41">
        <Axis>
          <Y t="1">0.00032</Y>
          <Y t="2">0.00041</Y>
          <Y t="3">0.00051</Y>
          <Y t="4">0.00067</Y>
          <Y t="5">0.00083</Y>
          <Y t="6">0.00098</Y>
          <Y t="7">0.00114</Y>
          <Y t="8">0.00133</Y>
          <Y t="9">0.00156</Y>
          <Y t="10">0.00179</Y>
          <Y t="11">0.00204</Y>
          <Y t="12">0.00228</Y>
          <Y t="13">0.00252</Y>
          <Y t="14">0.00275</Y>
          <Y t="15">0.00299</Y>
          <Y t="16">0.00323</Y>
          <Y t="17">0.0035</Y>
          <Y t="18">0.0038</Y>
          <Y t="19">0.00414</Y>
          <Y t="20">0.00455</Y>
          <Y t="21">0.00505</Y>
          <Y t="22">0.00571</Y>
          <Y t="23">0.00656</Y>
          <Y t="24">0.00764</Y>
          <Y t="25">0.00896</Y>
        </Axis>
      </Axis>
      <Axis t="42">
        <Axis>
          <Y t="1">0.00033</Y>
          <Y t="2">0.00042</Y>
          <Y t="3">0.00056</Y>
          <Y t="4">0.00073</Y>
          <Y t="5">0.00089</Y>
          <Y t="6">0.00106</Y>
          <Y t="7">0.00124</Y>
          <Y t="8">0.00145</Y>
          <Y t="9">0.00168</Y>
          <Y t="10">0.00194</Y>
          <Y t="11">0.0022</Y>
          <Y t="12">0.00246</Y>
          <Y t="13">0.00271</Y>
          <Y t="14">0.00296</Y>
          <Y t="15">0.00321</Y>
          <Y t="16">0.00348</Y>
          <Y t="17">0.00377</Y>
          <Y t="18">0.00409</Y>
          <Y t="19">0.00446</Y>
          <Y t="20">0.00493</Y>
          <Y t="21">0.0055</Y>
          <Y t="22">0.00625</Y>
          <Y t="23">0.0072</Y>
          <Y t="24">0.00841</Y>
          <Y t="25">0.00988</Y>
        </Axis>
      </Axis>
      <Axis t="43">
        <Axis>
          <Y t="1">0.00035</Y>
          <Y t="2">0.00044</Y>
          <Y t="3">0.00061</Y>
          <Y t="4">0.00079</Y>
          <Y t="5">0.00096</Y>
          <Y t="6">0.00114</Y>
          <Y t="7">0.00134</Y>
          <Y t="8">0.00157</Y>
          <Y t="9">0.00182</Y>
          <Y t="10">0.0021</Y>
          <Y t="11">0.00237</Y>
          <Y t="12">0.00265</Y>
          <Y t="13">0.00292</Y>
          <Y t="14">0.00318</Y>
          <Y t="15">0.00345</Y>
          <Y t="16">0.00374</Y>
          <Y t="17">0.00405</Y>
          <Y t="18">0.0044</Y>
          <Y t="19">0.00482</Y>
          <Y t="20">0.00535</Y>
          <Y t="21">0.00601</Y>
          <Y t="22">0.00687</Y>
          <Y t="23">0.00794</Y>
          <Y t="24">0.00929</Y>
          <Y t="25">0.01093</Y>
        </Axis>
      </Axis>
      <Axis t="44">
        <Axis>
          <Y t="1">0.00036</Y>
          <Y t="2">0.00048</Y>
          <Y t="3">0.00067</Y>
          <Y t="4">0.00086</Y>
          <Y t="5">0.00104</Y>
          <Y t="6">0.00123</Y>
          <Y t="7">0.00144</Y>
          <Y t="8">0.0017</Y>
          <Y t="9">0.00197</Y>
          <Y t="10">0.00226</Y>
          <Y t="11">0.00256</Y>
          <Y t="12">0.00284</Y>
          <Y t="13">0.00313</Y>
          <Y t="14">0.00341</Y>
          <Y t="15">0.0037</Y>
          <Y t="16">0.00401</Y>
          <Y t="17">0.00435</Y>
          <Y t="18">0.00475</Y>
          <Y t="19">0.00523</Y>
          <Y t="20">0.00582</Y>
          <Y t="21">0.00659</Y>
          <Y t="22">0.00756</Y>
          <Y t="23">0.00878</Y>
          <Y t="24">0.01029</Y>
          <Y t="25">0.01211</Y>
        </Axis>
      </Axis>
      <Axis t="45">
        <Axis>
          <Y t="1">0.00037</Y>
          <Y t="2">0.00052</Y>
          <Y t="3">0.00074</Y>
          <Y t="4">0.00093</Y>
          <Y t="5">0.00112</Y>
          <Y t="6">0.00133</Y>
          <Y t="7">0.00156</Y>
          <Y t="8">0.00184</Y>
          <Y t="9">0.00212</Y>
          <Y t="10">0.00244</Y>
          <Y t="11">0.00274</Y>
          <Y t="12">0.00305</Y>
          <Y t="13">0.00335</Y>
          <Y t="14">0.00365</Y>
          <Y t="15">0.00397</Y>
          <Y t="16">0.0043</Y>
          <Y t="17">0.00468</Y>
          <Y t="18">0.00513</Y>
          <Y t="19">0.00568</Y>
          <Y t="20">0.00637</Y>
          <Y t="21">0.00724</Y>
          <Y t="22">0.00835</Y>
          <Y t="23">0.00973</Y>
          <Y t="24">0.01142</Y>
          <Y t="25">0.01345</Y>
        </Axis>
      </Axis>
      <Axis t="46">
        <Axis>
          <Y t="1">0.00039</Y>
          <Y t="2">0.00057</Y>
          <Y t="3">0.0008</Y>
          <Y t="4">0.001</Y>
          <Y t="5">0.00121</Y>
          <Y t="6">0.00143</Y>
          <Y t="7">0.00169</Y>
          <Y t="8">0.00198</Y>
          <Y t="9">0.0023</Y>
          <Y t="10">0.00262</Y>
          <Y t="11">0.00294</Y>
          <Y t="12">0.00326</Y>
          <Y t="13">0.00358</Y>
          <Y t="14">0.0039</Y>
          <Y t="15">0.00425</Y>
          <Y t="16">0.00463</Y>
          <Y t="17">0.00505</Y>
          <Y t="18">0.00556</Y>
          <Y t="19">0.0062</Y>
          <Y t="20">0.007</Y>
          <Y t="21">0.00799</Y>
          <Y t="22">0.00926</Y>
          <Y t="23">0.01082</Y>
          <Y t="24">0.01271</Y>
          <Y t="25">0.01495</Y>
        </Axis>
      </Axis>
      <Axis t="47">
        <Axis>
          <Y t="1">0.0004</Y>
          <Y t="2">0.00062</Y>
          <Y t="3">0.00086</Y>
          <Y t="4">0.00109</Y>
          <Y t="5">0.0013</Y>
          <Y t="6">0.00155</Y>
          <Y t="7">0.00182</Y>
          <Y t="8">0.00214</Y>
          <Y t="9">0.00248</Y>
          <Y t="10">0.00281</Y>
          <Y t="11">0.00316</Y>
          <Y t="12">0.00349</Y>
          <Y t="13">0.00384</Y>
          <Y t="14">0.00418</Y>
          <Y t="15">0.00456</Y>
          <Y t="16">0.00498</Y>
          <Y t="17">0.00547</Y>
          <Y t="18">0.00605</Y>
          <Y t="19">0.00679</Y>
          <Y t="20">0.00771</Y>
          <Y t="21">0.00886</Y>
          <Y t="22">0.0103</Y>
          <Y t="23">0.01206</Y>
          <Y t="24">0.01417</Y>
          <Y t="25">0.01666</Y>
        </Axis>
      </Axis>
      <Axis t="48">
        <Axis>
          <Y t="1">0.00041</Y>
          <Y t="2">0.00067</Y>
          <Y t="3">0.00092</Y>
          <Y t="4">0.00117</Y>
          <Y t="5">0.0014</Y>
          <Y t="6">0.00168</Y>
          <Y t="7">0.00198</Y>
          <Y t="8">0.00232</Y>
          <Y t="9">0.00267</Y>
          <Y t="10">0.00303</Y>
          <Y t="11">0.00339</Y>
          <Y t="12">0.00374</Y>
          <Y t="13">0.00411</Y>
          <Y t="14">0.00449</Y>
          <Y t="15">0.0049</Y>
          <Y t="16">0.00537</Y>
          <Y t="17">0.00593</Y>
          <Y t="18">0.00661</Y>
          <Y t="19">0.00746</Y>
          <Y t="20">0.00852</Y>
          <Y t="21">0.00985</Y>
          <Y t="22">0.01148</Y>
          <Y t="23">0.01345</Y>
          <Y t="24">0.0158</Y>
          <Y t="25">0.01856</Y>
        </Axis>
      </Axis>
      <Axis t="49">
        <Axis>
          <Y t="1">0.00043</Y>
          <Y t="2">0.00073</Y>
          <Y t="3">0.00099</Y>
          <Y t="4">0.00125</Y>
          <Y t="5">0.00151</Y>
          <Y t="6">0.00182</Y>
          <Y t="7">0.00214</Y>
          <Y t="8">0.00251</Y>
          <Y t="9">0.00287</Y>
          <Y t="10">0.00325</Y>
          <Y t="11">0.00363</Y>
          <Y t="12">0.00401</Y>
          <Y t="13">0.0044</Y>
          <Y t="14">0.00482</Y>
          <Y t="15">0.00527</Y>
          <Y t="16">0.00581</Y>
          <Y t="17">0.00646</Y>
          <Y t="18">0.00725</Y>
          <Y t="19">0.00823</Y>
          <Y t="20">0.00945</Y>
          <Y t="21">0.01096</Y>
          <Y t="22">0.0128</Y>
          <Y t="23">0.01501</Y>
          <Y t="24">0.01762</Y>
          <Y t="25">0.02067</Y>
        </Axis>
      </Axis>
      <Axis t="50">
        <Axis>
          <Y t="1">0.00047</Y>
          <Y t="2">0.00078</Y>
          <Y t="3">0.00106</Y>
          <Y t="4">0.00134</Y>
          <Y t="5">0.00164</Y>
          <Y t="6">0.00197</Y>
          <Y t="7">0.00232</Y>
          <Y t="8">0.00271</Y>
          <Y t="9">0.00309</Y>
          <Y t="10">0.00349</Y>
          <Y t="11">0.0039</Y>
          <Y t="12">0.0043</Y>
          <Y t="13">0.00472</Y>
          <Y t="14">0.00518</Y>
          <Y t="15">0.0057</Y>
          <Y t="16">0.00631</Y>
          <Y t="17">0.00706</Y>
          <Y t="18">0.00798</Y>
          <Y t="19">0.00911</Y>
          <Y t="20">0.0105</Y>
          <Y t="21">0.01223</Y>
          <Y t="22">0.01429</Y>
          <Y t="23">0.01675</Y>
          <Y t="24">0.01965</Y>
          <Y t="25">0.02301</Y>
        </Axis>
      </Axis>
      <Axis t="51">
        <Axis>
          <Y t="1">0.00051</Y>
          <Y t="2">0.00083</Y>
          <Y t="3">0.00114</Y>
          <Y t="4">0.00144</Y>
          <Y t="5">0.00177</Y>
          <Y t="6">0.00213</Y>
          <Y t="7">0.00252</Y>
          <Y t="8">0.00292</Y>
          <Y t="9">0.00333</Y>
          <Y t="10">0.00375</Y>
          <Y t="11">0.00418</Y>
          <Y t="12">0.00461</Y>
          <Y t="13">0.00508</Y>
          <Y t="14">0.00559</Y>
          <Y t="15">0.00619</Y>
          <Y t="16">0.00689</Y>
          <Y t="17">0.00775</Y>
          <Y t="18">0.0088</Y>
          <Y t="19">0.01011</Y>
          <Y t="20">0.0117</Y>
          <Y t="21">0.01364</Y>
          <Y t="22">0.01595</Y>
          <Y t="23">0.01869</Y>
          <Y t="24">0.02188</Y>
          <Y t="25">0.0256</Y>
        </Axis>
      </Axis>
      <Axis t="52">
        <Axis>
          <Y t="1">0.00054</Y>
          <Y t="2">0.00088</Y>
          <Y t="3">0.00122</Y>
          <Y t="4">0.00155</Y>
          <Y t="5">0.00192</Y>
          <Y t="6">0.00231</Y>
          <Y t="7">0.00273</Y>
          <Y t="8">0.00316</Y>
          <Y t="9">0.0036</Y>
          <Y t="10">0.00404</Y>
          <Y t="11">0.00449</Y>
          <Y t="12">0.00496</Y>
          <Y t="13">0.00548</Y>
          <Y t="14">0.00606</Y>
          <Y t="15">0.00674</Y>
          <Y t="16">0.00755</Y>
          <Y t="17">0.00854</Y>
          <Y t="18">0.00975</Y>
          <Y t="19">0.01125</Y>
          <Y t="20">0.01306</Y>
          <Y t="21">0.01522</Y>
          <Y t="22">0.0178</Y>
          <Y t="23">0.02083</Y>
          <Y t="24">0.02434</Y>
          <Y t="25">0.02844</Y>
        </Axis>
      </Axis>
      <Axis t="53">
        <Axis>
          <Y t="1">0.00057</Y>
          <Y t="2">0.00094</Y>
          <Y t="3">0.0013</Y>
          <Y t="4">0.00168</Y>
          <Y t="5">0.00208</Y>
          <Y t="6">0.00251</Y>
          <Y t="7">0.00297</Y>
          <Y t="8">0.00342</Y>
          <Y t="9">0.00388</Y>
          <Y t="10">0.00436</Y>
          <Y t="11">0.00485</Y>
          <Y t="12">0.00536</Y>
          <Y t="13">0.00594</Y>
          <Y t="14">0.0066</Y>
          <Y t="15">0.00738</Y>
          <Y t="16">0.0083</Y>
          <Y t="17">0.00944</Y>
          <Y t="18">0.01084</Y>
          <Y t="19">0.01254</Y>
          <Y t="20">0.01458</Y>
          <Y t="21">0.017</Y>
          <Y t="22">0.01986</Y>
          <Y t="23">0.02319</Y>
          <Y t="24">0.02706</Y>
          <Y t="25">0.03154</Y>
        </Axis>
      </Axis>
      <Axis t="54">
        <Axis>
          <Y t="1">0.00061</Y>
          <Y t="2">0.00101</Y>
          <Y t="3">0.0014</Y>
          <Y t="4">0.00183</Y>
          <Y t="5">0.00227</Y>
          <Y t="6">0.00273</Y>
          <Y t="7">0.00322</Y>
          <Y t="8">0.00371</Y>
          <Y t="9">0.0042</Y>
          <Y t="10">0.00471</Y>
          <Y t="11">0.00525</Y>
          <Y t="12">0.00582</Y>
          <Y t="13">0.00647</Y>
          <Y t="14">0.00722</Y>
          <Y t="15">0.00811</Y>
          <Y t="16">0.00918</Y>
          <Y t="17">0.01049</Y>
          <Y t="18">0.01208</Y>
          <Y t="19">0.014</Y>
          <Y t="20">0.01629</Y>
          <Y t="21">0.01898</Y>
          <Y t="22">0.02213</Y>
          <Y t="23">0.02578</Y>
          <Y t="24">0.03002</Y>
          <Y t="25">0.03492</Y>
        </Axis>
      </Axis>
      <Axis t="55">
        <Axis>
          <Y t="1">0.00065</Y>
          <Y t="2">0.00108</Y>
          <Y t="3">0.00152</Y>
          <Y t="4">0.00199</Y>
          <Y t="5">0.00248</Y>
          <Y t="6">0.00298</Y>
          <Y t="7">0.00351</Y>
          <Y t="8">0.00403</Y>
          <Y t="9">0.00457</Y>
          <Y t="10">0.00511</Y>
          <Y t="11">0.0057</Y>
          <Y t="12">0.00635</Y>
          <Y t="13">0.00708</Y>
          <Y t="14">0.00793</Y>
          <Y t="15">0.00896</Y>
          <Y t="16">0.01019</Y>
          <Y t="17">0.01169</Y>
          <Y t="18">0.01349</Y>
          <Y t="19">0.01564</Y>
          <Y t="20">0.01819</Y>
          <Y t="21">0.02117</Y>
          <Y t="22">0.02463</Y>
          <Y t="23">0.02862</Y>
          <Y t="24">0.03324</Y>
          <Y t="25">0.03858</Y>
        </Axis>
      </Axis>
      <Axis t="56">
        <Axis>
          <Y t="1">0.00069</Y>
          <Y t="2">0.00116</Y>
          <Y t="3">0.00166</Y>
          <Y t="4">0.00217</Y>
          <Y t="5">0.00271</Y>
          <Y t="6">0.00326</Y>
          <Y t="7">0.00382</Y>
          <Y t="8">0.00439</Y>
          <Y t="9">0.00497</Y>
          <Y t="10">0.00556</Y>
          <Y t="11">0.00622</Y>
          <Y t="12">0.00695</Y>
          <Y t="13">0.00778</Y>
          <Y t="14">0.00876</Y>
          <Y t="15">0.00994</Y>
          <Y t="16">0.01135</Y>
          <Y t="17">0.01305</Y>
          <Y t="18">0.01508</Y>
          <Y t="19">0.01749</Y>
          <Y t="20">0.0203</Y>
          <Y t="21">0.02358</Y>
          <Y t="22">0.02736</Y>
          <Y t="23">0.03172</Y>
          <Y t="24">0.03672</Y>
          <Y t="25">0.04261</Y>
        </Axis>
      </Axis>
      <Axis t="57">
        <Axis>
          <Y t="1">0.00074</Y>
          <Y t="2">0.00126</Y>
          <Y t="3">0.00181</Y>
          <Y t="4">0.00238</Y>
          <Y t="5">0.00297</Y>
          <Y t="6">0.00357</Y>
          <Y t="7">0.00418</Y>
          <Y t="8">0.00479</Y>
          <Y t="9">0.00542</Y>
          <Y t="10">0.00608</Y>
          <Y t="11">0.00682</Y>
          <Y t="12">0.00764</Y>
          <Y t="13">0.00859</Y>
          <Y t="14">0.00972</Y>
          <Y t="15">0.01106</Y>
          <Y t="16">0.01268</Y>
          <Y t="17">0.0146</Y>
          <Y t="18">0.01688</Y>
          <Y t="19">0.01955</Y>
          <Y t="20">0.02265</Y>
          <Y t="21">0.02623</Y>
          <Y t="22">0.03034</Y>
          <Y t="23">0.03508</Y>
          <Y t="24">0.04055</Y>
          <Y t="25">0.04699</Y>
        </Axis>
      </Axis>
      <Axis t="58">
        <Axis>
          <Y t="1">0.0008</Y>
          <Y t="2">0.00137</Y>
          <Y t="3">0.00198</Y>
          <Y t="4">0.00262</Y>
          <Y t="5">0.00326</Y>
          <Y t="6">0.00391</Y>
          <Y t="7">0.00457</Y>
          <Y t="8">0.00524</Y>
          <Y t="9">0.00593</Y>
          <Y t="10">0.00668</Y>
          <Y t="11">0.0075</Y>
          <Y t="12">0.00844</Y>
          <Y t="13">0.00953</Y>
          <Y t="14">0.01082</Y>
          <Y t="15">0.01236</Y>
          <Y t="16">0.01418</Y>
          <Y t="17">0.01635</Y>
          <Y t="18">0.01889</Y>
          <Y t="19">0.02183</Y>
          <Y t="20">0.02523</Y>
          <Y t="21">0.02913</Y>
          <Y t="22">0.03359</Y>
          <Y t="23">0.03874</Y>
          <Y t="24">0.04473</Y>
          <Y t="25">0.05171</Y>
        </Axis>
      </Axis>
      <Axis t="59">
        <Axis>
          <Y t="1">0.00086</Y>
          <Y t="2">0.00151</Y>
          <Y t="3">0.00219</Y>
          <Y t="4">0.00289</Y>
          <Y t="5">0.0036</Y>
          <Y t="6">0.0043</Y>
          <Y t="7">0.00502</Y>
          <Y t="8">0.00575</Y>
          <Y t="9">0.00652</Y>
          <Y t="10">0.00736</Y>
          <Y t="11">0.00829</Y>
          <Y t="12">0.00937</Y>
          <Y t="13">0.01061</Y>
          <Y t="14">0.0121</Y>
          <Y t="15">0.01383</Y>
          <Y t="16">0.01589</Y>
          <Y t="17">0.01831</Y>
          <Y t="18">0.02112</Y>
          <Y t="19">0.02435</Y>
          <Y t="20">0.02806</Y>
          <Y t="21">0.03229</Y>
          <Y t="22">0.03715</Y>
          <Y t="23">0.04275</Y>
          <Y t="24">0.04922</Y>
          <Y t="25">0.05678</Y>
        </Axis>
      </Axis>
      <Axis t="60">
        <Axis>
          <Y t="1">0.00094</Y>
          <Y t="2">0.00167</Y>
          <Y t="3">0.00243</Y>
          <Y t="4">0.00319</Y>
          <Y t="5">0.00397</Y>
          <Y t="6">0.00474</Y>
          <Y t="7">0.00554</Y>
          <Y t="8">0.00634</Y>
          <Y t="9">0.0072</Y>
          <Y t="10">0.00814</Y>
          <Y t="11">0.00921</Y>
          <Y t="12">0.01044</Y>
          <Y t="13">0.01186</Y>
          <Y t="14">0.01355</Y>
          <Y t="15">0.01551</Y>
          <Y t="16">0.01782</Y>
          <Y t="17">0.0205</Y>
          <Y t="18">0.02359</Y>
          <Y t="19">0.02713</Y>
          <Y t="20">0.03115</Y>
          <Y t="21">0.03575</Y>
          <Y t="22">0.04103</Y>
          <Y t="23">0.04706</Y>
          <Y t="24">0.05403</Y>
          <Y t="25">0.06251</Y>
        </Axis>
      </Axis>
      <Axis t="61">
        <Axis>
          <Y t="1">0.00104</Y>
          <Y t="2">0.00185</Y>
          <Y t="3">0.0027</Y>
          <Y t="4">0.00354</Y>
          <Y t="5">0.00439</Y>
          <Y t="6">0.00524</Y>
          <Y t="7">0.00611</Y>
          <Y t="8">0.007</Y>
          <Y t="9">0.00798</Y>
          <Y t="10">0.00905</Y>
          <Y t="11">0.01026</Y>
          <Y t="12">0.01167</Y>
          <Y t="13">0.01329</Y>
          <Y t="14">0.01519</Y>
          <Y t="15">0.01741</Y>
          <Y t="16">0.01998</Y>
          <Y t="17">0.02294</Y>
          <Y t="18">0.02633</Y>
          <Y t="19">0.03018</Y>
          <Y t="20">0.03455</Y>
          <Y t="21">0.03954</Y>
          <Y t="22">0.04521</Y>
          <Y t="23">0.05168</Y>
          <Y t="24">0.05976</Y>
          <Y t="25">0.06901</Y>
        </Axis>
      </Axis>
      <Axis t="62">
        <Axis>
          <Y t="1">0.00116</Y>
          <Y t="2">0.00207</Y>
          <Y t="3">0.003</Y>
          <Y t="4">0.00393</Y>
          <Y t="5">0.00486</Y>
          <Y t="6">0.0058</Y>
          <Y t="7">0.00676</Y>
          <Y t="8">0.00776</Y>
          <Y t="9">0.00886</Y>
          <Y t="10">0.01009</Y>
          <Y t="11">0.01148</Y>
          <Y t="12">0.01307</Y>
          <Y t="13">0.01492</Y>
          <Y t="14">0.01706</Y>
          <Y t="15">0.01954</Y>
          <Y t="16">0.02239</Y>
          <Y t="17">0.02565</Y>
          <Y t="18">0.02934</Y>
          <Y t="19">0.03353</Y>
          <Y t="20">0.03828</Y>
          <Y t="21">0.04363</Y>
          <Y t="22">0.0497</Y>
          <Y t="23">0.05742</Y>
          <Y t="24">0.06654</Y>
          <Y t="25">0.07597</Y>
        </Axis>
      </Axis>
      <Axis t="63">
        <Axis>
          <Y t="1">0.00129</Y>
          <Y t="2">0.00232</Y>
          <Y t="3">0.00334</Y>
          <Y t="4">0.00436</Y>
          <Y t="5">0.00539</Y>
          <Y t="6">0.00642</Y>
          <Y t="7">0.0075</Y>
          <Y t="8">0.00863</Y>
          <Y t="9">0.00988</Y>
          <Y t="10">0.01127</Y>
          <Y t="11">0.01286</Y>
          <Y t="12">0.01467</Y>
          <Y t="13">0.01676</Y>
          <Y t="14">0.01916</Y>
          <Y t="15">0.02193</Y>
          <Y t="16">0.02507</Y>
          <Y t="17">0.02863</Y>
          <Y t="18">0.03267</Y>
          <Y t="19">0.03722</Y>
          <Y t="20">0.04232</Y>
          <Y t="21">0.04803</Y>
          <Y t="22">0.05546</Y>
          <Y t="23">0.06445</Y>
          <Y t="24">0.07388</Y>
          <Y t="25">0.08343</Y>
        </Axis>
      </Axis>
      <Axis t="64">
        <Axis>
          <Y t="1">0.00146</Y>
          <Y t="2">0.00259</Y>
          <Y t="3">0.00372</Y>
          <Y t="4">0.00485</Y>
          <Y t="5">0.00598</Y>
          <Y t="6">0.00713</Y>
          <Y t="7">0.00834</Y>
          <Y t="8">0.00962</Y>
          <Y t="9">0.01105</Y>
          <Y t="10">0.01263</Y>
          <Y t="11">0.01443</Y>
          <Y t="12">0.01648</Y>
          <Y t="13">0.01883</Y>
          <Y t="14">0.02152</Y>
          <Y t="15">0.02458</Y>
          <Y t="16">0.02803</Y>
          <Y t="17">0.03193</Y>
          <Y t="18">0.03633</Y>
          <Y t="19">0.04122</Y>
          <Y t="20">0.04666</Y>
          <Y t="21">0.05384</Y>
          <Y t="22">0.06272</Y>
          <Y t="23">0.07212</Y>
          <Y t="24">0.08181</Y>
          <Y t="25">0.09137</Y>
        </Axis>
      </Axis>
      <Axis t="65">
        <Axis>
          <Y t="1">0.00165</Y>
          <Y t="2">0.0029</Y>
          <Y t="3">0.00415</Y>
          <Y t="4">0.0054</Y>
          <Y t="5">0.00666</Y>
          <Y t="6">0.00794</Y>
          <Y t="7">0.00929</Y>
          <Y t="8">0.01075</Y>
          <Y t="9">0.01237</Y>
          <Y t="10">0.01416</Y>
          <Y t="11">0.0162</Y>
          <Y t="12">0.01853</Y>
          <Y t="13">0.02116</Y>
          <Y t="14">0.02414</Y>
          <Y t="15">0.02751</Y>
          <Y t="16">0.03131</Y>
          <Y t="17">0.03557</Y>
          <Y t="18">0.0403</Y>
          <Y t="19">0.04553</Y>
          <Y t="20">0.05251</Y>
          <Y t="21">0.0613</Y>
          <Y t="22">0.07068</Y>
          <Y t="23">0.08045</Y>
          <Y t="24">0.09032</Y>
          <Y t="25">0.09973</Y>
        </Axis>
      </Axis>
      <Axis t="66">
        <Axis>
          <Y t="1">0.00187</Y>
          <Y t="2">0.00326</Y>
          <Y t="3">0.00463</Y>
          <Y t="4">0.00601</Y>
          <Y t="5">0.00741</Y>
          <Y t="6">0.00884</Y>
          <Y t="7">0.01037</Y>
          <Y t="8">0.01202</Y>
          <Y t="9">0.01385</Y>
          <Y t="10">0.01589</Y>
          <Y t="11">0.01821</Y>
          <Y t="12">0.02081</Y>
          <Y t="13">0.02375</Y>
          <Y t="14">0.02705</Y>
          <Y t="15">0.03077</Y>
          <Y t="16">0.03494</Y>
          <Y t="17">0.03954</Y>
          <Y t="18">0.0446</Y>
          <Y t="19">0.05141</Y>
          <Y t="20">0.06013</Y>
          <Y t="21">0.06949</Y>
          <Y t="22">0.07935</Y>
          <Y t="23">0.08944</Y>
          <Y t="24">0.09935</Y>
          <Y t="25">0.10881</Y>
        </Axis>
      </Axis>
      <Axis t="67">
        <Axis>
          <Y t="1">0.00212</Y>
          <Y t="2">0.00365</Y>
          <Y t="3">0.00517</Y>
          <Y t="4">0.00669</Y>
          <Y t="5">0.00824</Y>
          <Y t="6">0.00986</Y>
          <Y t="7">0.01159</Y>
          <Y t="8">0.01346</Y>
          <Y t="9">0.01553</Y>
          <Y t="10">0.01785</Y>
          <Y t="11">0.02045</Y>
          <Y t="12">0.02336</Y>
          <Y t="13">0.02663</Y>
          <Y t="14">0.03029</Y>
          <Y t="15">0.03438</Y>
          <Y t="16">0.0389</Y>
          <Y t="17">0.04383</Y>
          <Y t="18">0.05053</Y>
          <Y t="19">0.05918</Y>
          <Y t="20">0.06853</Y>
          <Y t="21">0.07846</Y>
          <Y t="22">0.08875</Y>
          <Y t="23">0.09904</Y>
          <Y t="24">0.10881</Y>
          <Y t="25">0.11878</Y>
        </Axis>
      </Axis>
      <Axis t="68">
        <Axis>
          <Y t="1">0.00241</Y>
          <Y t="2">0.00409</Y>
          <Y t="3">0.00576</Y>
          <Y t="4">0.00746</Y>
          <Y t="5">0.00919</Y>
          <Y t="6">0.011</Y>
          <Y t="7">0.01296</Y>
          <Y t="8">0.01507</Y>
          <Y t="9">0.01742</Y>
          <Y t="10">0.02003</Y>
          <Y t="11">0.02295</Y>
          <Y t="12">0.02619</Y>
          <Y t="13">0.02982</Y>
          <Y t="14">0.03387</Y>
          <Y t="15">0.03832</Y>
          <Y t="16">0.04318</Y>
          <Y t="17">0.04982</Y>
          <Y t="18">0.05842</Y>
          <Y t="19">0.06777</Y>
          <Y t="20">0.07776</Y>
          <Y t="21">0.08822</Y>
          <Y t="22">0.0988</Y>
          <Y t="23">0.10881</Y>
          <Y t="24">0.11878</Y>
          <Y t="25">0.12941</Y>
        </Axis>
      </Axis>
      <Axis t="69">
        <Axis>
          <Y t="1">0.00273</Y>
          <Y t="2">0.00458</Y>
          <Y t="3">0.00642</Y>
          <Y t="4">0.0083</Y>
          <Y t="5">0.01024</Y>
          <Y t="6">0.01228</Y>
          <Y t="7">0.01447</Y>
          <Y t="8">0.01687</Y>
          <Y t="9">0.01952</Y>
          <Y t="10">0.02245</Y>
          <Y t="11">0.0257</Y>
          <Y t="12">0.02934</Y>
          <Y t="13">0.03336</Y>
          <Y t="14">0.03778</Y>
          <Y t="15">0.04259</Y>
          <Y t="16">0.0492</Y>
          <Y t="17">0.05782</Y>
          <Y t="18">0.06715</Y>
          <Y t="19">0.0772</Y>
          <Y t="20">0.08781</Y>
          <Y t="21">0.09863</Y>
          <Y t="22">0.10881</Y>
          <Y t="23">0.11878</Y>
          <Y t="24">0.12941</Y>
          <Y t="25">0.14073</Y>
        </Axis>
      </Axis>
      <Axis t="70">
        <Axis>
          <Y t="1">0.00308</Y>
          <Y t="2">0.00511</Y>
          <Y t="3">0.00715</Y>
          <Y t="4">0.00923</Y>
          <Y t="5">0.0114</Y>
          <Y t="6">0.0137</Y>
          <Y t="7">0.01617</Y>
          <Y t="8">0.01888</Y>
          <Y t="9">0.02186</Y>
          <Y t="10">0.02513</Y>
          <Y t="11">0.02878</Y>
          <Y t="12">0.03282</Y>
          <Y t="13">0.03723</Y>
          <Y t="14">0.04203</Y>
          <Y t="15">0.04865</Y>
          <Y t="16">0.05729</Y>
          <Y t="17">0.06668</Y>
          <Y t="18">0.07677</Y>
          <Y t="19">0.08751</Y>
          <Y t="20">0.0985</Y>
          <Y t="21">0.10881</Y>
          <Y t="22">0.11878</Y>
          <Y t="23">0.12941</Y>
          <Y t="24">0.14073</Y>
          <Y t="25">0.15276</Y>
        </Axis>
      </Axis>
      <Axis t="71">
        <Axis>
          <Y t="1">0.00347</Y>
          <Y t="2">0.0057</Y>
          <Y t="3">0.00795</Y>
          <Y t="4">0.01027</Y>
          <Y t="5">0.01269</Y>
          <Y t="6">0.01527</Y>
          <Y t="7">0.01806</Y>
          <Y t="8">0.0211</Y>
          <Y t="9">0.02443</Y>
          <Y t="10">0.02811</Y>
          <Y t="11">0.03218</Y>
          <Y t="12">0.03662</Y>
          <Y t="13">0.04142</Y>
          <Y t="14">0.04811</Y>
          <Y t="15">0.05683</Y>
          <Y t="16">0.06627</Y>
          <Y t="17">0.07643</Y>
          <Y t="18">0.08728</Y>
          <Y t="19">0.09842</Y>
          <Y t="20">0.10881</Y>
          <Y t="21">0.11878</Y>
          <Y t="22">0.12941</Y>
          <Y t="23">0.14073</Y>
          <Y t="24">0.15276</Y>
          <Y t="25">0.16552</Y>
        </Axis>
      </Axis>
      <Axis t="72">
        <Axis>
          <Y t="1">0.00388</Y>
          <Y t="2">0.00634</Y>
          <Y t="3">0.00883</Y>
          <Y t="4">0.01141</Y>
          <Y t="5">0.01412</Y>
          <Y t="6">0.01702</Y>
          <Y t="7">0.02015</Y>
          <Y t="8">0.02356</Y>
          <Y t="9">0.0273</Y>
          <Y t="10">0.03141</Y>
          <Y t="11">0.0359</Y>
          <Y t="12">0.04074</Y>
          <Y t="13">0.04752</Y>
          <Y t="14">0.05637</Y>
          <Y t="15">0.0659</Y>
          <Y t="16">0.07617</Y>
          <Y t="17">0.0871</Y>
          <Y t="18">0.09835</Y>
          <Y t="19">0.10881</Y>
          <Y t="20">0.11878</Y>
          <Y t="21">0.12941</Y>
          <Y t="22">0.14073</Y>
          <Y t="23">0.15276</Y>
          <Y t="24">0.16552</Y>
          <Y t="25">0.17903</Y>
        </Axis>
      </Axis>
      <Axis t="73">
        <Axis>
          <Y t="1">0.00433</Y>
          <Y t="2">0.00703</Y>
          <Y t="3">0.00979</Y>
          <Y t="4">0.01266</Y>
          <Y t="5">0.0157</Y>
          <Y t="6">0.01894</Y>
          <Y t="7">0.02244</Y>
          <Y t="8">0.02627</Y>
          <Y t="9">0.03046</Y>
          <Y t="10">0.035</Y>
          <Y t="11">0.03991</Y>
          <Y t="12">0.04685</Y>
          <Y t="13">0.05588</Y>
          <Y t="14">0.06556</Y>
          <Y t="15">0.07591</Y>
          <Y t="16">0.08697</Y>
          <Y t="17">0.0983</Y>
          <Y t="18">0.10881</Y>
          <Y t="19">0.11878</Y>
          <Y t="20">0.12941</Y>
          <Y t="21">0.14073</Y>
          <Y t="22">0.15276</Y>
          <Y t="23">0.16552</Y>
          <Y t="24">0.17903</Y>
          <Y t="25">0.19855</Y>
        </Axis>
      </Axis>
      <Axis t="74">
        <Axis>
          <Y t="1">0.00481</Y>
          <Y t="2">0.00778</Y>
          <Y t="3">0.01085</Y>
          <Y t="4">0.01403</Y>
          <Y t="5">0.01743</Y>
          <Y t="6">0.02105</Y>
          <Y t="7">0.02498</Y>
          <Y t="8">0.02927</Y>
          <Y t="9">0.0339</Y>
          <Y t="10">0.03889</Y>
          <Y t="11">0.04602</Y>
          <Y t="12">0.0553</Y>
          <Y t="13">0.06517</Y>
          <Y t="14">0.07568</Y>
          <Y t="15">0.08685</Y>
          <Y t="16">0.09828</Y>
          <Y t="17">0.10881</Y>
          <Y t="18">0.11878</Y>
          <Y t="19">0.12941</Y>
          <Y t="20">0.14073</Y>
          <Y t="21">0.15276</Y>
          <Y t="22">0.16552</Y>
          <Y t="23">0.17903</Y>
          <Y t="24">0.19855</Y>
          <Y t="25">0.22503</Y>
        </Axis>
      </Axis>
      <Axis t="75">
        <Axis>
          <Y t="1">0.00532</Y>
          <Y t="2">0.00859</Y>
          <Y t="3">0.01199</Y>
          <Y t="4">0.01553</Y>
          <Y t="5">0.01931</Y>
          <Y t="6">0.02337</Y>
          <Y t="7">0.02778</Y>
          <Y t="8">0.03252</Y>
          <Y t="9">0.03762</Y>
          <Y t="10">0.04499</Y>
          <Y t="11">0.05459</Y>
          <Y t="12">0.06472</Y>
          <Y t="13">0.07541</Y>
          <Y t="14">0.08672</Y>
          <Y t="15">0.09825</Y>
          <Y t="16">0.10881</Y>
          <Y t="17">0.11878</Y>
          <Y t="18">0.12941</Y>
          <Y t="19">0.14073</Y>
          <Y t="20">0.15276</Y>
          <Y t="21">0.16552</Y>
          <Y t="22">0.17903</Y>
          <Y t="23">0.19855</Y>
          <Y t="24">0.22503</Y>
          <Y t="25">0.25194</Y>
        </Axis>
      </Axis>
      <Axis t="76">
        <Axis>
          <Y t="1">0.00585</Y>
          <Y t="2">0.00946</Y>
          <Y t="3">0.01322</Y>
          <Y t="4">0.01717</Y>
          <Y t="5">0.02138</Y>
          <Y t="6">0.02592</Y>
          <Y t="7">0.0308</Y>
          <Y t="8">0.03602</Y>
          <Y t="9">0.04371</Y>
          <Y t="10">0.05371</Y>
          <Y t="11">0.06415</Y>
          <Y t="12">0.07508</Y>
          <Y t="13">0.08658</Y>
          <Y t="14">0.09821</Y>
          <Y t="15">0.10881</Y>
          <Y t="16">0.11878</Y>
          <Y t="17">0.12941</Y>
          <Y t="18">0.14073</Y>
          <Y t="19">0.15276</Y>
          <Y t="20">0.16552</Y>
          <Y t="21">0.17903</Y>
          <Y t="22">0.19855</Y>
          <Y t="23">0.22503</Y>
          <Y t="24">0.25194</Y>
          <Y t="25">0.27895</Y>
        </Axis>
      </Axis>
      <Axis t="77">
        <Axis>
          <Y t="1">0.0064</Y>
          <Y t="2">0.01038</Y>
          <Y t="3">0.01455</Y>
          <Y t="4">0.01895</Y>
          <Y t="5">0.02366</Y>
          <Y t="6">0.02869</Y>
          <Y t="7">0.03406</Y>
          <Y t="8">0.0421</Y>
          <Y t="9">0.0526</Y>
          <Y t="10">0.06343</Y>
          <Y t="11">0.07468</Y>
          <Y t="12">0.08638</Y>
          <Y t="13">0.09817</Y>
          <Y t="14">0.10881</Y>
          <Y t="15">0.11878</Y>
          <Y t="16">0.12941</Y>
          <Y t="17">0.14073</Y>
          <Y t="18">0.15276</Y>
          <Y t="19">0.16552</Y>
          <Y t="20">0.17903</Y>
          <Y t="21">0.19855</Y>
          <Y t="22">0.22503</Y>
          <Y t="23">0.25194</Y>
          <Y t="24">0.27895</Y>
          <Y t="25">0.30569</Y>
        </Axis>
      </Axis>
      <Axis t="78">
        <Axis>
          <Y t="1">0.00698</Y>
          <Y t="2">0.01137</Y>
          <Y t="3">0.01599</Y>
          <Y t="4">0.0209</Y>
          <Y t="5">0.0261</Y>
          <Y t="6">0.03165</Y>
          <Y t="7">0.04012</Y>
          <Y t="8">0.05121</Y>
          <Y t="9">0.06254</Y>
          <Y t="10">0.07415</Y>
          <Y t="11">0.08613</Y>
          <Y t="12">0.09811</Y>
          <Y t="13">0.10881</Y>
          <Y t="14">0.11878</Y>
          <Y t="15">0.12941</Y>
          <Y t="16">0.14073</Y>
          <Y t="17">0.15276</Y>
          <Y t="18">0.16552</Y>
          <Y t="19">0.17903</Y>
          <Y t="20">0.19855</Y>
          <Y t="21">0.22503</Y>
          <Y t="22">0.25194</Y>
          <Y t="23">0.27895</Y>
          <Y t="24">0.30569</Y>
          <Y t="25">0.33175</Y>
        </Axis>
      </Axis>
      <Axis t="79">
        <Axis>
          <Y t="1">0.00757</Y>
          <Y t="2">0.01244</Y>
          <Y t="3">0.01757</Y>
          <Y t="4">0.02299</Y>
          <Y t="5">0.02873</Y>
          <Y t="6">0.03771</Y>
          <Y t="7">0.04952</Y>
          <Y t="8">0.06143</Y>
          <Y t="9">0.07351</Y>
          <Y t="10">0.08581</Y>
          <Y t="11">0.09801</Y>
          <Y t="12">0.10881</Y>
          <Y t="13">0.11878</Y>
          <Y t="14">0.12941</Y>
          <Y t="15">0.14073</Y>
          <Y t="16">0.15276</Y>
          <Y t="17">0.16552</Y>
          <Y t="18">0.17903</Y>
          <Y t="19">0.19855</Y>
          <Y t="20">0.22503</Y>
          <Y t="21">0.25194</Y>
          <Y t="22">0.27895</Y>
          <Y t="23">0.30569</Y>
          <Y t="24">0.33175</Y>
          <Y t="25">0.35624</Y>
        </Axis>
      </Axis>
      <Axis t="80">
        <Axis>
          <Y t="1">0.00819</Y>
          <Y t="2">0.01359</Y>
          <Y t="3">0.01926</Y>
          <Y t="4">0.02522</Y>
          <Y t="5">0.03479</Y>
          <Y t="6">0.04745</Y>
          <Y t="7">0.06006</Y>
          <Y t="8">0.0727</Y>
          <Y t="9">0.08542</Y>
          <Y t="10">0.0979</Y>
          <Y t="11">0.10881</Y>
          <Y t="12">0.11878</Y>
          <Y t="13">0.12941</Y>
          <Y t="14">0.14073</Y>
          <Y t="15">0.15276</Y>
          <Y t="16">0.16552</Y>
          <Y t="17">0.17903</Y>
          <Y t="18">0.19855</Y>
          <Y t="19">0.22503</Y>
          <Y t="20">0.25194</Y>
          <Y t="21">0.27895</Y>
          <Y t="22">0.30569</Y>
          <Y t="23">0.33175</Y>
          <Y t="24">0.35624</Y>
          <Y t="25">0.37924</Y>
        </Axis>
      </Axis>
      <Axis t="81">
        <Axis>
          <Y t="1">0.00884</Y>
          <Y t="2">0.01479</Y>
          <Y t="3">0.02104</Y>
          <Y t="4">0.03131</Y>
          <Y t="5">0.04497</Y>
          <Y t="6">0.05842</Y>
          <Y t="7">0.07172</Y>
          <Y t="8">0.08491</Y>
          <Y t="9">0.09776</Y>
          <Y t="10">0.10881</Y>
          <Y t="11">0.11878</Y>
          <Y t="12">0.12941</Y>
          <Y t="13">0.14073</Y>
          <Y t="14">0.15276</Y>
          <Y t="15">0.16552</Y>
          <Y t="16">0.17903</Y>
          <Y t="17">0.19855</Y>
          <Y t="18">0.22503</Y>
          <Y t="19">0.25194</Y>
          <Y t="20">0.27895</Y>
          <Y t="21">0.30569</Y>
          <Y t="22">0.33175</Y>
          <Y t="23">0.35624</Y>
          <Y t="24">0.37924</Y>
          <Y t="25">0.39826</Y>
        </Axis>
      </Axis>
      <Axis t="82">
        <Axis>
          <Y t="1">0.00949</Y>
          <Y t="2">0.01606</Y>
          <Y t="3">0.02718</Y>
          <Y t="4">0.04201</Y>
          <Y t="5">0.05648</Y>
          <Y t="6">0.07057</Y>
          <Y t="7">0.08434</Y>
          <Y t="8">0.09758</Y>
          <Y t="9">0.10881</Y>
          <Y t="10">0.11878</Y>
          <Y t="11">0.12941</Y>
          <Y t="12">0.14073</Y>
          <Y t="13">0.15276</Y>
          <Y t="14">0.16552</Y>
          <Y t="15">0.17903</Y>
          <Y t="16">0.19855</Y>
          <Y t="17">0.22503</Y>
          <Y t="18">0.25194</Y>
          <Y t="19">0.27895</Y>
          <Y t="20">0.30569</Y>
          <Y t="21">0.33175</Y>
          <Y t="22">0.35624</Y>
          <Y t="23">0.37924</Y>
          <Y t="24">0.39826</Y>
          <Y t="25">0.41064</Y>
        </Axis>
      </Axis>
      <Axis t="83">
        <Axis>
          <Y t="1">0.01016</Y>
          <Y t="2">0.01955</Y>
          <Y t="3">0.03855</Y>
          <Y t="4">0.0542</Y>
          <Y t="5">0.06925</Y>
          <Y t="6">0.08369</Y>
          <Y t="7">0.09739</Y>
          <Y t="8">0.10881</Y>
          <Y t="9">0.11878</Y>
          <Y t="10">0.12941</Y>
          <Y t="11">0.14073</Y>
          <Y t="12">0.15276</Y>
          <Y t="13">0.16552</Y>
          <Y t="14">0.17903</Y>
          <Y t="15">0.19855</Y>
          <Y t="16">0.22503</Y>
          <Y t="17">0.25194</Y>
          <Y t="18">0.27895</Y>
          <Y t="19">0.30569</Y>
          <Y t="20">0.33175</Y>
          <Y t="21">0.35624</Y>
          <Y t="22">0.37924</Y>
          <Y t="23">0.39826</Y>
          <Y t="24">0.41064</Y>
          <Y t="25">0.42239</Y>
        </Axis>
      </Axis>
      <Axis t="84">
        <Axis>
          <Y t="1">0.01084</Y>
          <Y t="2">0.0257</Y>
          <Y t="3">0.05161</Y>
          <Y t="4">0.06778</Y>
          <Y t="5">0.083</Y>
          <Y t="6">0.09717</Y>
          <Y t="7">0.10881</Y>
          <Y t="8">0.11878</Y>
          <Y t="9">0.12941</Y>
          <Y t="10">0.14073</Y>
          <Y t="11">0.15276</Y>
          <Y t="12">0.16552</Y>
          <Y t="13">0.17903</Y>
          <Y t="14">0.19855</Y>
          <Y t="15">0.22503</Y>
          <Y t="16">0.25194</Y>
          <Y t="17">0.27895</Y>
          <Y t="18">0.30569</Y>
          <Y t="19">0.33175</Y>
          <Y t="20">0.35624</Y>
          <Y t="21">0.37924</Y>
          <Y t="22">0.39826</Y>
          <Y t="23">0.41064</Y>
          <Y t="24">0.42239</Y>
          <Y t="25">0.43344</Y>
        </Axis>
      </Axis>
      <Axis t="85">
        <Axis>
          <Y t="1">0.01153</Y>
          <Y t="2">0.03275</Y>
          <Y t="3">0.06625</Y>
          <Y t="4">0.08244</Y>
          <Y t="5">0.09698</Y>
          <Y t="6">0.10881</Y>
          <Y t="7">0.11878</Y>
          <Y t="8">0.12941</Y>
          <Y t="9">0.14073</Y>
          <Y t="10">0.15276</Y>
          <Y t="11">0.16552</Y>
          <Y t="12">0.17903</Y>
          <Y t="13">0.19855</Y>
          <Y t="14">0.22503</Y>
          <Y t="15">0.25194</Y>
          <Y t="16">0.27895</Y>
          <Y t="17">0.30569</Y>
          <Y t="18">0.33175</Y>
          <Y t="19">0.35624</Y>
          <Y t="20">0.37924</Y>
          <Y t="21">0.39826</Y>
          <Y t="22">0.41064</Y>
          <Y t="23">0.42239</Y>
          <Y t="24">0.43344</Y>
          <Y t="25">0.44372</Y>
        </Axis>
      </Axis>
      <Axis t="86">
        <Axis>
          <Y t="1">0.01222</Y>
          <Y t="2">0.04065</Y>
          <Y t="3">0.08196</Y>
          <Y t="4">0.09696</Y>
          <Y t="5">0.10881</Y>
          <Y t="6">0.11878</Y>
          <Y t="7">0.12941</Y>
          <Y t="8">0.14073</Y>
          <Y t="9">0.15276</Y>
          <Y t="10">0.16552</Y>
          <Y t="11">0.17903</Y>
          <Y t="12">0.19855</Y>
          <Y t="13">0.22503</Y>
          <Y t="14">0.25194</Y>
          <Y t="15">0.27895</Y>
          <Y t="16">0.30569</Y>
          <Y t="17">0.33175</Y>
          <Y t="18">0.35624</Y>
          <Y t="19">0.37924</Y>
          <Y t="20">0.39826</Y>
          <Y t="21">0.41064</Y>
          <Y t="22">0.42239</Y>
          <Y t="23">0.43344</Y>
          <Y t="24">0.44372</Y>
          <Y t="25">0.45</Y>
        </Axis>
      </Axis>
      <Axis t="87">
        <Axis>
          <Y t="1">0.01291</Y>
          <Y t="2">0.04899</Y>
          <Y t="3">0.09696</Y>
          <Y t="4">0.10881</Y>
          <Y t="5">0.11878</Y>
          <Y t="6">0.12941</Y>
          <Y t="7">0.14073</Y>
          <Y t="8">0.15276</Y>
          <Y t="9">0.16552</Y>
          <Y t="10">0.17903</Y>
          <Y t="11">0.19855</Y>
          <Y t="12">0.22503</Y>
          <Y t="13">0.25194</Y>
          <Y t="14">0.27895</Y>
          <Y t="15">0.30569</Y>
          <Y t="16">0.33175</Y>
          <Y t="17">0.35624</Y>
          <Y t="18">0.37924</Y>
          <Y t="19">0.39826</Y>
          <Y t="20">0.41064</Y>
          <Y t="21">0.42239</Y>
          <Y t="22">0.43344</Y>
          <Y t="23">0.44372</Y>
          <Y t="24">0.45</Y>
          <Y t="25">0.45</Y>
        </Axis>
      </Axis>
      <Axis t="88">
        <Axis>
          <Y t="1">0.0136</Y>
          <Y t="2">0.05569</Y>
          <Y t="3">0.10881</Y>
          <Y t="4">0.11878</Y>
          <Y t="5">0.12941</Y>
          <Y t="6">0.14073</Y>
          <Y t="7">0.15276</Y>
          <Y t="8">0.16552</Y>
          <Y t="9">0.17903</Y>
          <Y t="10">0.19855</Y>
          <Y t="11">0.22503</Y>
          <Y t="12">0.25194</Y>
          <Y t="13">0.27895</Y>
          <Y t="14">0.30569</Y>
          <Y t="15">0.33175</Y>
          <Y t="16">0.35624</Y>
          <Y t="17">0.37924</Y>
          <Y t="18">0.39826</Y>
          <Y t="19">0.41064</Y>
          <Y t="20">0.42239</Y>
          <Y t="21">0.43344</Y>
          <Y t="22">0.44372</Y>
          <Y t="23">0.45</Y>
          <Y t="24">0.45</Y>
          <Y t="25">0.45</Y>
        </Axis>
      </Axis>
      <Axis t="89">
        <Axis>
          <Y t="1">0.01431</Y>
          <Y t="2">0.06052</Y>
          <Y t="3">0.11878</Y>
          <Y t="4">0.12941</Y>
          <Y t="5">0.14073</Y>
          <Y t="6">0.15276</Y>
          <Y t="7">0.16552</Y>
          <Y t="8">0.17903</Y>
          <Y t="9">0.19855</Y>
          <Y t="10">0.22503</Y>
          <Y t="11">0.25194</Y>
          <Y t="12">0.27895</Y>
          <Y t="13">0.30569</Y>
          <Y t="14">0.33175</Y>
          <Y t="15">0.35624</Y>
          <Y t="16">0.37924</Y>
          <Y t="17">0.39826</Y>
          <Y t="18">0.41064</Y>
          <Y t="19">0.42239</Y>
          <Y t="20">0.43344</Y>
          <Y t="21">0.44372</Y>
          <Y t="22">0.45</Y>
          <Y t="23">0.45</Y>
          <Y t="24">0.45</Y>
          <Y t="25">0.45</Y>
        </Axis>
      </Axis>
      <Axis t="90">
        <Axis>
          <Y t="1">0.01504</Y>
          <Y t="2">0.06685</Y>
          <Y t="3">0.12941</Y>
          <Y t="4">0.14073</Y>
          <Y t="5">0.15276</Y>
          <Y t="6">0.16552</Y>
          <Y t="7">0.17903</Y>
          <Y t="8">0.19855</Y>
          <Y t="9">0.22503</Y>
          <Y t="10">0.25194</Y>
          <Y t="11">0.27895</Y>
          <Y t="12">0.30569</Y>
          <Y t="13">0.33175</Y>
          <Y t="14">0.35624</Y>
          <Y t="15">0.37924</Y>
          <Y t="16">0.39826</Y>
          <Y t="17">0.41064</Y>
          <Y t="18">0.42239</Y>
          <Y t="19">0.43344</Y>
          <Y t="20">0.44372</Y>
          <Y t="21">0.45</Y>
          <Y t="22">0.45</Y>
          <Y t="23">0.45</Y>
          <Y t="24">0.45</Y>
          <Y t="25">0.45</Y>
        </Axis>
      </Axis>
    </Values>
  </Table>
  <Table>
    <MetaData>
      <ScalingFactor>0</ScalingFactor>
      <DataType tc="2">Floating Point</DataType>
      <Nation tc="1">United States of America</Nation>
      <TableDescription>2008 Valuation Basic Table (VBT) Relative Risk (RR) - Female, 150%, Non-Smoker, Age Last Birthday. Minimum Age: 18. Maximum Age: 90. Ultimate</TableDescription>
      <AxisDef id="Age">
        <ScaleType tc="3">Age</ScaleType>
        <AxisName>Age</AxisName>
        <MinScaleValue>43</MinScaleValue>
        <MaxScaleValue>120</MaxScaleValue>
        <Increment>1</Increment>
      </AxisDef>
    </MetaData>
    <Values>
      <Axis>
        <Y t="43">0.00177</Y>
        <Y t="44">0.00186</Y>
        <Y t="45">0.002</Y>
        <Y t="46">0.00219</Y>
        <Y t="47">0.00242</Y>
        <Y t="48">0.00267</Y>
        <Y t="49">0.00294</Y>
        <Y t="50">0.00321</Y>
        <Y t="51">0.00348</Y>
        <Y t="52">0.00375</Y>
        <Y t="53">0.00404</Y>
        <Y t="54">0.00432</Y>
        <Y t="55">0.00461</Y>
        <Y t="56">0.00492</Y>
        <Y t="57">0.00525</Y>
        <Y t="58">0.0056</Y>
        <Y t="59">0.006</Y>
        <Y t="60">0.00643</Y>
        <Y t="61">0.00692</Y>
        <Y t="62">0.00747</Y>
        <Y t="63">0.0081</Y>
        <Y t="64">0.00882</Y>
        <Y t="65">0.00965</Y>
        <Y t="66">0.01059</Y>
        <Y t="67">0.01165</Y>
        <Y t="68">0.01287</Y>
        <Y t="69">0.01425</Y>
        <Y t="70">0.01581</Y>
        <Y t="71">0.01756</Y>
        <Y t="72">0.01952</Y>
        <Y t="73">0.0217</Y>
        <Y t="74">0.02412</Y>
        <Y t="75">0.0268</Y>
        <Y t="76">0.02974</Y>
        <Y t="77">0.03296</Y>
        <Y t="78">0.03647</Y>
        <Y t="79">0.0403</Y>
        <Y t="80">0.04449</Y>
        <Y t="81">0.04907</Y>
        <Y t="82">0.05402</Y>
        <Y t="83">0.05935</Y>
        <Y t="84">0.06509</Y>
        <Y t="85">0.07124</Y>
        <Y t="86">0.0778</Y>
        <Y t="87">0.0848</Y>
        <Y t="88">0.09226</Y>
        <Y t="89">0.10007</Y>
        <Y t="90">0.10881</Y>
        <Y t="91">0.11878</Y>
        <Y t="92">0.12941</Y>
        <Y t="93">0.14073</Y>
        <Y t="94">0.15276</Y>
        <Y t="95">0.16552</Y>
        <Y t="96">0.17903</Y>
        <Y t="97">0.19855</Y>
        <Y t="98">0.22503</Y>
        <Y t="99">0.25194</Y>
        <Y t="100">0.27895</Y>
        <Y t="101">0.30569</Y>
        <Y t="102">0.33175</Y>
        <Y t="103">0.35624</Y>
        <Y t="104">0.37924</Y>
        <Y t="105">0.39826</Y>
        <Y t="106">0.41064</Y>
        <Y t="107">0.42239</Y>
        <Y t="108">0.43344</Y>
        <Y t="109">0.44372</Y>
        <Y t="110">0.45</Y>
        <Y t="111">0.45</Y>
        <Y t="112">0.45</Y>
        <Y t="113">0.45</Y>
        <Y t="114">0.45</Y>
        <Y t="115">0.45</Y>
        <Y t="116">0.45</Y>
        <Y t="117">0.45</Y>
        <Y t="118">0.45</Y>
        <Y t="119">0.45</Y>
        <Y t="120">0.45</Y>
      </Axis>
    </Values>
  </Table>
</XTbML>