﻿<?xml version="1.0" encoding="utf-8"?>
<XTbML>
  <ContentClassification>
    <TableIdentity>1015</TableIdentity>
    <ProviderDomain>soa.org</ProviderDomain>
    <ProviderName>Society of Actuaries</ProviderName>
    <TableReference>“Appendix  F – Relative Risk Tables”, Society of Actuaries. Accessed: October, 2012 from http://www.soa.org/Files/Zip/research-2008-vbt-report-app-f.pdf</TableReference>
    <ContentType tc="4">Insured Lives Mortality</ContentType>
    <TableName>2008 VBT Female RR130 Non-Smoker ALB</TableName>
    <TableDescription>2008 Valuation Basic Table (VBT) Relative Risk (RR) - Female, 130%, Non-Smoker, Age Last Birthday. Minimum Age: 18. Maximum Age: 90.</TableDescription>
    <Comments>Study Data: The underlying data used in developing the 2008 Valuation Basic Table (VBT) was a subset of the Society of Actuaries (SOA) Individual Life Experience Committee's (ILEC) 2002-2004 Intercompany Study comprised of claims from 35 contributing companies. Of these 35 companies, 28 companies maintained preferred class underwriting criteria. Nevertheless, this data proved insufficient to develop all the relationships needed for construction of the Relative Risk tables. Consequently, research from a reinsurer heavily supplemented the data. Note that subsequent to publication in March, 2008 of “2008 Valuation Basic Table” by the American Academy of Actuaries, the values (p. 189-190 for this particular table) were revised in February of 2009. Methodology: Relative Risk Ratios were developed from an Underwriting Criteria Score (UCS). The Relative Risk Ratios were then applied to the 2008 Primary Table to create 10 preferred non-smoker tables and 4 preferred smoker tables delineated by gender. Next, a Preferred Wear-Off Factor was applied to durations 2 and later. The Wear-Off Factors result in the relative risk tables grading into the corresponding aggregate table at higher attained ages. The Preferred Wear-Off Factors are the same for all the Relative Risk tables. Data Transcription Errors: None. Data Certified: 10/2012.</Comments>
    <KeyWord>Select</KeyWord>
    <KeyWord>Insured Lives Mortality</KeyWord>
    <KeyWord>United States of America</KeyWord>
  </ContentClassification>
  <Table>
    <MetaData>
      <ScalingFactor>0</ScalingFactor>
      <DataType tc="2">Floating Point</DataType>
      <Nation tc="1">United States of America</Nation>
      <TableDescription>2008 Valuation Basic Table (VBT) Relative Risk (RR) - Female, 130%, Non-Smoker, Age Last Birthday. Minimum Age: 18. Maximum Age: 90. Select</TableDescription>
      <AxisDef id="Age">
        <ScaleType tc="3">Age</ScaleType>
        <AxisName>Age</AxisName>
        <MinScaleValue>18</MinScaleValue>
        <MaxScaleValue>90</MaxScaleValue>
        <Increment>1</Increment>
      </AxisDef>
      <AxisDef id="Duration">
        <ScaleType tc="2">Ordinal Date</ScaleType>
        <AxisName>Duration</AxisName>
        <MinScaleValue>1</MinScaleValue>
        <MaxScaleValue>25</MaxScaleValue>
        <Increment>1</Increment>
      </AxisDef>
    </MetaData>
    <Values>
      <Axis t="18">
        <Axis>
          <Y t="1">0.00032</Y>
          <Y t="2">0.00035</Y>
          <Y t="3">0.00037</Y>
          <Y t="4">0.00037</Y>
          <Y t="5">0.00037</Y>
          <Y t="6">0.00037</Y>
          <Y t="7">0.00038</Y>
          <Y t="8">0.00039</Y>
          <Y t="9">0.00041</Y>
          <Y t="10">0.00041</Y>
          <Y t="11">0.00043</Y>
          <Y t="12">0.00044</Y>
          <Y t="13">0.00047</Y>
          <Y t="14">0.0005</Y>
          <Y t="15">0.00055</Y>
          <Y t="16">0.00062</Y>
          <Y t="17">0.0007</Y>
          <Y t="18">0.00077</Y>
          <Y t="19">0.00086</Y>
          <Y t="20">0.00093</Y>
          <Y t="21">0.001</Y>
          <Y t="22">0.00107</Y>
          <Y t="23">0.00115</Y>
          <Y t="24">0.00123</Y>
          <Y t="25">0.0013</Y>
        </Axis>
      </Axis>
      <Axis t="19">
        <Axis>
          <Y t="1">0.00029</Y>
          <Y t="2">0.00033</Y>
          <Y t="3">0.00035</Y>
          <Y t="4">0.00035</Y>
          <Y t="5">0.00035</Y>
          <Y t="6">0.00035</Y>
          <Y t="7">0.00036</Y>
          <Y t="8">0.00038</Y>
          <Y t="9">0.0004</Y>
          <Y t="10">0.00042</Y>
          <Y t="11">0.00044</Y>
          <Y t="12">0.00045</Y>
          <Y t="13">0.00048</Y>
          <Y t="14">0.00052</Y>
          <Y t="15">0.00058</Y>
          <Y t="16">0.00066</Y>
          <Y t="17">0.00073</Y>
          <Y t="18">0.00082</Y>
          <Y t="19">0.00091</Y>
          <Y t="20">0.00099</Y>
          <Y t="21">0.00106</Y>
          <Y t="22">0.00112</Y>
          <Y t="23">0.0012</Y>
          <Y t="24">0.00129</Y>
          <Y t="25">0.00138</Y>
        </Axis>
      </Axis>
      <Axis t="20">
        <Axis>
          <Y t="1">0.00027</Y>
          <Y t="2">0.00031</Y>
          <Y t="3">0.00033</Y>
          <Y t="4">0.00033</Y>
          <Y t="5">0.00033</Y>
          <Y t="6">0.00034</Y>
          <Y t="7">0.00035</Y>
          <Y t="8">0.00037</Y>
          <Y t="9">0.0004</Y>
          <Y t="10">0.00042</Y>
          <Y t="11">0.00045</Y>
          <Y t="12">0.00046</Y>
          <Y t="13">0.0005</Y>
          <Y t="14">0.00055</Y>
          <Y t="15">0.00061</Y>
          <Y t="16">0.00069</Y>
          <Y t="17">0.00077</Y>
          <Y t="18">0.00087</Y>
          <Y t="19">0.00096</Y>
          <Y t="20">0.00104</Y>
          <Y t="21">0.00111</Y>
          <Y t="22">0.00118</Y>
          <Y t="23">0.00126</Y>
          <Y t="24">0.00136</Y>
          <Y t="25">0.00147</Y>
        </Axis>
      </Axis>
      <Axis t="21">
        <Axis>
          <Y t="1">0.00025</Y>
          <Y t="2">0.0003</Y>
          <Y t="3">0.00031</Y>
          <Y t="4">0.00032</Y>
          <Y t="5">0.00032</Y>
          <Y t="6">0.00033</Y>
          <Y t="7">0.00035</Y>
          <Y t="8">0.00038</Y>
          <Y t="9">0.0004</Y>
          <Y t="10">0.00043</Y>
          <Y t="11">0.00046</Y>
          <Y t="12">0.00048</Y>
          <Y t="13">0.00053</Y>
          <Y t="14">0.00057</Y>
          <Y t="15">0.00063</Y>
          <Y t="16">0.00072</Y>
          <Y t="17">0.00081</Y>
          <Y t="18">0.00092</Y>
          <Y t="19">0.00101</Y>
          <Y t="20">0.00109</Y>
          <Y t="21">0.00117</Y>
          <Y t="22">0.00125</Y>
          <Y t="23">0.00133</Y>
          <Y t="24">0.00144</Y>
          <Y t="25">0.00158</Y>
        </Axis>
      </Axis>
      <Axis t="22">
        <Axis>
          <Y t="1">0.00022</Y>
          <Y t="2">0.00028</Y>
          <Y t="3">0.0003</Y>
          <Y t="4">0.00031</Y>
          <Y t="5">0.00032</Y>
          <Y t="6">0.00033</Y>
          <Y t="7">0.00035</Y>
          <Y t="8">0.00038</Y>
          <Y t="9">0.00041</Y>
          <Y t="10">0.00044</Y>
          <Y t="11">0.00047</Y>
          <Y t="12">0.00051</Y>
          <Y t="13">0.00055</Y>
          <Y t="14">0.0006</Y>
          <Y t="15">0.00066</Y>
          <Y t="16">0.00075</Y>
          <Y t="17">0.00086</Y>
          <Y t="18">0.00096</Y>
          <Y t="19">0.00106</Y>
          <Y t="20">0.00115</Y>
          <Y t="21">0.00122</Y>
          <Y t="22">0.00131</Y>
          <Y t="23">0.00141</Y>
          <Y t="24">0.00155</Y>
          <Y t="25">0.00174</Y>
        </Axis>
      </Axis>
      <Axis t="23">
        <Axis>
          <Y t="1">0.0002</Y>
          <Y t="2">0.00026</Y>
          <Y t="3">0.00029</Y>
          <Y t="4">0.0003</Y>
          <Y t="5">0.00031</Y>
          <Y t="6">0.00033</Y>
          <Y t="7">0.00034</Y>
          <Y t="8">0.00039</Y>
          <Y t="9">0.00042</Y>
          <Y t="10">0.00046</Y>
          <Y t="11">0.00049</Y>
          <Y t="12">0.00053</Y>
          <Y t="13">0.00057</Y>
          <Y t="14">0.00062</Y>
          <Y t="15">0.00069</Y>
          <Y t="16">0.00079</Y>
          <Y t="17">0.00089</Y>
          <Y t="18">0.001</Y>
          <Y t="19">0.00111</Y>
          <Y t="20">0.0012</Y>
          <Y t="21">0.00128</Y>
          <Y t="22">0.00139</Y>
          <Y t="23">0.00152</Y>
          <Y t="24">0.00171</Y>
          <Y t="25">0.00194</Y>
        </Axis>
      </Axis>
      <Axis t="24">
        <Axis>
          <Y t="1">0.00018</Y>
          <Y t="2">0.00024</Y>
          <Y t="3">0.00028</Y>
          <Y t="4">0.00029</Y>
          <Y t="5">0.00031</Y>
          <Y t="6">0.00032</Y>
          <Y t="7">0.00035</Y>
          <Y t="8">0.00038</Y>
          <Y t="9">0.00044</Y>
          <Y t="10">0.00048</Y>
          <Y t="11">0.00051</Y>
          <Y t="12">0.00054</Y>
          <Y t="13">0.0006</Y>
          <Y t="14">0.00064</Y>
          <Y t="15">0.00072</Y>
          <Y t="16">0.00082</Y>
          <Y t="17">0.00093</Y>
          <Y t="18">0.00105</Y>
          <Y t="19">0.00117</Y>
          <Y t="20">0.00127</Y>
          <Y t="21">0.00136</Y>
          <Y t="22">0.00149</Y>
          <Y t="23">0.00167</Y>
          <Y t="24">0.0019</Y>
          <Y t="25">0.00216</Y>
        </Axis>
      </Axis>
      <Axis t="25">
        <Axis>
          <Y t="1">0.00017</Y>
          <Y t="2">0.00023</Y>
          <Y t="3">0.00028</Y>
          <Y t="4">0.00029</Y>
          <Y t="5">0.0003</Y>
          <Y t="6">0.00032</Y>
          <Y t="7">0.00035</Y>
          <Y t="8">0.00039</Y>
          <Y t="9">0.00045</Y>
          <Y t="10">0.00049</Y>
          <Y t="11">0.00052</Y>
          <Y t="12">0.00056</Y>
          <Y t="13">0.00061</Y>
          <Y t="14">0.00067</Y>
          <Y t="15">0.00075</Y>
          <Y t="16">0.00086</Y>
          <Y t="17">0.00098</Y>
          <Y t="18">0.0011</Y>
          <Y t="19">0.00122</Y>
          <Y t="20">0.00134</Y>
          <Y t="21">0.00145</Y>
          <Y t="22">0.0016</Y>
          <Y t="23">0.0018</Y>
          <Y t="24">0.00204</Y>
          <Y t="25">0.00233</Y>
        </Axis>
      </Axis>
      <Axis t="26">
        <Axis>
          <Y t="1">0.00017</Y>
          <Y t="2">0.00023</Y>
          <Y t="3">0.00027</Y>
          <Y t="4">0.00029</Y>
          <Y t="5">0.0003</Y>
          <Y t="6">0.00032</Y>
          <Y t="7">0.00034</Y>
          <Y t="8">0.0004</Y>
          <Y t="9">0.00046</Y>
          <Y t="10">0.0005</Y>
          <Y t="11">0.00054</Y>
          <Y t="12">0.00059</Y>
          <Y t="13">0.00064</Y>
          <Y t="14">0.00071</Y>
          <Y t="15">0.00081</Y>
          <Y t="16">0.00092</Y>
          <Y t="17">0.00103</Y>
          <Y t="18">0.00116</Y>
          <Y t="19">0.00128</Y>
          <Y t="20">0.00141</Y>
          <Y t="21">0.00154</Y>
          <Y t="22">0.0017</Y>
          <Y t="23">0.0019</Y>
          <Y t="24">0.00216</Y>
          <Y t="25">0.00249</Y>
        </Axis>
      </Axis>
      <Axis t="27">
        <Axis>
          <Y t="1">0.00017</Y>
          <Y t="2">0.00023</Y>
          <Y t="3">0.00027</Y>
          <Y t="4">0.00028</Y>
          <Y t="5">0.0003</Y>
          <Y t="6">0.00031</Y>
          <Y t="7">0.00035</Y>
          <Y t="8">0.00041</Y>
          <Y t="9">0.00047</Y>
          <Y t="10">0.00052</Y>
          <Y t="11">0.00057</Y>
          <Y t="12">0.00063</Y>
          <Y t="13">0.00069</Y>
          <Y t="14">0.00077</Y>
          <Y t="15">0.00087</Y>
          <Y t="16">0.00098</Y>
          <Y t="17">0.0011</Y>
          <Y t="18">0.00122</Y>
          <Y t="19">0.00135</Y>
          <Y t="20">0.00149</Y>
          <Y t="21">0.00163</Y>
          <Y t="22">0.00181</Y>
          <Y t="23">0.00204</Y>
          <Y t="24">0.00232</Y>
          <Y t="25">0.00269</Y>
        </Axis>
      </Axis>
      <Axis t="28">
        <Axis>
          <Y t="1">0.00017</Y>
          <Y t="2">0.00024</Y>
          <Y t="3">0.00027</Y>
          <Y t="4">0.00028</Y>
          <Y t="5">0.0003</Y>
          <Y t="6">0.00032</Y>
          <Y t="7">0.00037</Y>
          <Y t="8">0.00043</Y>
          <Y t="9">0.00049</Y>
          <Y t="10">0.00055</Y>
          <Y t="11">0.00061</Y>
          <Y t="12">0.00067</Y>
          <Y t="13">0.00074</Y>
          <Y t="14">0.00083</Y>
          <Y t="15">0.00093</Y>
          <Y t="16">0.00104</Y>
          <Y t="17">0.00117</Y>
          <Y t="18">0.0013</Y>
          <Y t="19">0.00143</Y>
          <Y t="20">0.00157</Y>
          <Y t="21">0.00174</Y>
          <Y t="22">0.00193</Y>
          <Y t="23">0.00219</Y>
          <Y t="24">0.00249</Y>
          <Y t="25">0.00289</Y>
        </Axis>
      </Axis>
      <Axis t="29">
        <Axis>
          <Y t="1">0.00017</Y>
          <Y t="2">0.00024</Y>
          <Y t="3">0.00027</Y>
          <Y t="4">0.00029</Y>
          <Y t="5">0.00031</Y>
          <Y t="6">0.00034</Y>
          <Y t="7">0.00039</Y>
          <Y t="8">0.00045</Y>
          <Y t="9">0.00052</Y>
          <Y t="10">0.00059</Y>
          <Y t="11">0.00065</Y>
          <Y t="12">0.00071</Y>
          <Y t="13">0.0008</Y>
          <Y t="14">0.0009</Y>
          <Y t="15">0.00101</Y>
          <Y t="16">0.00112</Y>
          <Y t="17">0.00125</Y>
          <Y t="18">0.00139</Y>
          <Y t="19">0.00152</Y>
          <Y t="20">0.00168</Y>
          <Y t="21">0.00185</Y>
          <Y t="22">0.00207</Y>
          <Y t="23">0.00234</Y>
          <Y t="24">0.00267</Y>
          <Y t="25">0.00312</Y>
        </Axis>
      </Axis>
      <Axis t="30">
        <Axis>
          <Y t="1">0.00018</Y>
          <Y t="2">0.00025</Y>
          <Y t="3">0.00028</Y>
          <Y t="4">0.0003</Y>
          <Y t="5">0.00032</Y>
          <Y t="6">0.00036</Y>
          <Y t="7">0.00042</Y>
          <Y t="8">0.00048</Y>
          <Y t="9">0.00055</Y>
          <Y t="10">0.00063</Y>
          <Y t="11">0.00069</Y>
          <Y t="12">0.00078</Y>
          <Y t="13">0.00087</Y>
          <Y t="14">0.00098</Y>
          <Y t="15">0.00109</Y>
          <Y t="16">0.00122</Y>
          <Y t="17">0.00134</Y>
          <Y t="18">0.00148</Y>
          <Y t="19">0.00162</Y>
          <Y t="20">0.00179</Y>
          <Y t="21">0.00198</Y>
          <Y t="22">0.00221</Y>
          <Y t="23">0.00251</Y>
          <Y t="24">0.00287</Y>
          <Y t="25">0.00335</Y>
        </Axis>
      </Axis>
      <Axis t="31">
        <Axis>
          <Y t="1">0.00018</Y>
          <Y t="2">0.00025</Y>
          <Y t="3">0.00029</Y>
          <Y t="4">0.00031</Y>
          <Y t="5">0.00034</Y>
          <Y t="6">0.00038</Y>
          <Y t="7">0.00045</Y>
          <Y t="8">0.00052</Y>
          <Y t="9">0.00059</Y>
          <Y t="10">0.00067</Y>
          <Y t="11">0.00076</Y>
          <Y t="12">0.00085</Y>
          <Y t="13">0.00095</Y>
          <Y t="14">0.00107</Y>
          <Y t="15">0.00119</Y>
          <Y t="16">0.00131</Y>
          <Y t="17">0.00145</Y>
          <Y t="18">0.00159</Y>
          <Y t="19">0.00174</Y>
          <Y t="20">0.00192</Y>
          <Y t="21">0.00213</Y>
          <Y t="22">0.00238</Y>
          <Y t="23">0.00269</Y>
          <Y t="24">0.00309</Y>
          <Y t="25">0.0036</Y>
        </Axis>
      </Axis>
      <Axis t="32">
        <Axis>
          <Y t="1">0.00019</Y>
          <Y t="2">0.00026</Y>
          <Y t="3">0.0003</Y>
          <Y t="4">0.00033</Y>
          <Y t="5">0.00035</Y>
          <Y t="6">0.00041</Y>
          <Y t="7">0.00048</Y>
          <Y t="8">0.00056</Y>
          <Y t="9">0.00064</Y>
          <Y t="10">0.00073</Y>
          <Y t="11">0.00083</Y>
          <Y t="12">0.00093</Y>
          <Y t="13">0.00105</Y>
          <Y t="14">0.00117</Y>
          <Y t="15">0.00129</Y>
          <Y t="16">0.00142</Y>
          <Y t="17">0.00157</Y>
          <Y t="18">0.00171</Y>
          <Y t="19">0.00187</Y>
          <Y t="20">0.00207</Y>
          <Y t="21">0.00229</Y>
          <Y t="22">0.00255</Y>
          <Y t="23">0.00288</Y>
          <Y t="24">0.00331</Y>
          <Y t="25">0.00387</Y>
        </Axis>
      </Axis>
      <Axis t="33">
        <Axis>
          <Y t="1">0.00019</Y>
          <Y t="2">0.00027</Y>
          <Y t="3">0.00031</Y>
          <Y t="4">0.00034</Y>
          <Y t="5">0.00038</Y>
          <Y t="6">0.00045</Y>
          <Y t="7">0.00052</Y>
          <Y t="8">0.00061</Y>
          <Y t="9">0.0007</Y>
          <Y t="10">0.0008</Y>
          <Y t="11">0.00091</Y>
          <Y t="12">0.00102</Y>
          <Y t="13">0.00115</Y>
          <Y t="14">0.00127</Y>
          <Y t="15">0.00141</Y>
          <Y t="16">0.00154</Y>
          <Y t="17">0.00169</Y>
          <Y t="18">0.00184</Y>
          <Y t="19">0.00202</Y>
          <Y t="20">0.00222</Y>
          <Y t="21">0.00246</Y>
          <Y t="22">0.00274</Y>
          <Y t="23">0.0031</Y>
          <Y t="24">0.00356</Y>
          <Y t="25">0.00416</Y>
        </Axis>
      </Axis>
      <Axis t="34">
        <Axis>
          <Y t="1">0.0002</Y>
          <Y t="2">0.00028</Y>
          <Y t="3">0.00032</Y>
          <Y t="4">0.00035</Y>
          <Y t="5">0.00041</Y>
          <Y t="6">0.00048</Y>
          <Y t="7">0.00057</Y>
          <Y t="8">0.00066</Y>
          <Y t="9">0.00076</Y>
          <Y t="10">0.00087</Y>
          <Y t="11">0.00099</Y>
          <Y t="12">0.00112</Y>
          <Y t="13">0.00125</Y>
          <Y t="14">0.00139</Y>
          <Y t="15">0.00153</Y>
          <Y t="16">0.00167</Y>
          <Y t="17">0.00183</Y>
          <Y t="18">0.00199</Y>
          <Y t="19">0.00218</Y>
          <Y t="20">0.00239</Y>
          <Y t="21">0.00265</Y>
          <Y t="22">0.00295</Y>
          <Y t="23">0.00333</Y>
          <Y t="24">0.00383</Y>
          <Y t="25">0.00448</Y>
        </Axis>
      </Axis>
      <Axis t="35">
        <Axis>
          <Y t="1">0.00021</Y>
          <Y t="2">0.00029</Y>
          <Y t="3">0.00033</Y>
          <Y t="4">0.00037</Y>
          <Y t="5">0.00044</Y>
          <Y t="6">0.00052</Y>
          <Y t="7">0.00062</Y>
          <Y t="8">0.00072</Y>
          <Y t="9">0.00083</Y>
          <Y t="10">0.00095</Y>
          <Y t="11">0.00108</Y>
          <Y t="12">0.00123</Y>
          <Y t="13">0.00137</Y>
          <Y t="14">0.00152</Y>
          <Y t="15">0.00166</Y>
          <Y t="16">0.00182</Y>
          <Y t="17">0.00198</Y>
          <Y t="18">0.00215</Y>
          <Y t="19">0.00235</Y>
          <Y t="20">0.00258</Y>
          <Y t="21">0.00285</Y>
          <Y t="22">0.00318</Y>
          <Y t="23">0.00359</Y>
          <Y t="24">0.00414</Y>
          <Y t="25">0.00483</Y>
        </Axis>
      </Axis>
      <Axis t="36">
        <Axis>
          <Y t="1">0.00023</Y>
          <Y t="2">0.00031</Y>
          <Y t="3">0.00034</Y>
          <Y t="4">0.00039</Y>
          <Y t="5">0.00048</Y>
          <Y t="6">0.00057</Y>
          <Y t="7">0.00068</Y>
          <Y t="8">0.00078</Y>
          <Y t="9">0.00091</Y>
          <Y t="10">0.00104</Y>
          <Y t="11">0.00119</Y>
          <Y t="12">0.00135</Y>
          <Y t="13">0.0015</Y>
          <Y t="14">0.00166</Y>
          <Y t="15">0.00181</Y>
          <Y t="16">0.00198</Y>
          <Y t="17">0.00215</Y>
          <Y t="18">0.00234</Y>
          <Y t="19">0.00255</Y>
          <Y t="20">0.00279</Y>
          <Y t="21">0.00307</Y>
          <Y t="22">0.00343</Y>
          <Y t="23">0.00388</Y>
          <Y t="24">0.00448</Y>
          <Y t="25">0.00524</Y>
        </Axis>
      </Axis>
      <Axis t="37">
        <Axis>
          <Y t="1">0.00024</Y>
          <Y t="2">0.00032</Y>
          <Y t="3">0.00036</Y>
          <Y t="4">0.00043</Y>
          <Y t="5">0.00052</Y>
          <Y t="6">0.00063</Y>
          <Y t="7">0.00074</Y>
          <Y t="8">0.00085</Y>
          <Y t="9">0.00099</Y>
          <Y t="10">0.00114</Y>
          <Y t="11">0.00131</Y>
          <Y t="12">0.00147</Y>
          <Y t="13">0.00164</Y>
          <Y t="14">0.00181</Y>
          <Y t="15">0.00197</Y>
          <Y t="16">0.00215</Y>
          <Y t="17">0.00233</Y>
          <Y t="18">0.00253</Y>
          <Y t="19">0.00276</Y>
          <Y t="20">0.00301</Y>
          <Y t="21">0.00332</Y>
          <Y t="22">0.00371</Y>
          <Y t="23">0.00421</Y>
          <Y t="24">0.00486</Y>
          <Y t="25">0.0057</Y>
        </Axis>
      </Axis>
      <Axis t="38">
        <Axis>
          <Y t="1">0.00025</Y>
          <Y t="2">0.00033</Y>
          <Y t="3">0.00037</Y>
          <Y t="4">0.00046</Y>
          <Y t="5">0.00057</Y>
          <Y t="6">0.00069</Y>
          <Y t="7">0.0008</Y>
          <Y t="8">0.00093</Y>
          <Y t="9">0.00108</Y>
          <Y t="10">0.00124</Y>
          <Y t="11">0.00143</Y>
          <Y t="12">0.00161</Y>
          <Y t="13">0.00179</Y>
          <Y t="14">0.00197</Y>
          <Y t="15">0.00214</Y>
          <Y t="16">0.00233</Y>
          <Y t="17">0.00253</Y>
          <Y t="18">0.00274</Y>
          <Y t="19">0.00298</Y>
          <Y t="20">0.00326</Y>
          <Y t="21">0.0036</Y>
          <Y t="22">0.00403</Y>
          <Y t="23">0.00458</Y>
          <Y t="24">0.00529</Y>
          <Y t="25">0.00622</Y>
        </Axis>
      </Axis>
      <Axis t="39">
        <Axis>
          <Y t="1">0.00026</Y>
          <Y t="2">0.00034</Y>
          <Y t="3">0.00039</Y>
          <Y t="4">0.00051</Y>
          <Y t="5">0.00062</Y>
          <Y t="6">0.00075</Y>
          <Y t="7">0.00087</Y>
          <Y t="8">0.00102</Y>
          <Y t="9">0.00119</Y>
          <Y t="10">0.00136</Y>
          <Y t="11">0.00156</Y>
          <Y t="12">0.00175</Y>
          <Y t="13">0.00194</Y>
          <Y t="14">0.00214</Y>
          <Y t="15">0.00233</Y>
          <Y t="16">0.00253</Y>
          <Y t="17">0.00273</Y>
          <Y t="18">0.00297</Y>
          <Y t="19">0.00323</Y>
          <Y t="20">0.00353</Y>
          <Y t="21">0.00391</Y>
          <Y t="22">0.00439</Y>
          <Y t="23">0.005</Y>
          <Y t="24">0.0058</Y>
          <Y t="25">0.00681</Y>
        </Axis>
      </Axis>
      <Axis t="40">
        <Axis>
          <Y t="1">0.00028</Y>
          <Y t="2">0.00036</Y>
          <Y t="3">0.00042</Y>
          <Y t="4">0.00056</Y>
          <Y t="5">0.00068</Y>
          <Y t="6">0.00082</Y>
          <Y t="7">0.00095</Y>
          <Y t="8">0.00111</Y>
          <Y t="9">0.00129</Y>
          <Y t="10">0.00149</Y>
          <Y t="11">0.0017</Y>
          <Y t="12">0.0019</Y>
          <Y t="13">0.00211</Y>
          <Y t="14">0.00232</Y>
          <Y t="15">0.00253</Y>
          <Y t="16">0.00273</Y>
          <Y t="17">0.00296</Y>
          <Y t="18">0.00321</Y>
          <Y t="19">0.00349</Y>
          <Y t="20">0.00383</Y>
          <Y t="21">0.00425</Y>
          <Y t="22">0.00479</Y>
          <Y t="23">0.00548</Y>
          <Y t="24">0.00637</Y>
          <Y t="25">0.00749</Y>
        </Axis>
      </Axis>
      <Axis t="41">
        <Axis>
          <Y t="1">0.00029</Y>
          <Y t="2">0.00037</Y>
          <Y t="3">0.00046</Y>
          <Y t="4">0.00061</Y>
          <Y t="5">0.00075</Y>
          <Y t="6">0.00089</Y>
          <Y t="7">0.00103</Y>
          <Y t="8">0.00121</Y>
          <Y t="9">0.00141</Y>
          <Y t="10">0.00162</Y>
          <Y t="11">0.00185</Y>
          <Y t="12">0.00207</Y>
          <Y t="13">0.00229</Y>
          <Y t="14">0.00251</Y>
          <Y t="15">0.00273</Y>
          <Y t="16">0.00295</Y>
          <Y t="17">0.0032</Y>
          <Y t="18">0.00347</Y>
          <Y t="19">0.00378</Y>
          <Y t="20">0.00416</Y>
          <Y t="21">0.00463</Y>
          <Y t="22">0.00525</Y>
          <Y t="23">0.00603</Y>
          <Y t="24">0.00703</Y>
          <Y t="25">0.00827</Y>
        </Axis>
      </Axis>
      <Axis t="42">
        <Axis>
          <Y t="1">0.0003</Y>
          <Y t="2">0.00038</Y>
          <Y t="3">0.00051</Y>
          <Y t="4">0.00067</Y>
          <Y t="5">0.00082</Y>
          <Y t="6">0.00097</Y>
          <Y t="7">0.00113</Y>
          <Y t="8">0.00132</Y>
          <Y t="9">0.00153</Y>
          <Y t="10">0.00177</Y>
          <Y t="11">0.00201</Y>
          <Y t="12">0.00225</Y>
          <Y t="13">0.00248</Y>
          <Y t="14">0.00271</Y>
          <Y t="15">0.00294</Y>
          <Y t="16">0.00319</Y>
          <Y t="17">0.00346</Y>
          <Y t="18">0.00375</Y>
          <Y t="19">0.0041</Y>
          <Y t="20">0.00453</Y>
          <Y t="21">0.00507</Y>
          <Y t="22">0.00578</Y>
          <Y t="23">0.00666</Y>
          <Y t="24">0.00779</Y>
          <Y t="25">0.00917</Y>
        </Axis>
      </Axis>
      <Axis t="43">
        <Axis>
          <Y t="1">0.00032</Y>
          <Y t="2">0.0004</Y>
          <Y t="3">0.00056</Y>
          <Y t="4">0.00073</Y>
          <Y t="5">0.00088</Y>
          <Y t="6">0.00105</Y>
          <Y t="7">0.00123</Y>
          <Y t="8">0.00144</Y>
          <Y t="9">0.00167</Y>
          <Y t="10">0.00192</Y>
          <Y t="11">0.00218</Y>
          <Y t="12">0.00243</Y>
          <Y t="13">0.00268</Y>
          <Y t="14">0.00293</Y>
          <Y t="15">0.00318</Y>
          <Y t="16">0.00345</Y>
          <Y t="17">0.00374</Y>
          <Y t="18">0.00406</Y>
          <Y t="19">0.00446</Y>
          <Y t="20">0.00495</Y>
          <Y t="21">0.00557</Y>
          <Y t="22">0.00637</Y>
          <Y t="23">0.00738</Y>
          <Y t="24">0.00865</Y>
          <Y t="25">0.01019</Y>
        </Axis>
      </Axis>
      <Axis t="44">
        <Axis>
          <Y t="1">0.00033</Y>
          <Y t="2">0.00044</Y>
          <Y t="3">0.00062</Y>
          <Y t="4">0.00079</Y>
          <Y t="5">0.00096</Y>
          <Y t="6">0.00113</Y>
          <Y t="7">0.00133</Y>
          <Y t="8">0.00156</Y>
          <Y t="9">0.00181</Y>
          <Y t="10">0.00208</Y>
          <Y t="11">0.00236</Y>
          <Y t="12">0.00262</Y>
          <Y t="13">0.00289</Y>
          <Y t="14">0.00316</Y>
          <Y t="15">0.00343</Y>
          <Y t="16">0.00371</Y>
          <Y t="17">0.00404</Y>
          <Y t="18">0.00441</Y>
          <Y t="19">0.00486</Y>
          <Y t="20">0.00542</Y>
          <Y t="21">0.00614</Y>
          <Y t="22">0.00705</Y>
          <Y t="23">0.00821</Y>
          <Y t="24">0.00963</Y>
          <Y t="25">0.01135</Y>
        </Axis>
      </Axis>
      <Axis t="45">
        <Axis>
          <Y t="1">0.00035</Y>
          <Y t="2">0.00048</Y>
          <Y t="3">0.00068</Y>
          <Y t="4">0.00086</Y>
          <Y t="5">0.00104</Y>
          <Y t="6">0.00123</Y>
          <Y t="7">0.00145</Y>
          <Y t="8">0.0017</Y>
          <Y t="9">0.00197</Y>
          <Y t="10">0.00226</Y>
          <Y t="11">0.00254</Y>
          <Y t="12">0.00283</Y>
          <Y t="13">0.00311</Y>
          <Y t="14">0.00339</Y>
          <Y t="15">0.00369</Y>
          <Y t="16">0.004</Y>
          <Y t="17">0.00436</Y>
          <Y t="18">0.00479</Y>
          <Y t="19">0.0053</Y>
          <Y t="20">0.00595</Y>
          <Y t="21">0.00678</Y>
          <Y t="22">0.00783</Y>
          <Y t="23">0.00914</Y>
          <Y t="24">0.01074</Y>
          <Y t="25">0.01267</Y>
        </Axis>
      </Axis>
      <Axis t="46">
        <Axis>
          <Y t="1">0.00036</Y>
          <Y t="2">0.00053</Y>
          <Y t="3">0.00074</Y>
          <Y t="4">0.00093</Y>
          <Y t="5">0.00113</Y>
          <Y t="6">0.00133</Y>
          <Y t="7">0.00157</Y>
          <Y t="8">0.00184</Y>
          <Y t="9">0.00214</Y>
          <Y t="10">0.00244</Y>
          <Y t="11">0.00274</Y>
          <Y t="12">0.00304</Y>
          <Y t="13">0.00334</Y>
          <Y t="14">0.00364</Y>
          <Y t="15">0.00397</Y>
          <Y t="16">0.00433</Y>
          <Y t="17">0.00473</Y>
          <Y t="18">0.00521</Y>
          <Y t="19">0.00581</Y>
          <Y t="20">0.00657</Y>
          <Y t="21">0.00753</Y>
          <Y t="22">0.00873</Y>
          <Y t="23">0.01021</Y>
          <Y t="24">0.01201</Y>
          <Y t="25">0.01415</Y>
        </Axis>
      </Axis>
      <Axis t="47">
        <Axis>
          <Y t="1">0.00037</Y>
          <Y t="2">0.00058</Y>
          <Y t="3">0.0008</Y>
          <Y t="4">0.00101</Y>
          <Y t="5">0.00121</Y>
          <Y t="6">0.00145</Y>
          <Y t="7">0.0017</Y>
          <Y t="8">0.002</Y>
          <Y t="9">0.00232</Y>
          <Y t="10">0.00263</Y>
          <Y t="11">0.00296</Y>
          <Y t="12">0.00327</Y>
          <Y t="13">0.0036</Y>
          <Y t="14">0.00392</Y>
          <Y t="15">0.00428</Y>
          <Y t="16">0.00468</Y>
          <Y t="17">0.00514</Y>
          <Y t="18">0.0057</Y>
          <Y t="19">0.0064</Y>
          <Y t="20">0.00728</Y>
          <Y t="21">0.00838</Y>
          <Y t="22">0.00975</Y>
          <Y t="23">0.01143</Y>
          <Y t="24">0.01345</Y>
          <Y t="25">0.01584</Y>
        </Axis>
      </Axis>
      <Axis t="48">
        <Axis>
          <Y t="1">0.00039</Y>
          <Y t="2">0.00063</Y>
          <Y t="3">0.00086</Y>
          <Y t="4">0.00109</Y>
          <Y t="5">0.00131</Y>
          <Y t="6">0.00157</Y>
          <Y t="7">0.00186</Y>
          <Y t="8">0.00218</Y>
          <Y t="9">0.0025</Y>
          <Y t="10">0.00285</Y>
          <Y t="11">0.00319</Y>
          <Y t="12">0.00352</Y>
          <Y t="13">0.00387</Y>
          <Y t="14">0.00423</Y>
          <Y t="15">0.00462</Y>
          <Y t="16">0.00507</Y>
          <Y t="17">0.00561</Y>
          <Y t="18">0.00626</Y>
          <Y t="19">0.00706</Y>
          <Y t="20">0.00809</Y>
          <Y t="21">0.00935</Y>
          <Y t="22">0.01091</Y>
          <Y t="23">0.01281</Y>
          <Y t="24">0.01507</Y>
          <Y t="25">0.01773</Y>
        </Axis>
      </Axis>
      <Axis t="49">
        <Axis>
          <Y t="1">0.00041</Y>
          <Y t="2">0.00068</Y>
          <Y t="3">0.00093</Y>
          <Y t="4">0.00117</Y>
          <Y t="5">0.00142</Y>
          <Y t="6">0.00171</Y>
          <Y t="7">0.00202</Y>
          <Y t="8">0.00236</Y>
          <Y t="9">0.00271</Y>
          <Y t="10">0.00307</Y>
          <Y t="11">0.00343</Y>
          <Y t="12">0.00379</Y>
          <Y t="13">0.00416</Y>
          <Y t="14">0.00456</Y>
          <Y t="15">0.00499</Y>
          <Y t="16">0.00551</Y>
          <Y t="17">0.00613</Y>
          <Y t="18">0.00688</Y>
          <Y t="19">0.00782</Y>
          <Y t="20">0.009</Y>
          <Y t="21">0.01045</Y>
          <Y t="22">0.01222</Y>
          <Y t="23">0.01435</Y>
          <Y t="24">0.01687</Y>
          <Y t="25">0.01982</Y>
        </Axis>
      </Axis>
      <Axis t="50">
        <Axis>
          <Y t="1">0.00044</Y>
          <Y t="2">0.00074</Y>
          <Y t="3">0.001</Y>
          <Y t="4">0.00126</Y>
          <Y t="5">0.00154</Y>
          <Y t="6">0.00186</Y>
          <Y t="7">0.0022</Y>
          <Y t="8">0.00256</Y>
          <Y t="9">0.00293</Y>
          <Y t="10">0.0033</Y>
          <Y t="11">0.00369</Y>
          <Y t="12">0.00407</Y>
          <Y t="13">0.00448</Y>
          <Y t="14">0.00492</Y>
          <Y t="15">0.00542</Y>
          <Y t="16">0.00601</Y>
          <Y t="17">0.00672</Y>
          <Y t="18">0.0076</Y>
          <Y t="19">0.00869</Y>
          <Y t="20">0.01004</Y>
          <Y t="21">0.0117</Y>
          <Y t="22">0.01369</Y>
          <Y t="23">0.01607</Y>
          <Y t="24">0.01888</Y>
          <Y t="25">0.02216</Y>
        </Axis>
      </Axis>
      <Axis t="51">
        <Axis>
          <Y t="1">0.00048</Y>
          <Y t="2">0.00079</Y>
          <Y t="3">0.00108</Y>
          <Y t="4">0.00136</Y>
          <Y t="5">0.00167</Y>
          <Y t="6">0.00202</Y>
          <Y t="7">0.00239</Y>
          <Y t="8">0.00278</Y>
          <Y t="9">0.00316</Y>
          <Y t="10">0.00357</Y>
          <Y t="11">0.00398</Y>
          <Y t="12">0.00438</Y>
          <Y t="13">0.00484</Y>
          <Y t="14">0.00532</Y>
          <Y t="15">0.0059</Y>
          <Y t="16">0.00658</Y>
          <Y t="17">0.0074</Y>
          <Y t="18">0.00842</Y>
          <Y t="19">0.00968</Y>
          <Y t="20">0.01123</Y>
          <Y t="21">0.01311</Y>
          <Y t="22">0.01534</Y>
          <Y t="23">0.018</Y>
          <Y t="24">0.0211</Y>
          <Y t="25">0.02473</Y>
        </Axis>
      </Axis>
      <Axis t="52">
        <Axis>
          <Y t="1">0.00051</Y>
          <Y t="2">0.00084</Y>
          <Y t="3">0.00116</Y>
          <Y t="4">0.00147</Y>
          <Y t="5">0.00182</Y>
          <Y t="6">0.00219</Y>
          <Y t="7">0.0026</Y>
          <Y t="8">0.00301</Y>
          <Y t="9">0.00343</Y>
          <Y t="10">0.00385</Y>
          <Y t="11">0.00429</Y>
          <Y t="12">0.00474</Y>
          <Y t="13">0.00524</Y>
          <Y t="14">0.00579</Y>
          <Y t="15">0.00645</Y>
          <Y t="16">0.00723</Y>
          <Y t="17">0.00819</Y>
          <Y t="18">0.00936</Y>
          <Y t="19">0.01081</Y>
          <Y t="20">0.01257</Y>
          <Y t="21">0.01467</Y>
          <Y t="22">0.01718</Y>
          <Y t="23">0.02013</Y>
          <Y t="24">0.02356</Y>
          <Y t="25">0.02756</Y>
        </Axis>
      </Axis>
      <Axis t="53">
        <Axis>
          <Y t="1">0.00055</Y>
          <Y t="2">0.0009</Y>
          <Y t="3">0.00124</Y>
          <Y t="4">0.0016</Y>
          <Y t="5">0.00199</Y>
          <Y t="6">0.00239</Y>
          <Y t="7">0.00283</Y>
          <Y t="8">0.00326</Y>
          <Y t="9">0.00371</Y>
          <Y t="10">0.00417</Y>
          <Y t="11">0.00464</Y>
          <Y t="12">0.00514</Y>
          <Y t="13">0.00569</Y>
          <Y t="14">0.00632</Y>
          <Y t="15">0.00708</Y>
          <Y t="16">0.00798</Y>
          <Y t="17">0.00909</Y>
          <Y t="18">0.01044</Y>
          <Y t="19">0.0121</Y>
          <Y t="20">0.01407</Y>
          <Y t="21">0.01644</Y>
          <Y t="22">0.01923</Y>
          <Y t="23">0.02248</Y>
          <Y t="24">0.02627</Y>
          <Y t="25">0.03066</Y>
        </Axis>
      </Axis>
      <Axis t="54">
        <Axis>
          <Y t="1">0.00058</Y>
          <Y t="2">0.00096</Y>
          <Y t="3">0.00134</Y>
          <Y t="4">0.00174</Y>
          <Y t="5">0.00217</Y>
          <Y t="6">0.00261</Y>
          <Y t="7">0.00308</Y>
          <Y t="8">0.00355</Y>
          <Y t="9">0.00403</Y>
          <Y t="10">0.00452</Y>
          <Y t="11">0.00503</Y>
          <Y t="12">0.00559</Y>
          <Y t="13">0.00621</Y>
          <Y t="14">0.00694</Y>
          <Y t="15">0.00781</Y>
          <Y t="16">0.00885</Y>
          <Y t="17">0.01012</Y>
          <Y t="18">0.01167</Y>
          <Y t="19">0.01354</Y>
          <Y t="20">0.01577</Y>
          <Y t="21">0.0184</Y>
          <Y t="22">0.02148</Y>
          <Y t="23">0.02506</Y>
          <Y t="24">0.02922</Y>
          <Y t="25">0.03405</Y>
        </Axis>
      </Axis>
      <Axis t="55">
        <Axis>
          <Y t="1">0.00062</Y>
          <Y t="2">0.00103</Y>
          <Y t="3">0.00146</Y>
          <Y t="4">0.0019</Y>
          <Y t="5">0.00237</Y>
          <Y t="6">0.00286</Y>
          <Y t="7">0.00336</Y>
          <Y t="8">0.00387</Y>
          <Y t="9">0.00438</Y>
          <Y t="10">0.00491</Y>
          <Y t="11">0.00548</Y>
          <Y t="12">0.0061</Y>
          <Y t="13">0.00682</Y>
          <Y t="14">0.00764</Y>
          <Y t="15">0.00865</Y>
          <Y t="16">0.00984</Y>
          <Y t="17">0.0113</Y>
          <Y t="18">0.01307</Y>
          <Y t="19">0.01516</Y>
          <Y t="20">0.01766</Y>
          <Y t="21">0.02057</Y>
          <Y t="22">0.02397</Y>
          <Y t="23">0.02789</Y>
          <Y t="24">0.03244</Y>
          <Y t="25">0.03772</Y>
        </Axis>
      </Axis>
      <Axis t="56">
        <Axis>
          <Y t="1">0.00066</Y>
          <Y t="2">0.00111</Y>
          <Y t="3">0.00159</Y>
          <Y t="4">0.00208</Y>
          <Y t="5">0.0026</Y>
          <Y t="6">0.00313</Y>
          <Y t="7">0.00367</Y>
          <Y t="8">0.00421</Y>
          <Y t="9">0.00478</Y>
          <Y t="10">0.00536</Y>
          <Y t="11">0.00599</Y>
          <Y t="12">0.00669</Y>
          <Y t="13">0.00751</Y>
          <Y t="14">0.00846</Y>
          <Y t="15">0.00961</Y>
          <Y t="16">0.01099</Y>
          <Y t="17">0.01265</Y>
          <Y t="18">0.01464</Y>
          <Y t="19">0.01699</Y>
          <Y t="20">0.01975</Y>
          <Y t="21">0.02297</Y>
          <Y t="22">0.02669</Y>
          <Y t="23">0.03098</Y>
          <Y t="24">0.03593</Y>
          <Y t="25">0.04175</Y>
        </Axis>
      </Axis>
      <Axis t="57">
        <Axis>
          <Y t="1">0.00071</Y>
          <Y t="2">0.00121</Y>
          <Y t="3">0.00174</Y>
          <Y t="4">0.00229</Y>
          <Y t="5">0.00286</Y>
          <Y t="6">0.00343</Y>
          <Y t="7">0.00402</Y>
          <Y t="8">0.00461</Y>
          <Y t="9">0.00522</Y>
          <Y t="10">0.00587</Y>
          <Y t="11">0.00658</Y>
          <Y t="12">0.00737</Y>
          <Y t="13">0.00831</Y>
          <Y t="14">0.00941</Y>
          <Y t="15">0.01072</Y>
          <Y t="16">0.0123</Y>
          <Y t="17">0.01417</Y>
          <Y t="18">0.01641</Y>
          <Y t="19">0.01903</Y>
          <Y t="20">0.02208</Y>
          <Y t="21">0.0256</Y>
          <Y t="22">0.02966</Y>
          <Y t="23">0.03434</Y>
          <Y t="24">0.03976</Y>
          <Y t="25">0.04614</Y>
        </Axis>
      </Axis>
      <Axis t="58">
        <Axis>
          <Y t="1">0.00077</Y>
          <Y t="2">0.00132</Y>
          <Y t="3">0.00191</Y>
          <Y t="4">0.00252</Y>
          <Y t="5">0.00314</Y>
          <Y t="6">0.00377</Y>
          <Y t="7">0.00441</Y>
          <Y t="8">0.00505</Y>
          <Y t="9">0.00573</Y>
          <Y t="10">0.00645</Y>
          <Y t="11">0.00725</Y>
          <Y t="12">0.00816</Y>
          <Y t="13">0.00924</Y>
          <Y t="14">0.0105</Y>
          <Y t="15">0.012</Y>
          <Y t="16">0.01378</Y>
          <Y t="17">0.0159</Y>
          <Y t="18">0.0184</Y>
          <Y t="19">0.02129</Y>
          <Y t="20">0.02464</Y>
          <Y t="21">0.02849</Y>
          <Y t="22">0.0329</Y>
          <Y t="23">0.038</Y>
          <Y t="24">0.04394</Y>
          <Y t="25">0.05089</Y>
        </Axis>
      </Axis>
      <Axis t="59">
        <Axis>
          <Y t="1">0.00083</Y>
          <Y t="2">0.00145</Y>
          <Y t="3">0.00211</Y>
          <Y t="4">0.00278</Y>
          <Y t="5">0.00347</Y>
          <Y t="6">0.00415</Y>
          <Y t="7">0.00485</Y>
          <Y t="8">0.00556</Y>
          <Y t="9">0.0063</Y>
          <Y t="10">0.00712</Y>
          <Y t="11">0.00803</Y>
          <Y t="12">0.00908</Y>
          <Y t="13">0.0103</Y>
          <Y t="14">0.01175</Y>
          <Y t="15">0.01345</Y>
          <Y t="16">0.01547</Y>
          <Y t="17">0.01784</Y>
          <Y t="18">0.02061</Y>
          <Y t="19">0.0238</Y>
          <Y t="20">0.02746</Y>
          <Y t="21">0.03164</Y>
          <Y t="22">0.03645</Y>
          <Y t="23">0.04202</Y>
          <Y t="24">0.04845</Y>
          <Y t="25">0.056</Y>
        </Axis>
      </Axis>
      <Axis t="60">
        <Axis>
          <Y t="1">0.0009</Y>
          <Y t="2">0.00161</Y>
          <Y t="3">0.00234</Y>
          <Y t="4">0.00308</Y>
          <Y t="5">0.00384</Y>
          <Y t="6">0.00458</Y>
          <Y t="7">0.00535</Y>
          <Y t="8">0.00613</Y>
          <Y t="9">0.00697</Y>
          <Y t="10">0.00789</Y>
          <Y t="11">0.00893</Y>
          <Y t="12">0.01013</Y>
          <Y t="13">0.01152</Y>
          <Y t="14">0.01318</Y>
          <Y t="15">0.0151</Y>
          <Y t="16">0.01737</Y>
          <Y t="17">0.02001</Y>
          <Y t="18">0.02306</Y>
          <Y t="19">0.02655</Y>
          <Y t="20">0.03053</Y>
          <Y t="21">0.03509</Y>
          <Y t="22">0.04033</Y>
          <Y t="23">0.04634</Y>
          <Y t="24">0.05329</Y>
          <Y t="25">0.06177</Y>
        </Axis>
      </Axis>
      <Axis t="61">
        <Axis>
          <Y t="1">0.001</Y>
          <Y t="2">0.00179</Y>
          <Y t="3">0.0026</Y>
          <Y t="4">0.00342</Y>
          <Y t="5">0.00424</Y>
          <Y t="6">0.00506</Y>
          <Y t="7">0.00591</Y>
          <Y t="8">0.00678</Y>
          <Y t="9">0.00773</Y>
          <Y t="10">0.00878</Y>
          <Y t="11">0.00996</Y>
          <Y t="12">0.01133</Y>
          <Y t="13">0.01293</Y>
          <Y t="14">0.01479</Y>
          <Y t="15">0.01697</Y>
          <Y t="16">0.0195</Y>
          <Y t="17">0.02242</Y>
          <Y t="18">0.02577</Y>
          <Y t="19">0.02957</Y>
          <Y t="20">0.03392</Y>
          <Y t="21">0.03887</Y>
          <Y t="22">0.04452</Y>
          <Y t="23">0.05099</Y>
          <Y t="24">0.05906</Y>
          <Y t="25">0.06833</Y>
        </Axis>
      </Axis>
      <Axis t="62">
        <Axis>
          <Y t="1">0.00112</Y>
          <Y t="2">0.00199</Y>
          <Y t="3">0.00289</Y>
          <Y t="4">0.0038</Y>
          <Y t="5">0.0047</Y>
          <Y t="6">0.00561</Y>
          <Y t="7">0.00654</Y>
          <Y t="8">0.00752</Y>
          <Y t="9">0.00859</Y>
          <Y t="10">0.00979</Y>
          <Y t="11">0.01115</Y>
          <Y t="12">0.01271</Y>
          <Y t="13">0.01452</Y>
          <Y t="14">0.01663</Y>
          <Y t="15">0.01907</Y>
          <Y t="16">0.02189</Y>
          <Y t="17">0.0251</Y>
          <Y t="18">0.02875</Y>
          <Y t="19">0.03292</Y>
          <Y t="20">0.03763</Y>
          <Y t="21">0.04297</Y>
          <Y t="22">0.04902</Y>
          <Y t="23">0.05675</Y>
          <Y t="24">0.06588</Y>
          <Y t="25">0.07538</Y>
        </Axis>
      </Axis>
      <Axis t="63">
        <Axis>
          <Y t="1">0.00125</Y>
          <Y t="2">0.00223</Y>
          <Y t="3">0.00322</Y>
          <Y t="4">0.00422</Y>
          <Y t="5">0.00522</Y>
          <Y t="6">0.00622</Y>
          <Y t="7">0.00726</Y>
          <Y t="8">0.00837</Y>
          <Y t="9">0.00959</Y>
          <Y t="10">0.01095</Y>
          <Y t="11">0.01251</Y>
          <Y t="12">0.01428</Y>
          <Y t="13">0.01633</Y>
          <Y t="14">0.01871</Y>
          <Y t="15">0.02143</Y>
          <Y t="16">0.02454</Y>
          <Y t="17">0.02806</Y>
          <Y t="18">0.03206</Y>
          <Y t="19">0.03659</Y>
          <Y t="20">0.04167</Y>
          <Y t="21">0.04738</Y>
          <Y t="22">0.05481</Y>
          <Y t="23">0.06382</Y>
          <Y t="24">0.07331</Y>
          <Y t="25">0.08295</Y>
        </Axis>
      </Axis>
      <Axis t="64">
        <Axis>
          <Y t="1">0.00141</Y>
          <Y t="2">0.0025</Y>
          <Y t="3">0.00359</Y>
          <Y t="4">0.00469</Y>
          <Y t="5">0.00579</Y>
          <Y t="6">0.00691</Y>
          <Y t="7">0.00809</Y>
          <Y t="8">0.00934</Y>
          <Y t="9">0.01073</Y>
          <Y t="10">0.01227</Y>
          <Y t="11">0.01404</Y>
          <Y t="12">0.01606</Y>
          <Y t="13">0.01838</Y>
          <Y t="14">0.02103</Y>
          <Y t="15">0.02404</Y>
          <Y t="16">0.02746</Y>
          <Y t="17">0.03134</Y>
          <Y t="18">0.03571</Y>
          <Y t="19">0.04058</Y>
          <Y t="20">0.04602</Y>
          <Y t="21">0.0532</Y>
          <Y t="22">0.0621</Y>
          <Y t="23">0.07155</Y>
          <Y t="24">0.08134</Y>
          <Y t="25">0.09105</Y>
        </Axis>
      </Axis>
      <Axis t="65">
        <Axis>
          <Y t="1">0.00159</Y>
          <Y t="2">0.0028</Y>
          <Y t="3">0.00401</Y>
          <Y t="4">0.00523</Y>
          <Y t="5">0.00644</Y>
          <Y t="6">0.00769</Y>
          <Y t="7">0.00902</Y>
          <Y t="8">0.01043</Y>
          <Y t="9">0.01202</Y>
          <Y t="10">0.01378</Y>
          <Y t="11">0.01579</Y>
          <Y t="12">0.01807</Y>
          <Y t="13">0.02067</Y>
          <Y t="14">0.02362</Y>
          <Y t="15">0.02695</Y>
          <Y t="16">0.03072</Y>
          <Y t="17">0.03496</Y>
          <Y t="18">0.03968</Y>
          <Y t="19">0.0449</Y>
          <Y t="20">0.05188</Y>
          <Y t="21">0.06068</Y>
          <Y t="22">0.07011</Y>
          <Y t="23">0.07998</Y>
          <Y t="24">0.09</Y>
          <Y t="25">0.09961</Y>
        </Axis>
      </Axis>
      <Axis t="66">
        <Axis>
          <Y t="1">0.0018</Y>
          <Y t="2">0.00314</Y>
          <Y t="3">0.00448</Y>
          <Y t="4">0.00582</Y>
          <Y t="5">0.00717</Y>
          <Y t="6">0.00857</Y>
          <Y t="7">0.01007</Y>
          <Y t="8">0.01168</Y>
          <Y t="9">0.01348</Y>
          <Y t="10">0.01548</Y>
          <Y t="11">0.01776</Y>
          <Y t="12">0.02032</Y>
          <Y t="13">0.02323</Y>
          <Y t="14">0.0265</Y>
          <Y t="15">0.03019</Y>
          <Y t="16">0.03433</Y>
          <Y t="17">0.03892</Y>
          <Y t="18">0.04397</Y>
          <Y t="19">0.05079</Y>
          <Y t="20">0.05951</Y>
          <Y t="21">0.06893</Y>
          <Y t="22">0.07888</Y>
          <Y t="23">0.08911</Y>
          <Y t="24">0.09923</Y>
          <Y t="25">0.10881</Y>
        </Axis>
      </Axis>
      <Axis t="67">
        <Axis>
          <Y t="1">0.00205</Y>
          <Y t="2">0.00353</Y>
          <Y t="3">0.005</Y>
          <Y t="4">0.00648</Y>
          <Y t="5">0.00799</Y>
          <Y t="6">0.00956</Y>
          <Y t="7">0.01126</Y>
          <Y t="8">0.01308</Y>
          <Y t="9">0.01512</Y>
          <Y t="10">0.0174</Y>
          <Y t="11">0.01996</Y>
          <Y t="12">0.02284</Y>
          <Y t="13">0.02607</Y>
          <Y t="14">0.0297</Y>
          <Y t="15">0.03377</Y>
          <Y t="16">0.03827</Y>
          <Y t="17">0.04321</Y>
          <Y t="18">0.04991</Y>
          <Y t="19">0.05857</Y>
          <Y t="20">0.06796</Y>
          <Y t="21">0.07799</Y>
          <Y t="22">0.08843</Y>
          <Y t="23">0.09891</Y>
          <Y t="24">0.10881</Y>
          <Y t="25">0.11878</Y>
        </Axis>
      </Axis>
      <Axis t="68">
        <Axis>
          <Y t="1">0.00233</Y>
          <Y t="2">0.00395</Y>
          <Y t="3">0.00557</Y>
          <Y t="4">0.00722</Y>
          <Y t="5">0.00891</Y>
          <Y t="6">0.01068</Y>
          <Y t="7">0.01259</Y>
          <Y t="8">0.01466</Y>
          <Y t="9">0.01697</Y>
          <Y t="10">0.01954</Y>
          <Y t="11">0.02242</Y>
          <Y t="12">0.02563</Y>
          <Y t="13">0.02923</Y>
          <Y t="14">0.03326</Y>
          <Y t="15">0.03769</Y>
          <Y t="16">0.04255</Y>
          <Y t="17">0.04919</Y>
          <Y t="18">0.05781</Y>
          <Y t="19">0.0672</Y>
          <Y t="20">0.07728</Y>
          <Y t="21">0.08789</Y>
          <Y t="22">0.09868</Y>
          <Y t="23">0.10881</Y>
          <Y t="24">0.11878</Y>
          <Y t="25">0.12941</Y>
        </Axis>
      </Axis>
      <Axis t="69">
        <Axis>
          <Y t="1">0.00264</Y>
          <Y t="2">0.00443</Y>
          <Y t="3">0.00621</Y>
          <Y t="4">0.00804</Y>
          <Y t="5">0.00994</Y>
          <Y t="6">0.01193</Y>
          <Y t="7">0.01408</Y>
          <Y t="8">0.01643</Y>
          <Y t="9">0.01904</Y>
          <Y t="10">0.02193</Y>
          <Y t="11">0.02514</Y>
          <Y t="12">0.02874</Y>
          <Y t="13">0.03275</Y>
          <Y t="14">0.03715</Y>
          <Y t="15">0.04195</Y>
          <Y t="16">0.04857</Y>
          <Y t="17">0.05719</Y>
          <Y t="18">0.06658</Y>
          <Y t="19">0.07671</Y>
          <Y t="20">0.08747</Y>
          <Y t="21">0.0985</Y>
          <Y t="22">0.10881</Y>
          <Y t="23">0.11878</Y>
          <Y t="24">0.12941</Y>
          <Y t="25">0.14073</Y>
        </Axis>
      </Axis>
      <Axis t="70">
        <Axis>
          <Y t="1">0.00298</Y>
          <Y t="2">0.00494</Y>
          <Y t="3">0.00692</Y>
          <Y t="4">0.00895</Y>
          <Y t="5">0.01107</Y>
          <Y t="6">0.01332</Y>
          <Y t="7">0.01574</Y>
          <Y t="8">0.0184</Y>
          <Y t="9">0.02134</Y>
          <Y t="10">0.02457</Y>
          <Y t="11">0.02818</Y>
          <Y t="12">0.0322</Y>
          <Y t="13">0.03659</Y>
          <Y t="14">0.04139</Y>
          <Y t="15">0.04801</Y>
          <Y t="16">0.05666</Y>
          <Y t="17">0.06609</Y>
          <Y t="18">0.07628</Y>
          <Y t="19">0.08716</Y>
          <Y t="20">0.09837</Y>
          <Y t="21">0.10881</Y>
          <Y t="22">0.11878</Y>
          <Y t="23">0.12941</Y>
          <Y t="24">0.14073</Y>
          <Y t="25">0.15276</Y>
        </Axis>
      </Axis>
      <Axis t="71">
        <Axis>
          <Y t="1">0.00335</Y>
          <Y t="2">0.00551</Y>
          <Y t="3">0.0077</Y>
          <Y t="4">0.00996</Y>
          <Y t="5">0.01232</Y>
          <Y t="6">0.01486</Y>
          <Y t="7">0.0176</Y>
          <Y t="8">0.02059</Y>
          <Y t="9">0.02388</Y>
          <Y t="10">0.02752</Y>
          <Y t="11">0.03155</Y>
          <Y t="12">0.03598</Y>
          <Y t="13">0.04078</Y>
          <Y t="14">0.04746</Y>
          <Y t="15">0.05618</Y>
          <Y t="16">0.06567</Y>
          <Y t="17">0.07593</Y>
          <Y t="18">0.08692</Y>
          <Y t="19">0.09828</Y>
          <Y t="20">0.10881</Y>
          <Y t="21">0.11878</Y>
          <Y t="22">0.12941</Y>
          <Y t="23">0.14073</Y>
          <Y t="24">0.15276</Y>
          <Y t="25">0.16552</Y>
        </Axis>
      </Axis>
      <Axis t="72">
        <Axis>
          <Y t="1">0.00375</Y>
          <Y t="2">0.00614</Y>
          <Y t="3">0.00855</Y>
          <Y t="4">0.01107</Y>
          <Y t="5">0.01372</Y>
          <Y t="6">0.01657</Y>
          <Y t="7">0.01965</Y>
          <Y t="8">0.02301</Y>
          <Y t="9">0.02671</Y>
          <Y t="10">0.03079</Y>
          <Y t="11">0.03525</Y>
          <Y t="12">0.04009</Y>
          <Y t="13">0.04686</Y>
          <Y t="14">0.05571</Y>
          <Y t="15">0.06529</Y>
          <Y t="16">0.07564</Y>
          <Y t="17">0.08673</Y>
          <Y t="18">0.09821</Y>
          <Y t="19">0.10881</Y>
          <Y t="20">0.11878</Y>
          <Y t="21">0.12941</Y>
          <Y t="22">0.14073</Y>
          <Y t="23">0.15276</Y>
          <Y t="24">0.16552</Y>
          <Y t="25">0.17903</Y>
        </Axis>
      </Axis>
      <Axis t="73">
        <Axis>
          <Y t="1">0.00419</Y>
          <Y t="2">0.00681</Y>
          <Y t="3">0.00949</Y>
          <Y t="4">0.0123</Y>
          <Y t="5">0.01526</Y>
          <Y t="6">0.01845</Y>
          <Y t="7">0.0219</Y>
          <Y t="8">0.02569</Y>
          <Y t="9">0.02984</Y>
          <Y t="10">0.03435</Y>
          <Y t="11">0.03926</Y>
          <Y t="12">0.04617</Y>
          <Y t="13">0.0552</Y>
          <Y t="14">0.06492</Y>
          <Y t="15">0.07538</Y>
          <Y t="16">0.08659</Y>
          <Y t="17">0.09816</Y>
          <Y t="18">0.10881</Y>
          <Y t="19">0.11878</Y>
          <Y t="20">0.12941</Y>
          <Y t="21">0.14073</Y>
          <Y t="22">0.15276</Y>
          <Y t="23">0.16552</Y>
          <Y t="24">0.17903</Y>
          <Y t="25">0.19855</Y>
        </Axis>
      </Axis>
      <Axis t="74">
        <Axis>
          <Y t="1">0.00465</Y>
          <Y t="2">0.00754</Y>
          <Y t="3">0.01052</Y>
          <Y t="4">0.01364</Y>
          <Y t="5">0.01696</Y>
          <Y t="6">0.02052</Y>
          <Y t="7">0.0244</Y>
          <Y t="8">0.02865</Y>
          <Y t="9">0.03325</Y>
          <Y t="10">0.03822</Y>
          <Y t="11">0.04533</Y>
          <Y t="12">0.05461</Y>
          <Y t="13">0.06452</Y>
          <Y t="14">0.07513</Y>
          <Y t="15">0.08646</Y>
          <Y t="16">0.09813</Y>
          <Y t="17">0.10881</Y>
          <Y t="18">0.11878</Y>
          <Y t="19">0.12941</Y>
          <Y t="20">0.14073</Y>
          <Y t="21">0.15276</Y>
          <Y t="22">0.16552</Y>
          <Y t="23">0.17903</Y>
          <Y t="24">0.19855</Y>
          <Y t="25">0.22503</Y>
        </Axis>
      </Axis>
      <Axis t="75">
        <Axis>
          <Y t="1">0.00514</Y>
          <Y t="2">0.00832</Y>
          <Y t="3">0.01163</Y>
          <Y t="4">0.0151</Y>
          <Y t="5">0.01881</Y>
          <Y t="6">0.02281</Y>
          <Y t="7">0.02716</Y>
          <Y t="8">0.03187</Y>
          <Y t="9">0.03695</Y>
          <Y t="10">0.0443</Y>
          <Y t="11">0.05388</Y>
          <Y t="12">0.06405</Y>
          <Y t="13">0.07483</Y>
          <Y t="14">0.08631</Y>
          <Y t="15">0.0981</Y>
          <Y t="16">0.10881</Y>
          <Y t="17">0.11878</Y>
          <Y t="18">0.12941</Y>
          <Y t="19">0.14073</Y>
          <Y t="20">0.15276</Y>
          <Y t="21">0.16552</Y>
          <Y t="22">0.17903</Y>
          <Y t="23">0.19855</Y>
          <Y t="24">0.22503</Y>
          <Y t="25">0.25194</Y>
        </Axis>
      </Axis>
      <Axis t="76">
        <Axis>
          <Y t="1">0.00566</Y>
          <Y t="2">0.00916</Y>
          <Y t="3">0.01284</Y>
          <Y t="4">0.0167</Y>
          <Y t="5">0.02084</Y>
          <Y t="6">0.02532</Y>
          <Y t="7">0.03016</Y>
          <Y t="8">0.03535</Y>
          <Y t="9">0.043</Y>
          <Y t="10">0.05298</Y>
          <Y t="11">0.06345</Y>
          <Y t="12">0.07449</Y>
          <Y t="13">0.08616</Y>
          <Y t="14">0.09805</Y>
          <Y t="15">0.10881</Y>
          <Y t="16">0.11878</Y>
          <Y t="17">0.12941</Y>
          <Y t="18">0.14073</Y>
          <Y t="19">0.15276</Y>
          <Y t="20">0.16552</Y>
          <Y t="21">0.17903</Y>
          <Y t="22">0.19855</Y>
          <Y t="23">0.22503</Y>
          <Y t="24">0.25194</Y>
          <Y t="25">0.27895</Y>
        </Axis>
      </Axis>
      <Axis t="77">
        <Axis>
          <Y t="1">0.0062</Y>
          <Y t="2">0.01007</Y>
          <Y t="3">0.01414</Y>
          <Y t="4">0.01845</Y>
          <Y t="5">0.02308</Y>
          <Y t="6">0.02805</Y>
          <Y t="7">0.03339</Y>
          <Y t="8">0.04138</Y>
          <Y t="9">0.05185</Y>
          <Y t="10">0.0627</Y>
          <Y t="11">0.07405</Y>
          <Y t="12">0.08594</Y>
          <Y t="13">0.098</Y>
          <Y t="14">0.10881</Y>
          <Y t="15">0.11878</Y>
          <Y t="16">0.12941</Y>
          <Y t="17">0.14073</Y>
          <Y t="18">0.15276</Y>
          <Y t="19">0.16552</Y>
          <Y t="20">0.17903</Y>
          <Y t="21">0.19855</Y>
          <Y t="22">0.22503</Y>
          <Y t="23">0.25194</Y>
          <Y t="24">0.27895</Y>
          <Y t="25">0.30569</Y>
        </Axis>
      </Axis>
      <Axis t="78">
        <Axis>
          <Y t="1">0.00676</Y>
          <Y t="2">0.01103</Y>
          <Y t="3">0.01555</Y>
          <Y t="4">0.02036</Y>
          <Y t="5">0.0255</Y>
          <Y t="6">0.03099</Y>
          <Y t="7">0.0394</Y>
          <Y t="8">0.05043</Y>
          <Y t="9">0.06178</Y>
          <Y t="10">0.07348</Y>
          <Y t="11">0.08566</Y>
          <Y t="12">0.09793</Y>
          <Y t="13">0.10881</Y>
          <Y t="14">0.11878</Y>
          <Y t="15">0.12941</Y>
          <Y t="16">0.14073</Y>
          <Y t="17">0.15276</Y>
          <Y t="18">0.16552</Y>
          <Y t="19">0.17903</Y>
          <Y t="20">0.19855</Y>
          <Y t="21">0.22503</Y>
          <Y t="22">0.25194</Y>
          <Y t="23">0.27895</Y>
          <Y t="24">0.30569</Y>
          <Y t="25">0.33175</Y>
        </Axis>
      </Axis>
      <Axis t="79">
        <Axis>
          <Y t="1">0.00733</Y>
          <Y t="2">0.01207</Y>
          <Y t="3">0.01708</Y>
          <Y t="4">0.02241</Y>
          <Y t="5">0.02809</Y>
          <Y t="6">0.03698</Y>
          <Y t="7">0.04871</Y>
          <Y t="8">0.06062</Y>
          <Y t="9">0.0728</Y>
          <Y t="10">0.0853</Y>
          <Y t="11">0.09782</Y>
          <Y t="12">0.10881</Y>
          <Y t="13">0.11878</Y>
          <Y t="14">0.12941</Y>
          <Y t="15">0.14073</Y>
          <Y t="16">0.15276</Y>
          <Y t="17">0.16552</Y>
          <Y t="18">0.17903</Y>
          <Y t="19">0.19855</Y>
          <Y t="20">0.22503</Y>
          <Y t="21">0.25194</Y>
          <Y t="22">0.27895</Y>
          <Y t="23">0.30569</Y>
          <Y t="24">0.33175</Y>
          <Y t="25">0.35624</Y>
        </Axis>
      </Axis>
      <Axis t="80">
        <Axis>
          <Y t="1">0.00792</Y>
          <Y t="2">0.01318</Y>
          <Y t="3">0.01873</Y>
          <Y t="4">0.02461</Y>
          <Y t="5">0.03406</Y>
          <Y t="6">0.04661</Y>
          <Y t="7">0.05921</Y>
          <Y t="8">0.07194</Y>
          <Y t="9">0.08486</Y>
          <Y t="10">0.09769</Y>
          <Y t="11">0.10881</Y>
          <Y t="12">0.11878</Y>
          <Y t="13">0.12941</Y>
          <Y t="14">0.14073</Y>
          <Y t="15">0.15276</Y>
          <Y t="16">0.16552</Y>
          <Y t="17">0.17903</Y>
          <Y t="18">0.19855</Y>
          <Y t="19">0.22503</Y>
          <Y t="20">0.25194</Y>
          <Y t="21">0.27895</Y>
          <Y t="22">0.30569</Y>
          <Y t="23">0.33175</Y>
          <Y t="24">0.35624</Y>
          <Y t="25">0.37924</Y>
        </Axis>
      </Axis>
      <Axis t="81">
        <Axis>
          <Y t="1">0.00855</Y>
          <Y t="2">0.01435</Y>
          <Y t="3">0.02047</Y>
          <Y t="4">0.03059</Y>
          <Y t="5">0.04408</Y>
          <Y t="6">0.0575</Y>
          <Y t="7">0.07089</Y>
          <Y t="8">0.08431</Y>
          <Y t="9">0.09753</Y>
          <Y t="10">0.10881</Y>
          <Y t="11">0.11878</Y>
          <Y t="12">0.12941</Y>
          <Y t="13">0.14073</Y>
          <Y t="14">0.15276</Y>
          <Y t="15">0.16552</Y>
          <Y t="16">0.17903</Y>
          <Y t="17">0.19855</Y>
          <Y t="18">0.22503</Y>
          <Y t="19">0.25194</Y>
          <Y t="20">0.27895</Y>
          <Y t="21">0.30569</Y>
          <Y t="22">0.33175</Y>
          <Y t="23">0.35624</Y>
          <Y t="24">0.37924</Y>
          <Y t="25">0.39826</Y>
        </Axis>
      </Axis>
      <Axis t="82">
        <Axis>
          <Y t="1">0.00918</Y>
          <Y t="2">0.01558</Y>
          <Y t="3">0.02646</Y>
          <Y t="4">0.04109</Y>
          <Y t="5">0.05548</Y>
          <Y t="6">0.06965</Y>
          <Y t="7">0.08367</Y>
          <Y t="8">0.09733</Y>
          <Y t="9">0.10881</Y>
          <Y t="10">0.11878</Y>
          <Y t="11">0.12941</Y>
          <Y t="12">0.14073</Y>
          <Y t="13">0.15276</Y>
          <Y t="14">0.16552</Y>
          <Y t="15">0.17903</Y>
          <Y t="16">0.19855</Y>
          <Y t="17">0.22503</Y>
          <Y t="18">0.25194</Y>
          <Y t="19">0.27895</Y>
          <Y t="20">0.30569</Y>
          <Y t="21">0.33175</Y>
          <Y t="22">0.35624</Y>
          <Y t="23">0.37924</Y>
          <Y t="24">0.39826</Y>
          <Y t="25">0.41064</Y>
        </Axis>
      </Axis>
      <Axis t="83">
        <Axis>
          <Y t="1">0.00981</Y>
          <Y t="2">0.01896</Y>
          <Y t="3">0.03757</Y>
          <Y t="4">0.0531</Y>
          <Y t="5">0.06821</Y>
          <Y t="6">0.08291</Y>
          <Y t="7">0.0971</Y>
          <Y t="8">0.10881</Y>
          <Y t="9">0.11878</Y>
          <Y t="10">0.12941</Y>
          <Y t="11">0.14073</Y>
          <Y t="12">0.15276</Y>
          <Y t="13">0.16552</Y>
          <Y t="14">0.17903</Y>
          <Y t="15">0.19855</Y>
          <Y t="16">0.22503</Y>
          <Y t="17">0.25194</Y>
          <Y t="18">0.27895</Y>
          <Y t="19">0.30569</Y>
          <Y t="20">0.33175</Y>
          <Y t="21">0.35624</Y>
          <Y t="22">0.37924</Y>
          <Y t="23">0.39826</Y>
          <Y t="24">0.41064</Y>
          <Y t="25">0.42239</Y>
        </Axis>
      </Axis>
      <Axis t="84">
        <Axis>
          <Y t="1">0.01046</Y>
          <Y t="2">0.02493</Y>
          <Y t="3">0.05037</Y>
          <Y t="4">0.06657</Y>
          <Y t="5">0.08209</Y>
          <Y t="6">0.09684</Y>
          <Y t="7">0.10881</Y>
          <Y t="8">0.11878</Y>
          <Y t="9">0.12941</Y>
          <Y t="10">0.14073</Y>
          <Y t="11">0.15276</Y>
          <Y t="12">0.16552</Y>
          <Y t="13">0.17903</Y>
          <Y t="14">0.19855</Y>
          <Y t="15">0.22503</Y>
          <Y t="16">0.25194</Y>
          <Y t="17">0.27895</Y>
          <Y t="18">0.30569</Y>
          <Y t="19">0.33175</Y>
          <Y t="20">0.35624</Y>
          <Y t="21">0.37924</Y>
          <Y t="22">0.39826</Y>
          <Y t="23">0.41064</Y>
          <Y t="24">0.42239</Y>
          <Y t="25">0.43344</Y>
        </Axis>
      </Axis>
      <Axis t="85">
        <Axis>
          <Y t="1">0.01111</Y>
          <Y t="2">0.03179</Y>
          <Y t="3">0.0648</Y>
          <Y t="4">0.08124</Y>
          <Y t="5">0.09658</Y>
          <Y t="6">0.10881</Y>
          <Y t="7">0.11878</Y>
          <Y t="8">0.12941</Y>
          <Y t="9">0.14073</Y>
          <Y t="10">0.15276</Y>
          <Y t="11">0.16552</Y>
          <Y t="12">0.17903</Y>
          <Y t="13">0.19855</Y>
          <Y t="14">0.22503</Y>
          <Y t="15">0.25194</Y>
          <Y t="16">0.27895</Y>
          <Y t="17">0.30569</Y>
          <Y t="18">0.33175</Y>
          <Y t="19">0.35624</Y>
          <Y t="20">0.37924</Y>
          <Y t="21">0.39826</Y>
          <Y t="22">0.41064</Y>
          <Y t="23">0.42239</Y>
          <Y t="24">0.43344</Y>
          <Y t="25">0.44372</Y>
        </Axis>
      </Axis>
      <Axis t="86">
        <Axis>
          <Y t="1">0.01176</Y>
          <Y t="2">0.0395</Y>
          <Y t="3">0.08052</Y>
          <Y t="4">0.09635</Y>
          <Y t="5">0.10881</Y>
          <Y t="6">0.11878</Y>
          <Y t="7">0.12941</Y>
          <Y t="8">0.14073</Y>
          <Y t="9">0.15276</Y>
          <Y t="10">0.16552</Y>
          <Y t="11">0.17903</Y>
          <Y t="12">0.19855</Y>
          <Y t="13">0.22503</Y>
          <Y t="14">0.25194</Y>
          <Y t="15">0.27895</Y>
          <Y t="16">0.30569</Y>
          <Y t="17">0.33175</Y>
          <Y t="18">0.35624</Y>
          <Y t="19">0.37924</Y>
          <Y t="20">0.39826</Y>
          <Y t="21">0.41064</Y>
          <Y t="22">0.42239</Y>
          <Y t="23">0.43344</Y>
          <Y t="24">0.44372</Y>
          <Y t="25">0.45</Y>
        </Axis>
      </Axis>
      <Axis t="87">
        <Axis>
          <Y t="1">0.0124</Y>
          <Y t="2">0.04779</Y>
          <Y t="3">0.09625</Y>
          <Y t="4">0.10881</Y>
          <Y t="5">0.11878</Y>
          <Y t="6">0.12941</Y>
          <Y t="7">0.14073</Y>
          <Y t="8">0.15276</Y>
          <Y t="9">0.16552</Y>
          <Y t="10">0.17903</Y>
          <Y t="11">0.19855</Y>
          <Y t="12">0.22503</Y>
          <Y t="13">0.25194</Y>
          <Y t="14">0.27895</Y>
          <Y t="15">0.30569</Y>
          <Y t="16">0.33175</Y>
          <Y t="17">0.35624</Y>
          <Y t="18">0.37924</Y>
          <Y t="19">0.39826</Y>
          <Y t="20">0.41064</Y>
          <Y t="21">0.42239</Y>
          <Y t="22">0.43344</Y>
          <Y t="23">0.44372</Y>
          <Y t="24">0.45</Y>
          <Y t="25">0.45</Y>
        </Axis>
      </Axis>
      <Axis t="88">
        <Axis>
          <Y t="1">0.01304</Y>
          <Y t="2">0.05442</Y>
          <Y t="3">0.10881</Y>
          <Y t="4">0.11878</Y>
          <Y t="5">0.12941</Y>
          <Y t="6">0.14073</Y>
          <Y t="7">0.15276</Y>
          <Y t="8">0.16552</Y>
          <Y t="9">0.17903</Y>
          <Y t="10">0.19855</Y>
          <Y t="11">0.22503</Y>
          <Y t="12">0.25194</Y>
          <Y t="13">0.27895</Y>
          <Y t="14">0.30569</Y>
          <Y t="15">0.33175</Y>
          <Y t="16">0.35624</Y>
          <Y t="17">0.37924</Y>
          <Y t="18">0.39826</Y>
          <Y t="19">0.41064</Y>
          <Y t="20">0.42239</Y>
          <Y t="21">0.43344</Y>
          <Y t="22">0.44372</Y>
          <Y t="23">0.45</Y>
          <Y t="24">0.45</Y>
          <Y t="25">0.45</Y>
        </Axis>
      </Axis>
      <Axis t="89">
        <Axis>
          <Y t="1">0.01368</Y>
          <Y t="2">0.05907</Y>
          <Y t="3">0.11878</Y>
          <Y t="4">0.12941</Y>
          <Y t="5">0.14073</Y>
          <Y t="6">0.15276</Y>
          <Y t="7">0.16552</Y>
          <Y t="8">0.17903</Y>
          <Y t="9">0.19855</Y>
          <Y t="10">0.22503</Y>
          <Y t="11">0.25194</Y>
          <Y t="12">0.27895</Y>
          <Y t="13">0.30569</Y>
          <Y t="14">0.33175</Y>
          <Y t="15">0.35624</Y>
          <Y t="16">0.37924</Y>
          <Y t="17">0.39826</Y>
          <Y t="18">0.41064</Y>
          <Y t="19">0.42239</Y>
          <Y t="20">0.43344</Y>
          <Y t="21">0.44372</Y>
          <Y t="22">0.45</Y>
          <Y t="23">0.45</Y>
          <Y t="24">0.45</Y>
          <Y t="25">0.45</Y>
        </Axis>
      </Axis>
      <Axis t="90">
        <Axis>
          <Y t="1">0.01434</Y>
          <Y t="2">0.06532</Y>
          <Y t="3">0.12941</Y>
          <Y t="4">0.14073</Y>
          <Y t="5">0.15276</Y>
          <Y t="6">0.16552</Y>
          <Y t="7">0.17903</Y>
          <Y t="8">0.19855</Y>
          <Y t="9">0.22503</Y>
          <Y t="10">0.25194</Y>
          <Y t="11">0.27895</Y>
          <Y t="12">0.30569</Y>
          <Y t="13">0.33175</Y>
          <Y t="14">0.35624</Y>
          <Y t="15">0.37924</Y>
          <Y t="16">0.39826</Y>
          <Y t="17">0.41064</Y>
          <Y t="18">0.42239</Y>
          <Y t="19">0.43344</Y>
          <Y t="20">0.44372</Y>
          <Y t="21">0.45</Y>
          <Y t="22">0.45</Y>
          <Y t="23">0.45</Y>
          <Y t="24">0.45</Y>
          <Y t="25">0.45</Y>
        </Axis>
      </Axis>
    </Values>
  </Table>
  <Table>
    <MetaData>
      <ScalingFactor>0</ScalingFactor>
      <DataType tc="2">Floating Point</DataType>
      <Nation tc="1">United States of America</Nation>
      <TableDescription>2008 Valuation Basic Table (VBT) Relative Risk (RR) - Female, 130%, Non-Smoker, Age Last Birthday. Minimum Age: 18. Maximum Age: 90. Ultimate</TableDescription>
      <AxisDef id="Age">
        <ScaleType tc="3">Age</ScaleType>
        <AxisName>Age</AxisName>
        <MinScaleValue>43</MinScaleValue>
        <MaxScaleValue>120</MaxScaleValue>
        <Increment>1</Increment>
      </AxisDef>
    </MetaData>
    <Values>
      <Axis>
        <Y t="43">0.00141</Y>
        <Y t="44">0.00149</Y>
        <Y t="45">0.00161</Y>
        <Y t="46">0.00177</Y>
        <Y t="47">0.00197</Y>
        <Y t="48">0.0022</Y>
        <Y t="49">0.00243</Y>
        <Y t="50">0.00267</Y>
        <Y t="51">0.00292</Y>
        <Y t="52">0.00317</Y>
        <Y t="53">0.00344</Y>
        <Y t="54">0.0037</Y>
        <Y t="55">0.00397</Y>
        <Y t="56">0.00427</Y>
        <Y t="57">0.00458</Y>
        <Y t="58">0.00493</Y>
        <Y t="59">0.00531</Y>
        <Y t="60">0.00573</Y>
        <Y t="61">0.0062</Y>
        <Y t="62">0.00674</Y>
        <Y t="63">0.00735</Y>
        <Y t="64">0.00805</Y>
        <Y t="65">0.00886</Y>
        <Y t="66">0.00978</Y>
        <Y t="67">0.01083</Y>
        <Y t="68">0.01202</Y>
        <Y t="69">0.01339</Y>
        <Y t="70">0.01492</Y>
        <Y t="71">0.01665</Y>
        <Y t="72">0.0186</Y>
        <Y t="73">0.02077</Y>
        <Y t="74">0.02319</Y>
        <Y t="75">0.02587</Y>
        <Y t="76">0.02881</Y>
        <Y t="77">0.03203</Y>
        <Y t="78">0.03556</Y>
        <Y t="79">0.03941</Y>
        <Y t="80">0.04362</Y>
        <Y t="81">0.04823</Y>
        <Y t="82">0.05322</Y>
        <Y t="83">0.0586</Y>
        <Y t="84">0.0644</Y>
        <Y t="85">0.07062</Y>
        <Y t="86">0.07728</Y>
        <Y t="87">0.08439</Y>
        <Y t="88">0.09199</Y>
        <Y t="89">0.09997</Y>
        <Y t="90">0.10881</Y>
        <Y t="91">0.11878</Y>
        <Y t="92">0.12941</Y>
        <Y t="93">0.14073</Y>
        <Y t="94">0.15276</Y>
        <Y t="95">0.16552</Y>
        <Y t="96">0.17903</Y>
        <Y t="97">0.19855</Y>
        <Y t="98">0.22503</Y>
        <Y t="99">0.25194</Y>
        <Y t="100">0.27895</Y>
        <Y t="101">0.30569</Y>
        <Y t="102">0.33175</Y>
        <Y t="103">0.35624</Y>
        <Y t="104">0.37924</Y>
        <Y t="105">0.39826</Y>
        <Y t="106">0.41064</Y>
        <Y t="107">0.42239</Y>
        <Y t="108">0.43344</Y>
        <Y t="109">0.44372</Y>
        <Y t="110">0.45</Y>
        <Y t="111">0.45</Y>
        <Y t="112">0.45</Y>
        <Y t="113">0.45</Y>
        <Y t="114">0.45</Y>
        <Y t="115">0.45</Y>
        <Y t="116">0.45</Y>
        <Y t="117">0.45</Y>
        <Y t="118">0.45</Y>
        <Y t="119">0.45</Y>
        <Y t="120">0.45</Y>
      </Axis>
    </Values>
  </Table>
</XTbML>