﻿<?xml version="1.0" encoding="utf-8"?>
<XTbML>
  <ContentClassification>
    <TableIdentity>1010</TableIdentity>
    <ProviderDomain>soa.org</ProviderDomain>
    <ProviderName>Society of Actuaries</ProviderName>
    <TableReference>“Appendix  F – Relative Risk Tables”, Society of Actuaries. Accessed: October, 2012 from http://www.soa.org/Files/Zip/research-2008-vbt-report-app-f.pdf</TableReference>
    <ContentType tc="4">Insured Lives Mortality</ContentType>
    <TableName>2008 VBT Female RR70 Non-Smoker ALB</TableName>
    <TableDescription>2008 Valuation Basic Table (VBT) Relative Risk (RR) - Female, 70%, Non-Smoker, Age Last Birthday. Minimum Age: 18. Maximum Age: 90.</TableDescription>
    <Comments>Study Data: The underlying data used in developing the 2008 Valuation Basic Table (VBT) was a subset of the Society of Actuaries (SOA) Individual Life Experience Committee's (ILEC) 2002-2004 Intercompany Study comprised of claims from 35 contributing companies. Of these 35 companies, 28 companies maintained preferred class underwriting criteria. Nevertheless, this data proved insufficient to develop all the relationships needed for construction of the Relative Risk tables. Consequently, research from a reinsurer heavily supplemented the data. Note that subsequent to publication in March, 2008 of “2008 Valuation Basic Table” by the American Academy of Actuaries, the values (p. 167-168 for this particular table) were revised in February of 2009. Methodology: Relative Risk Ratios were developed from an Underwriting Criteria Score (UCS). The Relative Risk Ratios were then applied to the 2008 Primary Table to create 10 preferred non-smoker tables and 4 preferred smoker tables delineated by gender. Next, a Preferred Wear-Off Factor was applied to durations 2 and later. The Wear-Off Factors result in the relative risk tables grading into the corresponding aggregate table at higher attained ages. The Preferred Wear-Off Factors are the same for all the Relative Risk tables. Data Transcription Errors: None. Data Certified: 10/2012.</Comments>
    <KeyWord>Select</KeyWord>
    <KeyWord>Insured Lives Mortality</KeyWord>
    <KeyWord>United States of America</KeyWord>
  </ContentClassification>
  <Table>
    <MetaData>
      <ScalingFactor>0</ScalingFactor>
      <DataType tc="2">Floating Point</DataType>
      <Nation tc="1">United States of America</Nation>
      <TableDescription>2008 Valuation Basic Table (VBT) Relative Risk (RR) - Female, 70%, Non-Smoker, Age Last Birthday. Minimum Age: 18. Maximum Age: 90.  Select</TableDescription>
      <AxisDef id="Age">
        <ScaleType tc="3">Age</ScaleType>
        <AxisName>Age</AxisName>
        <MinScaleValue>18</MinScaleValue>
        <MaxScaleValue>90</MaxScaleValue>
        <Increment>1</Increment>
      </AxisDef>
      <AxisDef id="Duration">
        <ScaleType tc="2">Ordinal Date</ScaleType>
        <AxisName>Duration</AxisName>
        <MinScaleValue>1</MinScaleValue>
        <MaxScaleValue>25</MaxScaleValue>
        <Increment>1</Increment>
      </AxisDef>
    </MetaData>
    <Values>
      <Axis t="18">
        <Axis>
          <Y t="1">0.00017</Y>
          <Y t="2">0.00019</Y>
          <Y t="3">0.0002</Y>
          <Y t="4">0.0002</Y>
          <Y t="5">0.0002</Y>
          <Y t="6">0.0002</Y>
          <Y t="7">0.0002</Y>
          <Y t="8">0.0002</Y>
          <Y t="9">0.00021</Y>
          <Y t="10">0.00021</Y>
          <Y t="11">0.00022</Y>
          <Y t="12">0.00023</Y>
          <Y t="13">0.00025</Y>
          <Y t="14">0.00026</Y>
          <Y t="15">0.00028</Y>
          <Y t="16">0.00032</Y>
          <Y t="17">0.00036</Y>
          <Y t="18">0.0004</Y>
          <Y t="19">0.00045</Y>
          <Y t="20">0.00049</Y>
          <Y t="21">0.00052</Y>
          <Y t="22">0.00056</Y>
          <Y t="23">0.0006</Y>
          <Y t="24">0.00064</Y>
          <Y t="25">0.00068</Y>
        </Axis>
      </Axis>
      <Axis t="19">
        <Axis>
          <Y t="1">0.00016</Y>
          <Y t="2">0.00018</Y>
          <Y t="3">0.00019</Y>
          <Y t="4">0.00019</Y>
          <Y t="5">0.00019</Y>
          <Y t="6">0.00019</Y>
          <Y t="7">0.0002</Y>
          <Y t="8">0.0002</Y>
          <Y t="9">0.00021</Y>
          <Y t="10">0.00022</Y>
          <Y t="11">0.00023</Y>
          <Y t="12">0.00024</Y>
          <Y t="13">0.00025</Y>
          <Y t="14">0.00028</Y>
          <Y t="15">0.0003</Y>
          <Y t="16">0.00035</Y>
          <Y t="17">0.00039</Y>
          <Y t="18">0.00043</Y>
          <Y t="19">0.00048</Y>
          <Y t="20">0.00052</Y>
          <Y t="21">0.00056</Y>
          <Y t="22">0.00059</Y>
          <Y t="23">0.00063</Y>
          <Y t="24">0.00068</Y>
          <Y t="25">0.00073</Y>
        </Axis>
      </Axis>
      <Axis t="20">
        <Axis>
          <Y t="1">0.00015</Y>
          <Y t="2">0.00017</Y>
          <Y t="3">0.00018</Y>
          <Y t="4">0.00018</Y>
          <Y t="5">0.00018</Y>
          <Y t="6">0.00018</Y>
          <Y t="7">0.00019</Y>
          <Y t="8">0.0002</Y>
          <Y t="9">0.00021</Y>
          <Y t="10">0.00022</Y>
          <Y t="11">0.00024</Y>
          <Y t="12">0.00024</Y>
          <Y t="13">0.00027</Y>
          <Y t="14">0.00029</Y>
          <Y t="15">0.00032</Y>
          <Y t="16">0.00036</Y>
          <Y t="17">0.00041</Y>
          <Y t="18">0.00046</Y>
          <Y t="19">0.00051</Y>
          <Y t="20">0.00055</Y>
          <Y t="21">0.00059</Y>
          <Y t="22">0.00063</Y>
          <Y t="23">0.00067</Y>
          <Y t="24">0.00072</Y>
          <Y t="25">0.00078</Y>
        </Axis>
      </Axis>
      <Axis t="21">
        <Axis>
          <Y t="1">0.00013</Y>
          <Y t="2">0.00016</Y>
          <Y t="3">0.00017</Y>
          <Y t="4">0.00017</Y>
          <Y t="5">0.00017</Y>
          <Y t="6">0.00018</Y>
          <Y t="7">0.00019</Y>
          <Y t="8">0.0002</Y>
          <Y t="9">0.00021</Y>
          <Y t="10">0.00023</Y>
          <Y t="11">0.00024</Y>
          <Y t="12">0.00026</Y>
          <Y t="13">0.00028</Y>
          <Y t="14">0.00031</Y>
          <Y t="15">0.00034</Y>
          <Y t="16">0.00038</Y>
          <Y t="17">0.00043</Y>
          <Y t="18">0.00049</Y>
          <Y t="19">0.00054</Y>
          <Y t="20">0.00059</Y>
          <Y t="21">0.00063</Y>
          <Y t="22">0.00067</Y>
          <Y t="23">0.00071</Y>
          <Y t="24">0.00077</Y>
          <Y t="25">0.00085</Y>
        </Axis>
      </Axis>
      <Axis t="22">
        <Axis>
          <Y t="1">0.00012</Y>
          <Y t="2">0.00015</Y>
          <Y t="3">0.00016</Y>
          <Y t="4">0.00017</Y>
          <Y t="5">0.00017</Y>
          <Y t="6">0.00018</Y>
          <Y t="7">0.00019</Y>
          <Y t="8">0.0002</Y>
          <Y t="9">0.00022</Y>
          <Y t="10">0.00024</Y>
          <Y t="11">0.00025</Y>
          <Y t="12">0.00027</Y>
          <Y t="13">0.0003</Y>
          <Y t="14">0.00032</Y>
          <Y t="15">0.00036</Y>
          <Y t="16">0.00041</Y>
          <Y t="17">0.00046</Y>
          <Y t="18">0.00052</Y>
          <Y t="19">0.00057</Y>
          <Y t="20">0.00062</Y>
          <Y t="21">0.00066</Y>
          <Y t="22">0.00071</Y>
          <Y t="23">0.00076</Y>
          <Y t="24">0.00084</Y>
          <Y t="25">0.00094</Y>
        </Axis>
      </Axis>
      <Axis t="23">
        <Axis>
          <Y t="1">0.00011</Y>
          <Y t="2">0.00015</Y>
          <Y t="3">0.00016</Y>
          <Y t="4">0.00016</Y>
          <Y t="5">0.00017</Y>
          <Y t="6">0.00018</Y>
          <Y t="7">0.00019</Y>
          <Y t="8">0.00021</Y>
          <Y t="9">0.00023</Y>
          <Y t="10">0.00025</Y>
          <Y t="11">0.00026</Y>
          <Y t="12">0.00029</Y>
          <Y t="13">0.00031</Y>
          <Y t="14">0.00034</Y>
          <Y t="15">0.00038</Y>
          <Y t="16">0.00043</Y>
          <Y t="17">0.00049</Y>
          <Y t="18">0.00054</Y>
          <Y t="19">0.00061</Y>
          <Y t="20">0.00065</Y>
          <Y t="21">0.0007</Y>
          <Y t="22">0.00076</Y>
          <Y t="23">0.00083</Y>
          <Y t="24">0.00093</Y>
          <Y t="25">0.00106</Y>
        </Axis>
      </Axis>
      <Axis t="24">
        <Axis>
          <Y t="1">0.0001</Y>
          <Y t="2">0.00014</Y>
          <Y t="3">0.00015</Y>
          <Y t="4">0.00016</Y>
          <Y t="5">0.00017</Y>
          <Y t="6">0.00018</Y>
          <Y t="7">0.00019</Y>
          <Y t="8">0.00021</Y>
          <Y t="9">0.00024</Y>
          <Y t="10">0.00026</Y>
          <Y t="11">0.00028</Y>
          <Y t="12">0.0003</Y>
          <Y t="13">0.00033</Y>
          <Y t="14">0.00035</Y>
          <Y t="15">0.00039</Y>
          <Y t="16">0.00045</Y>
          <Y t="17">0.00051</Y>
          <Y t="18">0.00057</Y>
          <Y t="19">0.00064</Y>
          <Y t="20">0.00069</Y>
          <Y t="21">0.00074</Y>
          <Y t="22">0.00082</Y>
          <Y t="23">0.00092</Y>
          <Y t="24">0.00105</Y>
          <Y t="25">0.0012</Y>
        </Axis>
      </Axis>
      <Axis t="25">
        <Axis>
          <Y t="1">0.0001</Y>
          <Y t="2">0.00013</Y>
          <Y t="3">0.00015</Y>
          <Y t="4">0.00016</Y>
          <Y t="5">0.00017</Y>
          <Y t="6">0.00018</Y>
          <Y t="7">0.00019</Y>
          <Y t="8">0.00022</Y>
          <Y t="9">0.00025</Y>
          <Y t="10">0.00027</Y>
          <Y t="11">0.00029</Y>
          <Y t="12">0.00031</Y>
          <Y t="13">0.00034</Y>
          <Y t="14">0.00037</Y>
          <Y t="15">0.00041</Y>
          <Y t="16">0.00047</Y>
          <Y t="17">0.00054</Y>
          <Y t="18">0.00061</Y>
          <Y t="19">0.00067</Y>
          <Y t="20">0.00074</Y>
          <Y t="21">0.0008</Y>
          <Y t="22">0.00088</Y>
          <Y t="23">0.001</Y>
          <Y t="24">0.00113</Y>
          <Y t="25">0.0013</Y>
        </Axis>
      </Axis>
      <Axis t="26">
        <Axis>
          <Y t="1">0.0001</Y>
          <Y t="2">0.00013</Y>
          <Y t="3">0.00015</Y>
          <Y t="4">0.00016</Y>
          <Y t="5">0.00017</Y>
          <Y t="6">0.00017</Y>
          <Y t="7">0.00019</Y>
          <Y t="8">0.00022</Y>
          <Y t="9">0.00025</Y>
          <Y t="10">0.00028</Y>
          <Y t="11">0.0003</Y>
          <Y t="12">0.00033</Y>
          <Y t="13">0.00035</Y>
          <Y t="14">0.00039</Y>
          <Y t="15">0.00044</Y>
          <Y t="16">0.00051</Y>
          <Y t="17">0.00057</Y>
          <Y t="18">0.00064</Y>
          <Y t="19">0.00071</Y>
          <Y t="20">0.00078</Y>
          <Y t="21">0.00085</Y>
          <Y t="22">0.00094</Y>
          <Y t="23">0.00107</Y>
          <Y t="24">0.00121</Y>
          <Y t="25">0.0014</Y>
        </Axis>
      </Axis>
      <Axis t="27">
        <Axis>
          <Y t="1">9E-05</Y>
          <Y t="2">0.00013</Y>
          <Y t="3">0.00015</Y>
          <Y t="4">0.00016</Y>
          <Y t="5">0.00017</Y>
          <Y t="6">0.00017</Y>
          <Y t="7">0.0002</Y>
          <Y t="8">0.00023</Y>
          <Y t="9">0.00026</Y>
          <Y t="10">0.00029</Y>
          <Y t="11">0.00032</Y>
          <Y t="12">0.00035</Y>
          <Y t="13">0.00038</Y>
          <Y t="14">0.00043</Y>
          <Y t="15">0.00048</Y>
          <Y t="16">0.00054</Y>
          <Y t="17">0.00061</Y>
          <Y t="18">0.00068</Y>
          <Y t="19">0.00075</Y>
          <Y t="20">0.00082</Y>
          <Y t="21">0.00091</Y>
          <Y t="22">0.00101</Y>
          <Y t="23">0.00115</Y>
          <Y t="24">0.00131</Y>
          <Y t="25">0.00152</Y>
        </Axis>
      </Axis>
      <Axis t="28">
        <Axis>
          <Y t="1">9E-05</Y>
          <Y t="2">0.00013</Y>
          <Y t="3">0.00015</Y>
          <Y t="4">0.00016</Y>
          <Y t="5">0.00016</Y>
          <Y t="6">0.00018</Y>
          <Y t="7">0.0002</Y>
          <Y t="8">0.00024</Y>
          <Y t="9">0.00027</Y>
          <Y t="10">0.00031</Y>
          <Y t="11">0.00034</Y>
          <Y t="12">0.00037</Y>
          <Y t="13">0.00041</Y>
          <Y t="14">0.00046</Y>
          <Y t="15">0.00052</Y>
          <Y t="16">0.00058</Y>
          <Y t="17">0.00065</Y>
          <Y t="18">0.00072</Y>
          <Y t="19">0.0008</Y>
          <Y t="20">0.00088</Y>
          <Y t="21">0.00098</Y>
          <Y t="22">0.00109</Y>
          <Y t="23">0.00124</Y>
          <Y t="24">0.00141</Y>
          <Y t="25">0.00165</Y>
        </Axis>
      </Axis>
      <Axis t="29">
        <Axis>
          <Y t="1">9E-05</Y>
          <Y t="2">0.00013</Y>
          <Y t="3">0.00015</Y>
          <Y t="4">0.00016</Y>
          <Y t="5">0.00017</Y>
          <Y t="6">0.00019</Y>
          <Y t="7">0.00021</Y>
          <Y t="8">0.00025</Y>
          <Y t="9">0.00029</Y>
          <Y t="10">0.00033</Y>
          <Y t="11">0.00036</Y>
          <Y t="12">0.0004</Y>
          <Y t="13">0.00045</Y>
          <Y t="14">0.0005</Y>
          <Y t="15">0.00056</Y>
          <Y t="16">0.00062</Y>
          <Y t="17">0.00069</Y>
          <Y t="18">0.00077</Y>
          <Y t="19">0.00086</Y>
          <Y t="20">0.00094</Y>
          <Y t="21">0.00105</Y>
          <Y t="22">0.00117</Y>
          <Y t="23">0.00133</Y>
          <Y t="24">0.00153</Y>
          <Y t="25">0.00179</Y>
        </Axis>
      </Axis>
      <Axis t="30">
        <Axis>
          <Y t="1">0.0001</Y>
          <Y t="2">0.00014</Y>
          <Y t="3">0.00015</Y>
          <Y t="4">0.00017</Y>
          <Y t="5">0.00018</Y>
          <Y t="6">0.0002</Y>
          <Y t="7">0.00023</Y>
          <Y t="8">0.00027</Y>
          <Y t="9">0.00031</Y>
          <Y t="10">0.00035</Y>
          <Y t="11">0.00039</Y>
          <Y t="12">0.00043</Y>
          <Y t="13">0.00049</Y>
          <Y t="14">0.00054</Y>
          <Y t="15">0.00061</Y>
          <Y t="16">0.00068</Y>
          <Y t="17">0.00075</Y>
          <Y t="18">0.00083</Y>
          <Y t="19">0.00092</Y>
          <Y t="20">0.00101</Y>
          <Y t="21">0.00113</Y>
          <Y t="22">0.00126</Y>
          <Y t="23">0.00143</Y>
          <Y t="24">0.00165</Y>
          <Y t="25">0.00194</Y>
        </Axis>
      </Axis>
      <Axis t="31">
        <Axis>
          <Y t="1">0.0001</Y>
          <Y t="2">0.00014</Y>
          <Y t="3">0.00016</Y>
          <Y t="4">0.00018</Y>
          <Y t="5">0.00019</Y>
          <Y t="6">0.00021</Y>
          <Y t="7">0.00025</Y>
          <Y t="8">0.00029</Y>
          <Y t="9">0.00033</Y>
          <Y t="10">0.00038</Y>
          <Y t="11">0.00042</Y>
          <Y t="12">0.00048</Y>
          <Y t="13">0.00053</Y>
          <Y t="14">0.0006</Y>
          <Y t="15">0.00067</Y>
          <Y t="16">0.00074</Y>
          <Y t="17">0.00082</Y>
          <Y t="18">0.0009</Y>
          <Y t="19">0.00099</Y>
          <Y t="20">0.00109</Y>
          <Y t="21">0.00121</Y>
          <Y t="22">0.00136</Y>
          <Y t="23">0.00155</Y>
          <Y t="24">0.00179</Y>
          <Y t="25">0.00209</Y>
        </Axis>
      </Axis>
      <Axis t="32">
        <Axis>
          <Y t="1">0.00011</Y>
          <Y t="2">0.00014</Y>
          <Y t="3">0.00017</Y>
          <Y t="4">0.00018</Y>
          <Y t="5">0.0002</Y>
          <Y t="6">0.00023</Y>
          <Y t="7">0.00027</Y>
          <Y t="8">0.00031</Y>
          <Y t="9">0.00036</Y>
          <Y t="10">0.00041</Y>
          <Y t="11">0.00047</Y>
          <Y t="12">0.00052</Y>
          <Y t="13">0.00058</Y>
          <Y t="14">0.00065</Y>
          <Y t="15">0.00073</Y>
          <Y t="16">0.0008</Y>
          <Y t="17">0.00088</Y>
          <Y t="18">0.00097</Y>
          <Y t="19">0.00107</Y>
          <Y t="20">0.00118</Y>
          <Y t="21">0.00131</Y>
          <Y t="22">0.00147</Y>
          <Y t="23">0.00167</Y>
          <Y t="24">0.00193</Y>
          <Y t="25">0.00227</Y>
        </Axis>
      </Axis>
      <Axis t="33">
        <Axis>
          <Y t="1">0.00011</Y>
          <Y t="2">0.00015</Y>
          <Y t="3">0.00017</Y>
          <Y t="4">0.00019</Y>
          <Y t="5">0.00021</Y>
          <Y t="6">0.00025</Y>
          <Y t="7">0.00029</Y>
          <Y t="8">0.00034</Y>
          <Y t="9">0.00039</Y>
          <Y t="10">0.00045</Y>
          <Y t="11">0.00051</Y>
          <Y t="12">0.00057</Y>
          <Y t="13">0.00064</Y>
          <Y t="14">0.00071</Y>
          <Y t="15">0.00079</Y>
          <Y t="16">0.00087</Y>
          <Y t="17">0.00096</Y>
          <Y t="18">0.00105</Y>
          <Y t="19">0.00115</Y>
          <Y t="20">0.00127</Y>
          <Y t="21">0.00141</Y>
          <Y t="22">0.00159</Y>
          <Y t="23">0.00181</Y>
          <Y t="24">0.00209</Y>
          <Y t="25">0.00245</Y>
        </Axis>
      </Axis>
      <Axis t="34">
        <Axis>
          <Y t="1">0.00011</Y>
          <Y t="2">0.00016</Y>
          <Y t="3">0.00018</Y>
          <Y t="4">0.00019</Y>
          <Y t="5">0.00023</Y>
          <Y t="6">0.00027</Y>
          <Y t="7">0.00031</Y>
          <Y t="8">0.00037</Y>
          <Y t="9">0.00042</Y>
          <Y t="10">0.00049</Y>
          <Y t="11">0.00055</Y>
          <Y t="12">0.00062</Y>
          <Y t="13">0.0007</Y>
          <Y t="14">0.00078</Y>
          <Y t="15">0.00086</Y>
          <Y t="16">0.00095</Y>
          <Y t="17">0.00104</Y>
          <Y t="18">0.00113</Y>
          <Y t="19">0.00125</Y>
          <Y t="20">0.00137</Y>
          <Y t="21">0.00153</Y>
          <Y t="22">0.00172</Y>
          <Y t="23">0.00195</Y>
          <Y t="24">0.00226</Y>
          <Y t="25">0.00266</Y>
        </Axis>
      </Axis>
      <Axis t="35">
        <Axis>
          <Y t="1">0.00012</Y>
          <Y t="2">0.00016</Y>
          <Y t="3">0.00018</Y>
          <Y t="4">0.0002</Y>
          <Y t="5">0.00025</Y>
          <Y t="6">0.00029</Y>
          <Y t="7">0.00034</Y>
          <Y t="8">0.0004</Y>
          <Y t="9">0.00046</Y>
          <Y t="10">0.00053</Y>
          <Y t="11">0.0006</Y>
          <Y t="12">0.00069</Y>
          <Y t="13">0.00076</Y>
          <Y t="14">0.00085</Y>
          <Y t="15">0.00094</Y>
          <Y t="16">0.00103</Y>
          <Y t="17">0.00113</Y>
          <Y t="18">0.00123</Y>
          <Y t="19">0.00135</Y>
          <Y t="20">0.00149</Y>
          <Y t="21">0.00166</Y>
          <Y t="22">0.00186</Y>
          <Y t="23">0.00211</Y>
          <Y t="24">0.00245</Y>
          <Y t="25">0.00289</Y>
        </Axis>
      </Axis>
      <Axis t="36">
        <Axis>
          <Y t="1">0.00012</Y>
          <Y t="2">0.00017</Y>
          <Y t="3">0.00019</Y>
          <Y t="4">0.00022</Y>
          <Y t="5">0.00027</Y>
          <Y t="6">0.00032</Y>
          <Y t="7">0.00037</Y>
          <Y t="8">0.00043</Y>
          <Y t="9">0.0005</Y>
          <Y t="10">0.00058</Y>
          <Y t="11">0.00066</Y>
          <Y t="12">0.00075</Y>
          <Y t="13">0.00084</Y>
          <Y t="14">0.00093</Y>
          <Y t="15">0.00102</Y>
          <Y t="16">0.00112</Y>
          <Y t="17">0.00123</Y>
          <Y t="18">0.00134</Y>
          <Y t="19">0.00147</Y>
          <Y t="20">0.00162</Y>
          <Y t="21">0.0018</Y>
          <Y t="22">0.00202</Y>
          <Y t="23">0.0023</Y>
          <Y t="24">0.00268</Y>
          <Y t="25">0.00316</Y>
        </Axis>
      </Axis>
      <Axis t="37">
        <Axis>
          <Y t="1">0.00013</Y>
          <Y t="2">0.00018</Y>
          <Y t="3">0.0002</Y>
          <Y t="4">0.00024</Y>
          <Y t="5">0.00029</Y>
          <Y t="6">0.00035</Y>
          <Y t="7">0.00041</Y>
          <Y t="8">0.00047</Y>
          <Y t="9">0.00055</Y>
          <Y t="10">0.00063</Y>
          <Y t="11">0.00073</Y>
          <Y t="12">0.00082</Y>
          <Y t="13">0.00092</Y>
          <Y t="14">0.00102</Y>
          <Y t="15">0.00111</Y>
          <Y t="16">0.00122</Y>
          <Y t="17">0.00133</Y>
          <Y t="18">0.00146</Y>
          <Y t="19">0.0016</Y>
          <Y t="20">0.00176</Y>
          <Y t="21">0.00195</Y>
          <Y t="22">0.00219</Y>
          <Y t="23">0.00251</Y>
          <Y t="24">0.00293</Y>
          <Y t="25">0.00346</Y>
        </Axis>
      </Axis>
      <Axis t="38">
        <Axis>
          <Y t="1">0.00014</Y>
          <Y t="2">0.00018</Y>
          <Y t="3">0.0002</Y>
          <Y t="4">0.00026</Y>
          <Y t="5">0.00031</Y>
          <Y t="6">0.00038</Y>
          <Y t="7">0.00044</Y>
          <Y t="8">0.00051</Y>
          <Y t="9">0.0006</Y>
          <Y t="10">0.00069</Y>
          <Y t="11">0.0008</Y>
          <Y t="12">0.0009</Y>
          <Y t="13">0.001</Y>
          <Y t="14">0.00111</Y>
          <Y t="15">0.00121</Y>
          <Y t="16">0.00133</Y>
          <Y t="17">0.00145</Y>
          <Y t="18">0.00158</Y>
          <Y t="19">0.00174</Y>
          <Y t="20">0.00191</Y>
          <Y t="21">0.00212</Y>
          <Y t="22">0.0024</Y>
          <Y t="23">0.00275</Y>
          <Y t="24">0.00321</Y>
          <Y t="25">0.00381</Y>
        </Axis>
      </Axis>
      <Axis t="39">
        <Axis>
          <Y t="1">0.00014</Y>
          <Y t="2">0.00019</Y>
          <Y t="3">0.00021</Y>
          <Y t="4">0.00028</Y>
          <Y t="5">0.00034</Y>
          <Y t="6">0.00041</Y>
          <Y t="7">0.00048</Y>
          <Y t="8">0.00056</Y>
          <Y t="9">0.00066</Y>
          <Y t="10">0.00076</Y>
          <Y t="11">0.00087</Y>
          <Y t="12">0.00098</Y>
          <Y t="13">0.00109</Y>
          <Y t="14">0.00121</Y>
          <Y t="15">0.00132</Y>
          <Y t="16">0.00145</Y>
          <Y t="17">0.00157</Y>
          <Y t="18">0.00172</Y>
          <Y t="19">0.00189</Y>
          <Y t="20">0.00208</Y>
          <Y t="21">0.00232</Y>
          <Y t="22">0.00263</Y>
          <Y t="23">0.00303</Y>
          <Y t="24">0.00355</Y>
          <Y t="25">0.00421</Y>
        </Axis>
      </Axis>
      <Axis t="40">
        <Axis>
          <Y t="1">0.00015</Y>
          <Y t="2">0.00019</Y>
          <Y t="3">0.00023</Y>
          <Y t="4">0.00031</Y>
          <Y t="5">0.00038</Y>
          <Y t="6">0.00045</Y>
          <Y t="7">0.00053</Y>
          <Y t="8">0.00061</Y>
          <Y t="9">0.00072</Y>
          <Y t="10">0.00083</Y>
          <Y t="11">0.00095</Y>
          <Y t="12">0.00107</Y>
          <Y t="13">0.00119</Y>
          <Y t="14">0.00131</Y>
          <Y t="15">0.00144</Y>
          <Y t="16">0.00157</Y>
          <Y t="17">0.00171</Y>
          <Y t="18">0.00187</Y>
          <Y t="19">0.00205</Y>
          <Y t="20">0.00227</Y>
          <Y t="21">0.00254</Y>
          <Y t="22">0.00289</Y>
          <Y t="23">0.00335</Y>
          <Y t="24">0.00393</Y>
          <Y t="25">0.00467</Y>
        </Axis>
      </Axis>
      <Axis t="41">
        <Axis>
          <Y t="1">0.00016</Y>
          <Y t="2">0.0002</Y>
          <Y t="3">0.00025</Y>
          <Y t="4">0.00033</Y>
          <Y t="5">0.00041</Y>
          <Y t="6">0.00049</Y>
          <Y t="7">0.00057</Y>
          <Y t="8">0.00067</Y>
          <Y t="9">0.00078</Y>
          <Y t="10">0.0009</Y>
          <Y t="11">0.00104</Y>
          <Y t="12">0.00117</Y>
          <Y t="13">0.00129</Y>
          <Y t="14">0.00143</Y>
          <Y t="15">0.00156</Y>
          <Y t="16">0.0017</Y>
          <Y t="17">0.00186</Y>
          <Y t="18">0.00203</Y>
          <Y t="19">0.00224</Y>
          <Y t="20">0.00248</Y>
          <Y t="21">0.00279</Y>
          <Y t="22">0.00319</Y>
          <Y t="23">0.00371</Y>
          <Y t="24">0.00438</Y>
          <Y t="25">0.00521</Y>
        </Axis>
      </Axis>
      <Axis t="42">
        <Axis>
          <Y t="1">0.00017</Y>
          <Y t="2">0.00021</Y>
          <Y t="3">0.00028</Y>
          <Y t="4">0.00036</Y>
          <Y t="5">0.00045</Y>
          <Y t="6">0.00053</Y>
          <Y t="7">0.00062</Y>
          <Y t="8">0.00073</Y>
          <Y t="9">0.00085</Y>
          <Y t="10">0.00098</Y>
          <Y t="11">0.00113</Y>
          <Y t="12">0.00127</Y>
          <Y t="13">0.00141</Y>
          <Y t="14">0.00155</Y>
          <Y t="15">0.00169</Y>
          <Y t="16">0.00185</Y>
          <Y t="17">0.00202</Y>
          <Y t="18">0.00221</Y>
          <Y t="19">0.00244</Y>
          <Y t="20">0.00273</Y>
          <Y t="21">0.00308</Y>
          <Y t="22">0.00355</Y>
          <Y t="23">0.00414</Y>
          <Y t="24">0.0049</Y>
          <Y t="25">0.00584</Y>
        </Axis>
      </Axis>
      <Axis t="43">
        <Axis>
          <Y t="1">0.00017</Y>
          <Y t="2">0.00022</Y>
          <Y t="3">0.0003</Y>
          <Y t="4">0.0004</Y>
          <Y t="5">0.00048</Y>
          <Y t="6">0.00058</Y>
          <Y t="7">0.00068</Y>
          <Y t="8">0.0008</Y>
          <Y t="9">0.00093</Y>
          <Y t="10">0.00107</Y>
          <Y t="11">0.00123</Y>
          <Y t="12">0.00138</Y>
          <Y t="13">0.00153</Y>
          <Y t="14">0.00168</Y>
          <Y t="15">0.00183</Y>
          <Y t="16">0.00201</Y>
          <Y t="17">0.0022</Y>
          <Y t="18">0.00241</Y>
          <Y t="19">0.00267</Y>
          <Y t="20">0.003</Y>
          <Y t="21">0.00342</Y>
          <Y t="22">0.00395</Y>
          <Y t="23">0.00463</Y>
          <Y t="24">0.0055</Y>
          <Y t="25">0.00657</Y>
        </Axis>
      </Axis>
      <Axis t="44">
        <Axis>
          <Y t="1">0.00018</Y>
          <Y t="2">0.00024</Y>
          <Y t="3">0.00034</Y>
          <Y t="4">0.00043</Y>
          <Y t="5">0.00052</Y>
          <Y t="6">0.00062</Y>
          <Y t="7">0.00074</Y>
          <Y t="8">0.00087</Y>
          <Y t="9">0.00101</Y>
          <Y t="10">0.00117</Y>
          <Y t="11">0.00133</Y>
          <Y t="12">0.00149</Y>
          <Y t="13">0.00166</Y>
          <Y t="14">0.00182</Y>
          <Y t="15">0.00199</Y>
          <Y t="16">0.00218</Y>
          <Y t="17">0.0024</Y>
          <Y t="18">0.00264</Y>
          <Y t="19">0.00294</Y>
          <Y t="20">0.00332</Y>
          <Y t="21">0.0038</Y>
          <Y t="22">0.00442</Y>
          <Y t="23">0.00521</Y>
          <Y t="24">0.00619</Y>
          <Y t="25">0.0074</Y>
        </Axis>
      </Axis>
      <Axis t="45">
        <Axis>
          <Y t="1">0.00019</Y>
          <Y t="2">0.00026</Y>
          <Y t="3">0.00037</Y>
          <Y t="4">0.00047</Y>
          <Y t="5">0.00057</Y>
          <Y t="6">0.00068</Y>
          <Y t="7">0.0008</Y>
          <Y t="8">0.00095</Y>
          <Y t="9">0.00111</Y>
          <Y t="10">0.00127</Y>
          <Y t="11">0.00144</Y>
          <Y t="12">0.00162</Y>
          <Y t="13">0.00179</Y>
          <Y t="14">0.00197</Y>
          <Y t="15">0.00216</Y>
          <Y t="16">0.00237</Y>
          <Y t="17">0.00261</Y>
          <Y t="18">0.00289</Y>
          <Y t="19">0.00324</Y>
          <Y t="20">0.00368</Y>
          <Y t="21">0.00424</Y>
          <Y t="22">0.00496</Y>
          <Y t="23">0.00587</Y>
          <Y t="24">0.007</Y>
          <Y t="25">0.00837</Y>
        </Axis>
      </Axis>
      <Axis t="46">
        <Axis>
          <Y t="1">0.00019</Y>
          <Y t="2">0.00029</Y>
          <Y t="3">0.00041</Y>
          <Y t="4">0.00051</Y>
          <Y t="5">0.00062</Y>
          <Y t="6">0.00074</Y>
          <Y t="7">0.00087</Y>
          <Y t="8">0.00103</Y>
          <Y t="9">0.0012</Y>
          <Y t="10">0.00138</Y>
          <Y t="11">0.00156</Y>
          <Y t="12">0.00175</Y>
          <Y t="13">0.00194</Y>
          <Y t="14">0.00213</Y>
          <Y t="15">0.00234</Y>
          <Y t="16">0.00258</Y>
          <Y t="17">0.00285</Y>
          <Y t="18">0.00318</Y>
          <Y t="19">0.00358</Y>
          <Y t="20">0.0041</Y>
          <Y t="21">0.00475</Y>
          <Y t="22">0.00559</Y>
          <Y t="23">0.00664</Y>
          <Y t="24">0.00792</Y>
          <Y t="25">0.00948</Y>
        </Axis>
      </Axis>
      <Axis t="47">
        <Axis>
          <Y t="1">0.0002</Y>
          <Y t="2">0.00031</Y>
          <Y t="3">0.00044</Y>
          <Y t="4">0.00055</Y>
          <Y t="5">0.00067</Y>
          <Y t="6">0.0008</Y>
          <Y t="7">0.00095</Y>
          <Y t="8">0.00112</Y>
          <Y t="9">0.0013</Y>
          <Y t="10">0.0015</Y>
          <Y t="11">0.00169</Y>
          <Y t="12">0.00189</Y>
          <Y t="13">0.0021</Y>
          <Y t="14">0.00231</Y>
          <Y t="15">0.00254</Y>
          <Y t="16">0.00281</Y>
          <Y t="17">0.00312</Y>
          <Y t="18">0.0035</Y>
          <Y t="19">0.00398</Y>
          <Y t="20">0.00459</Y>
          <Y t="21">0.00535</Y>
          <Y t="22">0.00632</Y>
          <Y t="23">0.00752</Y>
          <Y t="24">0.00898</Y>
          <Y t="25">0.01074</Y>
        </Axis>
      </Axis>
      <Axis t="48">
        <Axis>
          <Y t="1">0.00021</Y>
          <Y t="2">0.00034</Y>
          <Y t="3">0.00047</Y>
          <Y t="4">0.0006</Y>
          <Y t="5">0.00073</Y>
          <Y t="6">0.00087</Y>
          <Y t="7">0.00103</Y>
          <Y t="8">0.00122</Y>
          <Y t="9">0.00142</Y>
          <Y t="10">0.00162</Y>
          <Y t="11">0.00183</Y>
          <Y t="12">0.00204</Y>
          <Y t="13">0.00227</Y>
          <Y t="14">0.0025</Y>
          <Y t="15">0.00277</Y>
          <Y t="16">0.00307</Y>
          <Y t="17">0.00343</Y>
          <Y t="18">0.00388</Y>
          <Y t="19">0.00444</Y>
          <Y t="20">0.00515</Y>
          <Y t="21">0.00604</Y>
          <Y t="22">0.00715</Y>
          <Y t="23">0.00853</Y>
          <Y t="24">0.01019</Y>
          <Y t="25">0.01219</Y>
        </Axis>
      </Axis>
      <Axis t="49">
        <Axis>
          <Y t="1">0.00022</Y>
          <Y t="2">0.00037</Y>
          <Y t="3">0.00051</Y>
          <Y t="4">0.00064</Y>
          <Y t="5">0.00079</Y>
          <Y t="6">0.00095</Y>
          <Y t="7">0.00113</Y>
          <Y t="8">0.00133</Y>
          <Y t="9">0.00154</Y>
          <Y t="10">0.00176</Y>
          <Y t="11">0.00199</Y>
          <Y t="12">0.00221</Y>
          <Y t="13">0.00245</Y>
          <Y t="14">0.00272</Y>
          <Y t="15">0.00302</Y>
          <Y t="16">0.00337</Y>
          <Y t="17">0.00379</Y>
          <Y t="18">0.00431</Y>
          <Y t="19">0.00497</Y>
          <Y t="20">0.0058</Y>
          <Y t="21">0.00683</Y>
          <Y t="22">0.00812</Y>
          <Y t="23">0.00969</Y>
          <Y t="24">0.01157</Y>
          <Y t="25">0.01383</Y>
        </Axis>
      </Axis>
      <Axis t="50">
        <Axis>
          <Y t="1">0.00024</Y>
          <Y t="2">0.0004</Y>
          <Y t="3">0.00055</Y>
          <Y t="4">0.0007</Y>
          <Y t="5">0.00086</Y>
          <Y t="6">0.00103</Y>
          <Y t="7">0.00124</Y>
          <Y t="8">0.00145</Y>
          <Y t="9">0.00168</Y>
          <Y t="10">0.00191</Y>
          <Y t="11">0.00215</Y>
          <Y t="12">0.0024</Y>
          <Y t="13">0.00266</Y>
          <Y t="14">0.00296</Y>
          <Y t="15">0.0033</Y>
          <Y t="16">0.00371</Y>
          <Y t="17">0.0042</Y>
          <Y t="18">0.00482</Y>
          <Y t="19">0.00559</Y>
          <Y t="20">0.00655</Y>
          <Y t="21">0.00775</Y>
          <Y t="22">0.00922</Y>
          <Y t="23">0.01101</Y>
          <Y t="24">0.01314</Y>
          <Y t="25">0.01571</Y>
        </Axis>
      </Axis>
      <Axis t="51">
        <Axis>
          <Y t="1">0.00026</Y>
          <Y t="2">0.00043</Y>
          <Y t="3">0.00059</Y>
          <Y t="4">0.00076</Y>
          <Y t="5">0.00093</Y>
          <Y t="6">0.00113</Y>
          <Y t="7">0.00135</Y>
          <Y t="8">0.00158</Y>
          <Y t="9">0.00182</Y>
          <Y t="10">0.00207</Y>
          <Y t="11">0.00233</Y>
          <Y t="12">0.0026</Y>
          <Y t="13">0.0029</Y>
          <Y t="14">0.00324</Y>
          <Y t="15">0.00363</Y>
          <Y t="16">0.0041</Y>
          <Y t="17">0.00468</Y>
          <Y t="18">0.0054</Y>
          <Y t="19">0.00631</Y>
          <Y t="20">0.00743</Y>
          <Y t="21">0.00881</Y>
          <Y t="22">0.01048</Y>
          <Y t="23">0.01252</Y>
          <Y t="24">0.01493</Y>
          <Y t="25">0.01783</Y>
        </Axis>
      </Axis>
      <Axis t="52">
        <Axis>
          <Y t="1">0.00028</Y>
          <Y t="2">0.00046</Y>
          <Y t="3">0.00064</Y>
          <Y t="4">0.00082</Y>
          <Y t="5">0.00102</Y>
          <Y t="6">0.00124</Y>
          <Y t="7">0.00148</Y>
          <Y t="8">0.00172</Y>
          <Y t="9">0.00199</Y>
          <Y t="10">0.00225</Y>
          <Y t="11">0.00254</Y>
          <Y t="12">0.00284</Y>
          <Y t="13">0.00318</Y>
          <Y t="14">0.00356</Y>
          <Y t="15">0.00401</Y>
          <Y t="16">0.00456</Y>
          <Y t="17">0.00524</Y>
          <Y t="18">0.00609</Y>
          <Y t="19">0.00714</Y>
          <Y t="20">0.00843</Y>
          <Y t="21">0.01001</Y>
          <Y t="22">0.01193</Y>
          <Y t="23">0.01422</Y>
          <Y t="24">0.01696</Y>
          <Y t="25">0.02021</Y>
        </Axis>
      </Axis>
      <Axis t="53">
        <Axis>
          <Y t="1">0.0003</Y>
          <Y t="2">0.00049</Y>
          <Y t="3">0.00068</Y>
          <Y t="4">0.00089</Y>
          <Y t="5">0.00112</Y>
          <Y t="6">0.00136</Y>
          <Y t="7">0.00162</Y>
          <Y t="8">0.00188</Y>
          <Y t="9">0.00217</Y>
          <Y t="10">0.00246</Y>
          <Y t="11">0.00277</Y>
          <Y t="12">0.00311</Y>
          <Y t="13">0.00349</Y>
          <Y t="14">0.00393</Y>
          <Y t="15">0.00446</Y>
          <Y t="16">0.0051</Y>
          <Y t="17">0.00589</Y>
          <Y t="18">0.00688</Y>
          <Y t="19">0.0081</Y>
          <Y t="20">0.00959</Y>
          <Y t="21">0.01139</Y>
          <Y t="22">0.01356</Y>
          <Y t="23">0.01615</Y>
          <Y t="24">0.01923</Y>
          <Y t="25">0.02289</Y>
        </Axis>
      </Axis>
      <Axis t="54">
        <Axis>
          <Y t="1">0.00032</Y>
          <Y t="2">0.00053</Y>
          <Y t="3">0.00074</Y>
          <Y t="4">0.00098</Y>
          <Y t="5">0.00123</Y>
          <Y t="6">0.00149</Y>
          <Y t="7">0.00177</Y>
          <Y t="8">0.00207</Y>
          <Y t="9">0.00237</Y>
          <Y t="10">0.0027</Y>
          <Y t="11">0.00304</Y>
          <Y t="12">0.00342</Y>
          <Y t="13">0.00385</Y>
          <Y t="14">0.00436</Y>
          <Y t="15">0.00498</Y>
          <Y t="16">0.00573</Y>
          <Y t="17">0.00666</Y>
          <Y t="18">0.0078</Y>
          <Y t="19">0.00921</Y>
          <Y t="20">0.01091</Y>
          <Y t="21">0.01296</Y>
          <Y t="22">0.01541</Y>
          <Y t="23">0.01833</Y>
          <Y t="24">0.02179</Y>
          <Y t="25">0.02591</Y>
        </Axis>
      </Axis>
      <Axis t="55">
        <Axis>
          <Y t="1">0.00034</Y>
          <Y t="2">0.00057</Y>
          <Y t="3">0.00081</Y>
          <Y t="4">0.00107</Y>
          <Y t="5">0.00135</Y>
          <Y t="6">0.00164</Y>
          <Y t="7">0.00195</Y>
          <Y t="8">0.00227</Y>
          <Y t="9">0.00261</Y>
          <Y t="10">0.00296</Y>
          <Y t="11">0.00334</Y>
          <Y t="12">0.00378</Y>
          <Y t="13">0.00428</Y>
          <Y t="14">0.00487</Y>
          <Y t="15">0.00559</Y>
          <Y t="16">0.00646</Y>
          <Y t="17">0.00754</Y>
          <Y t="18">0.00887</Y>
          <Y t="19">0.01048</Y>
          <Y t="20">0.01242</Y>
          <Y t="21">0.01474</Y>
          <Y t="22">0.01751</Y>
          <Y t="23">0.02079</Y>
          <Y t="24">0.02466</Y>
          <Y t="25">0.02929</Y>
        </Axis>
      </Axis>
      <Axis t="56">
        <Axis>
          <Y t="1">0.00036</Y>
          <Y t="2">0.00062</Y>
          <Y t="3">0.00089</Y>
          <Y t="4">0.00118</Y>
          <Y t="5">0.00149</Y>
          <Y t="6">0.00181</Y>
          <Y t="7">0.00215</Y>
          <Y t="8">0.0025</Y>
          <Y t="9">0.00287</Y>
          <Y t="10">0.00326</Y>
          <Y t="11">0.0037</Y>
          <Y t="12">0.00419</Y>
          <Y t="13">0.00477</Y>
          <Y t="14">0.00546</Y>
          <Y t="15">0.0063</Y>
          <Y t="16">0.00732</Y>
          <Y t="17">0.00857</Y>
          <Y t="18">0.0101</Y>
          <Y t="19">0.01194</Y>
          <Y t="20">0.01414</Y>
          <Y t="21">0.01676</Y>
          <Y t="22">0.01986</Y>
          <Y t="23">0.02353</Y>
          <Y t="24">0.02787</Y>
          <Y t="25">0.03308</Y>
        </Axis>
      </Axis>
      <Axis t="57">
        <Axis>
          <Y t="1">0.00039</Y>
          <Y t="2">0.00068</Y>
          <Y t="3">0.00098</Y>
          <Y t="4">0.00131</Y>
          <Y t="5">0.00165</Y>
          <Y t="6">0.00201</Y>
          <Y t="7">0.00238</Y>
          <Y t="8">0.00276</Y>
          <Y t="9">0.00317</Y>
          <Y t="10">0.00361</Y>
          <Y t="11">0.00411</Y>
          <Y t="12">0.00468</Y>
          <Y t="13">0.00535</Y>
          <Y t="14">0.00616</Y>
          <Y t="15">0.00713</Y>
          <Y t="16">0.00832</Y>
          <Y t="17">0.00976</Y>
          <Y t="18">0.01151</Y>
          <Y t="19">0.0136</Y>
          <Y t="20">0.01609</Y>
          <Y t="21">0.01903</Y>
          <Y t="22">0.02251</Y>
          <Y t="23">0.0266</Y>
          <Y t="24">0.03149</Y>
          <Y t="25">0.03736</Y>
        </Axis>
      </Axis>
      <Axis t="58">
        <Axis>
          <Y t="1">0.00043</Y>
          <Y t="2">0.00074</Y>
          <Y t="3">0.00109</Y>
          <Y t="4">0.00145</Y>
          <Y t="5">0.00183</Y>
          <Y t="6">0.00223</Y>
          <Y t="7">0.00263</Y>
          <Y t="8">0.00306</Y>
          <Y t="9">0.00352</Y>
          <Y t="10">0.00402</Y>
          <Y t="11">0.00459</Y>
          <Y t="12">0.00525</Y>
          <Y t="13">0.00603</Y>
          <Y t="14">0.00697</Y>
          <Y t="15">0.0081</Y>
          <Y t="16">0.00948</Y>
          <Y t="17">0.01114</Y>
          <Y t="18">0.01313</Y>
          <Y t="19">0.0155</Y>
          <Y t="20">0.0183</Y>
          <Y t="21">0.0216</Y>
          <Y t="22">0.02547</Y>
          <Y t="23">0.03007</Y>
          <Y t="24">0.03555</Y>
          <Y t="25">0.04212</Y>
        </Axis>
      </Axis>
      <Axis t="59">
        <Axis>
          <Y t="1">0.00047</Y>
          <Y t="2">0.00082</Y>
          <Y t="3">0.00121</Y>
          <Y t="4">0.00162</Y>
          <Y t="5">0.00204</Y>
          <Y t="6">0.00248</Y>
          <Y t="7">0.00293</Y>
          <Y t="8">0.0034</Y>
          <Y t="9">0.00392</Y>
          <Y t="10">0.00449</Y>
          <Y t="11">0.00515</Y>
          <Y t="12">0.00592</Y>
          <Y t="13">0.00683</Y>
          <Y t="14">0.00792</Y>
          <Y t="15">0.00924</Y>
          <Y t="16">0.01082</Y>
          <Y t="17">0.01272</Y>
          <Y t="18">0.01498</Y>
          <Y t="19">0.01765</Y>
          <Y t="20">0.02079</Y>
          <Y t="21">0.02447</Y>
          <Y t="22">0.02881</Y>
          <Y t="23">0.03396</Y>
          <Y t="24">0.04007</Y>
          <Y t="25">0.04741</Y>
        </Axis>
      </Axis>
      <Axis t="60">
        <Axis>
          <Y t="1">0.00051</Y>
          <Y t="2">0.00092</Y>
          <Y t="3">0.00136</Y>
          <Y t="4">0.00181</Y>
          <Y t="5">0.00228</Y>
          <Y t="6">0.00276</Y>
          <Y t="7">0.00327</Y>
          <Y t="8">0.0038</Y>
          <Y t="9">0.00439</Y>
          <Y t="10">0.00505</Y>
          <Y t="11">0.00581</Y>
          <Y t="12">0.0067</Y>
          <Y t="13">0.00776</Y>
          <Y t="14">0.00903</Y>
          <Y t="15">0.01055</Y>
          <Y t="16">0.01237</Y>
          <Y t="17">0.01453</Y>
          <Y t="18">0.01708</Y>
          <Y t="19">0.02008</Y>
          <Y t="20">0.02359</Y>
          <Y t="21">0.02772</Y>
          <Y t="22">0.03257</Y>
          <Y t="23">0.03829</Y>
          <Y t="24">0.0451</Y>
          <Y t="25">0.05356</Y>
        </Axis>
      </Axis>
      <Axis t="61">
        <Axis>
          <Y t="1">0.00057</Y>
          <Y t="2">0.00103</Y>
          <Y t="3">0.00152</Y>
          <Y t="4">0.00202</Y>
          <Y t="5">0.00255</Y>
          <Y t="6">0.00308</Y>
          <Y t="7">0.00365</Y>
          <Y t="8">0.00426</Y>
          <Y t="9">0.00494</Y>
          <Y t="10">0.0057</Y>
          <Y t="11">0.00657</Y>
          <Y t="12">0.00761</Y>
          <Y t="13">0.00884</Y>
          <Y t="14">0.01031</Y>
          <Y t="15">0.01207</Y>
          <Y t="16">0.01414</Y>
          <Y t="17">0.01659</Y>
          <Y t="18">0.01947</Y>
          <Y t="19">0.02283</Y>
          <Y t="20">0.02676</Y>
          <Y t="21">0.03138</Y>
          <Y t="22">0.03677</Y>
          <Y t="23">0.04312</Y>
          <Y t="24">0.05117</Y>
          <Y t="25">0.06069</Y>
        </Axis>
      </Axis>
      <Axis t="62">
        <Axis>
          <Y t="1">0.00064</Y>
          <Y t="2">0.00116</Y>
          <Y t="3">0.00171</Y>
          <Y t="4">0.00227</Y>
          <Y t="5">0.00286</Y>
          <Y t="6">0.00346</Y>
          <Y t="7">0.0041</Y>
          <Y t="8">0.00479</Y>
          <Y t="9">0.00556</Y>
          <Y t="10">0.00645</Y>
          <Y t="11">0.00747</Y>
          <Y t="12">0.00868</Y>
          <Y t="13">0.01011</Y>
          <Y t="14">0.0118</Y>
          <Y t="15">0.0138</Y>
          <Y t="16">0.01617</Y>
          <Y t="17">0.01894</Y>
          <Y t="18">0.02217</Y>
          <Y t="19">0.02594</Y>
          <Y t="20">0.03034</Y>
          <Y t="21">0.03546</Y>
          <Y t="22">0.04143</Y>
          <Y t="23">0.04915</Y>
          <Y t="24">0.05849</Y>
          <Y t="25">0.06864</Y>
        </Axis>
      </Axis>
      <Axis t="63">
        <Axis>
          <Y t="1">0.00072</Y>
          <Y t="2">0.00132</Y>
          <Y t="3">0.00193</Y>
          <Y t="4">0.00255</Y>
          <Y t="5">0.00321</Y>
          <Y t="6">0.00389</Y>
          <Y t="7">0.00461</Y>
          <Y t="8">0.00541</Y>
          <Y t="9">0.0063</Y>
          <Y t="10">0.00732</Y>
          <Y t="11">0.00852</Y>
          <Y t="12">0.00992</Y>
          <Y t="13">0.01157</Y>
          <Y t="14">0.01351</Y>
          <Y t="15">0.0158</Y>
          <Y t="16">0.01848</Y>
          <Y t="17">0.0216</Y>
          <Y t="18">0.02523</Y>
          <Y t="19">0.02946</Y>
          <Y t="20">0.03435</Y>
          <Y t="21">0.04</Y>
          <Y t="22">0.04743</Y>
          <Y t="23">0.05663</Y>
          <Y t="24">0.06671</Y>
          <Y t="25">0.07751</Y>
        </Axis>
      </Axis>
      <Axis t="64">
        <Axis>
          <Y t="1">0.00082</Y>
          <Y t="2">0.00149</Y>
          <Y t="3">0.00217</Y>
          <Y t="4">0.00287</Y>
          <Y t="5">0.0036</Y>
          <Y t="6">0.00437</Y>
          <Y t="7">0.0052</Y>
          <Y t="8">0.00612</Y>
          <Y t="9">0.00715</Y>
          <Y t="10">0.00833</Y>
          <Y t="11">0.00972</Y>
          <Y t="12">0.01134</Y>
          <Y t="13">0.01324</Y>
          <Y t="14">0.01547</Y>
          <Y t="15">0.01807</Y>
          <Y t="16">0.0211</Y>
          <Y t="17">0.02462</Y>
          <Y t="18">0.02871</Y>
          <Y t="19">0.03341</Y>
          <Y t="20">0.03882</Y>
          <Y t="21">0.04599</Y>
          <Y t="22">0.05506</Y>
          <Y t="23">0.06511</Y>
          <Y t="24">0.07596</Y>
          <Y t="25">0.08737</Y>
        </Axis>
      </Axis>
      <Axis t="65">
        <Axis>
          <Y t="1">0.00094</Y>
          <Y t="2">0.00168</Y>
          <Y t="3">0.00244</Y>
          <Y t="4">0.00324</Y>
          <Y t="5">0.00406</Y>
          <Y t="6">0.00493</Y>
          <Y t="7">0.00588</Y>
          <Y t="8">0.00693</Y>
          <Y t="9">0.00813</Y>
          <Y t="10">0.00951</Y>
          <Y t="11">0.01111</Y>
          <Y t="12">0.01298</Y>
          <Y t="13">0.01517</Y>
          <Y t="14">0.01771</Y>
          <Y t="15">0.02066</Y>
          <Y t="16">0.02408</Y>
          <Y t="17">0.02806</Y>
          <Y t="18">0.03261</Y>
          <Y t="19">0.03781</Y>
          <Y t="20">0.0448</Y>
          <Y t="21">0.05375</Y>
          <Y t="22">0.06374</Y>
          <Y t="23">0.07469</Y>
          <Y t="24">0.08631</Y>
          <Y t="25">0.09824</Y>
        </Axis>
      </Axis>
      <Axis t="66">
        <Axis>
          <Y t="1">0.00107</Y>
          <Y t="2">0.00191</Y>
          <Y t="3">0.00276</Y>
          <Y t="4">0.00364</Y>
          <Y t="5">0.00458</Y>
          <Y t="6">0.00557</Y>
          <Y t="7">0.00665</Y>
          <Y t="8">0.00787</Y>
          <Y t="9">0.00926</Y>
          <Y t="10">0.01086</Y>
          <Y t="11">0.01271</Y>
          <Y t="12">0.01486</Y>
          <Y t="13">0.01736</Y>
          <Y t="14">0.02025</Y>
          <Y t="15">0.02361</Y>
          <Y t="16">0.02748</Y>
          <Y t="17">0.03192</Y>
          <Y t="18">0.03696</Y>
          <Y t="19">0.04381</Y>
          <Y t="20">0.05266</Y>
          <Y t="21">0.06262</Y>
          <Y t="22">0.0736</Y>
          <Y t="23">0.08548</Y>
          <Y t="24">0.09785</Y>
          <Y t="25">0.10881</Y>
        </Axis>
      </Axis>
      <Axis t="67">
        <Axis>
          <Y t="1">0.00123</Y>
          <Y t="2">0.00216</Y>
          <Y t="3">0.00311</Y>
          <Y t="4">0.0041</Y>
          <Y t="5">0.00516</Y>
          <Y t="6">0.00629</Y>
          <Y t="7">0.00754</Y>
          <Y t="8">0.00895</Y>
          <Y t="9">0.01056</Y>
          <Y t="10">0.0124</Y>
          <Y t="11">0.01454</Y>
          <Y t="12">0.01701</Y>
          <Y t="13">0.01986</Y>
          <Y t="14">0.02316</Y>
          <Y t="15">0.02697</Y>
          <Y t="16">0.0313</Y>
          <Y t="17">0.03625</Y>
          <Y t="18">0.04297</Y>
          <Y t="19">0.05175</Y>
          <Y t="20">0.06168</Y>
          <Y t="21">0.07272</Y>
          <Y t="22">0.08477</Y>
          <Y t="23">0.09754</Y>
          <Y t="24">0.10881</Y>
          <Y t="25">0.11878</Y>
        </Axis>
      </Axis>
      <Axis t="68">
        <Axis>
          <Y t="1">0.00141</Y>
          <Y t="2">0.00244</Y>
          <Y t="3">0.00351</Y>
          <Y t="4">0.00463</Y>
          <Y t="5">0.00582</Y>
          <Y t="6">0.00712</Y>
          <Y t="7">0.00856</Y>
          <Y t="8">0.01018</Y>
          <Y t="9">0.01204</Y>
          <Y t="10">0.01416</Y>
          <Y t="11">0.01662</Y>
          <Y t="12">0.01944</Y>
          <Y t="13">0.02271</Y>
          <Y t="14">0.02647</Y>
          <Y t="15">0.03075</Y>
          <Y t="16">0.0356</Y>
          <Y t="17">0.04226</Y>
          <Y t="18">0.05098</Y>
          <Y t="19">0.06089</Y>
          <Y t="20">0.07198</Y>
          <Y t="21">0.0842</Y>
          <Y t="22">0.09729</Y>
          <Y t="23">0.10881</Y>
          <Y t="24">0.11878</Y>
          <Y t="25">0.12941</Y>
        </Axis>
      </Axis>
      <Axis t="69">
        <Axis>
          <Y t="1">0.00161</Y>
          <Y t="2">0.00276</Y>
          <Y t="3">0.00395</Y>
          <Y t="4">0.00521</Y>
          <Y t="5">0.00657</Y>
          <Y t="6">0.00805</Y>
          <Y t="7">0.00971</Y>
          <Y t="8">0.01158</Y>
          <Y t="9">0.01372</Y>
          <Y t="10">0.01617</Y>
          <Y t="11">0.01898</Y>
          <Y t="12">0.02223</Y>
          <Y t="13">0.02595</Y>
          <Y t="14">0.0302</Y>
          <Y t="15">0.035</Y>
          <Y t="16">0.04161</Y>
          <Y t="17">0.05032</Y>
          <Y t="18">0.06023</Y>
          <Y t="19">0.07137</Y>
          <Y t="20">0.08374</Y>
          <Y t="21">0.09709</Y>
          <Y t="22">0.10881</Y>
          <Y t="23">0.11878</Y>
          <Y t="24">0.12941</Y>
          <Y t="25">0.14073</Y>
        </Axis>
      </Axis>
      <Axis t="70">
        <Axis>
          <Y t="1">0.00184</Y>
          <Y t="2">0.00311</Y>
          <Y t="3">0.00445</Y>
          <Y t="4">0.00586</Y>
          <Y t="5">0.00741</Y>
          <Y t="6">0.00911</Y>
          <Y t="7">0.01101</Y>
          <Y t="8">0.01317</Y>
          <Y t="9">0.01564</Y>
          <Y t="10">0.01844</Y>
          <Y t="11">0.02167</Y>
          <Y t="12">0.02539</Y>
          <Y t="13">0.02962</Y>
          <Y t="14">0.03439</Y>
          <Y t="15">0.041</Y>
          <Y t="16">0.04973</Y>
          <Y t="17">0.05965</Y>
          <Y t="18">0.07086</Y>
          <Y t="19">0.08337</Y>
          <Y t="20">0.09694</Y>
          <Y t="21">0.10881</Y>
          <Y t="22">0.11878</Y>
          <Y t="23">0.12941</Y>
          <Y t="24">0.14073</Y>
          <Y t="25">0.15276</Y>
        </Axis>
      </Axis>
      <Axis t="71">
        <Axis>
          <Y t="1">0.00208</Y>
          <Y t="2">0.0035</Y>
          <Y t="3">0.00499</Y>
          <Y t="4">0.0066</Y>
          <Y t="5">0.00835</Y>
          <Y t="6">0.0103</Y>
          <Y t="7">0.01249</Y>
          <Y t="8">0.01497</Y>
          <Y t="9">0.01779</Y>
          <Y t="10">0.02103</Y>
          <Y t="11">0.02474</Y>
          <Y t="12">0.02896</Y>
          <Y t="13">0.03374</Y>
          <Y t="14">0.04037</Y>
          <Y t="15">0.04916</Y>
          <Y t="16">0.05913</Y>
          <Y t="17">0.07041</Y>
          <Y t="18">0.08305</Y>
          <Y t="19">0.09682</Y>
          <Y t="20">0.10881</Y>
          <Y t="21">0.11878</Y>
          <Y t="22">0.12941</Y>
          <Y t="23">0.14073</Y>
          <Y t="24">0.15276</Y>
          <Y t="25">0.16552</Y>
        </Axis>
      </Axis>
      <Axis t="72">
        <Axis>
          <Y t="1">0.00235</Y>
          <Y t="2">0.00393</Y>
          <Y t="3">0.0056</Y>
          <Y t="4">0.00742</Y>
          <Y t="5">0.00941</Y>
          <Y t="6">0.01165</Y>
          <Y t="7">0.01415</Y>
          <Y t="8">0.017</Y>
          <Y t="9">0.02025</Y>
          <Y t="10">0.02397</Y>
          <Y t="11">0.0282</Y>
          <Y t="12">0.03298</Y>
          <Y t="13">0.03969</Y>
          <Y t="14">0.04856</Y>
          <Y t="15">0.05863</Y>
          <Y t="16">0.07</Y>
          <Y t="17">0.08278</Y>
          <Y t="18">0.09672</Y>
          <Y t="19">0.10881</Y>
          <Y t="20">0.11878</Y>
          <Y t="21">0.12941</Y>
          <Y t="22">0.14073</Y>
          <Y t="23">0.15276</Y>
          <Y t="24">0.16552</Y>
          <Y t="25">0.17903</Y>
        </Axis>
      </Axis>
      <Axis t="73">
        <Axis>
          <Y t="1">0.00264</Y>
          <Y t="2">0.00439</Y>
          <Y t="3">0.00627</Y>
          <Y t="4">0.00833</Y>
          <Y t="5">0.0106</Y>
          <Y t="6">0.01315</Y>
          <Y t="7">0.01602</Y>
          <Y t="8">0.0193</Y>
          <Y t="9">0.02304</Y>
          <Y t="10">0.02729</Y>
          <Y t="11">0.03209</Y>
          <Y t="12">0.03889</Y>
          <Y t="13">0.04791</Y>
          <Y t="14">0.05809</Y>
          <Y t="15">0.06959</Y>
          <Y t="16">0.08252</Y>
          <Y t="17">0.09663</Y>
          <Y t="18">0.10881</Y>
          <Y t="19">0.11878</Y>
          <Y t="20">0.12941</Y>
          <Y t="21">0.14073</Y>
          <Y t="22">0.15276</Y>
          <Y t="23">0.16552</Y>
          <Y t="24">0.17903</Y>
          <Y t="25">0.19855</Y>
        </Axis>
      </Axis>
      <Axis t="74">
        <Axis>
          <Y t="1">0.00295</Y>
          <Y t="2">0.0049</Y>
          <Y t="3">0.00702</Y>
          <Y t="4">0.00934</Y>
          <Y t="5">0.01192</Y>
          <Y t="6">0.01483</Y>
          <Y t="7">0.01814</Y>
          <Y t="8">0.02191</Y>
          <Y t="9">0.02617</Y>
          <Y t="10">0.03101</Y>
          <Y t="11">0.03794</Y>
          <Y t="12">0.04714</Y>
          <Y t="13">0.05749</Y>
          <Y t="14">0.06914</Y>
          <Y t="15">0.08225</Y>
          <Y t="16">0.09654</Y>
          <Y t="17">0.10881</Y>
          <Y t="18">0.11878</Y>
          <Y t="19">0.12941</Y>
          <Y t="20">0.14073</Y>
          <Y t="21">0.15276</Y>
          <Y t="22">0.16552</Y>
          <Y t="23">0.17903</Y>
          <Y t="24">0.19855</Y>
          <Y t="25">0.22503</Y>
        </Axis>
      </Axis>
      <Axis t="75">
        <Axis>
          <Y t="1">0.00328</Y>
          <Y t="2">0.00545</Y>
          <Y t="3">0.00783</Y>
          <Y t="4">0.01046</Y>
          <Y t="5">0.0134</Y>
          <Y t="6">0.01674</Y>
          <Y t="7">0.02053</Y>
          <Y t="8">0.02483</Y>
          <Y t="9">0.0297</Y>
          <Y t="10">0.03679</Y>
          <Y t="11">0.04623</Y>
          <Y t="12">0.05679</Y>
          <Y t="13">0.06863</Y>
          <Y t="14">0.08195</Y>
          <Y t="15">0.09645</Y>
          <Y t="16">0.10881</Y>
          <Y t="17">0.11878</Y>
          <Y t="18">0.12941</Y>
          <Y t="19">0.14073</Y>
          <Y t="20">0.15276</Y>
          <Y t="21">0.16552</Y>
          <Y t="22">0.17903</Y>
          <Y t="23">0.19855</Y>
          <Y t="24">0.22503</Y>
          <Y t="25">0.25194</Y>
        </Axis>
      </Axis>
      <Axis t="76">
        <Axis>
          <Y t="1">0.00363</Y>
          <Y t="2">0.00605</Y>
          <Y t="3">0.00872</Y>
          <Y t="4">0.0117</Y>
          <Y t="5">0.01506</Y>
          <Y t="6">0.01888</Y>
          <Y t="7">0.02321</Y>
          <Y t="8">0.02812</Y>
          <Y t="9">0.03539</Y>
          <Y t="10">0.04512</Y>
          <Y t="11">0.05594</Y>
          <Y t="12">0.06803</Y>
          <Y t="13">0.08158</Y>
          <Y t="14">0.09634</Y>
          <Y t="15">0.10881</Y>
          <Y t="16">0.11878</Y>
          <Y t="17">0.12941</Y>
          <Y t="18">0.14073</Y>
          <Y t="19">0.15276</Y>
          <Y t="20">0.16552</Y>
          <Y t="21">0.17903</Y>
          <Y t="22">0.19855</Y>
          <Y t="23">0.22503</Y>
          <Y t="24">0.25194</Y>
          <Y t="25">0.27895</Y>
        </Axis>
      </Axis>
      <Axis t="77">
        <Axis>
          <Y t="1">0.00399</Y>
          <Y t="2">0.00669</Y>
          <Y t="3">0.0097</Y>
          <Y t="4">0.01309</Y>
          <Y t="5">0.01692</Y>
          <Y t="6">0.02128</Y>
          <Y t="7">0.02622</Y>
          <Y t="8">0.03369</Y>
          <Y t="9">0.04376</Y>
          <Y t="10">0.0549</Y>
          <Y t="11">0.0673</Y>
          <Y t="12">0.08115</Y>
          <Y t="13">0.09619</Y>
          <Y t="14">0.10881</Y>
          <Y t="15">0.11878</Y>
          <Y t="16">0.12941</Y>
          <Y t="17">0.14073</Y>
          <Y t="18">0.15276</Y>
          <Y t="19">0.16552</Y>
          <Y t="20">0.17903</Y>
          <Y t="21">0.19855</Y>
          <Y t="22">0.22503</Y>
          <Y t="23">0.25194</Y>
          <Y t="24">0.27895</Y>
          <Y t="25">0.30569</Y>
        </Axis>
      </Axis>
      <Axis t="78">
        <Axis>
          <Y t="1">0.00437</Y>
          <Y t="2">0.00739</Y>
          <Y t="3">0.01078</Y>
          <Y t="4">0.01463</Y>
          <Y t="5">0.019</Y>
          <Y t="6">0.02396</Y>
          <Y t="7">0.03167</Y>
          <Y t="8">0.04212</Y>
          <Y t="9">0.05364</Y>
          <Y t="10">0.0664</Y>
          <Y t="11">0.08059</Y>
          <Y t="12">0.09602</Y>
          <Y t="13">0.10881</Y>
          <Y t="14">0.11878</Y>
          <Y t="15">0.12941</Y>
          <Y t="16">0.14073</Y>
          <Y t="17">0.15276</Y>
          <Y t="18">0.16552</Y>
          <Y t="19">0.17903</Y>
          <Y t="20">0.19855</Y>
          <Y t="21">0.22503</Y>
          <Y t="22">0.25194</Y>
          <Y t="23">0.27895</Y>
          <Y t="24">0.30569</Y>
          <Y t="25">0.33175</Y>
        </Axis>
      </Axis>
      <Axis t="79">
        <Axis>
          <Y t="1">0.00476</Y>
          <Y t="2">0.00814</Y>
          <Y t="3">0.01198</Y>
          <Y t="4">0.01634</Y>
          <Y t="5">0.02131</Y>
          <Y t="6">0.02925</Y>
          <Y t="7">0.04016</Y>
          <Y t="8">0.05211</Y>
          <Y t="9">0.06531</Y>
          <Y t="10">0.07992</Y>
          <Y t="11">0.0958</Y>
          <Y t="12">0.10881</Y>
          <Y t="13">0.11878</Y>
          <Y t="14">0.12941</Y>
          <Y t="15">0.14073</Y>
          <Y t="16">0.15276</Y>
          <Y t="17">0.16552</Y>
          <Y t="18">0.17903</Y>
          <Y t="19">0.19855</Y>
          <Y t="20">0.22503</Y>
          <Y t="21">0.25194</Y>
          <Y t="22">0.27895</Y>
          <Y t="23">0.30569</Y>
          <Y t="24">0.33175</Y>
          <Y t="25">0.35624</Y>
        </Axis>
      </Axis>
      <Axis t="80">
        <Axis>
          <Y t="1">0.00517</Y>
          <Y t="2">0.00897</Y>
          <Y t="3">0.0133</Y>
          <Y t="4">0.01825</Y>
          <Y t="5">0.02643</Y>
          <Y t="6">0.03781</Y>
          <Y t="7">0.05028</Y>
          <Y t="8">0.06397</Y>
          <Y t="9">0.0791</Y>
          <Y t="10">0.09552</Y>
          <Y t="11">0.10881</Y>
          <Y t="12">0.11878</Y>
          <Y t="13">0.12941</Y>
          <Y t="14">0.14073</Y>
          <Y t="15">0.15276</Y>
          <Y t="16">0.16552</Y>
          <Y t="17">0.17903</Y>
          <Y t="18">0.19855</Y>
          <Y t="19">0.22503</Y>
          <Y t="20">0.25194</Y>
          <Y t="21">0.27895</Y>
          <Y t="22">0.30569</Y>
          <Y t="23">0.33175</Y>
          <Y t="24">0.35624</Y>
          <Y t="25">0.37924</Y>
        </Axis>
      </Axis>
      <Axis t="81">
        <Axis>
          <Y t="1">0.0056</Y>
          <Y t="2">0.00985</Y>
          <Y t="3">0.01474</Y>
          <Y t="4">0.02317</Y>
          <Y t="5">0.03507</Y>
          <Y t="6">0.04809</Y>
          <Y t="7">0.06236</Y>
          <Y t="8">0.07809</Y>
          <Y t="9">0.09518</Y>
          <Y t="10">0.10881</Y>
          <Y t="11">0.11878</Y>
          <Y t="12">0.12941</Y>
          <Y t="13">0.14073</Y>
          <Y t="14">0.15276</Y>
          <Y t="15">0.16552</Y>
          <Y t="16">0.17903</Y>
          <Y t="17">0.19855</Y>
          <Y t="18">0.22503</Y>
          <Y t="19">0.25194</Y>
          <Y t="20">0.27895</Y>
          <Y t="21">0.30569</Y>
          <Y t="22">0.33175</Y>
          <Y t="23">0.35624</Y>
          <Y t="24">0.37924</Y>
          <Y t="25">0.39826</Y>
        </Axis>
      </Axis>
      <Axis t="82">
        <Axis>
          <Y t="1">0.00603</Y>
          <Y t="2">0.01081</Y>
          <Y t="3">0.01943</Y>
          <Y t="4">0.03186</Y>
          <Y t="5">0.04548</Y>
          <Y t="6">0.06042</Y>
          <Y t="7">0.07686</Y>
          <Y t="8">0.09477</Y>
          <Y t="9">0.10881</Y>
          <Y t="10">0.11878</Y>
          <Y t="11">0.12941</Y>
          <Y t="12">0.14073</Y>
          <Y t="13">0.15276</Y>
          <Y t="14">0.16552</Y>
          <Y t="15">0.17903</Y>
          <Y t="16">0.19855</Y>
          <Y t="17">0.22503</Y>
          <Y t="18">0.25194</Y>
          <Y t="19">0.27895</Y>
          <Y t="20">0.30569</Y>
          <Y t="21">0.33175</Y>
          <Y t="22">0.35624</Y>
          <Y t="23">0.37924</Y>
          <Y t="24">0.39826</Y>
          <Y t="25">0.41064</Y>
        </Axis>
      </Axis>
      <Axis t="83">
        <Axis>
          <Y t="1">0.00647</Y>
          <Y t="2">0.01333</Y>
          <Y t="3">0.02817</Y>
          <Y t="4">0.04242</Y>
          <Y t="5">0.05809</Y>
          <Y t="6">0.07536</Y>
          <Y t="7">0.09426</Y>
          <Y t="8">0.10881</Y>
          <Y t="9">0.11878</Y>
          <Y t="10">0.12941</Y>
          <Y t="11">0.14073</Y>
          <Y t="12">0.15276</Y>
          <Y t="13">0.16552</Y>
          <Y t="14">0.17903</Y>
          <Y t="15">0.19855</Y>
          <Y t="16">0.22503</Y>
          <Y t="17">0.25194</Y>
          <Y t="18">0.27895</Y>
          <Y t="19">0.30569</Y>
          <Y t="20">0.33175</Y>
          <Y t="21">0.35624</Y>
          <Y t="22">0.37924</Y>
          <Y t="23">0.39826</Y>
          <Y t="24">0.41064</Y>
          <Y t="25">0.42239</Y>
        </Axis>
      </Axis>
      <Axis t="84">
        <Axis>
          <Y t="1">0.00693</Y>
          <Y t="2">0.01781</Y>
          <Y t="3">0.03881</Y>
          <Y t="4">0.05529</Y>
          <Y t="5">0.07354</Y>
          <Y t="6">0.09364</Y>
          <Y t="7">0.10881</Y>
          <Y t="8">0.11878</Y>
          <Y t="9">0.12941</Y>
          <Y t="10">0.14073</Y>
          <Y t="11">0.15276</Y>
          <Y t="12">0.16552</Y>
          <Y t="13">0.17903</Y>
          <Y t="14">0.19855</Y>
          <Y t="15">0.22503</Y>
          <Y t="16">0.25194</Y>
          <Y t="17">0.27895</Y>
          <Y t="18">0.30569</Y>
          <Y t="19">0.33175</Y>
          <Y t="20">0.35624</Y>
          <Y t="21">0.37924</Y>
          <Y t="22">0.39826</Y>
          <Y t="23">0.41064</Y>
          <Y t="24">0.42239</Y>
          <Y t="25">0.43344</Y>
        </Axis>
      </Axis>
      <Axis t="85">
        <Axis>
          <Y t="1">0.00739</Y>
          <Y t="2">0.02319</Y>
          <Y t="3">0.05186</Y>
          <Y t="4">0.07125</Y>
          <Y t="5">0.09286</Y>
          <Y t="6">0.10881</Y>
          <Y t="7">0.11878</Y>
          <Y t="8">0.12941</Y>
          <Y t="9">0.14073</Y>
          <Y t="10">0.15276</Y>
          <Y t="11">0.16552</Y>
          <Y t="12">0.17903</Y>
          <Y t="13">0.19855</Y>
          <Y t="14">0.22503</Y>
          <Y t="15">0.25194</Y>
          <Y t="16">0.27895</Y>
          <Y t="17">0.30569</Y>
          <Y t="18">0.33175</Y>
          <Y t="19">0.35624</Y>
          <Y t="20">0.37924</Y>
          <Y t="21">0.39826</Y>
          <Y t="22">0.41064</Y>
          <Y t="23">0.42239</Y>
          <Y t="24">0.43344</Y>
          <Y t="25">0.44372</Y>
        </Axis>
      </Axis>
      <Axis t="86">
        <Axis>
          <Y t="1">0.00785</Y>
          <Y t="2">0.02974</Y>
          <Y t="3">0.06829</Y>
          <Y t="4">0.09186</Y>
          <Y t="5">0.10881</Y>
          <Y t="6">0.11878</Y>
          <Y t="7">0.12941</Y>
          <Y t="8">0.14073</Y>
          <Y t="9">0.15276</Y>
          <Y t="10">0.16552</Y>
          <Y t="11">0.17903</Y>
          <Y t="12">0.19855</Y>
          <Y t="13">0.22503</Y>
          <Y t="14">0.25194</Y>
          <Y t="15">0.27895</Y>
          <Y t="16">0.30569</Y>
          <Y t="17">0.33175</Y>
          <Y t="18">0.35624</Y>
          <Y t="19">0.37924</Y>
          <Y t="20">0.39826</Y>
          <Y t="21">0.41064</Y>
          <Y t="22">0.42239</Y>
          <Y t="23">0.43344</Y>
          <Y t="24">0.44372</Y>
          <Y t="25">0.45</Y>
        </Axis>
      </Axis>
      <Axis t="87">
        <Axis>
          <Y t="1">0.00831</Y>
          <Y t="2">0.03807</Y>
          <Y t="3">0.09051</Y>
          <Y t="4">0.10881</Y>
          <Y t="5">0.11878</Y>
          <Y t="6">0.12941</Y>
          <Y t="7">0.14073</Y>
          <Y t="8">0.15276</Y>
          <Y t="9">0.16552</Y>
          <Y t="10">0.17903</Y>
          <Y t="11">0.19855</Y>
          <Y t="12">0.22503</Y>
          <Y t="13">0.25194</Y>
          <Y t="14">0.27895</Y>
          <Y t="15">0.30569</Y>
          <Y t="16">0.33175</Y>
          <Y t="17">0.35624</Y>
          <Y t="18">0.37924</Y>
          <Y t="19">0.39826</Y>
          <Y t="20">0.41064</Y>
          <Y t="21">0.42239</Y>
          <Y t="22">0.43344</Y>
          <Y t="23">0.44372</Y>
          <Y t="24">0.45</Y>
          <Y t="25">0.45</Y>
        </Axis>
      </Axis>
      <Axis t="88">
        <Axis>
          <Y t="1">0.00877</Y>
          <Y t="2">0.04486</Y>
          <Y t="3">0.10881</Y>
          <Y t="4">0.11878</Y>
          <Y t="5">0.12941</Y>
          <Y t="6">0.14073</Y>
          <Y t="7">0.15276</Y>
          <Y t="8">0.16552</Y>
          <Y t="9">0.17903</Y>
          <Y t="10">0.19855</Y>
          <Y t="11">0.22503</Y>
          <Y t="12">0.25194</Y>
          <Y t="13">0.27895</Y>
          <Y t="14">0.30569</Y>
          <Y t="15">0.33175</Y>
          <Y t="16">0.35624</Y>
          <Y t="17">0.37924</Y>
          <Y t="18">0.39826</Y>
          <Y t="19">0.41064</Y>
          <Y t="20">0.42239</Y>
          <Y t="21">0.43344</Y>
          <Y t="22">0.44372</Y>
          <Y t="23">0.45</Y>
          <Y t="24">0.45</Y>
          <Y t="25">0.45</Y>
        </Axis>
      </Axis>
      <Axis t="89">
        <Axis>
          <Y t="1">0.00925</Y>
          <Y t="2">0.04882</Y>
          <Y t="3">0.11878</Y>
          <Y t="4">0.12941</Y>
          <Y t="5">0.14073</Y>
          <Y t="6">0.15276</Y>
          <Y t="7">0.16552</Y>
          <Y t="8">0.17903</Y>
          <Y t="9">0.19855</Y>
          <Y t="10">0.22503</Y>
          <Y t="11">0.25194</Y>
          <Y t="12">0.27895</Y>
          <Y t="13">0.30569</Y>
          <Y t="14">0.33175</Y>
          <Y t="15">0.35624</Y>
          <Y t="16">0.37924</Y>
          <Y t="17">0.39826</Y>
          <Y t="18">0.41064</Y>
          <Y t="19">0.42239</Y>
          <Y t="20">0.43344</Y>
          <Y t="21">0.44372</Y>
          <Y t="22">0.45</Y>
          <Y t="23">0.45</Y>
          <Y t="24">0.45</Y>
          <Y t="25">0.45</Y>
        </Axis>
      </Axis>
      <Axis t="90">
        <Axis>
          <Y t="1">0.00973</Y>
          <Y t="2">0.0553</Y>
          <Y t="3">0.12941</Y>
          <Y t="4">0.14073</Y>
          <Y t="5">0.15276</Y>
          <Y t="6">0.16552</Y>
          <Y t="7">0.17903</Y>
          <Y t="8">0.19855</Y>
          <Y t="9">0.22503</Y>
          <Y t="10">0.25194</Y>
          <Y t="11">0.27895</Y>
          <Y t="12">0.30569</Y>
          <Y t="13">0.33175</Y>
          <Y t="14">0.35624</Y>
          <Y t="15">0.37924</Y>
          <Y t="16">0.39826</Y>
          <Y t="17">0.41064</Y>
          <Y t="18">0.42239</Y>
          <Y t="19">0.43344</Y>
          <Y t="20">0.44372</Y>
          <Y t="21">0.45</Y>
          <Y t="22">0.45</Y>
          <Y t="23">0.45</Y>
          <Y t="24">0.45</Y>
          <Y t="25">0.45</Y>
        </Axis>
      </Axis>
    </Values>
  </Table>
  <Table>
    <MetaData>
      <ScalingFactor>0</ScalingFactor>
      <DataType tc="2">Floating Point</DataType>
      <Nation tc="1">United States of America</Nation>
      <TableDescription>2008 Valuation Basic Table (VBT) Relative Risk (RR) - Female, 70%, Non-Smoker, Age Last Birthday. Minimum Age: 18. Maximum Age: 90. Ultimate</TableDescription>
      <AxisDef id="Age">
        <ScaleType tc="3">Age</ScaleType>
        <AxisName>Age</AxisName>
        <MinScaleValue>43</MinScaleValue>
        <MaxScaleValue>120</MaxScaleValue>
        <Increment>1</Increment>
      </AxisDef>
    </MetaData>
    <Values>
      <Axis>
        <Y t="43">0.00073</Y>
        <Y t="44">0.00079</Y>
        <Y t="45">0.00086</Y>
        <Y t="46">0.00096</Y>
        <Y t="47">0.00108</Y>
        <Y t="48">0.00121</Y>
        <Y t="49">0.00135</Y>
        <Y t="50">0.0015</Y>
        <Y t="51">0.00165</Y>
        <Y t="52">0.00181</Y>
        <Y t="53">0.00197</Y>
        <Y t="54">0.00214</Y>
        <Y t="55">0.00232</Y>
        <Y t="56">0.0025</Y>
        <Y t="57">0.00271</Y>
        <Y t="58">0.00293</Y>
        <Y t="59">0.00318</Y>
        <Y t="60">0.00346</Y>
        <Y t="61">0.00378</Y>
        <Y t="62">0.00414</Y>
        <Y t="63">0.00456</Y>
        <Y t="64">0.00504</Y>
        <Y t="65">0.00561</Y>
        <Y t="66">0.00625</Y>
        <Y t="67">0.007</Y>
        <Y t="68">0.00787</Y>
        <Y t="69">0.00888</Y>
        <Y t="70">0.01003</Y>
        <Y t="71">0.01136</Y>
        <Y t="72">0.01289</Y>
        <Y t="73">0.01463</Y>
        <Y t="74">0.01661</Y>
        <Y t="75">0.01886</Y>
        <Y t="76">0.0214</Y>
        <Y t="77">0.02427</Y>
        <Y t="78">0.02749</Y>
        <Y t="79">0.0311</Y>
        <Y t="80">0.03518</Y>
        <Y t="81">0.03977</Y>
        <Y t="82">0.04489</Y>
        <Y t="83">0.05057</Y>
        <Y t="84">0.05684</Y>
        <Y t="85">0.06377</Y>
        <Y t="86">0.0714</Y>
        <Y t="87">0.07978</Y>
        <Y t="88">0.08895</Y>
        <Y t="89">0.09885</Y>
        <Y t="90">0.10881</Y>
        <Y t="91">0.11878</Y>
        <Y t="92">0.12941</Y>
        <Y t="93">0.14073</Y>
        <Y t="94">0.15276</Y>
        <Y t="95">0.16552</Y>
        <Y t="96">0.17903</Y>
        <Y t="97">0.19855</Y>
        <Y t="98">0.22503</Y>
        <Y t="99">0.25194</Y>
        <Y t="100">0.27895</Y>
        <Y t="101">0.30569</Y>
        <Y t="102">0.33175</Y>
        <Y t="103">0.35624</Y>
        <Y t="104">0.37924</Y>
        <Y t="105">0.39826</Y>
        <Y t="106">0.41064</Y>
        <Y t="107">0.42239</Y>
        <Y t="108">0.43344</Y>
        <Y t="109">0.44372</Y>
        <Y t="110">0.45</Y>
        <Y t="111">0.45</Y>
        <Y t="112">0.45</Y>
        <Y t="113">0.45</Y>
        <Y t="114">0.45</Y>
        <Y t="115">0.45</Y>
        <Y t="116">0.45</Y>
        <Y t="117">0.45</Y>
        <Y t="118">0.45</Y>
        <Y t="119">0.45</Y>
        <Y t="120">0.45</Y>
      </Axis>
    </Values>
  </Table>
</XTbML>