﻿<?xml version="1.0" encoding="utf-8"?>
<XTbML>
  <ContentClassification>
    <TableIdentity>1016</TableIdentity>
    <ProviderDomain>soa.org</ProviderDomain>
    <ProviderName>Society of Actuaries</ProviderName>
    <TableReference>“Appendix  F – Relative Risk Tables”, Society of Actuaries. Accessed: October, 2012 from http://www.soa.org/Files/Zip/research-2008-vbt-report-app-f.pdf</TableReference>
    <ContentType tc="4">Insured Lives Mortality</ContentType>
    <TableName>2008 VBT Female RR140 Non-Smoker ALB</TableName>
    <TableDescription>2008 Valuation Basic Table (VBT) Relative Risk (RR) - Female, 140%, Non-Smoker, Age Last Birthday. Minimum Age: 18. Maximum Age: 90.</TableDescription>
    <Comments>Study Data: The underlying data used in developing the 2008 Valuation Basic Table (VBT) was a subset of the Society of Actuaries (SOA) Individual Life Experience Committee's (ILEC) 2002-2004 Intercompany Study comprised of claims from 35 contributing companies. Of these 35 companies, 28 companies maintained preferred class underwriting criteria. Nevertheless, this data proved insufficient to develop all the relationships needed for construction of the Relative Risk tables. Consequently, research from a reinsurer heavily supplemented the data. Note that subsequent to publication in March, 2008 of “2008 Valuation Basic Table” by the American Academy of Actuaries, the values (p. 181-182 for this particular table) were revised in February of 2009. Methodology: Relative Risk Ratios were developed from an Underwriting Criteria Score (UCS). The Relative Risk Ratios were then applied to the 2008 Primary Table to create 10 preferred non-smoker tables and 4 preferred smoker tables delineated by gender. Next, a Preferred Wear-Off Factor was applied to durations 2 and later. The Wear-Off Factors result in the relative risk tables grading into the corresponding aggregate table at higher attained ages. The Preferred Wear-Off Factors are the same for all the Relative Risk tables. Data Transcription Errors: None. Data Certified: 10/2012.</Comments>
    <KeyWord>Select</KeyWord>
    <KeyWord>Insured Lives Mortality</KeyWord>
    <KeyWord>United States of America</KeyWord>
  </ContentClassification>
  <Table>
    <MetaData>
      <ScalingFactor>0</ScalingFactor>
      <DataType tc="2">Floating Point</DataType>
      <Nation tc="1">United States of America</Nation>
      <TableDescription>2008 Valuation Basic Table (VBT) Relative Risk (RR) - Female, 140%, Non-Smoker, Age Last Birthday. Minimum Age: 18. Maximum Age: 90. Select</TableDescription>
      <AxisDef id="Age">
        <ScaleType tc="3">Age</ScaleType>
        <AxisName>Age</AxisName>
        <MinScaleValue>18</MinScaleValue>
        <MaxScaleValue>90</MaxScaleValue>
        <Increment>1</Increment>
      </AxisDef>
      <AxisDef id="Duration">
        <ScaleType tc="2">Ordinal Date</ScaleType>
        <AxisName>Duration</AxisName>
        <MinScaleValue>1</MinScaleValue>
        <MaxScaleValue>25</MaxScaleValue>
        <Increment>1</Increment>
      </AxisDef>
    </MetaData>
    <Values>
      <Axis t="18">
        <Axis>
          <Y t="1">0.00036</Y>
          <Y t="2">0.0004</Y>
          <Y t="3">0.00042</Y>
          <Y t="4">0.00042</Y>
          <Y t="5">0.00042</Y>
          <Y t="6">0.00042</Y>
          <Y t="7">0.00043</Y>
          <Y t="8">0.00045</Y>
          <Y t="9">0.00046</Y>
          <Y t="10">0.00047</Y>
          <Y t="11">0.00048</Y>
          <Y t="12">0.0005</Y>
          <Y t="13">0.00054</Y>
          <Y t="14">0.00057</Y>
          <Y t="15">0.00062</Y>
          <Y t="16">0.0007</Y>
          <Y t="17">0.00079</Y>
          <Y t="18">0.00088</Y>
          <Y t="19">0.00097</Y>
          <Y t="20">0.00105</Y>
          <Y t="21">0.00113</Y>
          <Y t="22">0.00121</Y>
          <Y t="23">0.0013</Y>
          <Y t="24">0.00139</Y>
          <Y t="25">0.00148</Y>
        </Axis>
      </Axis>
      <Axis t="19">
        <Axis>
          <Y t="1">0.00032</Y>
          <Y t="2">0.00038</Y>
          <Y t="3">0.0004</Y>
          <Y t="4">0.0004</Y>
          <Y t="5">0.0004</Y>
          <Y t="6">0.0004</Y>
          <Y t="7">0.00041</Y>
          <Y t="8">0.00043</Y>
          <Y t="9">0.00046</Y>
          <Y t="10">0.00048</Y>
          <Y t="11">0.00049</Y>
          <Y t="12">0.00051</Y>
          <Y t="13">0.00055</Y>
          <Y t="14">0.00059</Y>
          <Y t="15">0.00065</Y>
          <Y t="16">0.00074</Y>
          <Y t="17">0.00083</Y>
          <Y t="18">0.00092</Y>
          <Y t="19">0.00103</Y>
          <Y t="20">0.00111</Y>
          <Y t="21">0.00119</Y>
          <Y t="22">0.00127</Y>
          <Y t="23">0.00136</Y>
          <Y t="24">0.00146</Y>
          <Y t="25">0.00156</Y>
        </Axis>
      </Axis>
      <Axis t="20">
        <Axis>
          <Y t="1">0.0003</Y>
          <Y t="2">0.00035</Y>
          <Y t="3">0.00037</Y>
          <Y t="4">0.00037</Y>
          <Y t="5">0.00037</Y>
          <Y t="6">0.00038</Y>
          <Y t="7">0.0004</Y>
          <Y t="8">0.00042</Y>
          <Y t="9">0.00045</Y>
          <Y t="10">0.00047</Y>
          <Y t="11">0.0005</Y>
          <Y t="12">0.00052</Y>
          <Y t="13">0.00057</Y>
          <Y t="14">0.00062</Y>
          <Y t="15">0.00069</Y>
          <Y t="16">0.00077</Y>
          <Y t="17">0.00087</Y>
          <Y t="18">0.00098</Y>
          <Y t="19">0.00108</Y>
          <Y t="20">0.00117</Y>
          <Y t="21">0.00125</Y>
          <Y t="22">0.00133</Y>
          <Y t="23">0.00142</Y>
          <Y t="24">0.00153</Y>
          <Y t="25">0.00166</Y>
        </Axis>
      </Axis>
      <Axis t="21">
        <Axis>
          <Y t="1">0.00027</Y>
          <Y t="2">0.00033</Y>
          <Y t="3">0.00035</Y>
          <Y t="4">0.00036</Y>
          <Y t="5">0.00036</Y>
          <Y t="6">0.00038</Y>
          <Y t="7">0.00039</Y>
          <Y t="8">0.00043</Y>
          <Y t="9">0.00044</Y>
          <Y t="10">0.00048</Y>
          <Y t="11">0.00051</Y>
          <Y t="12">0.00054</Y>
          <Y t="13">0.00059</Y>
          <Y t="14">0.00064</Y>
          <Y t="15">0.00071</Y>
          <Y t="16">0.0008</Y>
          <Y t="17">0.00091</Y>
          <Y t="18">0.00103</Y>
          <Y t="19">0.00113</Y>
          <Y t="20">0.00123</Y>
          <Y t="21">0.00131</Y>
          <Y t="22">0.0014</Y>
          <Y t="23">0.00149</Y>
          <Y t="24">0.00162</Y>
          <Y t="25">0.00178</Y>
        </Axis>
      </Axis>
      <Axis t="22">
        <Axis>
          <Y t="1">0.00024</Y>
          <Y t="2">0.00031</Y>
          <Y t="3">0.00034</Y>
          <Y t="4">0.00034</Y>
          <Y t="5">0.00035</Y>
          <Y t="6">0.00037</Y>
          <Y t="7">0.00039</Y>
          <Y t="8">0.00042</Y>
          <Y t="9">0.00045</Y>
          <Y t="10">0.00049</Y>
          <Y t="11">0.00052</Y>
          <Y t="12">0.00057</Y>
          <Y t="13">0.00062</Y>
          <Y t="14">0.00067</Y>
          <Y t="15">0.00074</Y>
          <Y t="16">0.00084</Y>
          <Y t="17">0.00096</Y>
          <Y t="18">0.00107</Y>
          <Y t="19">0.00118</Y>
          <Y t="20">0.00128</Y>
          <Y t="21">0.00137</Y>
          <Y t="22">0.00147</Y>
          <Y t="23">0.00157</Y>
          <Y t="24">0.00173</Y>
          <Y t="25">0.00195</Y>
        </Axis>
      </Axis>
      <Axis t="23">
        <Axis>
          <Y t="1">0.00022</Y>
          <Y t="2">0.00029</Y>
          <Y t="3">0.00032</Y>
          <Y t="4">0.00033</Y>
          <Y t="5">0.00035</Y>
          <Y t="6">0.00036</Y>
          <Y t="7">0.00038</Y>
          <Y t="8">0.00043</Y>
          <Y t="9">0.00046</Y>
          <Y t="10">0.00051</Y>
          <Y t="11">0.00054</Y>
          <Y t="12">0.00059</Y>
          <Y t="13">0.00064</Y>
          <Y t="14">0.00069</Y>
          <Y t="15">0.00077</Y>
          <Y t="16">0.00088</Y>
          <Y t="17">0.00099</Y>
          <Y t="18">0.00111</Y>
          <Y t="19">0.00124</Y>
          <Y t="20">0.00134</Y>
          <Y t="21">0.00143</Y>
          <Y t="22">0.00155</Y>
          <Y t="23">0.00169</Y>
          <Y t="24">0.0019</Y>
          <Y t="25">0.00216</Y>
        </Axis>
      </Axis>
      <Axis t="24">
        <Axis>
          <Y t="1">0.0002</Y>
          <Y t="2">0.00027</Y>
          <Y t="3">0.00031</Y>
          <Y t="4">0.00033</Y>
          <Y t="5">0.00034</Y>
          <Y t="6">0.00036</Y>
          <Y t="7">0.00039</Y>
          <Y t="8">0.00042</Y>
          <Y t="9">0.00048</Y>
          <Y t="10">0.00053</Y>
          <Y t="11">0.00057</Y>
          <Y t="12">0.0006</Y>
          <Y t="13">0.00066</Y>
          <Y t="14">0.00071</Y>
          <Y t="15">0.00079</Y>
          <Y t="16">0.00091</Y>
          <Y t="17">0.00103</Y>
          <Y t="18">0.00116</Y>
          <Y t="19">0.00129</Y>
          <Y t="20">0.00141</Y>
          <Y t="21">0.00151</Y>
          <Y t="22">0.00166</Y>
          <Y t="23">0.00185</Y>
          <Y t="24">0.00211</Y>
          <Y t="25">0.00239</Y>
        </Axis>
      </Axis>
      <Axis t="25">
        <Axis>
          <Y t="1">0.00019</Y>
          <Y t="2">0.00026</Y>
          <Y t="3">0.00031</Y>
          <Y t="4">0.00032</Y>
          <Y t="5">0.00034</Y>
          <Y t="6">0.00035</Y>
          <Y t="7">0.00039</Y>
          <Y t="8">0.00043</Y>
          <Y t="9">0.0005</Y>
          <Y t="10">0.00055</Y>
          <Y t="11">0.00058</Y>
          <Y t="12">0.00062</Y>
          <Y t="13">0.00068</Y>
          <Y t="14">0.00074</Y>
          <Y t="15">0.00083</Y>
          <Y t="16">0.00095</Y>
          <Y t="17">0.00108</Y>
          <Y t="18">0.00122</Y>
          <Y t="19">0.00135</Y>
          <Y t="20">0.00148</Y>
          <Y t="21">0.00161</Y>
          <Y t="22">0.00176</Y>
          <Y t="23">0.00199</Y>
          <Y t="24">0.00225</Y>
          <Y t="25">0.00258</Y>
        </Axis>
      </Axis>
      <Axis t="26">
        <Axis>
          <Y t="1">0.00019</Y>
          <Y t="2">0.00025</Y>
          <Y t="3">0.0003</Y>
          <Y t="4">0.00032</Y>
          <Y t="5">0.00033</Y>
          <Y t="6">0.00035</Y>
          <Y t="7">0.00038</Y>
          <Y t="8">0.00044</Y>
          <Y t="9">0.00051</Y>
          <Y t="10">0.00055</Y>
          <Y t="11">0.0006</Y>
          <Y t="12">0.00065</Y>
          <Y t="13">0.0007</Y>
          <Y t="14">0.00078</Y>
          <Y t="15">0.00089</Y>
          <Y t="16">0.00101</Y>
          <Y t="17">0.00114</Y>
          <Y t="18">0.00128</Y>
          <Y t="19">0.00141</Y>
          <Y t="20">0.00155</Y>
          <Y t="21">0.0017</Y>
          <Y t="22">0.00186</Y>
          <Y t="23">0.0021</Y>
          <Y t="24">0.00237</Y>
          <Y t="25">0.00274</Y>
        </Axis>
      </Axis>
      <Axis t="27">
        <Axis>
          <Y t="1">0.00019</Y>
          <Y t="2">0.00025</Y>
          <Y t="3">0.0003</Y>
          <Y t="4">0.00031</Y>
          <Y t="5">0.00033</Y>
          <Y t="6">0.00034</Y>
          <Y t="7">0.00039</Y>
          <Y t="8">0.00045</Y>
          <Y t="9">0.00052</Y>
          <Y t="10">0.00057</Y>
          <Y t="11">0.00063</Y>
          <Y t="12">0.00069</Y>
          <Y t="13">0.00075</Y>
          <Y t="14">0.00084</Y>
          <Y t="15">0.00095</Y>
          <Y t="16">0.00108</Y>
          <Y t="17">0.00121</Y>
          <Y t="18">0.00135</Y>
          <Y t="19">0.00148</Y>
          <Y t="20">0.00163</Y>
          <Y t="21">0.00179</Y>
          <Y t="22">0.00198</Y>
          <Y t="23">0.00224</Y>
          <Y t="24">0.00254</Y>
          <Y t="25">0.00294</Y>
        </Axis>
      </Axis>
      <Axis t="28">
        <Axis>
          <Y t="1">0.00018</Y>
          <Y t="2">0.00026</Y>
          <Y t="3">0.00029</Y>
          <Y t="4">0.00031</Y>
          <Y t="5">0.00032</Y>
          <Y t="6">0.00035</Y>
          <Y t="7">0.0004</Y>
          <Y t="8">0.00047</Y>
          <Y t="9">0.00053</Y>
          <Y t="10">0.0006</Y>
          <Y t="11">0.00066</Y>
          <Y t="12">0.00073</Y>
          <Y t="13">0.0008</Y>
          <Y t="14">0.00091</Y>
          <Y t="15">0.00102</Y>
          <Y t="16">0.00114</Y>
          <Y t="17">0.00128</Y>
          <Y t="18">0.00143</Y>
          <Y t="19">0.00157</Y>
          <Y t="20">0.00172</Y>
          <Y t="21">0.0019</Y>
          <Y t="22">0.00211</Y>
          <Y t="23">0.00239</Y>
          <Y t="24">0.00272</Y>
          <Y t="25">0.00316</Y>
        </Axis>
      </Axis>
      <Axis t="29">
        <Axis>
          <Y t="1">0.00018</Y>
          <Y t="2">0.00026</Y>
          <Y t="3">0.00029</Y>
          <Y t="4">0.00032</Y>
          <Y t="5">0.00033</Y>
          <Y t="6">0.00037</Y>
          <Y t="7">0.00042</Y>
          <Y t="8">0.0005</Y>
          <Y t="9">0.00056</Y>
          <Y t="10">0.00064</Y>
          <Y t="11">0.0007</Y>
          <Y t="12">0.00078</Y>
          <Y t="13">0.00087</Y>
          <Y t="14">0.00098</Y>
          <Y t="15">0.0011</Y>
          <Y t="16">0.00122</Y>
          <Y t="17">0.00136</Y>
          <Y t="18">0.00151</Y>
          <Y t="19">0.00166</Y>
          <Y t="20">0.00183</Y>
          <Y t="21">0.00202</Y>
          <Y t="22">0.00225</Y>
          <Y t="23">0.00254</Y>
          <Y t="24">0.00291</Y>
          <Y t="25">0.00339</Y>
        </Axis>
      </Axis>
      <Axis t="30">
        <Axis>
          <Y t="1">0.00019</Y>
          <Y t="2">0.00027</Y>
          <Y t="3">0.0003</Y>
          <Y t="4">0.00033</Y>
          <Y t="5">0.00034</Y>
          <Y t="6">0.00039</Y>
          <Y t="7">0.00045</Y>
          <Y t="8">0.00053</Y>
          <Y t="9">0.0006</Y>
          <Y t="10">0.00068</Y>
          <Y t="11">0.00075</Y>
          <Y t="12">0.00085</Y>
          <Y t="13">0.00095</Y>
          <Y t="14">0.00106</Y>
          <Y t="15">0.00119</Y>
          <Y t="16">0.00132</Y>
          <Y t="17">0.00146</Y>
          <Y t="18">0.0016</Y>
          <Y t="19">0.00176</Y>
          <Y t="20">0.00195</Y>
          <Y t="21">0.00215</Y>
          <Y t="22">0.0024</Y>
          <Y t="23">0.00272</Y>
          <Y t="24">0.00311</Y>
          <Y t="25">0.00363</Y>
        </Axis>
      </Axis>
      <Axis t="31">
        <Axis>
          <Y t="1">0.00019</Y>
          <Y t="2">0.00027</Y>
          <Y t="3">0.00031</Y>
          <Y t="4">0.00034</Y>
          <Y t="5">0.00036</Y>
          <Y t="6">0.00041</Y>
          <Y t="7">0.00048</Y>
          <Y t="8">0.00056</Y>
          <Y t="9">0.00064</Y>
          <Y t="10">0.00073</Y>
          <Y t="11">0.00082</Y>
          <Y t="12">0.00092</Y>
          <Y t="13">0.00103</Y>
          <Y t="14">0.00116</Y>
          <Y t="15">0.00129</Y>
          <Y t="16">0.00142</Y>
          <Y t="17">0.00157</Y>
          <Y t="18">0.00172</Y>
          <Y t="19">0.00189</Y>
          <Y t="20">0.00208</Y>
          <Y t="21">0.0023</Y>
          <Y t="22">0.00257</Y>
          <Y t="23">0.0029</Y>
          <Y t="24">0.00333</Y>
          <Y t="25">0.00388</Y>
        </Axis>
      </Axis>
      <Axis t="32">
        <Axis>
          <Y t="1">0.0002</Y>
          <Y t="2">0.00028</Y>
          <Y t="3">0.00032</Y>
          <Y t="4">0.00035</Y>
          <Y t="5">0.00038</Y>
          <Y t="6">0.00044</Y>
          <Y t="7">0.00052</Y>
          <Y t="8">0.00061</Y>
          <Y t="9">0.00069</Y>
          <Y t="10">0.00079</Y>
          <Y t="11">0.0009</Y>
          <Y t="12">0.00101</Y>
          <Y t="13">0.00113</Y>
          <Y t="14">0.00126</Y>
          <Y t="15">0.0014</Y>
          <Y t="16">0.00153</Y>
          <Y t="17">0.00169</Y>
          <Y t="18">0.00185</Y>
          <Y t="19">0.00202</Y>
          <Y t="20">0.00223</Y>
          <Y t="21">0.00246</Y>
          <Y t="22">0.00275</Y>
          <Y t="23">0.00311</Y>
          <Y t="24">0.00356</Y>
          <Y t="25">0.00416</Y>
        </Axis>
      </Axis>
      <Axis t="33">
        <Axis>
          <Y t="1">0.0002</Y>
          <Y t="2">0.00029</Y>
          <Y t="3">0.00033</Y>
          <Y t="4">0.00036</Y>
          <Y t="5">0.00041</Y>
          <Y t="6">0.00048</Y>
          <Y t="7">0.00056</Y>
          <Y t="8">0.00066</Y>
          <Y t="9">0.00075</Y>
          <Y t="10">0.00086</Y>
          <Y t="11">0.00098</Y>
          <Y t="12">0.0011</Y>
          <Y t="13">0.00124</Y>
          <Y t="14">0.00137</Y>
          <Y t="15">0.00152</Y>
          <Y t="16">0.00166</Y>
          <Y t="17">0.00182</Y>
          <Y t="18">0.00198</Y>
          <Y t="19">0.00217</Y>
          <Y t="20">0.00238</Y>
          <Y t="21">0.00264</Y>
          <Y t="22">0.00294</Y>
          <Y t="23">0.00333</Y>
          <Y t="24">0.00381</Y>
          <Y t="25">0.00445</Y>
        </Axis>
      </Axis>
      <Axis t="34">
        <Axis>
          <Y t="1">0.00022</Y>
          <Y t="2">0.0003</Y>
          <Y t="3">0.00035</Y>
          <Y t="4">0.00037</Y>
          <Y t="5">0.00044</Y>
          <Y t="6">0.00052</Y>
          <Y t="7">0.00061</Y>
          <Y t="8">0.00071</Y>
          <Y t="9">0.00082</Y>
          <Y t="10">0.00094</Y>
          <Y t="11">0.00106</Y>
          <Y t="12">0.0012</Y>
          <Y t="13">0.00134</Y>
          <Y t="14">0.00149</Y>
          <Y t="15">0.00164</Y>
          <Y t="16">0.00179</Y>
          <Y t="17">0.00196</Y>
          <Y t="18">0.00214</Y>
          <Y t="19">0.00233</Y>
          <Y t="20">0.00256</Y>
          <Y t="21">0.00283</Y>
          <Y t="22">0.00316</Y>
          <Y t="23">0.00356</Y>
          <Y t="24">0.00409</Y>
          <Y t="25">0.00478</Y>
        </Axis>
      </Axis>
      <Axis t="35">
        <Axis>
          <Y t="1">0.00023</Y>
          <Y t="2">0.00031</Y>
          <Y t="3">0.00036</Y>
          <Y t="4">0.00039</Y>
          <Y t="5">0.00047</Y>
          <Y t="6">0.00056</Y>
          <Y t="7">0.00066</Y>
          <Y t="8">0.00077</Y>
          <Y t="9">0.00089</Y>
          <Y t="10">0.00102</Y>
          <Y t="11">0.00116</Y>
          <Y t="12">0.00132</Y>
          <Y t="13">0.00146</Y>
          <Y t="14">0.00162</Y>
          <Y t="15">0.00178</Y>
          <Y t="16">0.00194</Y>
          <Y t="17">0.00212</Y>
          <Y t="18">0.0023</Y>
          <Y t="19">0.00251</Y>
          <Y t="20">0.00275</Y>
          <Y t="21">0.00305</Y>
          <Y t="22">0.0034</Y>
          <Y t="23">0.00383</Y>
          <Y t="24">0.0044</Y>
          <Y t="25">0.00514</Y>
        </Axis>
      </Axis>
      <Axis t="36">
        <Axis>
          <Y t="1">0.00024</Y>
          <Y t="2">0.00033</Y>
          <Y t="3">0.00037</Y>
          <Y t="4">0.00042</Y>
          <Y t="5">0.00051</Y>
          <Y t="6">0.00061</Y>
          <Y t="7">0.00072</Y>
          <Y t="8">0.00083</Y>
          <Y t="9">0.00097</Y>
          <Y t="10">0.00111</Y>
          <Y t="11">0.00127</Y>
          <Y t="12">0.00144</Y>
          <Y t="13">0.0016</Y>
          <Y t="14">0.00177</Y>
          <Y t="15">0.00193</Y>
          <Y t="16">0.0021</Y>
          <Y t="17">0.00229</Y>
          <Y t="18">0.00249</Y>
          <Y t="19">0.00271</Y>
          <Y t="20">0.00297</Y>
          <Y t="21">0.00327</Y>
          <Y t="22">0.00365</Y>
          <Y t="23">0.00412</Y>
          <Y t="24">0.00475</Y>
          <Y t="25">0.00555</Y>
        </Axis>
      </Axis>
      <Axis t="37">
        <Axis>
          <Y t="1">0.00025</Y>
          <Y t="2">0.00034</Y>
          <Y t="3">0.00038</Y>
          <Y t="4">0.00045</Y>
          <Y t="5">0.00056</Y>
          <Y t="6">0.00067</Y>
          <Y t="7">0.00079</Y>
          <Y t="8">0.00091</Y>
          <Y t="9">0.00105</Y>
          <Y t="10">0.00121</Y>
          <Y t="11">0.00139</Y>
          <Y t="12">0.00157</Y>
          <Y t="13">0.00174</Y>
          <Y t="14">0.00192</Y>
          <Y t="15">0.00209</Y>
          <Y t="16">0.00228</Y>
          <Y t="17">0.00248</Y>
          <Y t="18">0.00269</Y>
          <Y t="19">0.00293</Y>
          <Y t="20">0.0032</Y>
          <Y t="21">0.00352</Y>
          <Y t="22">0.00393</Y>
          <Y t="23">0.00446</Y>
          <Y t="24">0.00514</Y>
          <Y t="25">0.00602</Y>
        </Axis>
      </Axis>
      <Axis t="38">
        <Axis>
          <Y t="1">0.00027</Y>
          <Y t="2">0.00035</Y>
          <Y t="3">0.00039</Y>
          <Y t="4">0.00049</Y>
          <Y t="5">0.00061</Y>
          <Y t="6">0.00073</Y>
          <Y t="7">0.00085</Y>
          <Y t="8">0.00099</Y>
          <Y t="9">0.00115</Y>
          <Y t="10">0.00132</Y>
          <Y t="11">0.00152</Y>
          <Y t="12">0.00171</Y>
          <Y t="13">0.00189</Y>
          <Y t="14">0.00208</Y>
          <Y t="15">0.00227</Y>
          <Y t="16">0.00247</Y>
          <Y t="17">0.00268</Y>
          <Y t="18">0.0029</Y>
          <Y t="19">0.00316</Y>
          <Y t="20">0.00345</Y>
          <Y t="21">0.0038</Y>
          <Y t="22">0.00426</Y>
          <Y t="23">0.00484</Y>
          <Y t="24">0.00558</Y>
          <Y t="25">0.00655</Y>
        </Axis>
      </Axis>
      <Axis t="39">
        <Axis>
          <Y t="1">0.00028</Y>
          <Y t="2">0.00036</Y>
          <Y t="3">0.00041</Y>
          <Y t="4">0.00054</Y>
          <Y t="5">0.00066</Y>
          <Y t="6">0.00079</Y>
          <Y t="7">0.00093</Y>
          <Y t="8">0.00108</Y>
          <Y t="9">0.00125</Y>
          <Y t="10">0.00144</Y>
          <Y t="11">0.00165</Y>
          <Y t="12">0.00185</Y>
          <Y t="13">0.00206</Y>
          <Y t="14">0.00226</Y>
          <Y t="15">0.00246</Y>
          <Y t="16">0.00267</Y>
          <Y t="17">0.00289</Y>
          <Y t="18">0.00314</Y>
          <Y t="19">0.00341</Y>
          <Y t="20">0.00372</Y>
          <Y t="21">0.00412</Y>
          <Y t="22">0.00462</Y>
          <Y t="23">0.00526</Y>
          <Y t="24">0.00609</Y>
          <Y t="25">0.00716</Y>
        </Axis>
      </Axis>
      <Axis t="40">
        <Axis>
          <Y t="1">0.00029</Y>
          <Y t="2">0.00038</Y>
          <Y t="3">0.00045</Y>
          <Y t="4">0.00059</Y>
          <Y t="5">0.00072</Y>
          <Y t="6">0.00086</Y>
          <Y t="7">0.00101</Y>
          <Y t="8">0.00117</Y>
          <Y t="9">0.00137</Y>
          <Y t="10">0.00158</Y>
          <Y t="11">0.0018</Y>
          <Y t="12">0.00201</Y>
          <Y t="13">0.00223</Y>
          <Y t="14">0.00244</Y>
          <Y t="15">0.00266</Y>
          <Y t="16">0.00288</Y>
          <Y t="17">0.00312</Y>
          <Y t="18">0.00338</Y>
          <Y t="19">0.00367</Y>
          <Y t="20">0.00402</Y>
          <Y t="21">0.00446</Y>
          <Y t="22">0.00502</Y>
          <Y t="23">0.00575</Y>
          <Y t="24">0.00668</Y>
          <Y t="25">0.00785</Y>
        </Axis>
      </Axis>
      <Axis t="41">
        <Axis>
          <Y t="1">0.00031</Y>
          <Y t="2">0.00039</Y>
          <Y t="3">0.00049</Y>
          <Y t="4">0.00064</Y>
          <Y t="5">0.00079</Y>
          <Y t="6">0.00094</Y>
          <Y t="7">0.00109</Y>
          <Y t="8">0.00127</Y>
          <Y t="9">0.00149</Y>
          <Y t="10">0.00171</Y>
          <Y t="11">0.00195</Y>
          <Y t="12">0.00218</Y>
          <Y t="13">0.00241</Y>
          <Y t="14">0.00264</Y>
          <Y t="15">0.00287</Y>
          <Y t="16">0.0031</Y>
          <Y t="17">0.00336</Y>
          <Y t="18">0.00364</Y>
          <Y t="19">0.00397</Y>
          <Y t="20">0.00436</Y>
          <Y t="21">0.00485</Y>
          <Y t="22">0.00549</Y>
          <Y t="23">0.00631</Y>
          <Y t="24">0.00735</Y>
          <Y t="25">0.00864</Y>
        </Axis>
      </Axis>
      <Axis t="42">
        <Axis>
          <Y t="1">0.00032</Y>
          <Y t="2">0.0004</Y>
          <Y t="3">0.00053</Y>
          <Y t="4">0.0007</Y>
          <Y t="5">0.00086</Y>
          <Y t="6">0.00102</Y>
          <Y t="7">0.00118</Y>
          <Y t="8">0.00139</Y>
          <Y t="9">0.00161</Y>
          <Y t="10">0.00186</Y>
          <Y t="11">0.00211</Y>
          <Y t="12">0.00236</Y>
          <Y t="13">0.0026</Y>
          <Y t="14">0.00285</Y>
          <Y t="15">0.00308</Y>
          <Y t="16">0.00334</Y>
          <Y t="17">0.00363</Y>
          <Y t="18">0.00393</Y>
          <Y t="19">0.00429</Y>
          <Y t="20">0.00474</Y>
          <Y t="21">0.0053</Y>
          <Y t="22">0.00603</Y>
          <Y t="23">0.00695</Y>
          <Y t="24">0.00811</Y>
          <Y t="25">0.00954</Y>
        </Axis>
      </Axis>
      <Axis t="43">
        <Axis>
          <Y t="1">0.00033</Y>
          <Y t="2">0.00042</Y>
          <Y t="3">0.00059</Y>
          <Y t="4">0.00076</Y>
          <Y t="5">0.00092</Y>
          <Y t="6">0.0011</Y>
          <Y t="7">0.00128</Y>
          <Y t="8">0.00151</Y>
          <Y t="9">0.00175</Y>
          <Y t="10">0.00201</Y>
          <Y t="11">0.00228</Y>
          <Y t="12">0.00255</Y>
          <Y t="13">0.00281</Y>
          <Y t="14">0.00306</Y>
          <Y t="15">0.00332</Y>
          <Y t="16">0.0036</Y>
          <Y t="17">0.00391</Y>
          <Y t="18">0.00424</Y>
          <Y t="19">0.00465</Y>
          <Y t="20">0.00516</Y>
          <Y t="21">0.0058</Y>
          <Y t="22">0.00663</Y>
          <Y t="23">0.00768</Y>
          <Y t="24">0.00899</Y>
          <Y t="25">0.01058</Y>
        </Axis>
      </Axis>
      <Axis t="44">
        <Axis>
          <Y t="1">0.00035</Y>
          <Y t="2">0.00046</Y>
          <Y t="3">0.00065</Y>
          <Y t="4">0.00083</Y>
          <Y t="5">0.001</Y>
          <Y t="6">0.00118</Y>
          <Y t="7">0.00139</Y>
          <Y t="8">0.00163</Y>
          <Y t="9">0.0019</Y>
          <Y t="10">0.00217</Y>
          <Y t="11">0.00246</Y>
          <Y t="12">0.00274</Y>
          <Y t="13">0.00302</Y>
          <Y t="14">0.00329</Y>
          <Y t="15">0.00357</Y>
          <Y t="16">0.00387</Y>
          <Y t="17">0.00421</Y>
          <Y t="18">0.00459</Y>
          <Y t="19">0.00506</Y>
          <Y t="20">0.00564</Y>
          <Y t="21">0.00638</Y>
          <Y t="22">0.00732</Y>
          <Y t="23">0.00851</Y>
          <Y t="24">0.00998</Y>
          <Y t="25">0.01176</Y>
        </Axis>
      </Axis>
      <Axis t="45">
        <Axis>
          <Y t="1">0.00036</Y>
          <Y t="2">0.00051</Y>
          <Y t="3">0.00071</Y>
          <Y t="4">0.00089</Y>
          <Y t="5">0.00108</Y>
          <Y t="6">0.00128</Y>
          <Y t="7">0.00151</Y>
          <Y t="8">0.00177</Y>
          <Y t="9">0.00205</Y>
          <Y t="10">0.00235</Y>
          <Y t="11">0.00265</Y>
          <Y t="12">0.00294</Y>
          <Y t="13">0.00324</Y>
          <Y t="14">0.00353</Y>
          <Y t="15">0.00384</Y>
          <Y t="16">0.00416</Y>
          <Y t="17">0.00454</Y>
          <Y t="18">0.00497</Y>
          <Y t="19">0.00551</Y>
          <Y t="20">0.00618</Y>
          <Y t="21">0.00703</Y>
          <Y t="22">0.00811</Y>
          <Y t="23">0.00946</Y>
          <Y t="24">0.01111</Y>
          <Y t="25">0.01309</Y>
        </Axis>
      </Axis>
      <Axis t="46">
        <Axis>
          <Y t="1">0.00037</Y>
          <Y t="2">0.00056</Y>
          <Y t="3">0.00077</Y>
          <Y t="4">0.00097</Y>
          <Y t="5">0.00117</Y>
          <Y t="6">0.00139</Y>
          <Y t="7">0.00164</Y>
          <Y t="8">0.00192</Y>
          <Y t="9">0.00222</Y>
          <Y t="10">0.00254</Y>
          <Y t="11">0.00285</Y>
          <Y t="12">0.00316</Y>
          <Y t="13">0.00347</Y>
          <Y t="14">0.00378</Y>
          <Y t="15">0.00412</Y>
          <Y t="16">0.00449</Y>
          <Y t="17">0.0049</Y>
          <Y t="18">0.0054</Y>
          <Y t="19">0.00602</Y>
          <Y t="20">0.0068</Y>
          <Y t="21">0.00778</Y>
          <Y t="22">0.00902</Y>
          <Y t="23">0.01054</Y>
          <Y t="24">0.01239</Y>
          <Y t="25">0.01459</Y>
        </Axis>
      </Axis>
      <Axis t="47">
        <Axis>
          <Y t="1">0.00039</Y>
          <Y t="2">0.0006</Y>
          <Y t="3">0.00083</Y>
          <Y t="4">0.00105</Y>
          <Y t="5">0.00126</Y>
          <Y t="6">0.00151</Y>
          <Y t="7">0.00177</Y>
          <Y t="8">0.00208</Y>
          <Y t="9">0.0024</Y>
          <Y t="10">0.00273</Y>
          <Y t="11">0.00307</Y>
          <Y t="12">0.00339</Y>
          <Y t="13">0.00373</Y>
          <Y t="14">0.00406</Y>
          <Y t="15">0.00444</Y>
          <Y t="16">0.00485</Y>
          <Y t="17">0.00532</Y>
          <Y t="18">0.00589</Y>
          <Y t="19">0.00661</Y>
          <Y t="20">0.00752</Y>
          <Y t="21">0.00865</Y>
          <Y t="22">0.01006</Y>
          <Y t="23">0.01177</Y>
          <Y t="24">0.01384</Y>
          <Y t="25">0.01629</Y>
        </Axis>
      </Axis>
      <Axis t="48">
        <Axis>
          <Y t="1">0.0004</Y>
          <Y t="2">0.00065</Y>
          <Y t="3">0.00089</Y>
          <Y t="4">0.00113</Y>
          <Y t="5">0.00136</Y>
          <Y t="6">0.00163</Y>
          <Y t="7">0.00192</Y>
          <Y t="8">0.00226</Y>
          <Y t="9">0.00259</Y>
          <Y t="10">0.00295</Y>
          <Y t="11">0.0033</Y>
          <Y t="12">0.00364</Y>
          <Y t="13">0.004</Y>
          <Y t="14">0.00437</Y>
          <Y t="15">0.00478</Y>
          <Y t="16">0.00524</Y>
          <Y t="17">0.00578</Y>
          <Y t="18">0.00645</Y>
          <Y t="19">0.00728</Y>
          <Y t="20">0.00833</Y>
          <Y t="21">0.00963</Y>
          <Y t="22">0.01123</Y>
          <Y t="23">0.01316</Y>
          <Y t="24">0.01547</Y>
          <Y t="25">0.01819</Y>
        </Axis>
      </Axis>
      <Axis t="49">
        <Axis>
          <Y t="1">0.00042</Y>
          <Y t="2">0.00071</Y>
          <Y t="3">0.00096</Y>
          <Y t="4">0.00122</Y>
          <Y t="5">0.00147</Y>
          <Y t="6">0.00177</Y>
          <Y t="7">0.00208</Y>
          <Y t="8">0.00244</Y>
          <Y t="9">0.0028</Y>
          <Y t="10">0.00317</Y>
          <Y t="11">0.00354</Y>
          <Y t="12">0.00391</Y>
          <Y t="13">0.00429</Y>
          <Y t="14">0.00471</Y>
          <Y t="15">0.00515</Y>
          <Y t="16">0.00568</Y>
          <Y t="17">0.00631</Y>
          <Y t="18">0.00708</Y>
          <Y t="19">0.00805</Y>
          <Y t="20">0.00925</Y>
          <Y t="21">0.01074</Y>
          <Y t="22">0.01255</Y>
          <Y t="23">0.01472</Y>
          <Y t="24">0.01729</Y>
          <Y t="25">0.0203</Y>
        </Axis>
      </Axis>
      <Axis t="50">
        <Axis>
          <Y t="1">0.00046</Y>
          <Y t="2">0.00076</Y>
          <Y t="3">0.00104</Y>
          <Y t="4">0.00131</Y>
          <Y t="5">0.0016</Y>
          <Y t="6">0.00192</Y>
          <Y t="7">0.00227</Y>
          <Y t="8">0.00264</Y>
          <Y t="9">0.00302</Y>
          <Y t="10">0.00341</Y>
          <Y t="11">0.00381</Y>
          <Y t="12">0.0042</Y>
          <Y t="13">0.00461</Y>
          <Y t="14">0.00507</Y>
          <Y t="15">0.00558</Y>
          <Y t="16">0.00618</Y>
          <Y t="17">0.00691</Y>
          <Y t="18">0.00781</Y>
          <Y t="19">0.00893</Y>
          <Y t="20">0.0103</Y>
          <Y t="21">0.012</Y>
          <Y t="22">0.01403</Y>
          <Y t="23">0.01646</Y>
          <Y t="24">0.01931</Y>
          <Y t="25">0.02264</Y>
        </Axis>
      </Axis>
      <Axis t="51">
        <Axis>
          <Y t="1">0.0005</Y>
          <Y t="2">0.00081</Y>
          <Y t="3">0.00111</Y>
          <Y t="4">0.00141</Y>
          <Y t="5">0.00173</Y>
          <Y t="6">0.00208</Y>
          <Y t="7">0.00246</Y>
          <Y t="8">0.00286</Y>
          <Y t="9">0.00326</Y>
          <Y t="10">0.00367</Y>
          <Y t="11">0.00409</Y>
          <Y t="12">0.00451</Y>
          <Y t="13">0.00497</Y>
          <Y t="14">0.00547</Y>
          <Y t="15">0.00606</Y>
          <Y t="16">0.00675</Y>
          <Y t="17">0.0076</Y>
          <Y t="18">0.00864</Y>
          <Y t="19">0.00993</Y>
          <Y t="20">0.01149</Y>
          <Y t="21">0.01341</Y>
          <Y t="22">0.01568</Y>
          <Y t="23">0.01839</Y>
          <Y t="24">0.02154</Y>
          <Y t="25">0.02523</Y>
        </Axis>
      </Axis>
      <Axis t="52">
        <Axis>
          <Y t="1">0.00053</Y>
          <Y t="2">0.00087</Y>
          <Y t="3">0.00119</Y>
          <Y t="4">0.00152</Y>
          <Y t="5">0.00187</Y>
          <Y t="6">0.00226</Y>
          <Y t="7">0.00267</Y>
          <Y t="8">0.0031</Y>
          <Y t="9">0.00352</Y>
          <Y t="10">0.00396</Y>
          <Y t="11">0.0044</Y>
          <Y t="12">0.00487</Y>
          <Y t="13">0.00538</Y>
          <Y t="14">0.00594</Y>
          <Y t="15">0.00661</Y>
          <Y t="16">0.00741</Y>
          <Y t="17">0.00839</Y>
          <Y t="18">0.00959</Y>
          <Y t="19">0.01106</Y>
          <Y t="20">0.01285</Y>
          <Y t="21">0.01499</Y>
          <Y t="22">0.01753</Y>
          <Y t="23">0.02052</Y>
          <Y t="24">0.02401</Y>
          <Y t="25">0.02806</Y>
        </Axis>
      </Axis>
      <Axis t="53">
        <Axis>
          <Y t="1">0.00056</Y>
          <Y t="2">0.00093</Y>
          <Y t="3">0.00127</Y>
          <Y t="4">0.00165</Y>
          <Y t="5">0.00204</Y>
          <Y t="6">0.00246</Y>
          <Y t="7">0.00291</Y>
          <Y t="8">0.00335</Y>
          <Y t="9">0.00381</Y>
          <Y t="10">0.00428</Y>
          <Y t="11">0.00476</Y>
          <Y t="12">0.00527</Y>
          <Y t="13">0.00584</Y>
          <Y t="14">0.00648</Y>
          <Y t="15">0.00725</Y>
          <Y t="16">0.00816</Y>
          <Y t="17">0.00929</Y>
          <Y t="18">0.01067</Y>
          <Y t="19">0.01235</Y>
          <Y t="20">0.01436</Y>
          <Y t="21">0.01676</Y>
          <Y t="22">0.01958</Y>
          <Y t="23">0.02288</Y>
          <Y t="24">0.02672</Y>
          <Y t="25">0.03116</Y>
        </Axis>
      </Axis>
      <Axis t="54">
        <Axis>
          <Y t="1">0.0006</Y>
          <Y t="2">0.00099</Y>
          <Y t="3">0.00138</Y>
          <Y t="4">0.00179</Y>
          <Y t="5">0.00223</Y>
          <Y t="6">0.00268</Y>
          <Y t="7">0.00316</Y>
          <Y t="8">0.00364</Y>
          <Y t="9">0.00413</Y>
          <Y t="10">0.00463</Y>
          <Y t="11">0.00516</Y>
          <Y t="12">0.00572</Y>
          <Y t="13">0.00636</Y>
          <Y t="14">0.0071</Y>
          <Y t="15">0.00798</Y>
          <Y t="16">0.00904</Y>
          <Y t="17">0.01033</Y>
          <Y t="18">0.01191</Y>
          <Y t="19">0.0138</Y>
          <Y t="20">0.01606</Y>
          <Y t="21">0.01874</Y>
          <Y t="22">0.02185</Y>
          <Y t="23">0.02547</Y>
          <Y t="24">0.02968</Y>
          <Y t="25">0.03455</Y>
        </Axis>
      </Axis>
      <Axis t="55">
        <Axis>
          <Y t="1">0.00064</Y>
          <Y t="2">0.00106</Y>
          <Y t="3">0.0015</Y>
          <Y t="4">0.00195</Y>
          <Y t="5">0.00243</Y>
          <Y t="6">0.00293</Y>
          <Y t="7">0.00345</Y>
          <Y t="8">0.00396</Y>
          <Y t="9">0.00449</Y>
          <Y t="10">0.00502</Y>
          <Y t="11">0.00561</Y>
          <Y t="12">0.00624</Y>
          <Y t="13">0.00697</Y>
          <Y t="14">0.00781</Y>
          <Y t="15">0.00883</Y>
          <Y t="16">0.01004</Y>
          <Y t="17">0.01152</Y>
          <Y t="18">0.01331</Y>
          <Y t="19">0.01544</Y>
          <Y t="20">0.01796</Y>
          <Y t="21">0.02091</Y>
          <Y t="22">0.02435</Y>
          <Y t="23">0.02831</Y>
          <Y t="24">0.0329</Y>
          <Y t="25">0.03822</Y>
        </Axis>
      </Axis>
      <Axis t="56">
        <Axis>
          <Y t="1">0.00068</Y>
          <Y t="2">0.00114</Y>
          <Y t="3">0.00163</Y>
          <Y t="4">0.00213</Y>
          <Y t="5">0.00266</Y>
          <Y t="6">0.00321</Y>
          <Y t="7">0.00376</Y>
          <Y t="8">0.00431</Y>
          <Y t="9">0.00489</Y>
          <Y t="10">0.00547</Y>
          <Y t="11">0.00612</Y>
          <Y t="12">0.00684</Y>
          <Y t="13">0.00766</Y>
          <Y t="14">0.00864</Y>
          <Y t="15">0.0098</Y>
          <Y t="16">0.0112</Y>
          <Y t="17">0.01288</Y>
          <Y t="18">0.01489</Y>
          <Y t="19">0.01728</Y>
          <Y t="20">0.02007</Y>
          <Y t="21">0.02332</Y>
          <Y t="22">0.02708</Y>
          <Y t="23">0.03141</Y>
          <Y t="24">0.03639</Y>
          <Y t="25">0.04224</Y>
        </Axis>
      </Axis>
      <Axis t="57">
        <Axis>
          <Y t="1">0.00073</Y>
          <Y t="2">0.00124</Y>
          <Y t="3">0.00178</Y>
          <Y t="4">0.00234</Y>
          <Y t="5">0.00292</Y>
          <Y t="6">0.00351</Y>
          <Y t="7">0.00411</Y>
          <Y t="8">0.00471</Y>
          <Y t="9">0.00533</Y>
          <Y t="10">0.00599</Y>
          <Y t="11">0.00672</Y>
          <Y t="12">0.00752</Y>
          <Y t="13">0.00847</Y>
          <Y t="14">0.00959</Y>
          <Y t="15">0.01092</Y>
          <Y t="16">0.01252</Y>
          <Y t="17">0.01441</Y>
          <Y t="18">0.01668</Y>
          <Y t="19">0.01933</Y>
          <Y t="20">0.02241</Y>
          <Y t="21">0.02596</Y>
          <Y t="22">0.03005</Y>
          <Y t="23">0.03476</Y>
          <Y t="24">0.04022</Y>
          <Y t="25">0.04663</Y>
        </Axis>
      </Axis>
      <Axis t="58">
        <Axis>
          <Y t="1">0.00079</Y>
          <Y t="2">0.00135</Y>
          <Y t="3">0.00195</Y>
          <Y t="4">0.00258</Y>
          <Y t="5">0.00321</Y>
          <Y t="6">0.00385</Y>
          <Y t="7">0.0045</Y>
          <Y t="8">0.00516</Y>
          <Y t="9">0.00584</Y>
          <Y t="10">0.00658</Y>
          <Y t="11">0.0074</Y>
          <Y t="12">0.00832</Y>
          <Y t="13">0.00941</Y>
          <Y t="14">0.01069</Y>
          <Y t="15">0.0122</Y>
          <Y t="16">0.01401</Y>
          <Y t="17">0.01615</Y>
          <Y t="18">0.01868</Y>
          <Y t="19">0.0216</Y>
          <Y t="20">0.02498</Y>
          <Y t="21">0.02885</Y>
          <Y t="22">0.0333</Y>
          <Y t="23">0.03842</Y>
          <Y t="24">0.0444</Y>
          <Y t="25">0.05136</Y>
        </Axis>
      </Axis>
      <Axis t="59">
        <Axis>
          <Y t="1">0.00085</Y>
          <Y t="2">0.00148</Y>
          <Y t="3">0.00216</Y>
          <Y t="4">0.00285</Y>
          <Y t="5">0.00354</Y>
          <Y t="6">0.00424</Y>
          <Y t="7">0.00495</Y>
          <Y t="8">0.00567</Y>
          <Y t="9">0.00643</Y>
          <Y t="10">0.00726</Y>
          <Y t="11">0.00818</Y>
          <Y t="12">0.00924</Y>
          <Y t="13">0.01048</Y>
          <Y t="14">0.01195</Y>
          <Y t="15">0.01367</Y>
          <Y t="16">0.01571</Y>
          <Y t="17">0.01811</Y>
          <Y t="18">0.0209</Y>
          <Y t="19">0.02411</Y>
          <Y t="20">0.0278</Y>
          <Y t="21">0.03201</Y>
          <Y t="22">0.03685</Y>
          <Y t="23">0.04244</Y>
          <Y t="24">0.04889</Y>
          <Y t="25">0.05645</Y>
        </Axis>
      </Axis>
      <Axis t="60">
        <Axis>
          <Y t="1">0.00092</Y>
          <Y t="2">0.00164</Y>
          <Y t="3">0.00239</Y>
          <Y t="4">0.00314</Y>
          <Y t="5">0.00391</Y>
          <Y t="6">0.00467</Y>
          <Y t="7">0.00545</Y>
          <Y t="8">0.00625</Y>
          <Y t="9">0.0071</Y>
          <Y t="10">0.00804</Y>
          <Y t="11">0.00908</Y>
          <Y t="12">0.0103</Y>
          <Y t="13">0.01171</Y>
          <Y t="14">0.01339</Y>
          <Y t="15">0.01534</Y>
          <Y t="16">0.01763</Y>
          <Y t="17">0.02029</Y>
          <Y t="18">0.02337</Y>
          <Y t="19">0.02688</Y>
          <Y t="20">0.03089</Y>
          <Y t="21">0.03547</Y>
          <Y t="22">0.04073</Y>
          <Y t="23">0.04676</Y>
          <Y t="24">0.05372</Y>
          <Y t="25">0.0622</Y>
        </Axis>
      </Axis>
      <Axis t="61">
        <Axis>
          <Y t="1">0.00102</Y>
          <Y t="2">0.00182</Y>
          <Y t="3">0.00266</Y>
          <Y t="4">0.00348</Y>
          <Y t="5">0.00432</Y>
          <Y t="6">0.00516</Y>
          <Y t="7">0.00602</Y>
          <Y t="8">0.00691</Y>
          <Y t="9">0.00787</Y>
          <Y t="10">0.00893</Y>
          <Y t="11">0.01013</Y>
          <Y t="12">0.01152</Y>
          <Y t="13">0.01314</Y>
          <Y t="14">0.01502</Y>
          <Y t="15">0.01722</Y>
          <Y t="16">0.01978</Y>
          <Y t="17">0.02272</Y>
          <Y t="18">0.02609</Y>
          <Y t="19">0.02992</Y>
          <Y t="20">0.03428</Y>
          <Y t="21">0.03926</Y>
          <Y t="22">0.04492</Y>
          <Y t="23">0.05139</Y>
          <Y t="24">0.05947</Y>
          <Y t="25">0.06872</Y>
        </Axis>
      </Axis>
      <Axis t="62">
        <Axis>
          <Y t="1">0.00114</Y>
          <Y t="2">0.00203</Y>
          <Y t="3">0.00296</Y>
          <Y t="4">0.00387</Y>
          <Y t="5">0.00479</Y>
          <Y t="6">0.00572</Y>
          <Y t="7">0.00667</Y>
          <Y t="8">0.00766</Y>
          <Y t="9">0.00875</Y>
          <Y t="10">0.00996</Y>
          <Y t="11">0.01134</Y>
          <Y t="12">0.01292</Y>
          <Y t="13">0.01475</Y>
          <Y t="14">0.01688</Y>
          <Y t="15">0.01934</Y>
          <Y t="16">0.02218</Y>
          <Y t="17">0.02541</Y>
          <Y t="18">0.02909</Y>
          <Y t="19">0.03327</Y>
          <Y t="20">0.038</Y>
          <Y t="21">0.04335</Y>
          <Y t="22">0.04941</Y>
          <Y t="23">0.05713</Y>
          <Y t="24">0.06626</Y>
          <Y t="25">0.07572</Y>
        </Axis>
      </Axis>
      <Axis t="63">
        <Axis>
          <Y t="1">0.00128</Y>
          <Y t="2">0.00228</Y>
          <Y t="3">0.00329</Y>
          <Y t="4">0.0043</Y>
          <Y t="5">0.00531</Y>
          <Y t="6">0.00634</Y>
          <Y t="7">0.0074</Y>
          <Y t="8">0.00852</Y>
          <Y t="9">0.00976</Y>
          <Y t="10">0.01113</Y>
          <Y t="11">0.01271</Y>
          <Y t="12">0.0145</Y>
          <Y t="13">0.01658</Y>
          <Y t="14">0.01897</Y>
          <Y t="15">0.02171</Y>
          <Y t="16">0.02484</Y>
          <Y t="17">0.02838</Y>
          <Y t="18">0.03241</Y>
          <Y t="19">0.03696</Y>
          <Y t="20">0.04204</Y>
          <Y t="21">0.04776</Y>
          <Y t="22">0.05518</Y>
          <Y t="23">0.06418</Y>
          <Y t="24">0.07364</Y>
          <Y t="25">0.08322</Y>
        </Axis>
      </Axis>
      <Axis t="64">
        <Axis>
          <Y t="1">0.00144</Y>
          <Y t="2">0.00255</Y>
          <Y t="3">0.00367</Y>
          <Y t="4">0.00478</Y>
          <Y t="5">0.0059</Y>
          <Y t="6">0.00704</Y>
          <Y t="7">0.00823</Y>
          <Y t="8">0.0095</Y>
          <Y t="9">0.01091</Y>
          <Y t="10">0.01247</Y>
          <Y t="11">0.01426</Y>
          <Y t="12">0.0163</Y>
          <Y t="13">0.01864</Y>
          <Y t="14">0.02131</Y>
          <Y t="15">0.02435</Y>
          <Y t="16">0.02778</Y>
          <Y t="17">0.03167</Y>
          <Y t="18">0.03606</Y>
          <Y t="19">0.04095</Y>
          <Y t="20">0.04639</Y>
          <Y t="21">0.05357</Y>
          <Y t="22">0.06245</Y>
          <Y t="23">0.07188</Y>
          <Y t="24">0.08161</Y>
          <Y t="25">0.09123</Y>
        </Axis>
      </Axis>
      <Axis t="65">
        <Axis>
          <Y t="1">0.00162</Y>
          <Y t="2">0.00285</Y>
          <Y t="3">0.00409</Y>
          <Y t="4">0.00533</Y>
          <Y t="5">0.00656</Y>
          <Y t="6">0.00783</Y>
          <Y t="7">0.00918</Y>
          <Y t="8">0.01061</Y>
          <Y t="9">0.01221</Y>
          <Y t="10">0.01399</Y>
          <Y t="11">0.01603</Y>
          <Y t="12">0.01833</Y>
          <Y t="13">0.02095</Y>
          <Y t="14">0.02392</Y>
          <Y t="15">0.02727</Y>
          <Y t="16">0.03105</Y>
          <Y t="17">0.03531</Y>
          <Y t="18">0.04003</Y>
          <Y t="19">0.04526</Y>
          <Y t="20">0.05224</Y>
          <Y t="21">0.06103</Y>
          <Y t="22">0.07044</Y>
          <Y t="23">0.08025</Y>
          <Y t="24">0.09018</Y>
          <Y t="25">0.09968</Y>
        </Axis>
      </Axis>
      <Axis t="66">
        <Axis>
          <Y t="1">0.00184</Y>
          <Y t="2">0.00321</Y>
          <Y t="3">0.00457</Y>
          <Y t="4">0.00593</Y>
          <Y t="5">0.00731</Y>
          <Y t="6">0.00873</Y>
          <Y t="7">0.01024</Y>
          <Y t="8">0.01187</Y>
          <Y t="9">0.01369</Y>
          <Y t="10">0.01571</Y>
          <Y t="11">0.01801</Y>
          <Y t="12">0.0206</Y>
          <Y t="13">0.02352</Y>
          <Y t="14">0.02682</Y>
          <Y t="15">0.03052</Y>
          <Y t="16">0.03468</Y>
          <Y t="17">0.03927</Y>
          <Y t="18">0.04433</Y>
          <Y t="19">0.05115</Y>
          <Y t="20">0.05986</Y>
          <Y t="21">0.06925</Y>
          <Y t="22">0.07915</Y>
          <Y t="23">0.0893</Y>
          <Y t="24">0.0993</Y>
          <Y t="25">0.10881</Y>
        </Axis>
      </Axis>
      <Axis t="67">
        <Axis>
          <Y t="1">0.00209</Y>
          <Y t="2">0.0036</Y>
          <Y t="3">0.00509</Y>
          <Y t="4">0.0066</Y>
          <Y t="5">0.00814</Y>
          <Y t="6">0.00973</Y>
          <Y t="7">0.01145</Y>
          <Y t="8">0.01329</Y>
          <Y t="9">0.01536</Y>
          <Y t="10">0.01765</Y>
          <Y t="11">0.02024</Y>
          <Y t="12">0.02314</Y>
          <Y t="13">0.02639</Y>
          <Y t="14">0.03004</Y>
          <Y t="15">0.03412</Y>
          <Y t="16">0.03863</Y>
          <Y t="17">0.04356</Y>
          <Y t="18">0.05027</Y>
          <Y t="19">0.05892</Y>
          <Y t="20">0.06829</Y>
          <Y t="21">0.07826</Y>
          <Y t="22">0.08861</Y>
          <Y t="23">0.09899</Y>
          <Y t="24">0.10881</Y>
          <Y t="25">0.11878</Y>
        </Axis>
      </Axis>
      <Axis t="68">
        <Axis>
          <Y t="1">0.00237</Y>
          <Y t="2">0.00403</Y>
          <Y t="3">0.00568</Y>
          <Y t="4">0.00735</Y>
          <Y t="5">0.00907</Y>
          <Y t="6">0.01086</Y>
          <Y t="7">0.0128</Y>
          <Y t="8">0.01489</Y>
          <Y t="9">0.01723</Y>
          <Y t="10">0.01981</Y>
          <Y t="11">0.02272</Y>
          <Y t="12">0.02595</Y>
          <Y t="13">0.02957</Y>
          <Y t="14">0.0336</Y>
          <Y t="15">0.03805</Y>
          <Y t="16">0.0429</Y>
          <Y t="17">0.04955</Y>
          <Y t="18">0.05816</Y>
          <Y t="19">0.06752</Y>
          <Y t="20">0.07755</Y>
          <Y t="21">0.08808</Y>
          <Y t="22">0.09875</Y>
          <Y t="23">0.10881</Y>
          <Y t="24">0.11878</Y>
          <Y t="25">0.12941</Y>
        </Axis>
      </Axis>
      <Axis t="69">
        <Axis>
          <Y t="1">0.00269</Y>
          <Y t="2">0.00451</Y>
          <Y t="3">0.00634</Y>
          <Y t="4">0.00818</Y>
          <Y t="5">0.01011</Y>
          <Y t="6">0.01212</Y>
          <Y t="7">0.0143</Y>
          <Y t="8">0.01668</Y>
          <Y t="9">0.01931</Y>
          <Y t="10">0.02223</Y>
          <Y t="11">0.02546</Y>
          <Y t="12">0.02908</Y>
          <Y t="13">0.0331</Y>
          <Y t="14">0.03751</Y>
          <Y t="15">0.04231</Y>
          <Y t="16">0.04893</Y>
          <Y t="17">0.05754</Y>
          <Y t="18">0.0669</Y>
          <Y t="19">0.07699</Y>
          <Y t="20">0.08766</Y>
          <Y t="21">0.09857</Y>
          <Y t="22">0.10881</Y>
          <Y t="23">0.11878</Y>
          <Y t="24">0.12941</Y>
          <Y t="25">0.14073</Y>
        </Axis>
      </Axis>
      <Axis t="70">
        <Axis>
          <Y t="1">0.00304</Y>
          <Y t="2">0.00504</Y>
          <Y t="3">0.00706</Y>
          <Y t="4">0.00911</Y>
          <Y t="5">0.01126</Y>
          <Y t="6">0.01353</Y>
          <Y t="7">0.01598</Y>
          <Y t="8">0.01867</Y>
          <Y t="9">0.02164</Y>
          <Y t="10">0.02489</Y>
          <Y t="11">0.02852</Y>
          <Y t="12">0.03255</Y>
          <Y t="13">0.03695</Y>
          <Y t="14">0.04175</Y>
          <Y t="15">0.04837</Y>
          <Y t="16">0.05701</Y>
          <Y t="17">0.06643</Y>
          <Y t="18">0.07655</Y>
          <Y t="19">0.08736</Y>
          <Y t="20">0.09844</Y>
          <Y t="21">0.10881</Y>
          <Y t="22">0.11878</Y>
          <Y t="23">0.12941</Y>
          <Y t="24">0.14073</Y>
          <Y t="25">0.15276</Y>
        </Axis>
      </Axis>
      <Axis t="71">
        <Axis>
          <Y t="1">0.00341</Y>
          <Y t="2">0.00561</Y>
          <Y t="3">0.00784</Y>
          <Y t="4">0.01013</Y>
          <Y t="5">0.01253</Y>
          <Y t="6">0.01509</Y>
          <Y t="7">0.01786</Y>
          <Y t="8">0.02088</Y>
          <Y t="9">0.02419</Y>
          <Y t="10">0.02785</Y>
          <Y t="11">0.03191</Y>
          <Y t="12">0.03634</Y>
          <Y t="13">0.04114</Y>
          <Y t="14">0.04783</Y>
          <Y t="15">0.05654</Y>
          <Y t="16">0.06601</Y>
          <Y t="17">0.07621</Y>
          <Y t="18">0.08711</Y>
          <Y t="19">0.09836</Y>
          <Y t="20">0.10881</Y>
          <Y t="21">0.11878</Y>
          <Y t="22">0.12941</Y>
          <Y t="23">0.14073</Y>
          <Y t="24">0.15276</Y>
          <Y t="25">0.16552</Y>
        </Axis>
      </Axis>
      <Axis t="72">
        <Axis>
          <Y t="1">0.00382</Y>
          <Y t="2">0.00625</Y>
          <Y t="3">0.0087</Y>
          <Y t="4">0.01126</Y>
          <Y t="5">0.01395</Y>
          <Y t="6">0.01682</Y>
          <Y t="7">0.01993</Y>
          <Y t="8">0.02332</Y>
          <Y t="9">0.02704</Y>
          <Y t="10">0.03114</Y>
          <Y t="11">0.03561</Y>
          <Y t="12">0.04046</Y>
          <Y t="13">0.04723</Y>
          <Y t="14">0.05608</Y>
          <Y t="15">0.06563</Y>
          <Y t="16">0.07593</Y>
          <Y t="17">0.08694</Y>
          <Y t="18">0.09828</Y>
          <Y t="19">0.10881</Y>
          <Y t="20">0.11878</Y>
          <Y t="21">0.12941</Y>
          <Y t="22">0.14073</Y>
          <Y t="23">0.15276</Y>
          <Y t="24">0.16552</Y>
          <Y t="25">0.17903</Y>
        </Axis>
      </Axis>
      <Axis t="73">
        <Axis>
          <Y t="1">0.00427</Y>
          <Y t="2">0.00693</Y>
          <Y t="3">0.00966</Y>
          <Y t="4">0.0125</Y>
          <Y t="5">0.01551</Y>
          <Y t="6">0.01873</Y>
          <Y t="7">0.02221</Y>
          <Y t="8">0.02602</Y>
          <Y t="9">0.03019</Y>
          <Y t="10">0.03471</Y>
          <Y t="11">0.03963</Y>
          <Y t="12">0.04655</Y>
          <Y t="13">0.05558</Y>
          <Y t="14">0.06528</Y>
          <Y t="15">0.07568</Y>
          <Y t="16">0.0868</Y>
          <Y t="17">0.09824</Y>
          <Y t="18">0.10881</Y>
          <Y t="19">0.11878</Y>
          <Y t="20">0.12941</Y>
          <Y t="21">0.14073</Y>
          <Y t="22">0.15276</Y>
          <Y t="23">0.16552</Y>
          <Y t="24">0.17903</Y>
          <Y t="25">0.19855</Y>
        </Axis>
      </Axis>
      <Axis t="74">
        <Axis>
          <Y t="1">0.00474</Y>
          <Y t="2">0.00767</Y>
          <Y t="3">0.0107</Y>
          <Y t="4">0.01386</Y>
          <Y t="5">0.01722</Y>
          <Y t="6">0.02082</Y>
          <Y t="7">0.02472</Y>
          <Y t="8">0.029</Y>
          <Y t="9">0.03362</Y>
          <Y t="10">0.0386</Y>
          <Y t="11">0.04572</Y>
          <Y t="12">0.055</Y>
          <Y t="13">0.06488</Y>
          <Y t="14">0.07544</Y>
          <Y t="15">0.08668</Y>
          <Y t="16">0.09822</Y>
          <Y t="17">0.10881</Y>
          <Y t="18">0.11878</Y>
          <Y t="19">0.12941</Y>
          <Y t="20">0.14073</Y>
          <Y t="21">0.15276</Y>
          <Y t="22">0.16552</Y>
          <Y t="23">0.17903</Y>
          <Y t="24">0.19855</Y>
          <Y t="25">0.22503</Y>
        </Axis>
      </Axis>
      <Axis t="75">
        <Axis>
          <Y t="1">0.00524</Y>
          <Y t="2">0.00847</Y>
          <Y t="3">0.01183</Y>
          <Y t="4">0.01534</Y>
          <Y t="5">0.01909</Y>
          <Y t="6">0.02312</Y>
          <Y t="7">0.0275</Y>
          <Y t="8">0.03223</Y>
          <Y t="9">0.03732</Y>
          <Y t="10">0.04468</Y>
          <Y t="11">0.05428</Y>
          <Y t="12">0.06442</Y>
          <Y t="13">0.07515</Y>
          <Y t="14">0.08654</Y>
          <Y t="15">0.09818</Y>
          <Y t="16">0.10881</Y>
          <Y t="17">0.11878</Y>
          <Y t="18">0.12941</Y>
          <Y t="19">0.14073</Y>
          <Y t="20">0.15276</Y>
          <Y t="21">0.16552</Y>
          <Y t="22">0.17903</Y>
          <Y t="23">0.19855</Y>
          <Y t="24">0.22503</Y>
          <Y t="25">0.25194</Y>
        </Axis>
      </Axis>
      <Axis t="76">
        <Axis>
          <Y t="1">0.00576</Y>
          <Y t="2">0.00933</Y>
          <Y t="3">0.01305</Y>
          <Y t="4">0.01696</Y>
          <Y t="5">0.02114</Y>
          <Y t="6">0.02565</Y>
          <Y t="7">0.03051</Y>
          <Y t="8">0.03573</Y>
          <Y t="9">0.04339</Y>
          <Y t="10">0.05338</Y>
          <Y t="11">0.06383</Y>
          <Y t="12">0.07482</Y>
          <Y t="13">0.08639</Y>
          <Y t="14">0.09814</Y>
          <Y t="15">0.10881</Y>
          <Y t="16">0.11878</Y>
          <Y t="17">0.12941</Y>
          <Y t="18">0.14073</Y>
          <Y t="19">0.15276</Y>
          <Y t="20">0.16552</Y>
          <Y t="21">0.17903</Y>
          <Y t="22">0.19855</Y>
          <Y t="23">0.22503</Y>
          <Y t="24">0.25194</Y>
          <Y t="25">0.27895</Y>
        </Axis>
      </Axis>
      <Axis t="77">
        <Axis>
          <Y t="1">0.00631</Y>
          <Y t="2">0.01024</Y>
          <Y t="3">0.01437</Y>
          <Y t="4">0.01873</Y>
          <Y t="5">0.0234</Y>
          <Y t="6">0.0284</Y>
          <Y t="7">0.03376</Y>
          <Y t="8">0.04177</Y>
          <Y t="9">0.05226</Y>
          <Y t="10">0.0631</Y>
          <Y t="11">0.07439</Y>
          <Y t="12">0.08619</Y>
          <Y t="13">0.0981</Y>
          <Y t="14">0.10881</Y>
          <Y t="15">0.11878</Y>
          <Y t="16">0.12941</Y>
          <Y t="17">0.14073</Y>
          <Y t="18">0.15276</Y>
          <Y t="19">0.16552</Y>
          <Y t="20">0.17903</Y>
          <Y t="21">0.19855</Y>
          <Y t="22">0.22503</Y>
          <Y t="23">0.25194</Y>
          <Y t="24">0.27895</Y>
          <Y t="25">0.30569</Y>
        </Axis>
      </Axis>
      <Axis t="78">
        <Axis>
          <Y t="1">0.00687</Y>
          <Y t="2">0.01122</Y>
          <Y t="3">0.01579</Y>
          <Y t="4">0.02066</Y>
          <Y t="5">0.02583</Y>
          <Y t="6">0.03135</Y>
          <Y t="7">0.03979</Y>
          <Y t="8">0.05086</Y>
          <Y t="9">0.0622</Y>
          <Y t="10">0.07384</Y>
          <Y t="11">0.08591</Y>
          <Y t="12">0.09803</Y>
          <Y t="13">0.10881</Y>
          <Y t="14">0.11878</Y>
          <Y t="15">0.12941</Y>
          <Y t="16">0.14073</Y>
          <Y t="17">0.15276</Y>
          <Y t="18">0.16552</Y>
          <Y t="19">0.17903</Y>
          <Y t="20">0.19855</Y>
          <Y t="21">0.22503</Y>
          <Y t="22">0.25194</Y>
          <Y t="23">0.27895</Y>
          <Y t="24">0.30569</Y>
          <Y t="25">0.33175</Y>
        </Axis>
      </Axis>
      <Axis t="79">
        <Axis>
          <Y t="1">0.00746</Y>
          <Y t="2">0.01227</Y>
          <Y t="3">0.01734</Y>
          <Y t="4">0.02272</Y>
          <Y t="5">0.02843</Y>
          <Y t="6">0.03737</Y>
          <Y t="7">0.04914</Y>
          <Y t="8">0.06105</Y>
          <Y t="9">0.07319</Y>
          <Y t="10">0.08558</Y>
          <Y t="11">0.09792</Y>
          <Y t="12">0.10881</Y>
          <Y t="13">0.11878</Y>
          <Y t="14">0.12941</Y>
          <Y t="15">0.14073</Y>
          <Y t="16">0.15276</Y>
          <Y t="17">0.16552</Y>
          <Y t="18">0.17903</Y>
          <Y t="19">0.19855</Y>
          <Y t="20">0.22503</Y>
          <Y t="21">0.25194</Y>
          <Y t="22">0.27895</Y>
          <Y t="23">0.30569</Y>
          <Y t="24">0.33175</Y>
          <Y t="25">0.35624</Y>
        </Axis>
      </Axis>
      <Axis t="80">
        <Axis>
          <Y t="1">0.00807</Y>
          <Y t="2">0.0134</Y>
          <Y t="3">0.01901</Y>
          <Y t="4">0.02493</Y>
          <Y t="5">0.03444</Y>
          <Y t="6">0.04705</Y>
          <Y t="7">0.05966</Y>
          <Y t="8">0.07234</Y>
          <Y t="9">0.08516</Y>
          <Y t="10">0.0978</Y>
          <Y t="11">0.10881</Y>
          <Y t="12">0.11878</Y>
          <Y t="13">0.12941</Y>
          <Y t="14">0.14073</Y>
          <Y t="15">0.15276</Y>
          <Y t="16">0.16552</Y>
          <Y t="17">0.17903</Y>
          <Y t="18">0.19855</Y>
          <Y t="19">0.22503</Y>
          <Y t="20">0.25194</Y>
          <Y t="21">0.27895</Y>
          <Y t="22">0.30569</Y>
          <Y t="23">0.33175</Y>
          <Y t="24">0.35624</Y>
          <Y t="25">0.37924</Y>
        </Axis>
      </Axis>
      <Axis t="81">
        <Axis>
          <Y t="1">0.0087</Y>
          <Y t="2">0.01458</Y>
          <Y t="3">0.02077</Y>
          <Y t="4">0.03097</Y>
          <Y t="5">0.04455</Y>
          <Y t="6">0.05798</Y>
          <Y t="7">0.07133</Y>
          <Y t="8">0.08462</Y>
          <Y t="9">0.09765</Y>
          <Y t="10">0.10881</Y>
          <Y t="11">0.11878</Y>
          <Y t="12">0.12941</Y>
          <Y t="13">0.14073</Y>
          <Y t="14">0.15276</Y>
          <Y t="15">0.16552</Y>
          <Y t="16">0.17903</Y>
          <Y t="17">0.19855</Y>
          <Y t="18">0.22503</Y>
          <Y t="19">0.25194</Y>
          <Y t="20">0.27895</Y>
          <Y t="21">0.30569</Y>
          <Y t="22">0.33175</Y>
          <Y t="23">0.35624</Y>
          <Y t="24">0.37924</Y>
          <Y t="25">0.39826</Y>
        </Axis>
      </Axis>
      <Axis t="82">
        <Axis>
          <Y t="1">0.00934</Y>
          <Y t="2">0.01583</Y>
          <Y t="3">0.02684</Y>
          <Y t="4">0.04157</Y>
          <Y t="5">0.056</Y>
          <Y t="6">0.07013</Y>
          <Y t="7">0.08402</Y>
          <Y t="8">0.09746</Y>
          <Y t="9">0.10881</Y>
          <Y t="10">0.11878</Y>
          <Y t="11">0.12941</Y>
          <Y t="12">0.14073</Y>
          <Y t="13">0.15276</Y>
          <Y t="14">0.16552</Y>
          <Y t="15">0.17903</Y>
          <Y t="16">0.19855</Y>
          <Y t="17">0.22503</Y>
          <Y t="18">0.25194</Y>
          <Y t="19">0.27895</Y>
          <Y t="20">0.30569</Y>
          <Y t="21">0.33175</Y>
          <Y t="22">0.35624</Y>
          <Y t="23">0.37924</Y>
          <Y t="24">0.39826</Y>
          <Y t="25">0.41064</Y>
        </Axis>
      </Axis>
      <Axis t="83">
        <Axis>
          <Y t="1">0.00999</Y>
          <Y t="2">0.01926</Y>
          <Y t="3">0.03808</Y>
          <Y t="4">0.05366</Y>
          <Y t="5">0.06873</Y>
          <Y t="6">0.08331</Y>
          <Y t="7">0.09725</Y>
          <Y t="8">0.10881</Y>
          <Y t="9">0.11878</Y>
          <Y t="10">0.12941</Y>
          <Y t="11">0.14073</Y>
          <Y t="12">0.15276</Y>
          <Y t="13">0.16552</Y>
          <Y t="14">0.17903</Y>
          <Y t="15">0.19855</Y>
          <Y t="16">0.22503</Y>
          <Y t="17">0.25194</Y>
          <Y t="18">0.27895</Y>
          <Y t="19">0.30569</Y>
          <Y t="20">0.33175</Y>
          <Y t="21">0.35624</Y>
          <Y t="22">0.37924</Y>
          <Y t="23">0.39826</Y>
          <Y t="24">0.41064</Y>
          <Y t="25">0.42239</Y>
        </Axis>
      </Axis>
      <Axis t="84">
        <Axis>
          <Y t="1">0.01065</Y>
          <Y t="2">0.02531</Y>
          <Y t="3">0.05099</Y>
          <Y t="4">0.06717</Y>
          <Y t="5">0.08254</Y>
          <Y t="6">0.09701</Y>
          <Y t="7">0.10881</Y>
          <Y t="8">0.11878</Y>
          <Y t="9">0.12941</Y>
          <Y t="10">0.14073</Y>
          <Y t="11">0.15276</Y>
          <Y t="12">0.16552</Y>
          <Y t="13">0.17903</Y>
          <Y t="14">0.19855</Y>
          <Y t="15">0.22503</Y>
          <Y t="16">0.25194</Y>
          <Y t="17">0.27895</Y>
          <Y t="18">0.30569</Y>
          <Y t="19">0.33175</Y>
          <Y t="20">0.35624</Y>
          <Y t="21">0.37924</Y>
          <Y t="22">0.39826</Y>
          <Y t="23">0.41064</Y>
          <Y t="24">0.42239</Y>
          <Y t="25">0.43344</Y>
        </Axis>
      </Axis>
      <Axis t="85">
        <Axis>
          <Y t="1">0.01131</Y>
          <Y t="2">0.03226</Y>
          <Y t="3">0.06551</Y>
          <Y t="4">0.08179</Y>
          <Y t="5">0.09678</Y>
          <Y t="6">0.10881</Y>
          <Y t="7">0.11878</Y>
          <Y t="8">0.12941</Y>
          <Y t="9">0.14073</Y>
          <Y t="10">0.15276</Y>
          <Y t="11">0.16552</Y>
          <Y t="12">0.17903</Y>
          <Y t="13">0.19855</Y>
          <Y t="14">0.22503</Y>
          <Y t="15">0.25194</Y>
          <Y t="16">0.27895</Y>
          <Y t="17">0.30569</Y>
          <Y t="18">0.33175</Y>
          <Y t="19">0.35624</Y>
          <Y t="20">0.37924</Y>
          <Y t="21">0.39826</Y>
          <Y t="22">0.41064</Y>
          <Y t="23">0.42239</Y>
          <Y t="24">0.43344</Y>
          <Y t="25">0.44372</Y>
        </Axis>
      </Axis>
      <Axis t="86">
        <Axis>
          <Y t="1">0.01198</Y>
          <Y t="2">0.04005</Y>
          <Y t="3">0.08122</Y>
          <Y t="4">0.0966</Y>
          <Y t="5">0.10881</Y>
          <Y t="6">0.11878</Y>
          <Y t="7">0.12941</Y>
          <Y t="8">0.14073</Y>
          <Y t="9">0.15276</Y>
          <Y t="10">0.16552</Y>
          <Y t="11">0.17903</Y>
          <Y t="12">0.19855</Y>
          <Y t="13">0.22503</Y>
          <Y t="14">0.25194</Y>
          <Y t="15">0.27895</Y>
          <Y t="16">0.30569</Y>
          <Y t="17">0.33175</Y>
          <Y t="18">0.35624</Y>
          <Y t="19">0.37924</Y>
          <Y t="20">0.39826</Y>
          <Y t="21">0.41064</Y>
          <Y t="22">0.42239</Y>
          <Y t="23">0.43344</Y>
          <Y t="24">0.44372</Y>
          <Y t="25">0.45</Y>
        </Axis>
      </Axis>
      <Axis t="87">
        <Axis>
          <Y t="1">0.01264</Y>
          <Y t="2">0.04836</Y>
          <Y t="3">0.09659</Y>
          <Y t="4">0.10881</Y>
          <Y t="5">0.11878</Y>
          <Y t="6">0.12941</Y>
          <Y t="7">0.14073</Y>
          <Y t="8">0.15276</Y>
          <Y t="9">0.16552</Y>
          <Y t="10">0.17903</Y>
          <Y t="11">0.19855</Y>
          <Y t="12">0.22503</Y>
          <Y t="13">0.25194</Y>
          <Y t="14">0.27895</Y>
          <Y t="15">0.30569</Y>
          <Y t="16">0.33175</Y>
          <Y t="17">0.35624</Y>
          <Y t="18">0.37924</Y>
          <Y t="19">0.39826</Y>
          <Y t="20">0.41064</Y>
          <Y t="21">0.42239</Y>
          <Y t="22">0.43344</Y>
          <Y t="23">0.44372</Y>
          <Y t="24">0.45</Y>
          <Y t="25">0.45</Y>
        </Axis>
      </Axis>
      <Axis t="88">
        <Axis>
          <Y t="1">0.0133</Y>
          <Y t="2">0.05502</Y>
          <Y t="3">0.10881</Y>
          <Y t="4">0.11878</Y>
          <Y t="5">0.12941</Y>
          <Y t="6">0.14073</Y>
          <Y t="7">0.15276</Y>
          <Y t="8">0.16552</Y>
          <Y t="9">0.17903</Y>
          <Y t="10">0.19855</Y>
          <Y t="11">0.22503</Y>
          <Y t="12">0.25194</Y>
          <Y t="13">0.27895</Y>
          <Y t="14">0.30569</Y>
          <Y t="15">0.33175</Y>
          <Y t="16">0.35624</Y>
          <Y t="17">0.37924</Y>
          <Y t="18">0.39826</Y>
          <Y t="19">0.41064</Y>
          <Y t="20">0.42239</Y>
          <Y t="21">0.43344</Y>
          <Y t="22">0.44372</Y>
          <Y t="23">0.45</Y>
          <Y t="24">0.45</Y>
          <Y t="25">0.45</Y>
        </Axis>
      </Axis>
      <Axis t="89">
        <Axis>
          <Y t="1">0.01397</Y>
          <Y t="2">0.05974</Y>
          <Y t="3">0.11878</Y>
          <Y t="4">0.12941</Y>
          <Y t="5">0.14073</Y>
          <Y t="6">0.15276</Y>
          <Y t="7">0.16552</Y>
          <Y t="8">0.17903</Y>
          <Y t="9">0.19855</Y>
          <Y t="10">0.22503</Y>
          <Y t="11">0.25194</Y>
          <Y t="12">0.27895</Y>
          <Y t="13">0.30569</Y>
          <Y t="14">0.33175</Y>
          <Y t="15">0.35624</Y>
          <Y t="16">0.37924</Y>
          <Y t="17">0.39826</Y>
          <Y t="18">0.41064</Y>
          <Y t="19">0.42239</Y>
          <Y t="20">0.43344</Y>
          <Y t="21">0.44372</Y>
          <Y t="22">0.45</Y>
          <Y t="23">0.45</Y>
          <Y t="24">0.45</Y>
          <Y t="25">0.45</Y>
        </Axis>
      </Axis>
      <Axis t="90">
        <Axis>
          <Y t="1">0.01466</Y>
          <Y t="2">0.06602</Y>
          <Y t="3">0.12941</Y>
          <Y t="4">0.14073</Y>
          <Y t="5">0.15276</Y>
          <Y t="6">0.16552</Y>
          <Y t="7">0.17903</Y>
          <Y t="8">0.19855</Y>
          <Y t="9">0.22503</Y>
          <Y t="10">0.25194</Y>
          <Y t="11">0.27895</Y>
          <Y t="12">0.30569</Y>
          <Y t="13">0.33175</Y>
          <Y t="14">0.35624</Y>
          <Y t="15">0.37924</Y>
          <Y t="16">0.39826</Y>
          <Y t="17">0.41064</Y>
          <Y t="18">0.42239</Y>
          <Y t="19">0.43344</Y>
          <Y t="20">0.44372</Y>
          <Y t="21">0.45</Y>
          <Y t="22">0.45</Y>
          <Y t="23">0.45</Y>
          <Y t="24">0.45</Y>
          <Y t="25">0.45</Y>
        </Axis>
      </Axis>
    </Values>
  </Table>
  <Table>
    <MetaData>
      <ScalingFactor>0</ScalingFactor>
      <DataType tc="2">Floating Point</DataType>
      <Nation tc="1">United States of America</Nation>
      <TableDescription>2008 Valuation Basic Table (VBT) Relative Risk (RR) - Female, 140%, Non-Smoker, Age Last Birthday. Minimum Age: 18. Maximum Age: 90. Ultimate</TableDescription>
      <AxisDef id="Age">
        <ScaleType tc="3">Age</ScaleType>
        <AxisName>Age</AxisName>
        <MinScaleValue>43</MinScaleValue>
        <MaxScaleValue>120</MaxScaleValue>
        <Increment>1</Increment>
      </AxisDef>
    </MetaData>
    <Values>
      <Axis>
        <Y t="43">0.0016</Y>
        <Y t="44">0.00168</Y>
        <Y t="45">0.00181</Y>
        <Y t="46">0.00199</Y>
        <Y t="47">0.0022</Y>
        <Y t="48">0.00244</Y>
        <Y t="49">0.00269</Y>
        <Y t="50">0.00295</Y>
        <Y t="51">0.00321</Y>
        <Y t="52">0.00348</Y>
        <Y t="53">0.00375</Y>
        <Y t="54">0.00402</Y>
        <Y t="55">0.0043</Y>
        <Y t="56">0.0046</Y>
        <Y t="57">0.00493</Y>
        <Y t="58">0.00528</Y>
        <Y t="59">0.00566</Y>
        <Y t="60">0.00609</Y>
        <Y t="61">0.00657</Y>
        <Y t="62">0.00712</Y>
        <Y t="63">0.00774</Y>
        <Y t="64">0.00845</Y>
        <Y t="65">0.00927</Y>
        <Y t="66">0.0102</Y>
        <Y t="67">0.01126</Y>
        <Y t="68">0.01247</Y>
        <Y t="69">0.01385</Y>
        <Y t="70">0.0154</Y>
        <Y t="71">0.01715</Y>
        <Y t="72">0.01911</Y>
        <Y t="73">0.02129</Y>
        <Y t="74">0.02371</Y>
        <Y t="75">0.02639</Y>
        <Y t="76">0.02933</Y>
        <Y t="77">0.03256</Y>
        <Y t="78">0.03608</Y>
        <Y t="79">0.03992</Y>
        <Y t="80">0.04412</Y>
        <Y t="81">0.04871</Y>
        <Y t="82">0.05368</Y>
        <Y t="83">0.05903</Y>
        <Y t="84">0.06479</Y>
        <Y t="85">0.07098</Y>
        <Y t="86">0.07758</Y>
        <Y t="87">0.08463</Y>
        <Y t="88">0.09214</Y>
        <Y t="89">0.10003</Y>
        <Y t="90">0.10881</Y>
        <Y t="91">0.11878</Y>
        <Y t="92">0.12941</Y>
        <Y t="93">0.14073</Y>
        <Y t="94">0.15276</Y>
        <Y t="95">0.16552</Y>
        <Y t="96">0.17903</Y>
        <Y t="97">0.19855</Y>
        <Y t="98">0.22503</Y>
        <Y t="99">0.25194</Y>
        <Y t="100">0.27895</Y>
        <Y t="101">0.30569</Y>
        <Y t="102">0.33175</Y>
        <Y t="103">0.35624</Y>
        <Y t="104">0.37924</Y>
        <Y t="105">0.39826</Y>
        <Y t="106">0.41064</Y>
        <Y t="107">0.42239</Y>
        <Y t="108">0.43344</Y>
        <Y t="109">0.44372</Y>
        <Y t="110">0.45</Y>
        <Y t="111">0.45</Y>
        <Y t="112">0.45</Y>
        <Y t="113">0.45</Y>
        <Y t="114">0.45</Y>
        <Y t="115">0.45</Y>
        <Y t="116">0.45</Y>
        <Y t="117">0.45</Y>
        <Y t="118">0.45</Y>
        <Y t="119">0.45</Y>
        <Y t="120">0.45</Y>
      </Axis>
    </Values>
  </Table>
</XTbML>