﻿<?xml version="1.0" encoding="utf-8"?>
<XTbML>
  <ContentClassification>
    <TableIdentity>1028</TableIdentity>
    <ProviderDomain>soa.org</ProviderDomain>
    <ProviderName>American Academy of Actuaries along with the Society of Actuaries</ProviderName>
    <TableReference>“2008 Valuation Basic Table”, American Academy of Actuaries /Society of Actuaries, Joint Preferred Mortality Project Oversight Group (paper presented at the March 2008 meeting of the National Association of Insurance Commissioners’ Life and Health Actuarial Task Force, Orlando, Florida, March, 2008) p. 165-166. Accessed: October, 2012 from http://www.actuary.org/pdf/life/tables_march08.pdf</TableReference>
    <ContentType tc="4">Insured Lives Mortality</ContentType>
    <TableName>2008 VBT Female RR160 (UCS130) Non-Smoker ANB</TableName>
    <TableDescription>2008 Valuation Basic Table (VBT) Relative Risk (RR) - Female, 160% (UCS130), Non-Smoker, Age Nearest Birthday. Minimum Age: 18. Maximum Age: 90.</TableDescription>
    <Comments>Study Data: The underlying data used in developing the 2008 Valuation Basic Table (VBT) was a subset of the Society of Actuaries (SOA) Individual Life Experience Committee's (ILEC) 2002-2004 Intercompany Study comprised of claims from 35 contributing companies. Of these 35 companies, 28 companies maintained preferred class underwriting criteria. Nevertheless, this data proved insufficient to develop all the relationships needed for construction of the Relative Risk tables. Consequently, research from a reinsurer heavily supplemented the data. Methodology: Relative Risk Ratios were developed from an Underwriting Criteria Score (UCS). The Relative Risk Ratios were then applied to the 2008 Primary Table to create 10 preferred non-smoker tables and 4 preferred smoker tables delineated by gender. Next, a Preferred Wear-Off Factor was applied to durations 2 and later. The Wear-Off Factors result in the relative risk tables grading into the corresponding aggregate table at higher attained ages. The Preferred Wear-Off Factors are the same for all the Relative Risk tables. Data Transcription Errors: None. Data Certified: 10/2012.</Comments>
    <KeyWord>Select</KeyWord>
    <KeyWord>Insured Lives Mortality</KeyWord>
    <KeyWord>United States of America</KeyWord>
  </ContentClassification>
  <Table>
    <MetaData>
      <ScalingFactor>0</ScalingFactor>
      <DataType tc="2">Floating Point</DataType>
      <Nation tc="1">United States of America</Nation>
      <TableDescription>2008 Valuation Basic Table (VBT) Relative Risk (RR) - Female, 160% (UCS130), Non-Smoker, Age Nearest Birthday. Minimum Age: 18. Maximum Age: 90. Select</TableDescription>
      <AxisDef id="Age">
        <ScaleType tc="3">Age</ScaleType>
        <AxisName>Age</AxisName>
        <MinScaleValue>18</MinScaleValue>
        <MaxScaleValue>90</MaxScaleValue>
        <Increment>1</Increment>
      </AxisDef>
      <AxisDef id="Duration">
        <ScaleType tc="2">Ordinal Date</ScaleType>
        <AxisName>Duration</AxisName>
        <MinScaleValue>1</MinScaleValue>
        <MaxScaleValue>25</MaxScaleValue>
        <Increment>1</Increment>
      </AxisDef>
    </MetaData>
    <Values>
      <Axis t="18">
        <Axis>
          <Y t="1">0.00046</Y>
          <Y t="2">0.0005</Y>
          <Y t="3">0.00052</Y>
          <Y t="4">0.00052</Y>
          <Y t="5">0.00052</Y>
          <Y t="6">0.00052</Y>
          <Y t="7">0.00052</Y>
          <Y t="8">0.00055</Y>
          <Y t="9">0.00057</Y>
          <Y t="10">0.00057</Y>
          <Y t="11">0.00059</Y>
          <Y t="12">0.00061</Y>
          <Y t="13">0.00066</Y>
          <Y t="14">0.0007</Y>
          <Y t="15">0.00074</Y>
          <Y t="16">0.00083</Y>
          <Y t="17">0.00094</Y>
          <Y t="18">0.00105</Y>
          <Y t="19">0.00116</Y>
          <Y t="20">0.00125</Y>
          <Y t="21">0.00136</Y>
          <Y t="22">0.00144</Y>
          <Y t="23">0.00155</Y>
          <Y t="24">0.00166</Y>
          <Y t="25">0.00177</Y>
        </Axis>
      </Axis>
      <Axis t="19">
        <Axis>
          <Y t="1">0.00041</Y>
          <Y t="2">0.00047</Y>
          <Y t="3">0.00049</Y>
          <Y t="4">0.00049</Y>
          <Y t="5">0.00049</Y>
          <Y t="6">0.00049</Y>
          <Y t="7">0.00051</Y>
          <Y t="8">0.00054</Y>
          <Y t="9">0.00056</Y>
          <Y t="10">0.00058</Y>
          <Y t="11">0.0006</Y>
          <Y t="12">0.00062</Y>
          <Y t="13">0.00066</Y>
          <Y t="14">0.00071</Y>
          <Y t="15">0.00077</Y>
          <Y t="16">0.00088</Y>
          <Y t="17">0.00099</Y>
          <Y t="18">0.00109</Y>
          <Y t="19">0.00122</Y>
          <Y t="20">0.00133</Y>
          <Y t="21">0.00141</Y>
          <Y t="22">0.00152</Y>
          <Y t="23">0.00163</Y>
          <Y t="24">0.00173</Y>
          <Y t="25">0.00184</Y>
        </Axis>
      </Axis>
      <Axis t="20">
        <Axis>
          <Y t="1">0.00038</Y>
          <Y t="2">0.00044</Y>
          <Y t="3">0.00046</Y>
          <Y t="4">0.00046</Y>
          <Y t="5">0.00046</Y>
          <Y t="6">0.00046</Y>
          <Y t="7">0.00048</Y>
          <Y t="8">0.0005</Y>
          <Y t="9">0.00055</Y>
          <Y t="10">0.00057</Y>
          <Y t="11">0.00061</Y>
          <Y t="12">0.00063</Y>
          <Y t="13">0.00067</Y>
          <Y t="14">0.00073</Y>
          <Y t="15">0.00082</Y>
          <Y t="16">0.00092</Y>
          <Y t="17">0.00103</Y>
          <Y t="18">0.00115</Y>
          <Y t="19">0.00128</Y>
          <Y t="20">0.00138</Y>
          <Y t="21">0.00149</Y>
          <Y t="22">0.00157</Y>
          <Y t="23">0.00168</Y>
          <Y t="24">0.0018</Y>
          <Y t="25">0.00195</Y>
        </Axis>
      </Axis>
      <Axis t="21">
        <Axis>
          <Y t="1">0.00035</Y>
          <Y t="2">0.00041</Y>
          <Y t="3">0.00043</Y>
          <Y t="4">0.00043</Y>
          <Y t="5">0.00043</Y>
          <Y t="6">0.00045</Y>
          <Y t="7">0.00047</Y>
          <Y t="8">0.00051</Y>
          <Y t="9">0.00053</Y>
          <Y t="10">0.00058</Y>
          <Y t="11">0.00062</Y>
          <Y t="12">0.00064</Y>
          <Y t="13">0.0007</Y>
          <Y t="14">0.00076</Y>
          <Y t="15">0.00084</Y>
          <Y t="16">0.00095</Y>
          <Y t="17">0.00107</Y>
          <Y t="18">0.00121</Y>
          <Y t="19">0.00134</Y>
          <Y t="20">0.00144</Y>
          <Y t="21">0.00154</Y>
          <Y t="22">0.00164</Y>
          <Y t="23">0.00175</Y>
          <Y t="24">0.00189</Y>
          <Y t="25">0.00206</Y>
        </Axis>
      </Axis>
      <Axis t="22">
        <Axis>
          <Y t="1">0.0003</Y>
          <Y t="2">0.00038</Y>
          <Y t="3">0.0004</Y>
          <Y t="4">0.00042</Y>
          <Y t="5">0.00042</Y>
          <Y t="6">0.00044</Y>
          <Y t="7">0.00046</Y>
          <Y t="8">0.0005</Y>
          <Y t="9">0.00054</Y>
          <Y t="10">0.00058</Y>
          <Y t="11">0.00062</Y>
          <Y t="12">0.00066</Y>
          <Y t="13">0.00073</Y>
          <Y t="14">0.00079</Y>
          <Y t="15">0.00087</Y>
          <Y t="16">0.00099</Y>
          <Y t="17">0.00113</Y>
          <Y t="18">0.00127</Y>
          <Y t="19">0.00139</Y>
          <Y t="20">0.00151</Y>
          <Y t="21">0.00161</Y>
          <Y t="22">0.00171</Y>
          <Y t="23">0.00183</Y>
          <Y t="24">0.00199</Y>
          <Y t="25">0.00221</Y>
        </Axis>
      </Axis>
      <Axis t="23">
        <Axis>
          <Y t="1">0.00028</Y>
          <Y t="2">0.00036</Y>
          <Y t="3">0.00039</Y>
          <Y t="4">0.00039</Y>
          <Y t="5">0.00041</Y>
          <Y t="6">0.00043</Y>
          <Y t="7">0.00045</Y>
          <Y t="8">0.00051</Y>
          <Y t="9">0.00055</Y>
          <Y t="10">0.00059</Y>
          <Y t="11">0.00063</Y>
          <Y t="12">0.00069</Y>
          <Y t="13">0.00075</Y>
          <Y t="14">0.00081</Y>
          <Y t="15">0.00091</Y>
          <Y t="16">0.00103</Y>
          <Y t="17">0.00116</Y>
          <Y t="18">0.0013</Y>
          <Y t="19">0.00144</Y>
          <Y t="20">0.00156</Y>
          <Y t="21">0.00166</Y>
          <Y t="22">0.0018</Y>
          <Y t="23">0.00194</Y>
          <Y t="24">0.00215</Y>
          <Y t="25">0.00244</Y>
        </Axis>
      </Axis>
      <Axis t="24">
        <Axis>
          <Y t="1">0.00025</Y>
          <Y t="2">0.00033</Y>
          <Y t="3">0.00037</Y>
          <Y t="4">0.00039</Y>
          <Y t="5">0.00041</Y>
          <Y t="6">0.00043</Y>
          <Y t="7">0.00046</Y>
          <Y t="8">0.0005</Y>
          <Y t="9">0.00056</Y>
          <Y t="10">0.00062</Y>
          <Y t="11">0.00066</Y>
          <Y t="12">0.00072</Y>
          <Y t="13">0.00077</Y>
          <Y t="14">0.00083</Y>
          <Y t="15">0.00093</Y>
          <Y t="16">0.00106</Y>
          <Y t="17">0.0012</Y>
          <Y t="18">0.00135</Y>
          <Y t="19">0.00151</Y>
          <Y t="20">0.00163</Y>
          <Y t="21">0.00174</Y>
          <Y t="22">0.0019</Y>
          <Y t="23">0.00208</Y>
          <Y t="24">0.00237</Y>
          <Y t="25">0.00269</Y>
        </Axis>
      </Axis>
      <Axis t="25">
        <Axis>
          <Y t="1">0.00023</Y>
          <Y t="2">0.0003</Y>
          <Y t="3">0.00036</Y>
          <Y t="4">0.00038</Y>
          <Y t="5">0.0004</Y>
          <Y t="6">0.00042</Y>
          <Y t="7">0.00046</Y>
          <Y t="8">0.00051</Y>
          <Y t="9">0.00059</Y>
          <Y t="10">0.00064</Y>
          <Y t="11">0.00068</Y>
          <Y t="12">0.00072</Y>
          <Y t="13">0.0008</Y>
          <Y t="14">0.00085</Y>
          <Y t="15">0.00095</Y>
          <Y t="16">0.0011</Y>
          <Y t="17">0.00125</Y>
          <Y t="18">0.0014</Y>
          <Y t="19">0.00156</Y>
          <Y t="20">0.00171</Y>
          <Y t="21">0.00184</Y>
          <Y t="22">0.00202</Y>
          <Y t="23">0.0023</Y>
          <Y t="24">0.00262</Y>
          <Y t="25">0.00297</Y>
        </Axis>
      </Axis>
      <Axis t="26">
        <Axis>
          <Y t="1">0.00022</Y>
          <Y t="2">0.0003</Y>
          <Y t="3">0.00035</Y>
          <Y t="4">0.00037</Y>
          <Y t="5">0.00039</Y>
          <Y t="6">0.00041</Y>
          <Y t="7">0.00045</Y>
          <Y t="8">0.00052</Y>
          <Y t="9">0.0006</Y>
          <Y t="10">0.00065</Y>
          <Y t="11">0.00069</Y>
          <Y t="12">0.00074</Y>
          <Y t="13">0.0008</Y>
          <Y t="14">0.00089</Y>
          <Y t="15">0.001</Y>
          <Y t="16">0.00115</Y>
          <Y t="17">0.0013</Y>
          <Y t="18">0.00147</Y>
          <Y t="19">0.00162</Y>
          <Y t="20">0.00179</Y>
          <Y t="21">0.00195</Y>
          <Y t="22">0.00213</Y>
          <Y t="23">0.00238</Y>
          <Y t="24">0.00269</Y>
          <Y t="25">0.00309</Y>
        </Axis>
      </Axis>
      <Axis t="27">
        <Axis>
          <Y t="1">0.00022</Y>
          <Y t="2">0.00029</Y>
          <Y t="3">0.00035</Y>
          <Y t="4">0.00036</Y>
          <Y t="5">0.00038</Y>
          <Y t="6">0.0004</Y>
          <Y t="7">0.00046</Y>
          <Y t="8">0.00053</Y>
          <Y t="9">0.0006</Y>
          <Y t="10">0.00066</Y>
          <Y t="11">0.00071</Y>
          <Y t="12">0.00078</Y>
          <Y t="13">0.00086</Y>
          <Y t="14">0.00095</Y>
          <Y t="15">0.00108</Y>
          <Y t="16">0.00122</Y>
          <Y t="17">0.00137</Y>
          <Y t="18">0.00153</Y>
          <Y t="19">0.0017</Y>
          <Y t="20">0.00186</Y>
          <Y t="21">0.00203</Y>
          <Y t="22">0.00225</Y>
          <Y t="23">0.00253</Y>
          <Y t="24">0.00286</Y>
          <Y t="25">0.00331</Y>
        </Axis>
      </Axis>
      <Axis t="28">
        <Axis>
          <Y t="1">0.00021</Y>
          <Y t="2">0.0003</Y>
          <Y t="3">0.00034</Y>
          <Y t="4">0.00036</Y>
          <Y t="5">0.00038</Y>
          <Y t="6">0.00041</Y>
          <Y t="7">0.00047</Y>
          <Y t="8">0.00054</Y>
          <Y t="9">0.00061</Y>
          <Y t="10">0.00068</Y>
          <Y t="11">0.00075</Y>
          <Y t="12">0.00082</Y>
          <Y t="13">0.00091</Y>
          <Y t="14">0.00102</Y>
          <Y t="15">0.00115</Y>
          <Y t="16">0.00129</Y>
          <Y t="17">0.00145</Y>
          <Y t="18">0.00161</Y>
          <Y t="19">0.00177</Y>
          <Y t="20">0.00194</Y>
          <Y t="21">0.00215</Y>
          <Y t="22">0.00237</Y>
          <Y t="23">0.00269</Y>
          <Y t="24">0.00305</Y>
          <Y t="25">0.00353</Y>
        </Axis>
      </Axis>
      <Axis t="29">
        <Axis>
          <Y t="1">0.00021</Y>
          <Y t="2">0.0003</Y>
          <Y t="3">0.00033</Y>
          <Y t="4">0.00037</Y>
          <Y t="5">0.00039</Y>
          <Y t="6">0.00042</Y>
          <Y t="7">0.00047</Y>
          <Y t="8">0.00056</Y>
          <Y t="9">0.00063</Y>
          <Y t="10">0.00072</Y>
          <Y t="11">0.00079</Y>
          <Y t="12">0.00088</Y>
          <Y t="13">0.00097</Y>
          <Y t="14">0.00109</Y>
          <Y t="15">0.00123</Y>
          <Y t="16">0.00137</Y>
          <Y t="17">0.00153</Y>
          <Y t="18">0.0017</Y>
          <Y t="19">0.00187</Y>
          <Y t="20">0.00204</Y>
          <Y t="21">0.00226</Y>
          <Y t="22">0.00252</Y>
          <Y t="23">0.00284</Y>
          <Y t="24">0.00325</Y>
          <Y t="25">0.00377</Y>
        </Axis>
      </Axis>
      <Axis t="30">
        <Axis>
          <Y t="1">0.00022</Y>
          <Y t="2">0.00031</Y>
          <Y t="3">0.00035</Y>
          <Y t="4">0.00038</Y>
          <Y t="5">0.0004</Y>
          <Y t="6">0.00045</Y>
          <Y t="7">0.0005</Y>
          <Y t="8">0.00059</Y>
          <Y t="9">0.00067</Y>
          <Y t="10">0.00076</Y>
          <Y t="11">0.00085</Y>
          <Y t="12">0.00093</Y>
          <Y t="13">0.00105</Y>
          <Y t="14">0.00117</Y>
          <Y t="15">0.00131</Y>
          <Y t="16">0.00147</Y>
          <Y t="17">0.00162</Y>
          <Y t="18">0.00179</Y>
          <Y t="19">0.00197</Y>
          <Y t="20">0.00217</Y>
          <Y t="21">0.00241</Y>
          <Y t="22">0.00267</Y>
          <Y t="23">0.00302</Y>
          <Y t="24">0.00345</Y>
          <Y t="25">0.00403</Y>
        </Axis>
      </Axis>
      <Axis t="31">
        <Axis>
          <Y t="1">0.00022</Y>
          <Y t="2">0.00031</Y>
          <Y t="3">0.00036</Y>
          <Y t="4">0.00039</Y>
          <Y t="5">0.00041</Y>
          <Y t="6">0.00046</Y>
          <Y t="7">0.00054</Y>
          <Y t="8">0.00063</Y>
          <Y t="9">0.00071</Y>
          <Y t="10">0.00081</Y>
          <Y t="11">0.0009</Y>
          <Y t="12">0.00102</Y>
          <Y t="13">0.00114</Y>
          <Y t="14">0.00127</Y>
          <Y t="15">0.00142</Y>
          <Y t="16">0.00157</Y>
          <Y t="17">0.00174</Y>
          <Y t="18">0.0019</Y>
          <Y t="19">0.00208</Y>
          <Y t="20">0.0023</Y>
          <Y t="21">0.00254</Y>
          <Y t="22">0.00284</Y>
          <Y t="23">0.00321</Y>
          <Y t="24">0.00368</Y>
          <Y t="25">0.00427</Y>
        </Axis>
      </Axis>
      <Axis t="32">
        <Axis>
          <Y t="1">0.00023</Y>
          <Y t="2">0.00032</Y>
          <Y t="3">0.00037</Y>
          <Y t="4">0.0004</Y>
          <Y t="5">0.00043</Y>
          <Y t="6">0.00048</Y>
          <Y t="7">0.00057</Y>
          <Y t="8">0.00067</Y>
          <Y t="9">0.00077</Y>
          <Y t="10">0.00087</Y>
          <Y t="11">0.00098</Y>
          <Y t="12">0.0011</Y>
          <Y t="13">0.00123</Y>
          <Y t="14">0.00139</Y>
          <Y t="15">0.00153</Y>
          <Y t="16">0.00168</Y>
          <Y t="17">0.00186</Y>
          <Y t="18">0.00203</Y>
          <Y t="19">0.00223</Y>
          <Y t="20">0.00245</Y>
          <Y t="21">0.00271</Y>
          <Y t="22">0.00303</Y>
          <Y t="23">0.00341</Y>
          <Y t="24">0.00392</Y>
          <Y t="25">0.00456</Y>
        </Axis>
      </Axis>
      <Axis t="33">
        <Axis>
          <Y t="1">0.00023</Y>
          <Y t="2">0.00033</Y>
          <Y t="3">0.00038</Y>
          <Y t="4">0.00041</Y>
          <Y t="5">0.00044</Y>
          <Y t="6">0.00053</Y>
          <Y t="7">0.00061</Y>
          <Y t="8">0.00072</Y>
          <Y t="9">0.00082</Y>
          <Y t="10">0.00094</Y>
          <Y t="11">0.00107</Y>
          <Y t="12">0.0012</Y>
          <Y t="13">0.00135</Y>
          <Y t="14">0.00149</Y>
          <Y t="15">0.00165</Y>
          <Y t="16">0.00181</Y>
          <Y t="17">0.00199</Y>
          <Y t="18">0.00216</Y>
          <Y t="19">0.00237</Y>
          <Y t="20">0.0026</Y>
          <Y t="21">0.00289</Y>
          <Y t="22">0.00321</Y>
          <Y t="23">0.00363</Y>
          <Y t="24">0.00416</Y>
          <Y t="25">0.00485</Y>
        </Axis>
      </Axis>
      <Axis t="34">
        <Axis>
          <Y t="1">0.00024</Y>
          <Y t="2">0.00034</Y>
          <Y t="3">0.00039</Y>
          <Y t="4">0.00042</Y>
          <Y t="5">0.00049</Y>
          <Y t="6">0.00057</Y>
          <Y t="7">0.00066</Y>
          <Y t="8">0.00078</Y>
          <Y t="9">0.00089</Y>
          <Y t="10">0.00102</Y>
          <Y t="11">0.00115</Y>
          <Y t="12">0.0013</Y>
          <Y t="13">0.00146</Y>
          <Y t="14">0.00161</Y>
          <Y t="15">0.00179</Y>
          <Y t="16">0.00194</Y>
          <Y t="17">0.00213</Y>
          <Y t="18">0.00232</Y>
          <Y t="19">0.00254</Y>
          <Y t="20">0.00278</Y>
          <Y t="21">0.00308</Y>
          <Y t="22">0.00343</Y>
          <Y t="23">0.00387</Y>
          <Y t="24">0.00443</Y>
          <Y t="25">0.00517</Y>
        </Axis>
      </Axis>
      <Axis t="35">
        <Axis>
          <Y t="1">0.00026</Y>
          <Y t="2">0.00035</Y>
          <Y t="3">0.0004</Y>
          <Y t="4">0.00043</Y>
          <Y t="5">0.00051</Y>
          <Y t="6">0.00061</Y>
          <Y t="7">0.00072</Y>
          <Y t="8">0.00083</Y>
          <Y t="9">0.00096</Y>
          <Y t="10">0.0011</Y>
          <Y t="11">0.00125</Y>
          <Y t="12">0.00142</Y>
          <Y t="13">0.00158</Y>
          <Y t="14">0.00175</Y>
          <Y t="15">0.00192</Y>
          <Y t="16">0.0021</Y>
          <Y t="17">0.00229</Y>
          <Y t="18">0.00249</Y>
          <Y t="19">0.00272</Y>
          <Y t="20">0.00297</Y>
          <Y t="21">0.00329</Y>
          <Y t="22">0.00366</Y>
          <Y t="23">0.00413</Y>
          <Y t="24">0.00474</Y>
          <Y t="25">0.00552</Y>
        </Axis>
      </Axis>
      <Axis t="36">
        <Axis>
          <Y t="1">0.00027</Y>
          <Y t="2">0.00036</Y>
          <Y t="3">0.00041</Y>
          <Y t="4">0.00046</Y>
          <Y t="5">0.00055</Y>
          <Y t="6">0.00066</Y>
          <Y t="7">0.00077</Y>
          <Y t="8">0.0009</Y>
          <Y t="9">0.00104</Y>
          <Y t="10">0.0012</Y>
          <Y t="11">0.00136</Y>
          <Y t="12">0.00154</Y>
          <Y t="13">0.00171</Y>
          <Y t="14">0.0019</Y>
          <Y t="15">0.00208</Y>
          <Y t="16">0.00226</Y>
          <Y t="17">0.00246</Y>
          <Y t="18">0.00267</Y>
          <Y t="19">0.00291</Y>
          <Y t="20">0.00319</Y>
          <Y t="21">0.00352</Y>
          <Y t="22">0.00391</Y>
          <Y t="23">0.00441</Y>
          <Y t="24">0.00507</Y>
          <Y t="25">0.00591</Y>
        </Axis>
      </Axis>
      <Axis t="37">
        <Axis>
          <Y t="1">0.00028</Y>
          <Y t="2">0.00038</Y>
          <Y t="3">0.00042</Y>
          <Y t="4">0.00048</Y>
          <Y t="5">0.00059</Y>
          <Y t="6">0.00072</Y>
          <Y t="7">0.00084</Y>
          <Y t="8">0.00097</Y>
          <Y t="9">0.00113</Y>
          <Y t="10">0.00129</Y>
          <Y t="11">0.00148</Y>
          <Y t="12">0.00168</Y>
          <Y t="13">0.00186</Y>
          <Y t="14">0.00206</Y>
          <Y t="15">0.00224</Y>
          <Y t="16">0.00243</Y>
          <Y t="17">0.00264</Y>
          <Y t="18">0.00288</Y>
          <Y t="19">0.00313</Y>
          <Y t="20">0.00342</Y>
          <Y t="21">0.00375</Y>
          <Y t="22">0.00419</Y>
          <Y t="23">0.00473</Y>
          <Y t="24">0.00545</Y>
          <Y t="25">0.00637</Y>
        </Axis>
      </Axis>
      <Axis t="38">
        <Axis>
          <Y t="1">0.00029</Y>
          <Y t="2">0.00039</Y>
          <Y t="3">0.00043</Y>
          <Y t="4">0.00053</Y>
          <Y t="5">0.00065</Y>
          <Y t="6">0.00077</Y>
          <Y t="7">0.00091</Y>
          <Y t="8">0.00105</Y>
          <Y t="9">0.00122</Y>
          <Y t="10">0.0014</Y>
          <Y t="11">0.00162</Y>
          <Y t="12">0.00181</Y>
          <Y t="13">0.00201</Y>
          <Y t="14">0.00222</Y>
          <Y t="15">0.00241</Y>
          <Y t="16">0.00263</Y>
          <Y t="17">0.00285</Y>
          <Y t="18">0.00308</Y>
          <Y t="19">0.00336</Y>
          <Y t="20">0.00366</Y>
          <Y t="21">0.00403</Y>
          <Y t="22">0.0045</Y>
          <Y t="23">0.0051</Y>
          <Y t="24">0.00587</Y>
          <Y t="25">0.00687</Y>
        </Axis>
      </Axis>
      <Axis t="39">
        <Axis>
          <Y t="1">0.00031</Y>
          <Y t="2">0.0004</Y>
          <Y t="3">0.00044</Y>
          <Y t="4">0.00057</Y>
          <Y t="5">0.00071</Y>
          <Y t="6">0.00084</Y>
          <Y t="7">0.00098</Y>
          <Y t="8">0.00115</Y>
          <Y t="9">0.00133</Y>
          <Y t="10">0.00153</Y>
          <Y t="11">0.00175</Y>
          <Y t="12">0.00196</Y>
          <Y t="13">0.00218</Y>
          <Y t="14">0.00239</Y>
          <Y t="15">0.00261</Y>
          <Y t="16">0.00283</Y>
          <Y t="17">0.00306</Y>
          <Y t="18">0.00331</Y>
          <Y t="19">0.0036</Y>
          <Y t="20">0.00392</Y>
          <Y t="21">0.00433</Y>
          <Y t="22">0.00485</Y>
          <Y t="23">0.00551</Y>
          <Y t="24">0.00636</Y>
          <Y t="25">0.00746</Y>
        </Axis>
      </Axis>
      <Axis t="40">
        <Axis>
          <Y t="1">0.00032</Y>
          <Y t="2">0.00041</Y>
          <Y t="3">0.00047</Y>
          <Y t="4">0.00062</Y>
          <Y t="5">0.00076</Y>
          <Y t="6">0.00091</Y>
          <Y t="7">0.00106</Y>
          <Y t="8">0.00124</Y>
          <Y t="9">0.00144</Y>
          <Y t="10">0.00166</Y>
          <Y t="11">0.00189</Y>
          <Y t="12">0.00212</Y>
          <Y t="13">0.00234</Y>
          <Y t="14">0.00258</Y>
          <Y t="15">0.00281</Y>
          <Y t="16">0.00304</Y>
          <Y t="17">0.00328</Y>
          <Y t="18">0.00356</Y>
          <Y t="19">0.00386</Y>
          <Y t="20">0.00421</Y>
          <Y t="21">0.00467</Y>
          <Y t="22">0.00524</Y>
          <Y t="23">0.00597</Y>
          <Y t="24">0.00692</Y>
          <Y t="25">0.00811</Y>
        </Axis>
      </Axis>
      <Axis t="41">
        <Axis>
          <Y t="1">0.00033</Y>
          <Y t="2">0.00042</Y>
          <Y t="3">0.00051</Y>
          <Y t="4">0.00066</Y>
          <Y t="5">0.00083</Y>
          <Y t="6">0.00098</Y>
          <Y t="7">0.00114</Y>
          <Y t="8">0.00134</Y>
          <Y t="9">0.00156</Y>
          <Y t="10">0.0018</Y>
          <Y t="11">0.00205</Y>
          <Y t="12">0.00228</Y>
          <Y t="13">0.00253</Y>
          <Y t="14">0.00277</Y>
          <Y t="15">0.00301</Y>
          <Y t="16">0.00325</Y>
          <Y t="17">0.00352</Y>
          <Y t="18">0.00381</Y>
          <Y t="19">0.00414</Y>
          <Y t="20">0.00454</Y>
          <Y t="21">0.00503</Y>
          <Y t="22">0.00568</Y>
          <Y t="23">0.00651</Y>
          <Y t="24">0.00755</Y>
          <Y t="25">0.00886</Y>
        </Axis>
      </Axis>
      <Axis t="42">
        <Axis>
          <Y t="1">0.00035</Y>
          <Y t="2">0.00044</Y>
          <Y t="3">0.00056</Y>
          <Y t="4">0.00074</Y>
          <Y t="5">0.0009</Y>
          <Y t="6">0.00106</Y>
          <Y t="7">0.00124</Y>
          <Y t="8">0.00145</Y>
          <Y t="9">0.00168</Y>
          <Y t="10">0.00193</Y>
          <Y t="11">0.00221</Y>
          <Y t="12">0.00247</Y>
          <Y t="13">0.00271</Y>
          <Y t="14">0.00297</Y>
          <Y t="15">0.00322</Y>
          <Y t="16">0.00348</Y>
          <Y t="17">0.00377</Y>
          <Y t="18">0.00409</Y>
          <Y t="19">0.00446</Y>
          <Y t="20">0.0049</Y>
          <Y t="21">0.00546</Y>
          <Y t="22">0.00619</Y>
          <Y t="23">0.0071</Y>
          <Y t="24">0.00828</Y>
          <Y t="25">0.00972</Y>
        </Axis>
      </Axis>
      <Axis t="43">
        <Axis>
          <Y t="1">0.00036</Y>
          <Y t="2">0.00045</Y>
          <Y t="3">0.00061</Y>
          <Y t="4">0.00079</Y>
          <Y t="5">0.00097</Y>
          <Y t="6">0.00114</Y>
          <Y t="7">0.00133</Y>
          <Y t="8">0.00157</Y>
          <Y t="9">0.00182</Y>
          <Y t="10">0.00209</Y>
          <Y t="11">0.00237</Y>
          <Y t="12">0.00265</Y>
          <Y t="13">0.00292</Y>
          <Y t="14">0.00319</Y>
          <Y t="15">0.00345</Y>
          <Y t="16">0.00374</Y>
          <Y t="17">0.00405</Y>
          <Y t="18">0.00439</Y>
          <Y t="19">0.00479</Y>
          <Y t="20">0.0053</Y>
          <Y t="21">0.00593</Y>
          <Y t="22">0.00676</Y>
          <Y t="23">0.0078</Y>
          <Y t="24">0.0091</Y>
          <Y t="25">0.0107</Y>
        </Axis>
      </Axis>
      <Axis t="44">
        <Axis>
          <Y t="1">0.00037</Y>
          <Y t="2">0.00047</Y>
          <Y t="3">0.00067</Y>
          <Y t="4">0.00086</Y>
          <Y t="5">0.00103</Y>
          <Y t="6">0.00122</Y>
          <Y t="7">0.00144</Y>
          <Y t="8">0.00169</Y>
          <Y t="9">0.00196</Y>
          <Y t="10">0.00225</Y>
          <Y t="11">0.00255</Y>
          <Y t="12">0.00283</Y>
          <Y t="13">0.00313</Y>
          <Y t="14">0.0034</Y>
          <Y t="15">0.00369</Y>
          <Y t="16">0.004</Y>
          <Y t="17">0.00434</Y>
          <Y t="18">0.00471</Y>
          <Y t="19">0.00518</Y>
          <Y t="20">0.00575</Y>
          <Y t="21">0.00648</Y>
          <Y t="22">0.00742</Y>
          <Y t="23">0.00858</Y>
          <Y t="24">0.01005</Y>
          <Y t="25">0.01182</Y>
        </Axis>
      </Axis>
      <Axis t="45">
        <Axis>
          <Y t="1">0.00038</Y>
          <Y t="2">0.00052</Y>
          <Y t="3">0.00074</Y>
          <Y t="4">0.00093</Y>
          <Y t="5">0.00112</Y>
          <Y t="6">0.00132</Y>
          <Y t="7">0.00155</Y>
          <Y t="8">0.00182</Y>
          <Y t="9">0.00211</Y>
          <Y t="10">0.00242</Y>
          <Y t="11">0.00273</Y>
          <Y t="12">0.00304</Y>
          <Y t="13">0.00335</Y>
          <Y t="14">0.00365</Y>
          <Y t="15">0.00396</Y>
          <Y t="16">0.00428</Y>
          <Y t="17">0.00465</Y>
          <Y t="18">0.00509</Y>
          <Y t="19">0.0056</Y>
          <Y t="20">0.00626</Y>
          <Y t="21">0.0071</Y>
          <Y t="22">0.00815</Y>
          <Y t="23">0.00949</Y>
          <Y t="24">0.01111</Y>
          <Y t="25">0.01307</Y>
        </Axis>
      </Axis>
      <Axis t="46">
        <Axis>
          <Y t="1">0.0004</Y>
          <Y t="2">0.00057</Y>
          <Y t="3">0.00079</Y>
          <Y t="4">0.00099</Y>
          <Y t="5">0.00121</Y>
          <Y t="6">0.00143</Y>
          <Y t="7">0.00168</Y>
          <Y t="8">0.00197</Y>
          <Y t="9">0.00228</Y>
          <Y t="10">0.00261</Y>
          <Y t="11">0.00293</Y>
          <Y t="12">0.00324</Y>
          <Y t="13">0.00356</Y>
          <Y t="14">0.00388</Y>
          <Y t="15">0.00422</Y>
          <Y t="16">0.00459</Y>
          <Y t="17">0.005</Y>
          <Y t="18">0.00548</Y>
          <Y t="19">0.00608</Y>
          <Y t="20">0.00683</Y>
          <Y t="21">0.00779</Y>
          <Y t="22">0.009</Y>
          <Y t="23">0.0105</Y>
          <Y t="24">0.01232</Y>
          <Y t="25">0.01449</Y>
        </Axis>
      </Axis>
      <Axis t="47">
        <Axis>
          <Y t="1">0.00041</Y>
          <Y t="2">0.00061</Y>
          <Y t="3">0.00086</Y>
          <Y t="4">0.00108</Y>
          <Y t="5">0.00129</Y>
          <Y t="6">0.00153</Y>
          <Y t="7">0.00181</Y>
          <Y t="8">0.00212</Y>
          <Y t="9">0.00245</Y>
          <Y t="10">0.00279</Y>
          <Y t="11">0.00314</Y>
          <Y t="12">0.00348</Y>
          <Y t="13">0.00381</Y>
          <Y t="14">0.00415</Y>
          <Y t="15">0.00452</Y>
          <Y t="16">0.00492</Y>
          <Y t="17">0.00538</Y>
          <Y t="18">0.00594</Y>
          <Y t="19">0.00664</Y>
          <Y t="20">0.00751</Y>
          <Y t="21">0.00861</Y>
          <Y t="22">0.00998</Y>
          <Y t="23">0.01166</Y>
          <Y t="24">0.0137</Y>
          <Y t="25">0.0161</Y>
        </Axis>
      </Axis>
      <Axis t="48">
        <Axis>
          <Y t="1">0.00042</Y>
          <Y t="2">0.00067</Y>
          <Y t="3">0.00091</Y>
          <Y t="4">0.00116</Y>
          <Y t="5">0.00139</Y>
          <Y t="6">0.00166</Y>
          <Y t="7">0.00195</Y>
          <Y t="8">0.00229</Y>
          <Y t="9">0.00264</Y>
          <Y t="10">0.003</Y>
          <Y t="11">0.00335</Y>
          <Y t="12">0.0037</Y>
          <Y t="13">0.00407</Y>
          <Y t="14">0.00444</Y>
          <Y t="15">0.00484</Y>
          <Y t="16">0.0053</Y>
          <Y t="17">0.00583</Y>
          <Y t="18">0.00647</Y>
          <Y t="19">0.00726</Y>
          <Y t="20">0.00827</Y>
          <Y t="21">0.00953</Y>
          <Y t="22">0.01109</Y>
          <Y t="23">0.01298</Y>
          <Y t="24">0.01525</Y>
          <Y t="25">0.01792</Y>
        </Axis>
      </Axis>
      <Axis t="49">
        <Axis>
          <Y t="1">0.00043</Y>
          <Y t="2">0.00072</Y>
          <Y t="3">0.00098</Y>
          <Y t="4">0.00124</Y>
          <Y t="5">0.00149</Y>
          <Y t="6">0.00179</Y>
          <Y t="7">0.00211</Y>
          <Y t="8">0.00247</Y>
          <Y t="9">0.00283</Y>
          <Y t="10">0.00322</Y>
          <Y t="11">0.00359</Y>
          <Y t="12">0.00397</Y>
          <Y t="13">0.00435</Y>
          <Y t="14">0.00476</Y>
          <Y t="15">0.0052</Y>
          <Y t="16">0.0057</Y>
          <Y t="17">0.00631</Y>
          <Y t="18">0.00706</Y>
          <Y t="19">0.00798</Y>
          <Y t="20">0.00915</Y>
          <Y t="21">0.01058</Y>
          <Y t="22">0.01233</Y>
          <Y t="23">0.01446</Y>
          <Y t="24">0.01697</Y>
          <Y t="25">0.01992</Y>
        </Axis>
      </Axis>
      <Axis t="50">
        <Axis>
          <Y t="1">0.00046</Y>
          <Y t="2">0.00078</Y>
          <Y t="3">0.00105</Y>
          <Y t="4">0.00133</Y>
          <Y t="5">0.00161</Y>
          <Y t="6">0.00193</Y>
          <Y t="7">0.00228</Y>
          <Y t="8">0.00267</Y>
          <Y t="9">0.00305</Y>
          <Y t="10">0.00344</Y>
          <Y t="11">0.00385</Y>
          <Y t="12">0.00424</Y>
          <Y t="13">0.00465</Y>
          <Y t="14">0.0051</Y>
          <Y t="15">0.00559</Y>
          <Y t="16">0.00617</Y>
          <Y t="17">0.00687</Y>
          <Y t="18">0.00773</Y>
          <Y t="19">0.0088</Y>
          <Y t="20">0.01013</Y>
          <Y t="21">0.01177</Y>
          <Y t="22">0.01374</Y>
          <Y t="23">0.01611</Y>
          <Y t="24">0.01889</Y>
          <Y t="25">0.02214</Y>
        </Axis>
      </Axis>
      <Axis t="51">
        <Axis>
          <Y t="1">0.0005</Y>
          <Y t="2">0.00083</Y>
          <Y t="3">0.00113</Y>
          <Y t="4">0.00142</Y>
          <Y t="5">0.00174</Y>
          <Y t="6">0.00209</Y>
          <Y t="7">0.00248</Y>
          <Y t="8">0.00287</Y>
          <Y t="9">0.00328</Y>
          <Y t="10">0.00369</Y>
          <Y t="11">0.00412</Y>
          <Y t="12">0.00454</Y>
          <Y t="13">0.00499</Y>
          <Y t="14">0.00548</Y>
          <Y t="15">0.00605</Y>
          <Y t="16">0.00671</Y>
          <Y t="17">0.00751</Y>
          <Y t="18">0.00851</Y>
          <Y t="19">0.00975</Y>
          <Y t="20">0.01125</Y>
          <Y t="21">0.01311</Y>
          <Y t="22">0.01532</Y>
          <Y t="23">0.01794</Y>
          <Y t="24">0.02102</Y>
          <Y t="25">0.0246</Y>
        </Axis>
      </Axis>
      <Axis t="52">
        <Axis>
          <Y t="1">0.00054</Y>
          <Y t="2">0.00088</Y>
          <Y t="3">0.0012</Y>
          <Y t="4">0.00152</Y>
          <Y t="5">0.00187</Y>
          <Y t="6">0.00226</Y>
          <Y t="7">0.00267</Y>
          <Y t="8">0.0031</Y>
          <Y t="9">0.00353</Y>
          <Y t="10">0.00397</Y>
          <Y t="11">0.00441</Y>
          <Y t="12">0.00487</Y>
          <Y t="13">0.00536</Y>
          <Y t="14">0.00591</Y>
          <Y t="15">0.00655</Y>
          <Y t="16">0.00732</Y>
          <Y t="17">0.00825</Y>
          <Y t="18">0.00939</Y>
          <Y t="19">0.01081</Y>
          <Y t="20">0.01253</Y>
          <Y t="21">0.0146</Y>
          <Y t="22">0.01707</Y>
          <Y t="23">0.01998</Y>
          <Y t="24">0.02336</Y>
          <Y t="25">0.02731</Y>
        </Axis>
      </Axis>
      <Axis t="53">
        <Axis>
          <Y t="1">0.00057</Y>
          <Y t="2">0.00093</Y>
          <Y t="3">0.00128</Y>
          <Y t="4">0.00164</Y>
          <Y t="5">0.00204</Y>
          <Y t="6">0.00245</Y>
          <Y t="7">0.0029</Y>
          <Y t="8">0.00334</Y>
          <Y t="9">0.0038</Y>
          <Y t="10">0.00426</Y>
          <Y t="11">0.00474</Y>
          <Y t="12">0.00524</Y>
          <Y t="13">0.0058</Y>
          <Y t="14">0.00641</Y>
          <Y t="15">0.00715</Y>
          <Y t="16">0.00802</Y>
          <Y t="17">0.00909</Y>
          <Y t="18">0.01042</Y>
          <Y t="19">0.01203</Y>
          <Y t="20">0.01397</Y>
          <Y t="21">0.01629</Y>
          <Y t="22">0.01903</Y>
          <Y t="23">0.02224</Y>
          <Y t="24">0.02596</Y>
          <Y t="25">0.03027</Y>
        </Axis>
      </Axis>
      <Axis t="54">
        <Axis>
          <Y t="1">0.00061</Y>
          <Y t="2">0.001</Y>
          <Y t="3">0.00137</Y>
          <Y t="4">0.00178</Y>
          <Y t="5">0.00221</Y>
          <Y t="6">0.00267</Y>
          <Y t="7">0.00314</Y>
          <Y t="8">0.00362</Y>
          <Y t="9">0.0041</Y>
          <Y t="10">0.00461</Y>
          <Y t="11">0.00512</Y>
          <Y t="12">0.00566</Y>
          <Y t="13">0.00628</Y>
          <Y t="14">0.00699</Y>
          <Y t="15">0.00783</Y>
          <Y t="16">0.00884</Y>
          <Y t="17">0.01007</Y>
          <Y t="18">0.01158</Y>
          <Y t="19">0.01341</Y>
          <Y t="20">0.01559</Y>
          <Y t="21">0.01817</Y>
          <Y t="22">0.02119</Y>
          <Y t="23">0.02471</Y>
          <Y t="24">0.0288</Y>
          <Y t="25">0.03352</Y>
        </Axis>
      </Axis>
      <Axis t="55">
        <Axis>
          <Y t="1">0.00064</Y>
          <Y t="2">0.00106</Y>
          <Y t="3">0.00149</Y>
          <Y t="4">0.00194</Y>
          <Y t="5">0.00241</Y>
          <Y t="6">0.0029</Y>
          <Y t="7">0.00341</Y>
          <Y t="8">0.00393</Y>
          <Y t="9">0.00445</Y>
          <Y t="10">0.00497</Y>
          <Y t="11">0.00554</Y>
          <Y t="12">0.00616</Y>
          <Y t="13">0.00685</Y>
          <Y t="14">0.00765</Y>
          <Y t="15">0.00862</Y>
          <Y t="16">0.00978</Y>
          <Y t="17">0.01119</Y>
          <Y t="18">0.01291</Y>
          <Y t="19">0.01496</Y>
          <Y t="20">0.0174</Y>
          <Y t="21">0.02025</Y>
          <Y t="22">0.02358</Y>
          <Y t="23">0.02743</Y>
          <Y t="24">0.03189</Y>
          <Y t="25">0.03704</Y>
        </Axis>
      </Axis>
      <Axis t="56">
        <Axis>
          <Y t="1">0.00068</Y>
          <Y t="2">0.00114</Y>
          <Y t="3">0.00162</Y>
          <Y t="4">0.0021</Y>
          <Y t="5">0.00263</Y>
          <Y t="6">0.00316</Y>
          <Y t="7">0.00371</Y>
          <Y t="8">0.00426</Y>
          <Y t="9">0.00482</Y>
          <Y t="10">0.0054</Y>
          <Y t="11">0.00602</Y>
          <Y t="12">0.00672</Y>
          <Y t="13">0.0075</Y>
          <Y t="14">0.00842</Y>
          <Y t="15">0.00954</Y>
          <Y t="16">0.01086</Y>
          <Y t="17">0.01248</Y>
          <Y t="18">0.01441</Y>
          <Y t="19">0.01671</Y>
          <Y t="20">0.01941</Y>
          <Y t="21">0.02255</Y>
          <Y t="22">0.0262</Y>
          <Y t="23">0.0304</Y>
          <Y t="24">0.03524</Y>
          <Y t="25">0.04085</Y>
        </Axis>
      </Axis>
      <Axis t="57">
        <Axis>
          <Y t="1">0.00073</Y>
          <Y t="2">0.00123</Y>
          <Y t="3">0.00176</Y>
          <Y t="4">0.00231</Y>
          <Y t="5">0.00288</Y>
          <Y t="6">0.00346</Y>
          <Y t="7">0.00405</Y>
          <Y t="8">0.00464</Y>
          <Y t="9">0.00525</Y>
          <Y t="10">0.00589</Y>
          <Y t="11">0.00658</Y>
          <Y t="12">0.00736</Y>
          <Y t="13">0.00826</Y>
          <Y t="14">0.00933</Y>
          <Y t="15">0.01059</Y>
          <Y t="16">0.01211</Y>
          <Y t="17">0.01393</Y>
          <Y t="18">0.01611</Y>
          <Y t="19">0.01866</Y>
          <Y t="20">0.02164</Y>
          <Y t="21">0.02509</Y>
          <Y t="22">0.02906</Y>
          <Y t="23">0.03363</Y>
          <Y t="24">0.03887</Y>
          <Y t="25">0.04508</Y>
        </Axis>
      </Axis>
      <Axis t="58">
        <Axis>
          <Y t="1">0.00078</Y>
          <Y t="2">0.00134</Y>
          <Y t="3">0.00192</Y>
          <Y t="4">0.00254</Y>
          <Y t="5">0.00316</Y>
          <Y t="6">0.00378</Y>
          <Y t="7">0.00443</Y>
          <Y t="8">0.00507</Y>
          <Y t="9">0.00573</Y>
          <Y t="10">0.00644</Y>
          <Y t="11">0.00723</Y>
          <Y t="12">0.0081</Y>
          <Y t="13">0.00914</Y>
          <Y t="14">0.01035</Y>
          <Y t="15">0.0118</Y>
          <Y t="16">0.01353</Y>
          <Y t="17">0.01559</Y>
          <Y t="18">0.01801</Y>
          <Y t="19">0.02083</Y>
          <Y t="20">0.02411</Y>
          <Y t="21">0.02787</Y>
          <Y t="22">0.03218</Y>
          <Y t="23">0.03712</Y>
          <Y t="24">0.0429</Y>
          <Y t="25">0.04962</Y>
        </Axis>
      </Axis>
      <Axis t="59">
        <Axis>
          <Y t="1">0.00085</Y>
          <Y t="2">0.00145</Y>
          <Y t="3">0.00211</Y>
          <Y t="4">0.00279</Y>
          <Y t="5">0.00347</Y>
          <Y t="6">0.00415</Y>
          <Y t="7">0.00484</Y>
          <Y t="8">0.00555</Y>
          <Y t="9">0.00628</Y>
          <Y t="10">0.00709</Y>
          <Y t="11">0.00796</Y>
          <Y t="12">0.00897</Y>
          <Y t="13">0.01016</Y>
          <Y t="14">0.01154</Y>
          <Y t="15">0.01319</Y>
          <Y t="16">0.01514</Y>
          <Y t="17">0.01744</Y>
          <Y t="18">0.02014</Y>
          <Y t="19">0.02325</Y>
          <Y t="20">0.02682</Y>
          <Y t="21">0.03091</Y>
          <Y t="22">0.03557</Y>
          <Y t="23">0.04098</Y>
          <Y t="24">0.04724</Y>
          <Y t="25">0.05453</Y>
        </Axis>
      </Axis>
      <Axis t="60">
        <Axis>
          <Y t="1">0.00091</Y>
          <Y t="2">0.00161</Y>
          <Y t="3">0.00234</Y>
          <Y t="4">0.00308</Y>
          <Y t="5">0.00383</Y>
          <Y t="6">0.00457</Y>
          <Y t="7">0.00533</Y>
          <Y t="8">0.00611</Y>
          <Y t="9">0.00692</Y>
          <Y t="10">0.00782</Y>
          <Y t="11">0.00882</Y>
          <Y t="12">0.00998</Y>
          <Y t="13">0.01131</Y>
          <Y t="14">0.01291</Y>
          <Y t="15">0.01478</Y>
          <Y t="16">0.01697</Y>
          <Y t="17">0.01954</Y>
          <Y t="18">0.02249</Y>
          <Y t="19">0.0259</Y>
          <Y t="20">0.02979</Y>
          <Y t="21">0.0342</Y>
          <Y t="22">0.0393</Y>
          <Y t="23">0.04515</Y>
          <Y t="24">0.05188</Y>
          <Y t="25">0.05977</Y>
        </Axis>
      </Axis>
      <Axis t="61">
        <Axis>
          <Y t="1">0.001</Y>
          <Y t="2">0.00179</Y>
          <Y t="3">0.00259</Y>
          <Y t="4">0.0034</Y>
          <Y t="5">0.00422</Y>
          <Y t="6">0.00504</Y>
          <Y t="7">0.00588</Y>
          <Y t="8">0.00673</Y>
          <Y t="9">0.00766</Y>
          <Y t="10">0.00866</Y>
          <Y t="11">0.0098</Y>
          <Y t="12">0.01113</Y>
          <Y t="13">0.01266</Y>
          <Y t="14">0.01447</Y>
          <Y t="15">0.01656</Y>
          <Y t="16">0.01902</Y>
          <Y t="17">0.02185</Y>
          <Y t="18">0.02512</Y>
          <Y t="19">0.02882</Y>
          <Y t="20">0.03302</Y>
          <Y t="21">0.03786</Y>
          <Y t="22">0.04334</Y>
          <Y t="23">0.04962</Y>
          <Y t="24">0.05686</Y>
          <Y t="25">0.066</Y>
        </Axis>
      </Axis>
      <Axis t="62">
        <Axis>
          <Y t="1">0.00111</Y>
          <Y t="2">0.00197</Y>
          <Y t="3">0.00288</Y>
          <Y t="4">0.00377</Y>
          <Y t="5">0.00467</Y>
          <Y t="6">0.00557</Y>
          <Y t="7">0.00649</Y>
          <Y t="8">0.00745</Y>
          <Y t="9">0.00849</Y>
          <Y t="10">0.00965</Y>
          <Y t="11">0.01095</Y>
          <Y t="12">0.01245</Y>
          <Y t="13">0.0142</Y>
          <Y t="14">0.01623</Y>
          <Y t="15">0.01859</Y>
          <Y t="16">0.02132</Y>
          <Y t="17">0.02444</Y>
          <Y t="18">0.028</Y>
          <Y t="19">0.03202</Y>
          <Y t="20">0.03661</Y>
          <Y t="21">0.0418</Y>
          <Y t="22">0.04768</Y>
          <Y t="23">0.0544</Y>
          <Y t="24">0.06337</Y>
          <Y t="25">0.07274</Y>
        </Axis>
      </Axis>
      <Axis t="63">
        <Axis>
          <Y t="1">0.00124</Y>
          <Y t="2">0.00222</Y>
          <Y t="3">0.0032</Y>
          <Y t="4">0.00419</Y>
          <Y t="5">0.00518</Y>
          <Y t="6">0.00617</Y>
          <Y t="7">0.00719</Y>
          <Y t="8">0.00827</Y>
          <Y t="9">0.00944</Y>
          <Y t="10">0.01075</Y>
          <Y t="11">0.01225</Y>
          <Y t="12">0.01396</Y>
          <Y t="13">0.01594</Y>
          <Y t="14">0.01822</Y>
          <Y t="15">0.02086</Y>
          <Y t="16">0.02388</Y>
          <Y t="17">0.0273</Y>
          <Y t="18">0.03115</Y>
          <Y t="19">0.03557</Y>
          <Y t="20">0.0405</Y>
          <Y t="21">0.04605</Y>
          <Y t="22">0.05233</Y>
          <Y t="23">0.06113</Y>
          <Y t="24">0.07043</Y>
          <Y t="25">0.07992</Y>
        </Axis>
      </Axis>
      <Axis t="64">
        <Axis>
          <Y t="1">0.00139</Y>
          <Y t="2">0.00248</Y>
          <Y t="3">0.00357</Y>
          <Y t="4">0.00465</Y>
          <Y t="5">0.00574</Y>
          <Y t="6">0.00684</Y>
          <Y t="7">0.00799</Y>
          <Y t="8">0.0092</Y>
          <Y t="9">0.01054</Y>
          <Y t="10">0.01203</Y>
          <Y t="11">0.01373</Y>
          <Y t="12">0.01568</Y>
          <Y t="13">0.01791</Y>
          <Y t="14">0.02047</Y>
          <Y t="15">0.02339</Y>
          <Y t="16">0.0267</Y>
          <Y t="17">0.03043</Y>
          <Y t="18">0.03469</Y>
          <Y t="19">0.03942</Y>
          <Y t="20">0.0447</Y>
          <Y t="21">0.05061</Y>
          <Y t="22">0.05927</Y>
          <Y t="23">0.06848</Y>
          <Y t="24">0.07806</Y>
          <Y t="25">0.08762</Y>
        </Axis>
      </Axis>
      <Axis t="65">
        <Axis>
          <Y t="1">0.00157</Y>
          <Y t="2">0.00277</Y>
          <Y t="3">0.00398</Y>
          <Y t="4">0.00518</Y>
          <Y t="5">0.00637</Y>
          <Y t="6">0.0076</Y>
          <Y t="7">0.00889</Y>
          <Y t="8">0.01026</Y>
          <Y t="9">0.01179</Y>
          <Y t="10">0.01348</Y>
          <Y t="11">0.01542</Y>
          <Y t="12">0.01761</Y>
          <Y t="13">0.02012</Y>
          <Y t="14">0.02297</Y>
          <Y t="15">0.02619</Y>
          <Y t="16">0.02981</Y>
          <Y t="17">0.03393</Y>
          <Y t="18">0.0385</Y>
          <Y t="19">0.04358</Y>
          <Y t="20">0.04921</Y>
          <Y t="21">0.05773</Y>
          <Y t="22">0.06687</Y>
          <Y t="23">0.07647</Y>
          <Y t="24">0.08626</Y>
          <Y t="25">0.09575</Y>
        </Axis>
      </Axis>
      <Axis t="66">
        <Axis>
          <Y t="1">0.00177</Y>
          <Y t="2">0.00311</Y>
          <Y t="3">0.00443</Y>
          <Y t="4">0.00577</Y>
          <Y t="5">0.0071</Y>
          <Y t="6">0.00846</Y>
          <Y t="7">0.00991</Y>
          <Y t="8">0.01147</Y>
          <Y t="9">0.0132</Y>
          <Y t="10">0.01513</Y>
          <Y t="11">0.01732</Y>
          <Y t="12">0.01979</Y>
          <Y t="13">0.02259</Y>
          <Y t="14">0.02575</Y>
          <Y t="15">0.0293</Y>
          <Y t="16">0.0333</Y>
          <Y t="17">0.03774</Y>
          <Y t="18">0.04266</Y>
          <Y t="19">0.04805</Y>
          <Y t="20">0.05647</Y>
          <Y t="21">0.06556</Y>
          <Y t="22">0.0752</Y>
          <Y t="23">0.08512</Y>
          <Y t="24">0.09502</Y>
          <Y t="25">0.10424</Y>
        </Axis>
      </Axis>
      <Axis t="67">
        <Axis>
          <Y t="1">0.00201</Y>
          <Y t="2">0.00349</Y>
          <Y t="3">0.00495</Y>
          <Y t="4">0.00641</Y>
          <Y t="5">0.0079</Y>
          <Y t="6">0.00943</Y>
          <Y t="7">0.01107</Y>
          <Y t="8">0.01283</Y>
          <Y t="9">0.0148</Y>
          <Y t="10">0.01698</Y>
          <Y t="11">0.01945</Y>
          <Y t="12">0.02222</Y>
          <Y t="13">0.02534</Y>
          <Y t="14">0.02882</Y>
          <Y t="15">0.03275</Y>
          <Y t="16">0.03711</Y>
          <Y t="17">0.04189</Y>
          <Y t="18">0.04711</Y>
          <Y t="19">0.05544</Y>
          <Y t="20">0.06449</Y>
          <Y t="21">0.07414</Y>
          <Y t="22">0.08421</Y>
          <Y t="23">0.09442</Y>
          <Y t="24">0.10424</Y>
          <Y t="25">0.11392</Y>
        </Axis>
      </Axis>
      <Axis t="68">
        <Axis>
          <Y t="1">0.00229</Y>
          <Y t="2">0.00391</Y>
          <Y t="3">0.00552</Y>
          <Y t="4">0.00714</Y>
          <Y t="5">0.0088</Y>
          <Y t="6">0.01052</Y>
          <Y t="7">0.01237</Y>
          <Y t="8">0.01437</Y>
          <Y t="9">0.01659</Y>
          <Y t="10">0.01906</Y>
          <Y t="11">0.02184</Y>
          <Y t="12">0.02493</Y>
          <Y t="13">0.02837</Y>
          <Y t="14">0.03225</Y>
          <Y t="15">0.03654</Y>
          <Y t="16">0.04124</Y>
          <Y t="17">0.04635</Y>
          <Y t="18">0.05462</Y>
          <Y t="19">0.06363</Y>
          <Y t="20">0.0733</Y>
          <Y t="21">0.08351</Y>
          <Y t="22">0.09397</Y>
          <Y t="23">0.10424</Y>
          <Y t="24">0.11392</Y>
          <Y t="25">0.12426</Y>
        </Axis>
      </Axis>
      <Axis t="69">
        <Axis>
          <Y t="1">0.0026</Y>
          <Y t="2">0.00438</Y>
          <Y t="3">0.00616</Y>
          <Y t="4">0.00795</Y>
          <Y t="5">0.0098</Y>
          <Y t="6">0.01174</Y>
          <Y t="7">0.01382</Y>
          <Y t="8">0.0161</Y>
          <Y t="9">0.0186</Y>
          <Y t="10">0.02138</Y>
          <Y t="11">0.02448</Y>
          <Y t="12">0.02791</Y>
          <Y t="13">0.03177</Y>
          <Y t="14">0.03602</Y>
          <Y t="15">0.04066</Y>
          <Y t="16">0.04569</Y>
          <Y t="17">0.05395</Y>
          <Y t="18">0.06294</Y>
          <Y t="19">0.07264</Y>
          <Y t="20">0.08295</Y>
          <Y t="21">0.09363</Y>
          <Y t="22">0.10424</Y>
          <Y t="23">0.11392</Y>
          <Y t="24">0.12426</Y>
          <Y t="25">0.13529</Y>
        </Axis>
      </Axis>
      <Axis t="70">
        <Axis>
          <Y t="1">0.00294</Y>
          <Y t="2">0.0049</Y>
          <Y t="3">0.00685</Y>
          <Y t="4">0.00884</Y>
          <Y t="5">0.01092</Y>
          <Y t="6">0.0131</Y>
          <Y t="7">0.01544</Y>
          <Y t="8">0.01801</Y>
          <Y t="9">0.02084</Y>
          <Y t="10">0.02395</Y>
          <Y t="11">0.0274</Y>
          <Y t="12">0.03126</Y>
          <Y t="13">0.0355</Y>
          <Y t="14">0.04011</Y>
          <Y t="15">0.0451</Y>
          <Y t="16">0.05338</Y>
          <Y t="17">0.0624</Y>
          <Y t="18">0.07211</Y>
          <Y t="19">0.08251</Y>
          <Y t="20">0.09339</Y>
          <Y t="21">0.10424</Y>
          <Y t="22">0.11392</Y>
          <Y t="23">0.12426</Y>
          <Y t="24">0.13529</Y>
          <Y t="25">0.14702</Y>
        </Axis>
      </Axis>
      <Axis t="71">
        <Axis>
          <Y t="1">0.00331</Y>
          <Y t="2">0.00546</Y>
          <Y t="3">0.00763</Y>
          <Y t="4">0.00984</Y>
          <Y t="5">0.01215</Y>
          <Y t="6">0.01461</Y>
          <Y t="7">0.01726</Y>
          <Y t="8">0.02014</Y>
          <Y t="9">0.02332</Y>
          <Y t="10">0.02678</Y>
          <Y t="11">0.03067</Y>
          <Y t="12">0.03492</Y>
          <Y t="13">0.03953</Y>
          <Y t="14">0.04453</Y>
          <Y t="15">0.05287</Y>
          <Y t="16">0.06193</Y>
          <Y t="17">0.07172</Y>
          <Y t="18">0.08219</Y>
          <Y t="19">0.09324</Y>
          <Y t="20">0.10424</Y>
          <Y t="21">0.11392</Y>
          <Y t="22">0.12426</Y>
          <Y t="23">0.13529</Y>
          <Y t="24">0.14702</Y>
          <Y t="25">0.15948</Y>
        </Axis>
      </Axis>
      <Axis t="72">
        <Axis>
          <Y t="1">0.00372</Y>
          <Y t="2">0.00609</Y>
          <Y t="3">0.00847</Y>
          <Y t="4">0.01094</Y>
          <Y t="5">0.01353</Y>
          <Y t="6">0.01629</Y>
          <Y t="7">0.01926</Y>
          <Y t="8">0.0225</Y>
          <Y t="9">0.02603</Y>
          <Y t="10">0.02997</Y>
          <Y t="11">0.03425</Y>
          <Y t="12">0.0389</Y>
          <Y t="13">0.04391</Y>
          <Y t="14">0.05238</Y>
          <Y t="15">0.06152</Y>
          <Y t="16">0.07139</Y>
          <Y t="17">0.08193</Y>
          <Y t="18">0.0931</Y>
          <Y t="19">0.10424</Y>
          <Y t="20">0.11392</Y>
          <Y t="21">0.12426</Y>
          <Y t="22">0.13529</Y>
          <Y t="23">0.14702</Y>
          <Y t="24">0.15948</Y>
          <Y t="25">0.1727</Y>
        </Axis>
      </Axis>
      <Axis t="73">
        <Axis>
          <Y t="1">0.00415</Y>
          <Y t="2">0.00676</Y>
          <Y t="3">0.0094</Y>
          <Y t="4">0.01216</Y>
          <Y t="5">0.01505</Y>
          <Y t="6">0.01814</Y>
          <Y t="7">0.02148</Y>
          <Y t="8">0.02509</Y>
          <Y t="9">0.02908</Y>
          <Y t="10">0.03342</Y>
          <Y t="11">0.03814</Y>
          <Y t="12">0.0432</Y>
          <Y t="13">0.05184</Y>
          <Y t="14">0.06112</Y>
          <Y t="15">0.07107</Y>
          <Y t="16">0.08173</Y>
          <Y t="17">0.09303</Y>
          <Y t="18">0.10424</Y>
          <Y t="19">0.11392</Y>
          <Y t="20">0.12426</Y>
          <Y t="21">0.13529</Y>
          <Y t="22">0.14702</Y>
          <Y t="23">0.15948</Y>
          <Y t="24">0.1727</Y>
          <Y t="25">0.18669</Y>
        </Axis>
      </Axis>
      <Axis t="74">
        <Axis>
          <Y t="1">0.00463</Y>
          <Y t="2">0.00749</Y>
          <Y t="3">0.01043</Y>
          <Y t="4">0.01348</Y>
          <Y t="5">0.01672</Y>
          <Y t="6">0.02017</Y>
          <Y t="7">0.02389</Y>
          <Y t="8">0.02798</Y>
          <Y t="9">0.03241</Y>
          <Y t="10">0.03718</Y>
          <Y t="11">0.04232</Y>
          <Y t="12">0.05123</Y>
          <Y t="13">0.06071</Y>
          <Y t="14">0.07081</Y>
          <Y t="15">0.08157</Y>
          <Y t="16">0.09299</Y>
          <Y t="17">0.10424</Y>
          <Y t="18">0.11392</Y>
          <Y t="19">0.12426</Y>
          <Y t="20">0.13529</Y>
          <Y t="21">0.14702</Y>
          <Y t="22">0.15948</Y>
          <Y t="23">0.1727</Y>
          <Y t="24">0.18669</Y>
          <Y t="25">0.21313</Y>
        </Axis>
      </Axis>
      <Axis t="75">
        <Axis>
          <Y t="1">0.00513</Y>
          <Y t="2">0.00828</Y>
          <Y t="3">0.01154</Y>
          <Y t="4">0.01493</Y>
          <Y t="5">0.01854</Y>
          <Y t="6">0.02239</Y>
          <Y t="7">0.02659</Y>
          <Y t="8">0.03113</Y>
          <Y t="9">0.036</Y>
          <Y t="10">0.04124</Y>
          <Y t="11">0.05047</Y>
          <Y t="12">0.0602</Y>
          <Y t="13">0.07049</Y>
          <Y t="14">0.0814</Y>
          <Y t="15">0.09295</Y>
          <Y t="16">0.10424</Y>
          <Y t="17">0.11392</Y>
          <Y t="18">0.12426</Y>
          <Y t="19">0.13529</Y>
          <Y t="20">0.14702</Y>
          <Y t="21">0.15948</Y>
          <Y t="22">0.1727</Y>
          <Y t="23">0.18669</Y>
          <Y t="24">0.21313</Y>
          <Y t="25">0.24015</Y>
        </Axis>
      </Axis>
      <Axis t="76">
        <Axis>
          <Y t="1">0.00566</Y>
          <Y t="2">0.00913</Y>
          <Y t="3">0.01274</Y>
          <Y t="4">0.01653</Y>
          <Y t="5">0.02053</Y>
          <Y t="6">0.02487</Y>
          <Y t="7">0.02953</Y>
          <Y t="8">0.03453</Y>
          <Y t="9">0.03989</Y>
          <Y t="10">0.04952</Y>
          <Y t="11">0.05957</Y>
          <Y t="12">0.07013</Y>
          <Y t="13">0.08122</Y>
          <Y t="14">0.09287</Y>
          <Y t="15">0.10424</Y>
          <Y t="16">0.11392</Y>
          <Y t="17">0.12426</Y>
          <Y t="18">0.13529</Y>
          <Y t="19">0.14702</Y>
          <Y t="20">0.15948</Y>
          <Y t="21">0.1727</Y>
          <Y t="22">0.18669</Y>
          <Y t="23">0.21313</Y>
          <Y t="24">0.24015</Y>
          <Y t="25">0.26745</Y>
        </Axis>
      </Axis>
      <Axis t="77">
        <Axis>
          <Y t="1">0.00621</Y>
          <Y t="2">0.01004</Y>
          <Y t="3">0.01405</Y>
          <Y t="4">0.01824</Y>
          <Y t="5">0.02274</Y>
          <Y t="6">0.02755</Y>
          <Y t="7">0.0327</Y>
          <Y t="8">0.03819</Y>
          <Y t="9">0.04833</Y>
          <Y t="10">0.05879</Y>
          <Y t="11">0.06966</Y>
          <Y t="12">0.08097</Y>
          <Y t="13">0.09282</Y>
          <Y t="14">0.10424</Y>
          <Y t="15">0.11392</Y>
          <Y t="16">0.12426</Y>
          <Y t="17">0.13529</Y>
          <Y t="18">0.14702</Y>
          <Y t="19">0.15948</Y>
          <Y t="20">0.1727</Y>
          <Y t="21">0.18669</Y>
          <Y t="22">0.21313</Y>
          <Y t="23">0.24015</Y>
          <Y t="24">0.26745</Y>
          <Y t="25">0.29465</Y>
        </Axis>
      </Axis>
      <Axis t="78">
        <Axis>
          <Y t="1">0.00679</Y>
          <Y t="2">0.01102</Y>
          <Y t="3">0.01545</Y>
          <Y t="4">0.02015</Y>
          <Y t="5">0.02513</Y>
          <Y t="6">0.03045</Y>
          <Y t="7">0.0361</Y>
          <Y t="8">0.04684</Y>
          <Y t="9">0.05781</Y>
          <Y t="10">0.06906</Y>
          <Y t="11">0.08068</Y>
          <Y t="12">0.09271</Y>
          <Y t="13">0.10424</Y>
          <Y t="14">0.11392</Y>
          <Y t="15">0.12426</Y>
          <Y t="16">0.13529</Y>
          <Y t="17">0.14702</Y>
          <Y t="18">0.15948</Y>
          <Y t="19">0.1727</Y>
          <Y t="20">0.18669</Y>
          <Y t="21">0.21313</Y>
          <Y t="22">0.24015</Y>
          <Y t="23">0.26745</Y>
          <Y t="24">0.29465</Y>
          <Y t="25">0.32135</Y>
        </Axis>
      </Axis>
      <Axis t="79">
        <Axis>
          <Y t="1">0.00739</Y>
          <Y t="2">0.01206</Y>
          <Y t="3">0.01698</Y>
          <Y t="4">0.02219</Y>
          <Y t="5">0.0277</Y>
          <Y t="6">0.03354</Y>
          <Y t="7">0.04501</Y>
          <Y t="8">0.05658</Y>
          <Y t="9">0.06833</Y>
          <Y t="10">0.08029</Y>
          <Y t="11">0.09254</Y>
          <Y t="12">0.10424</Y>
          <Y t="13">0.11392</Y>
          <Y t="14">0.12426</Y>
          <Y t="15">0.13529</Y>
          <Y t="16">0.14702</Y>
          <Y t="17">0.15948</Y>
          <Y t="18">0.1727</Y>
          <Y t="19">0.18669</Y>
          <Y t="20">0.21313</Y>
          <Y t="21">0.24015</Y>
          <Y t="22">0.26745</Y>
          <Y t="23">0.29465</Y>
          <Y t="24">0.32135</Y>
          <Y t="25">0.34708</Y>
        </Axis>
      </Axis>
      <Axis t="80">
        <Axis>
          <Y t="1">0.008</Y>
          <Y t="2">0.0132</Y>
          <Y t="3">0.01866</Y>
          <Y t="4">0.02438</Y>
          <Y t="5">0.03043</Y>
          <Y t="6">0.04277</Y>
          <Y t="7">0.05508</Y>
          <Y t="8">0.06741</Y>
          <Y t="9">0.07982</Y>
          <Y t="10">0.09235</Y>
          <Y t="11">0.10424</Y>
          <Y t="12">0.11392</Y>
          <Y t="13">0.12426</Y>
          <Y t="14">0.13529</Y>
          <Y t="15">0.14702</Y>
          <Y t="16">0.15948</Y>
          <Y t="17">0.1727</Y>
          <Y t="18">0.18669</Y>
          <Y t="19">0.21313</Y>
          <Y t="20">0.24015</Y>
          <Y t="21">0.26745</Y>
          <Y t="22">0.29465</Y>
          <Y t="23">0.32135</Y>
          <Y t="24">0.34708</Y>
          <Y t="25">0.37028</Y>
        </Axis>
      </Axis>
      <Axis t="81">
        <Axis>
          <Y t="1">0.00866</Y>
          <Y t="2">0.01441</Y>
          <Y t="3">0.02042</Y>
          <Y t="4">0.02673</Y>
          <Y t="5">0.04006</Y>
          <Y t="6">0.05324</Y>
          <Y t="7">0.06627</Y>
          <Y t="8">0.07921</Y>
          <Y t="9">0.09211</Y>
          <Y t="10">0.10424</Y>
          <Y t="11">0.11392</Y>
          <Y t="12">0.12426</Y>
          <Y t="13">0.13529</Y>
          <Y t="14">0.14702</Y>
          <Y t="15">0.15948</Y>
          <Y t="16">0.1727</Y>
          <Y t="17">0.18669</Y>
          <Y t="18">0.21313</Y>
          <Y t="19">0.24015</Y>
          <Y t="20">0.26745</Y>
          <Y t="21">0.29465</Y>
          <Y t="22">0.32135</Y>
          <Y t="23">0.34708</Y>
          <Y t="24">0.37028</Y>
          <Y t="25">0.39348</Y>
        </Axis>
      </Axis>
      <Axis t="82">
        <Axis>
          <Y t="1">0.00934</Y>
          <Y t="2">0.01567</Y>
          <Y t="3">0.02228</Y>
          <Y t="4">0.03684</Y>
          <Y t="5">0.05106</Y>
          <Y t="6">0.06493</Y>
          <Y t="7">0.07851</Y>
          <Y t="8">0.0918</Y>
          <Y t="9">0.10424</Y>
          <Y t="10">0.11392</Y>
          <Y t="11">0.12426</Y>
          <Y t="12">0.13529</Y>
          <Y t="13">0.14702</Y>
          <Y t="14">0.15948</Y>
          <Y t="15">0.1727</Y>
          <Y t="16">0.18669</Y>
          <Y t="17">0.21313</Y>
          <Y t="18">0.24015</Y>
          <Y t="19">0.26745</Y>
          <Y t="20">0.29465</Y>
          <Y t="21">0.32135</Y>
          <Y t="22">0.34708</Y>
          <Y t="23">0.37028</Y>
          <Y t="24">0.39348</Y>
          <Y t="25">0.40615</Y>
        </Axis>
      </Axis>
      <Axis t="83">
        <Axis>
          <Y t="1">0.01002</Y>
          <Y t="2">0.01701</Y>
          <Y t="3">0.033</Y>
          <Y t="4">0.04847</Y>
          <Y t="5">0.06337</Y>
          <Y t="6">0.0777</Y>
          <Y t="7">0.09149</Y>
          <Y t="8">0.10424</Y>
          <Y t="9">0.11392</Y>
          <Y t="10">0.12426</Y>
          <Y t="11">0.13529</Y>
          <Y t="12">0.14702</Y>
          <Y t="13">0.15948</Y>
          <Y t="14">0.1727</Y>
          <Y t="15">0.18669</Y>
          <Y t="16">0.21313</Y>
          <Y t="17">0.24015</Y>
          <Y t="18">0.26745</Y>
          <Y t="19">0.29465</Y>
          <Y t="20">0.32135</Y>
          <Y t="21">0.34708</Y>
          <Y t="22">0.37028</Y>
          <Y t="23">0.39348</Y>
          <Y t="24">0.40615</Y>
          <Y t="25">0.41821</Y>
        </Axis>
      </Axis>
      <Axis t="84">
        <Axis>
          <Y t="1">0.01072</Y>
          <Y t="2">0.02283</Y>
          <Y t="3">0.04547</Y>
          <Y t="4">0.06157</Y>
          <Y t="5">0.07681</Y>
          <Y t="6">0.09122</Y>
          <Y t="7">0.10424</Y>
          <Y t="8">0.11392</Y>
          <Y t="9">0.12426</Y>
          <Y t="10">0.13529</Y>
          <Y t="11">0.14702</Y>
          <Y t="12">0.15948</Y>
          <Y t="13">0.1727</Y>
          <Y t="14">0.18669</Y>
          <Y t="15">0.21313</Y>
          <Y t="16">0.24015</Y>
          <Y t="17">0.26745</Y>
          <Y t="18">0.29465</Y>
          <Y t="19">0.32135</Y>
          <Y t="20">0.34708</Y>
          <Y t="21">0.37028</Y>
          <Y t="22">0.39348</Y>
          <Y t="23">0.40615</Y>
          <Y t="24">0.41821</Y>
          <Y t="25">0.42958</Y>
        </Axis>
      </Axis>
      <Axis t="85">
        <Axis>
          <Y t="1">0.01143</Y>
          <Y t="2">0.02959</Y>
          <Y t="3">0.05962</Y>
          <Y t="4">0.07592</Y>
          <Y t="5">0.09122</Y>
          <Y t="6">0.10424</Y>
          <Y t="7">0.11392</Y>
          <Y t="8">0.12426</Y>
          <Y t="9">0.13529</Y>
          <Y t="10">0.14702</Y>
          <Y t="11">0.15948</Y>
          <Y t="12">0.1727</Y>
          <Y t="13">0.18669</Y>
          <Y t="14">0.21313</Y>
          <Y t="15">0.24015</Y>
          <Y t="16">0.26745</Y>
          <Y t="17">0.29465</Y>
          <Y t="18">0.32135</Y>
          <Y t="19">0.34708</Y>
          <Y t="20">0.37028</Y>
          <Y t="21">0.39348</Y>
          <Y t="22">0.40615</Y>
          <Y t="23">0.41821</Y>
          <Y t="24">0.42958</Y>
          <Y t="25">0.44021</Y>
        </Axis>
      </Axis>
      <Axis t="86">
        <Axis>
          <Y t="1">0.01216</Y>
          <Y t="2">0.03726</Y>
          <Y t="3">0.0752</Y>
          <Y t="4">0.09122</Y>
          <Y t="5">0.10424</Y>
          <Y t="6">0.11392</Y>
          <Y t="7">0.12426</Y>
          <Y t="8">0.13529</Y>
          <Y t="9">0.14702</Y>
          <Y t="10">0.15948</Y>
          <Y t="11">0.1727</Y>
          <Y t="12">0.18669</Y>
          <Y t="13">0.21313</Y>
          <Y t="14">0.24015</Y>
          <Y t="15">0.26745</Y>
          <Y t="16">0.29465</Y>
          <Y t="17">0.32135</Y>
          <Y t="18">0.34708</Y>
          <Y t="19">0.37028</Y>
          <Y t="20">0.39348</Y>
          <Y t="21">0.40615</Y>
          <Y t="22">0.41821</Y>
          <Y t="23">0.42958</Y>
          <Y t="24">0.44021</Y>
          <Y t="25">0.45</Y>
        </Axis>
      </Axis>
      <Axis t="87">
        <Axis>
          <Y t="1">0.01289</Y>
          <Y t="2">0.0457</Y>
          <Y t="3">0.09122</Y>
          <Y t="4">0.10424</Y>
          <Y t="5">0.11392</Y>
          <Y t="6">0.12426</Y>
          <Y t="7">0.13529</Y>
          <Y t="8">0.14702</Y>
          <Y t="9">0.15948</Y>
          <Y t="10">0.1727</Y>
          <Y t="11">0.18669</Y>
          <Y t="12">0.21313</Y>
          <Y t="13">0.24015</Y>
          <Y t="14">0.26745</Y>
          <Y t="15">0.29465</Y>
          <Y t="16">0.32135</Y>
          <Y t="17">0.34708</Y>
          <Y t="18">0.37028</Y>
          <Y t="19">0.39348</Y>
          <Y t="20">0.40615</Y>
          <Y t="21">0.41821</Y>
          <Y t="22">0.42958</Y>
          <Y t="23">0.44021</Y>
          <Y t="24">0.45</Y>
          <Y t="25">0.45</Y>
        </Axis>
      </Axis>
      <Axis t="88">
        <Axis>
          <Y t="1">0.01362</Y>
          <Y t="2">0.0541</Y>
          <Y t="3">0.10424</Y>
          <Y t="4">0.11392</Y>
          <Y t="5">0.12426</Y>
          <Y t="6">0.13529</Y>
          <Y t="7">0.14702</Y>
          <Y t="8">0.15948</Y>
          <Y t="9">0.1727</Y>
          <Y t="10">0.18669</Y>
          <Y t="11">0.21313</Y>
          <Y t="12">0.24015</Y>
          <Y t="13">0.26745</Y>
          <Y t="14">0.29465</Y>
          <Y t="15">0.32135</Y>
          <Y t="16">0.34708</Y>
          <Y t="17">0.37028</Y>
          <Y t="18">0.39348</Y>
          <Y t="19">0.40615</Y>
          <Y t="20">0.41821</Y>
          <Y t="21">0.42958</Y>
          <Y t="22">0.44021</Y>
          <Y t="23">0.45</Y>
          <Y t="24">0.45</Y>
          <Y t="25">0.45</Y>
        </Axis>
      </Axis>
      <Axis t="89">
        <Axis>
          <Y t="1">0.01436</Y>
          <Y t="2">0.05914</Y>
          <Y t="3">0.11392</Y>
          <Y t="4">0.12426</Y>
          <Y t="5">0.13529</Y>
          <Y t="6">0.14702</Y>
          <Y t="7">0.15948</Y>
          <Y t="8">0.1727</Y>
          <Y t="9">0.18669</Y>
          <Y t="10">0.21313</Y>
          <Y t="11">0.24015</Y>
          <Y t="12">0.26745</Y>
          <Y t="13">0.29465</Y>
          <Y t="14">0.32135</Y>
          <Y t="15">0.34708</Y>
          <Y t="16">0.37028</Y>
          <Y t="17">0.39348</Y>
          <Y t="18">0.40615</Y>
          <Y t="19">0.41821</Y>
          <Y t="20">0.42958</Y>
          <Y t="21">0.44021</Y>
          <Y t="22">0.45</Y>
          <Y t="23">0.45</Y>
          <Y t="24">0.45</Y>
          <Y t="25">0.45</Y>
        </Axis>
      </Axis>
      <Axis t="90">
        <Axis>
          <Y t="1">0.01513</Y>
          <Y t="2">0.06406</Y>
          <Y t="3">0.12426</Y>
          <Y t="4">0.13529</Y>
          <Y t="5">0.14702</Y>
          <Y t="6">0.15948</Y>
          <Y t="7">0.1727</Y>
          <Y t="8">0.18669</Y>
          <Y t="9">0.21313</Y>
          <Y t="10">0.24015</Y>
          <Y t="11">0.26745</Y>
          <Y t="12">0.29465</Y>
          <Y t="13">0.32135</Y>
          <Y t="14">0.34708</Y>
          <Y t="15">0.37028</Y>
          <Y t="16">0.39348</Y>
          <Y t="17">0.40615</Y>
          <Y t="18">0.41821</Y>
          <Y t="19">0.42958</Y>
          <Y t="20">0.44021</Y>
          <Y t="21">0.45</Y>
          <Y t="22">0.45</Y>
          <Y t="23">0.45</Y>
          <Y t="24">0.45</Y>
          <Y t="25">0.45</Y>
        </Axis>
      </Axis>
    </Values>
  </Table>
  <Table>
    <MetaData>
      <ScalingFactor>0</ScalingFactor>
      <DataType tc="2">Floating Point</DataType>
      <Nation tc="1">United States of America</Nation>
      <TableDescription>2008 Valuation Basic Table (VBT) Relative Risk (RR) - Female, 160% (UCS130), Non-Smoker, Age Nearest Birthday. Minimum Age: 18. Maximum Age: 90. Ultimate</TableDescription>
      <AxisDef id="Age">
        <ScaleType tc="3">Age</ScaleType>
        <AxisName>Age</AxisName>
        <MinScaleValue>43</MinScaleValue>
        <MaxScaleValue>120</MaxScaleValue>
        <Increment>1</Increment>
      </AxisDef>
    </MetaData>
    <Values>
      <Axis>
        <Y t="43">0.0019</Y>
        <Y t="44">0.00199</Y>
        <Y t="45">0.0021</Y>
        <Y t="46">0.00228</Y>
        <Y t="47">0.0025</Y>
        <Y t="48">0.00276</Y>
        <Y t="49">0.00304</Y>
        <Y t="50">0.00331</Y>
        <Y t="51">0.00361</Y>
        <Y t="52">0.00388</Y>
        <Y t="53">0.00418</Y>
        <Y t="54">0.00447</Y>
        <Y t="55">0.00476</Y>
        <Y t="56">0.00507</Y>
        <Y t="57">0.00539</Y>
        <Y t="58">0.00574</Y>
        <Y t="59">0.00611</Y>
        <Y t="60">0.00654</Y>
        <Y t="61">0.007</Y>
        <Y t="62">0.00752</Y>
        <Y t="63">0.00812</Y>
        <Y t="64">0.00879</Y>
        <Y t="65">0.00956</Y>
        <Y t="66">0.01045</Y>
        <Y t="67">0.01146</Y>
        <Y t="68">0.0126</Y>
        <Y t="69">0.0139</Y>
        <Y t="70">0.01538</Y>
        <Y t="71">0.01702</Y>
        <Y t="72">0.01888</Y>
        <Y t="73">0.02094</Y>
        <Y t="74">0.02324</Y>
        <Y t="75">0.02578</Y>
        <Y t="76">0.02859</Y>
        <Y t="77">0.03166</Y>
        <Y t="78">0.03502</Y>
        <Y t="79">0.03868</Y>
        <Y t="80">0.04266</Y>
        <Y t="81">0.04706</Y>
        <Y t="82">0.05181</Y>
        <Y t="83">0.05695</Y>
        <Y t="84">0.06246</Y>
        <Y t="85">0.06842</Y>
        <Y t="86">0.07475</Y>
        <Y t="87">0.0815</Y>
        <Y t="88">0.0887</Y>
        <Y t="89">0.09638</Y>
        <Y t="90">0.10424</Y>
        <Y t="91">0.11392</Y>
        <Y t="92">0.12426</Y>
        <Y t="93">0.13529</Y>
        <Y t="94">0.14702</Y>
        <Y t="95">0.15948</Y>
        <Y t="96">0.1727</Y>
        <Y t="97">0.18669</Y>
        <Y t="98">0.21313</Y>
        <Y t="99">0.24015</Y>
        <Y t="100">0.26745</Y>
        <Y t="101">0.29465</Y>
        <Y t="102">0.32135</Y>
        <Y t="103">0.34708</Y>
        <Y t="104">0.37028</Y>
        <Y t="105">0.39348</Y>
        <Y t="106">0.40615</Y>
        <Y t="107">0.41821</Y>
        <Y t="108">0.42958</Y>
        <Y t="109">0.44021</Y>
        <Y t="110">0.45</Y>
        <Y t="111">0.45</Y>
        <Y t="112">0.45</Y>
        <Y t="113">0.45</Y>
        <Y t="114">0.45</Y>
        <Y t="115">0.45</Y>
        <Y t="116">0.45</Y>
        <Y t="117">0.45</Y>
        <Y t="118">0.45</Y>
        <Y t="119">0.45</Y>
        <Y t="120">0.45</Y>
      </Axis>
    </Values>
  </Table>
</XTbML>