﻿<?xml version="1.0" encoding="utf-8"?>
<XTbML>
  <ContentClassification>
    <TableIdentity>1148</TableIdentity>
    <ProviderDomain>soa.org</ProviderDomain>
    <ProviderName>Society of Actuaries</ProviderName>
    <TableReference>American Academy of Actuaries CSO Task Force, “Final Report of the American Academy of Actuaries’ Commissioners Standard Ordinary Task Force”, American Academy of Actuaries, (2002). Appendix A. Accessed January, 2013 from http://dev.actuary.org/files/CSO_taskforce_appendix_a_june2002.xls.</TableReference>
    <ContentType tc="4">Insured Lives Mortality</ContentType>
    <TableName>2001 VBT Select and Ultimate - Male Composite, ANB </TableName>
    <TableDescription>2001 Valuation Basic Table (VBT) Select and Ultimate Table - Male Composite. Basis: Age Nearest Birthday. Minimum Select Age: 0. Maximum Select Age: 100. Minimum Ultimate Age: 25. Maximum Ultimate Age: 120.</TableDescription>
    <Comments>Study Data: The 2001 Valuation Basic Tables (VBT) are based on the 1990-1995 Basic Tables that were developed by the Society of Actuaries’ (SOA) Individual Experience Studies Committee. The 1990-1995 Basic Tables are based on the mortality experience collected annually by the SOA over the years 1990-1995 for companies that participated in the study. Additional data from other sources was used to supplement the 1990-1995 Basic Tables at young and old ages where the experience data was sparse. The mortality was projected to the year 2001 using recent mortality improvement trends. Methodology: The first step in developing the 2001 VBT utilizing the 1990-95 Basic Mortality Tables was the creation of composite (combination of smoker, nonsmoker and those with smoking status unknown) tables for each of male and female lives. A 25-year select period was chosen. At younger and older issue ages, per the data, the effect of selection wore off in less than 25 years thus mortality rates for the remainder of the select period were set equal to the ultimate mortality rates for the corresponding attained age. The 1990-1995 Basic Tables were graduated to provide the smoothness necessary for a valuation table A two-dimensional Whittaker-Henderson Type B graduation method was employed to ensure smoothness; note this graduation method is different from the Jenkins fifth-difference interpolation used in the development of the 1980 Commissioners Standard Ordinary (CSO) Table. The type of loading formula employed is however similar to that used to develop the 1980 CSO Tables: an inverse function of the curtate expectation of life. The loadings above age 100 were modified so that the load produced by the formula at age 100 was linearly graded to zero at age 120. The projection of annual male mortality improvement in the is 0.0 percent at attained ages 0-45, grading to 1.0 percent at attained ages 55-80, and grading back to 0.0 percent at attained ages 90+. The annual female mortality improvement is 0.0 percent at attained ages 0-45, grading to 0.5 percent at attained ages 55-85, and grading back to 0.0 percent at attained ages 90+. Data Transcription Errors: None:  Data Certified: 01/2013</Comments>
    <KeyWord>Select</KeyWord>
    <KeyWord>Insured Lives Mortality</KeyWord>
    <KeyWord>United States of America</KeyWord>
  </ContentClassification>
  <Table>
    <MetaData>
      <ScalingFactor>0</ScalingFactor>
      <DataType tc="2">Floating Point</DataType>
      <Nation tc="1">United States of America</Nation>
      <TableDescription>2001 Valuation Basic Table (VBT) Select and Ultimate Table - Male Composite. Basis: Age Nearest Birthday. Minimum Select Age: 0. Maximum Select Age: 100.</TableDescription>
      <AxisDef id="Age">
        <ScaleType tc="3">Age</ScaleType>
        <AxisName>Age</AxisName>
        <MinScaleValue>0</MinScaleValue>
        <MaxScaleValue>100</MaxScaleValue>
        <Increment>1</Increment>
      </AxisDef>
      <AxisDef id="Duration">
        <ScaleType tc="2">Ordinal Date</ScaleType>
        <AxisName>Duration</AxisName>
        <MinScaleValue>1</MinScaleValue>
        <MaxScaleValue>25</MaxScaleValue>
        <Increment>1</Increment>
      </AxisDef>
    </MetaData>
    <Values>
      <Axis t="0">
        <Axis>
          <Y t="1">0.0009</Y>
          <Y t="2">0.00049</Y>
          <Y t="3">0.00032</Y>
          <Y t="4">0.0002</Y>
          <Y t="5">0.00014</Y>
          <Y t="6">0.00014</Y>
          <Y t="7">0.00015</Y>
          <Y t="8">0.00015</Y>
          <Y t="9">0.00015</Y>
          <Y t="10">0.00016</Y>
          <Y t="11">0.00016</Y>
          <Y t="12">0.0002</Y>
          <Y t="13">0.00026</Y>
          <Y t="14">0.00031</Y>
          <Y t="15">0.00039</Y>
          <Y t="16">0.00053</Y>
          <Y t="17">0.00066</Y>
          <Y t="18">0.00078</Y>
          <Y t="19">0.00085</Y>
          <Y t="20">0.00089</Y>
          <Y t="21">0.0009</Y>
          <Y t="22">0.0009</Y>
          <Y t="23">0.00091</Y>
          <Y t="24">0.00092</Y>
          <Y t="25">0.00093</Y>
        </Axis>
      </Axis>
      <Axis t="1">
        <Axis>
          <Y t="1">0.0004</Y>
          <Y t="2">0.00029</Y>
          <Y t="3">0.00019</Y>
          <Y t="4">0.00014</Y>
          <Y t="5">0.00014</Y>
          <Y t="6">0.00014</Y>
          <Y t="7">0.00015</Y>
          <Y t="8">0.00015</Y>
          <Y t="9">0.00015</Y>
          <Y t="10">0.00016</Y>
          <Y t="11">0.00018</Y>
          <Y t="12">0.00022</Y>
          <Y t="13">0.00028</Y>
          <Y t="14">0.00033</Y>
          <Y t="15">0.0005</Y>
          <Y t="16">0.00063</Y>
          <Y t="17">0.00074</Y>
          <Y t="18">0.00083</Y>
          <Y t="19">0.00087</Y>
          <Y t="20">0.00089</Y>
          <Y t="21">0.0009</Y>
          <Y t="22">0.00091</Y>
          <Y t="23">0.00092</Y>
          <Y t="24">0.00093</Y>
          <Y t="25">0.00095</Y>
        </Axis>
      </Axis>
      <Axis t="2">
        <Axis>
          <Y t="1">0.00028</Y>
          <Y t="2">0.00019</Y>
          <Y t="3">0.00014</Y>
          <Y t="4">0.00014</Y>
          <Y t="5">0.00014</Y>
          <Y t="6">0.00014</Y>
          <Y t="7">0.00015</Y>
          <Y t="8">0.00015</Y>
          <Y t="9">0.00015</Y>
          <Y t="10">0.00016</Y>
          <Y t="11">0.00019</Y>
          <Y t="12">0.00025</Y>
          <Y t="13">0.00029</Y>
          <Y t="14">0.0004</Y>
          <Y t="15">0.0006</Y>
          <Y t="16">0.00071</Y>
          <Y t="17">0.0008</Y>
          <Y t="18">0.00086</Y>
          <Y t="19">0.00089</Y>
          <Y t="20">0.0009</Y>
          <Y t="21">0.00091</Y>
          <Y t="22">0.00092</Y>
          <Y t="23">0.00093</Y>
          <Y t="24">0.00095</Y>
          <Y t="25">0.00098</Y>
        </Axis>
      </Axis>
      <Axis t="3">
        <Axis>
          <Y t="1">0.00017</Y>
          <Y t="2">0.00013</Y>
          <Y t="3">0.00013</Y>
          <Y t="4">0.00014</Y>
          <Y t="5">0.00014</Y>
          <Y t="6">0.00014</Y>
          <Y t="7">0.00015</Y>
          <Y t="8">0.00015</Y>
          <Y t="9">0.00015</Y>
          <Y t="10">0.00018</Y>
          <Y t="11">0.00024</Y>
          <Y t="12">0.00028</Y>
          <Y t="13">0.00039</Y>
          <Y t="14">0.00058</Y>
          <Y t="15">0.00069</Y>
          <Y t="16">0.00078</Y>
          <Y t="17">0.00085</Y>
          <Y t="18">0.00089</Y>
          <Y t="19">0.0009</Y>
          <Y t="20">0.00091</Y>
          <Y t="21">0.00092</Y>
          <Y t="22">0.00093</Y>
          <Y t="23">0.00095</Y>
          <Y t="24">0.00097</Y>
          <Y t="25">0.001</Y>
        </Axis>
      </Axis>
      <Axis t="4">
        <Axis>
          <Y t="1">0.00013</Y>
          <Y t="2">0.00013</Y>
          <Y t="3">0.00013</Y>
          <Y t="4">0.00014</Y>
          <Y t="5">0.00014</Y>
          <Y t="6">0.00014</Y>
          <Y t="7">0.00015</Y>
          <Y t="8">0.00015</Y>
          <Y t="9">0.00018</Y>
          <Y t="10">0.00023</Y>
          <Y t="11">0.00028</Y>
          <Y t="12">0.00039</Y>
          <Y t="13">0.00058</Y>
          <Y t="14">0.00069</Y>
          <Y t="15">0.00078</Y>
          <Y t="16">0.00085</Y>
          <Y t="17">0.00088</Y>
          <Y t="18">0.0009</Y>
          <Y t="19">0.00091</Y>
          <Y t="20">0.00092</Y>
          <Y t="21">0.00093</Y>
          <Y t="22">0.00095</Y>
          <Y t="23">0.00097</Y>
          <Y t="24">0.00099</Y>
          <Y t="25">0.00099</Y>
        </Axis>
      </Axis>
      <Axis t="5">
        <Axis>
          <Y t="1">0.00013</Y>
          <Y t="2">0.00013</Y>
          <Y t="3">0.00013</Y>
          <Y t="4">0.00014</Y>
          <Y t="5">0.00014</Y>
          <Y t="6">0.00014</Y>
          <Y t="7">0.00015</Y>
          <Y t="8">0.00017</Y>
          <Y t="9">0.00022</Y>
          <Y t="10">0.00027</Y>
          <Y t="11">0.00039</Y>
          <Y t="12">0.00057</Y>
          <Y t="13">0.00069</Y>
          <Y t="14">0.00078</Y>
          <Y t="15">0.00085</Y>
          <Y t="16">0.00088</Y>
          <Y t="17">0.0009</Y>
          <Y t="18">0.00091</Y>
          <Y t="19">0.00092</Y>
          <Y t="20">0.00093</Y>
          <Y t="21">0.00095</Y>
          <Y t="22">0.00097</Y>
          <Y t="23">0.00097</Y>
          <Y t="24">0.00097</Y>
          <Y t="25">0.00097</Y>
        </Axis>
      </Axis>
      <Axis t="6">
        <Axis>
          <Y t="1">0.00013</Y>
          <Y t="2">0.00013</Y>
          <Y t="3">0.00013</Y>
          <Y t="4">0.00014</Y>
          <Y t="5">0.00014</Y>
          <Y t="6">0.00014</Y>
          <Y t="7">0.00017</Y>
          <Y t="8">0.00022</Y>
          <Y t="9">0.00026</Y>
          <Y t="10">0.00038</Y>
          <Y t="11">0.00057</Y>
          <Y t="12">0.00069</Y>
          <Y t="13">0.00078</Y>
          <Y t="14">0.00085</Y>
          <Y t="15">0.00088</Y>
          <Y t="16">0.0009</Y>
          <Y t="17">0.0009</Y>
          <Y t="18">0.00091</Y>
          <Y t="19">0.00093</Y>
          <Y t="20">0.00095</Y>
          <Y t="21">0.00095</Y>
          <Y t="22">0.00095</Y>
          <Y t="23">0.00095</Y>
          <Y t="24">0.00095</Y>
          <Y t="25">0.00095</Y>
        </Axis>
      </Axis>
      <Axis t="7">
        <Axis>
          <Y t="1">0.00013</Y>
          <Y t="2">0.00013</Y>
          <Y t="3">0.00013</Y>
          <Y t="4">0.00014</Y>
          <Y t="5">0.00014</Y>
          <Y t="6">0.00017</Y>
          <Y t="7">0.00021</Y>
          <Y t="8">0.00026</Y>
          <Y t="9">0.00037</Y>
          <Y t="10">0.00057</Y>
          <Y t="11">0.00069</Y>
          <Y t="12">0.00078</Y>
          <Y t="13">0.00085</Y>
          <Y t="14">0.00088</Y>
          <Y t="15">0.00089</Y>
          <Y t="16">0.0009</Y>
          <Y t="17">0.0009</Y>
          <Y t="18">0.00092</Y>
          <Y t="19">0.00094</Y>
          <Y t="20">0.00094</Y>
          <Y t="21">0.00094</Y>
          <Y t="22">0.00094</Y>
          <Y t="23">0.00094</Y>
          <Y t="24">0.00094</Y>
          <Y t="25">0.00094</Y>
        </Axis>
      </Axis>
      <Axis t="8">
        <Axis>
          <Y t="1">0.00013</Y>
          <Y t="2">0.00013</Y>
          <Y t="3">0.00013</Y>
          <Y t="4">0.00014</Y>
          <Y t="5">0.00016</Y>
          <Y t="6">0.0002</Y>
          <Y t="7">0.00025</Y>
          <Y t="8">0.00037</Y>
          <Y t="9">0.00056</Y>
          <Y t="10">0.00069</Y>
          <Y t="11">0.00078</Y>
          <Y t="12">0.00084</Y>
          <Y t="13">0.00087</Y>
          <Y t="14">0.00088</Y>
          <Y t="15">0.00089</Y>
          <Y t="16">0.00089</Y>
          <Y t="17">0.00091</Y>
          <Y t="18">0.00093</Y>
          <Y t="19">0.00094</Y>
          <Y t="20">0.00094</Y>
          <Y t="21">0.00094</Y>
          <Y t="22">0.00094</Y>
          <Y t="23">0.00094</Y>
          <Y t="24">0.00094</Y>
          <Y t="25">0.00094</Y>
        </Axis>
      </Axis>
      <Axis t="9">
        <Axis>
          <Y t="1">0.00013</Y>
          <Y t="2">0.00013</Y>
          <Y t="3">0.00013</Y>
          <Y t="4">0.00016</Y>
          <Y t="5">0.00019</Y>
          <Y t="6">0.00025</Y>
          <Y t="7">0.00036</Y>
          <Y t="8">0.00056</Y>
          <Y t="9">0.00069</Y>
          <Y t="10">0.00078</Y>
          <Y t="11">0.00084</Y>
          <Y t="12">0.00087</Y>
          <Y t="13">0.00088</Y>
          <Y t="14">0.00088</Y>
          <Y t="15">0.00088</Y>
          <Y t="16">0.00089</Y>
          <Y t="17">0.00092</Y>
          <Y t="18">0.00094</Y>
          <Y t="19">0.00094</Y>
          <Y t="20">0.00094</Y>
          <Y t="21">0.00094</Y>
          <Y t="22">0.00094</Y>
          <Y t="23">0.00094</Y>
          <Y t="24">0.00094</Y>
          <Y t="25">0.00095</Y>
        </Axis>
      </Axis>
      <Axis t="10">
        <Axis>
          <Y t="1">0.00013</Y>
          <Y t="2">0.00013</Y>
          <Y t="3">0.00015</Y>
          <Y t="4">0.00019</Y>
          <Y t="5">0.00025</Y>
          <Y t="6">0.00035</Y>
          <Y t="7">0.00056</Y>
          <Y t="8">0.00068</Y>
          <Y t="9">0.00078</Y>
          <Y t="10">0.00084</Y>
          <Y t="11">0.00087</Y>
          <Y t="12">0.00087</Y>
          <Y t="13">0.00087</Y>
          <Y t="14">0.00087</Y>
          <Y t="15">0.00089</Y>
          <Y t="16">0.00091</Y>
          <Y t="17">0.00094</Y>
          <Y t="18">0.00094</Y>
          <Y t="19">0.00094</Y>
          <Y t="20">0.00094</Y>
          <Y t="21">0.00094</Y>
          <Y t="22">0.00094</Y>
          <Y t="23">0.00094</Y>
          <Y t="24">0.00095</Y>
          <Y t="25">0.00097</Y>
        </Axis>
      </Axis>
      <Axis t="11">
        <Axis>
          <Y t="1">0.00013</Y>
          <Y t="2">0.00015</Y>
          <Y t="3">0.00018</Y>
          <Y t="4">0.00024</Y>
          <Y t="5">0.00034</Y>
          <Y t="6">0.00056</Y>
          <Y t="7">0.00068</Y>
          <Y t="8">0.00078</Y>
          <Y t="9">0.00083</Y>
          <Y t="10">0.00086</Y>
          <Y t="11">0.00086</Y>
          <Y t="12">0.00086</Y>
          <Y t="13">0.00086</Y>
          <Y t="14">0.00088</Y>
          <Y t="15">0.0009</Y>
          <Y t="16">0.00093</Y>
          <Y t="17">0.00094</Y>
          <Y t="18">0.00094</Y>
          <Y t="19">0.00094</Y>
          <Y t="20">0.00094</Y>
          <Y t="21">0.00094</Y>
          <Y t="22">0.00094</Y>
          <Y t="23">0.00095</Y>
          <Y t="24">0.00097</Y>
          <Y t="25">0.00099</Y>
        </Axis>
      </Axis>
      <Axis t="12">
        <Axis>
          <Y t="1">0.00014</Y>
          <Y t="2">0.00017</Y>
          <Y t="3">0.00024</Y>
          <Y t="4">0.00033</Y>
          <Y t="5">0.00056</Y>
          <Y t="6">0.00068</Y>
          <Y t="7">0.00078</Y>
          <Y t="8">0.00083</Y>
          <Y t="9">0.00085</Y>
          <Y t="10">0.00085</Y>
          <Y t="11">0.00085</Y>
          <Y t="12">0.00085</Y>
          <Y t="13">0.00087</Y>
          <Y t="14">0.0009</Y>
          <Y t="15">0.00093</Y>
          <Y t="16">0.00094</Y>
          <Y t="17">0.00094</Y>
          <Y t="18">0.00094</Y>
          <Y t="19">0.00094</Y>
          <Y t="20">0.00094</Y>
          <Y t="21">0.00094</Y>
          <Y t="22">0.00095</Y>
          <Y t="23">0.00097</Y>
          <Y t="24">0.00099</Y>
          <Y t="25">0.00104</Y>
        </Axis>
      </Axis>
      <Axis t="13">
        <Axis>
          <Y t="1">0.00016</Y>
          <Y t="2">0.00023</Y>
          <Y t="3">0.00032</Y>
          <Y t="4">0.00056</Y>
          <Y t="5">0.00068</Y>
          <Y t="6">0.00078</Y>
          <Y t="7">0.00082</Y>
          <Y t="8">0.00084</Y>
          <Y t="9">0.00084</Y>
          <Y t="10">0.00084</Y>
          <Y t="11">0.00084</Y>
          <Y t="12">0.00086</Y>
          <Y t="13">0.00088</Y>
          <Y t="14">0.00092</Y>
          <Y t="15">0.00094</Y>
          <Y t="16">0.00094</Y>
          <Y t="17">0.00094</Y>
          <Y t="18">0.00094</Y>
          <Y t="19">0.00094</Y>
          <Y t="20">0.00094</Y>
          <Y t="21">0.00095</Y>
          <Y t="22">0.00097</Y>
          <Y t="23">0.00099</Y>
          <Y t="24">0.00104</Y>
          <Y t="25">0.00109</Y>
        </Axis>
      </Axis>
      <Axis t="14">
        <Axis>
          <Y t="1">0.00022</Y>
          <Y t="2">0.00031</Y>
          <Y t="3">0.00056</Y>
          <Y t="4">0.00068</Y>
          <Y t="5">0.00078</Y>
          <Y t="6">0.00082</Y>
          <Y t="7">0.00083</Y>
          <Y t="8">0.00083</Y>
          <Y t="9">0.00083</Y>
          <Y t="10">0.00083</Y>
          <Y t="11">0.00084</Y>
          <Y t="12">0.00087</Y>
          <Y t="13">0.00091</Y>
          <Y t="14">0.00094</Y>
          <Y t="15">0.00094</Y>
          <Y t="16">0.00094</Y>
          <Y t="17">0.00094</Y>
          <Y t="18">0.00094</Y>
          <Y t="19">0.00094</Y>
          <Y t="20">0.00095</Y>
          <Y t="21">0.00097</Y>
          <Y t="22">0.00099</Y>
          <Y t="23">0.00104</Y>
          <Y t="24">0.00109</Y>
          <Y t="25">0.00117</Y>
        </Axis>
      </Axis>
      <Axis t="15">
        <Axis>
          <Y t="1">0.0003</Y>
          <Y t="2">0.00056</Y>
          <Y t="3">0.00068</Y>
          <Y t="4">0.00078</Y>
          <Y t="5">0.00081</Y>
          <Y t="6">0.00081</Y>
          <Y t="7">0.00082</Y>
          <Y t="8">0.00082</Y>
          <Y t="9">0.00082</Y>
          <Y t="10">0.00083</Y>
          <Y t="11">0.00086</Y>
          <Y t="12">0.00089</Y>
          <Y t="13">0.00093</Y>
          <Y t="14">0.00094</Y>
          <Y t="15">0.00094</Y>
          <Y t="16">0.00094</Y>
          <Y t="17">0.00094</Y>
          <Y t="18">0.00094</Y>
          <Y t="19">0.00095</Y>
          <Y t="20">0.00097</Y>
          <Y t="21">0.00099</Y>
          <Y t="22">0.00104</Y>
          <Y t="23">0.00109</Y>
          <Y t="24">0.00117</Y>
          <Y t="25">0.00125</Y>
        </Axis>
      </Axis>
      <Axis t="16">
        <Axis>
          <Y t="1">0.00056</Y>
          <Y t="2">0.00068</Y>
          <Y t="3">0.00078</Y>
          <Y t="4">0.00081</Y>
          <Y t="5">0.00081</Y>
          <Y t="6">0.00081</Y>
          <Y t="7">0.00081</Y>
          <Y t="8">0.00081</Y>
          <Y t="9">0.00082</Y>
          <Y t="10">0.00084</Y>
          <Y t="11">0.00087</Y>
          <Y t="12">0.0009</Y>
          <Y t="13">0.00092</Y>
          <Y t="14">0.00094</Y>
          <Y t="15">0.00094</Y>
          <Y t="16">0.00094</Y>
          <Y t="17">0.00094</Y>
          <Y t="18">0.00095</Y>
          <Y t="19">0.00097</Y>
          <Y t="20">0.00099</Y>
          <Y t="21">0.00104</Y>
          <Y t="22">0.00109</Y>
          <Y t="23">0.00117</Y>
          <Y t="24">0.00125</Y>
          <Y t="25">0.00134</Y>
        </Axis>
      </Axis>
      <Axis t="17">
        <Axis>
          <Y t="1">0.00068</Y>
          <Y t="2">0.00078</Y>
          <Y t="3">0.00081</Y>
          <Y t="4">0.00081</Y>
          <Y t="5">0.00081</Y>
          <Y t="6">0.00081</Y>
          <Y t="7">0.00081</Y>
          <Y t="8">0.00081</Y>
          <Y t="9">0.00083</Y>
          <Y t="10">0.00085</Y>
          <Y t="11">0.00087</Y>
          <Y t="12">0.00089</Y>
          <Y t="13">0.0009</Y>
          <Y t="14">0.00091</Y>
          <Y t="15">0.00091</Y>
          <Y t="16">0.00091</Y>
          <Y t="17">0.00095</Y>
          <Y t="18">0.00097</Y>
          <Y t="19">0.00099</Y>
          <Y t="20">0.00104</Y>
          <Y t="21">0.00109</Y>
          <Y t="22">0.00117</Y>
          <Y t="23">0.00125</Y>
          <Y t="24">0.00134</Y>
          <Y t="25">0.00146</Y>
        </Axis>
      </Axis>
      <Axis t="18">
        <Axis>
          <Y t="1">0.00078</Y>
          <Y t="2">0.00079</Y>
          <Y t="3">0.00079</Y>
          <Y t="4">0.00079</Y>
          <Y t="5">0.00079</Y>
          <Y t="6">0.00079</Y>
          <Y t="7">0.0008</Y>
          <Y t="8">0.00081</Y>
          <Y t="9">0.00083</Y>
          <Y t="10">0.00084</Y>
          <Y t="11">0.00085</Y>
          <Y t="12">0.00086</Y>
          <Y t="13">0.00087</Y>
          <Y t="14">0.00089</Y>
          <Y t="15">0.00091</Y>
          <Y t="16">0.00091</Y>
          <Y t="17">0.00097</Y>
          <Y t="18">0.00099</Y>
          <Y t="19">0.00104</Y>
          <Y t="20">0.00109</Y>
          <Y t="21">0.00117</Y>
          <Y t="22">0.00125</Y>
          <Y t="23">0.00134</Y>
          <Y t="24">0.00146</Y>
          <Y t="25">0.00161</Y>
        </Axis>
      </Axis>
      <Axis t="19">
        <Axis>
          <Y t="1">0.00076</Y>
          <Y t="2">0.00076</Y>
          <Y t="3">0.00076</Y>
          <Y t="4">0.00076</Y>
          <Y t="5">0.00076</Y>
          <Y t="6">0.00077</Y>
          <Y t="7">0.00078</Y>
          <Y t="8">0.0008</Y>
          <Y t="9">0.00081</Y>
          <Y t="10">0.00081</Y>
          <Y t="11">0.00082</Y>
          <Y t="12">0.00082</Y>
          <Y t="13">0.00084</Y>
          <Y t="14">0.00087</Y>
          <Y t="15">0.00091</Y>
          <Y t="16">0.00094</Y>
          <Y t="17">0.00099</Y>
          <Y t="18">0.00104</Y>
          <Y t="19">0.00109</Y>
          <Y t="20">0.00117</Y>
          <Y t="21">0.00125</Y>
          <Y t="22">0.00134</Y>
          <Y t="23">0.00146</Y>
          <Y t="24">0.00161</Y>
          <Y t="25">0.00178</Y>
        </Axis>
      </Axis>
      <Axis t="20">
        <Axis>
          <Y t="1">0.00072</Y>
          <Y t="2">0.00072</Y>
          <Y t="3">0.00072</Y>
          <Y t="4">0.00072</Y>
          <Y t="5">0.00072</Y>
          <Y t="6">0.00074</Y>
          <Y t="7">0.00075</Y>
          <Y t="8">0.00076</Y>
          <Y t="9">0.00077</Y>
          <Y t="10">0.00077</Y>
          <Y t="11">0.00078</Y>
          <Y t="12">0.00079</Y>
          <Y t="13">0.00082</Y>
          <Y t="14">0.00087</Y>
          <Y t="15">0.00094</Y>
          <Y t="16">0.00099</Y>
          <Y t="17">0.00104</Y>
          <Y t="18">0.00109</Y>
          <Y t="19">0.00117</Y>
          <Y t="20">0.00125</Y>
          <Y t="21">0.00134</Y>
          <Y t="22">0.00146</Y>
          <Y t="23">0.00161</Y>
          <Y t="24">0.00178</Y>
          <Y t="25">0.00199</Y>
        </Axis>
      </Axis>
      <Axis t="21">
        <Axis>
          <Y t="1">0.00066</Y>
          <Y t="2">0.00066</Y>
          <Y t="3">0.00066</Y>
          <Y t="4">0.00066</Y>
          <Y t="5">0.00068</Y>
          <Y t="6">0.00069</Y>
          <Y t="7">0.00071</Y>
          <Y t="8">0.00071</Y>
          <Y t="9">0.00072</Y>
          <Y t="10">0.00073</Y>
          <Y t="11">0.00075</Y>
          <Y t="12">0.00078</Y>
          <Y t="13">0.00082</Y>
          <Y t="14">0.00088</Y>
          <Y t="15">0.00096</Y>
          <Y t="16">0.00104</Y>
          <Y t="17">0.00109</Y>
          <Y t="18">0.00117</Y>
          <Y t="19">0.00125</Y>
          <Y t="20">0.00134</Y>
          <Y t="21">0.00146</Y>
          <Y t="22">0.00161</Y>
          <Y t="23">0.00178</Y>
          <Y t="24">0.00199</Y>
          <Y t="25">0.00222</Y>
        </Axis>
      </Axis>
      <Axis t="22">
        <Axis>
          <Y t="1">0.0006</Y>
          <Y t="2">0.0006</Y>
          <Y t="3">0.0006</Y>
          <Y t="4">0.00062</Y>
          <Y t="5">0.00064</Y>
          <Y t="6">0.00065</Y>
          <Y t="7">0.00066</Y>
          <Y t="8">0.00067</Y>
          <Y t="9">0.00068</Y>
          <Y t="10">0.00071</Y>
          <Y t="11">0.00074</Y>
          <Y t="12">0.00077</Y>
          <Y t="13">0.00082</Y>
          <Y t="14">0.0009</Y>
          <Y t="15">0.001</Y>
          <Y t="16">0.00109</Y>
          <Y t="17">0.00117</Y>
          <Y t="18">0.00125</Y>
          <Y t="19">0.00134</Y>
          <Y t="20">0.00146</Y>
          <Y t="21">0.00161</Y>
          <Y t="22">0.00178</Y>
          <Y t="23">0.00199</Y>
          <Y t="24">0.00222</Y>
          <Y t="25">0.00244</Y>
        </Axis>
      </Axis>
      <Axis t="23">
        <Axis>
          <Y t="1">0.00054</Y>
          <Y t="2">0.00054</Y>
          <Y t="3">0.00056</Y>
          <Y t="4">0.00059</Y>
          <Y t="5">0.00061</Y>
          <Y t="6">0.00063</Y>
          <Y t="7">0.00064</Y>
          <Y t="8">0.00065</Y>
          <Y t="9">0.00067</Y>
          <Y t="10">0.0007</Y>
          <Y t="11">0.00074</Y>
          <Y t="12">0.00078</Y>
          <Y t="13">0.00085</Y>
          <Y t="14">0.00093</Y>
          <Y t="15">0.00105</Y>
          <Y t="16">0.00116</Y>
          <Y t="17">0.00125</Y>
          <Y t="18">0.00134</Y>
          <Y t="19">0.00146</Y>
          <Y t="20">0.00161</Y>
          <Y t="21">0.00178</Y>
          <Y t="22">0.00199</Y>
          <Y t="23">0.00222</Y>
          <Y t="24">0.00244</Y>
          <Y t="25">0.00268</Y>
        </Axis>
      </Axis>
      <Axis t="24">
        <Axis>
          <Y t="1">0.00047</Y>
          <Y t="2">0.00049</Y>
          <Y t="3">0.00053</Y>
          <Y t="4">0.00057</Y>
          <Y t="5">0.0006</Y>
          <Y t="6">0.00062</Y>
          <Y t="7">0.00063</Y>
          <Y t="8">0.00065</Y>
          <Y t="9">0.00068</Y>
          <Y t="10">0.00072</Y>
          <Y t="11">0.00076</Y>
          <Y t="12">0.00081</Y>
          <Y t="13">0.00088</Y>
          <Y t="14">0.00098</Y>
          <Y t="15">0.00112</Y>
          <Y t="16">0.00123</Y>
          <Y t="17">0.00134</Y>
          <Y t="18">0.00146</Y>
          <Y t="19">0.00161</Y>
          <Y t="20">0.00178</Y>
          <Y t="21">0.00199</Y>
          <Y t="22">0.00222</Y>
          <Y t="23">0.00244</Y>
          <Y t="24">0.00265</Y>
          <Y t="25">0.00281</Y>
        </Axis>
      </Axis>
      <Axis t="25">
        <Axis>
          <Y t="1">0.00039</Y>
          <Y t="2">0.00044</Y>
          <Y t="3">0.00051</Y>
          <Y t="4">0.00057</Y>
          <Y t="5">0.0006</Y>
          <Y t="6">0.00062</Y>
          <Y t="7">0.00064</Y>
          <Y t="8">0.00066</Y>
          <Y t="9">0.0007</Y>
          <Y t="10">0.00075</Y>
          <Y t="11">0.0008</Y>
          <Y t="12">0.00086</Y>
          <Y t="13">0.00094</Y>
          <Y t="14">0.00105</Y>
          <Y t="15">0.00118</Y>
          <Y t="16">0.00133</Y>
          <Y t="17">0.00146</Y>
          <Y t="18">0.00161</Y>
          <Y t="19">0.00178</Y>
          <Y t="20">0.00199</Y>
          <Y t="21">0.00222</Y>
          <Y t="22">0.00244</Y>
          <Y t="23">0.00263</Y>
          <Y t="24">0.00279</Y>
          <Y t="25">0.00296</Y>
        </Axis>
      </Axis>
      <Axis t="26">
        <Axis>
          <Y t="1">0.00035</Y>
          <Y t="2">0.00043</Y>
          <Y t="3">0.00051</Y>
          <Y t="4">0.00058</Y>
          <Y t="5">0.00061</Y>
          <Y t="6">0.00063</Y>
          <Y t="7">0.00065</Y>
          <Y t="8">0.00069</Y>
          <Y t="9">0.00073</Y>
          <Y t="10">0.00079</Y>
          <Y t="11">0.00085</Y>
          <Y t="12">0.00092</Y>
          <Y t="13">0.00101</Y>
          <Y t="14">0.00114</Y>
          <Y t="15">0.00128</Y>
          <Y t="16">0.00145</Y>
          <Y t="17">0.00161</Y>
          <Y t="18">0.00178</Y>
          <Y t="19">0.00199</Y>
          <Y t="20">0.00222</Y>
          <Y t="21">0.00244</Y>
          <Y t="22">0.00262</Y>
          <Y t="23">0.00278</Y>
          <Y t="24">0.00296</Y>
          <Y t="25">0.00317</Y>
        </Axis>
      </Axis>
      <Axis t="27">
        <Axis>
          <Y t="1">0.00033</Y>
          <Y t="2">0.00043</Y>
          <Y t="3">0.00052</Y>
          <Y t="4">0.00059</Y>
          <Y t="5">0.00063</Y>
          <Y t="6">0.00065</Y>
          <Y t="7">0.00069</Y>
          <Y t="8">0.00073</Y>
          <Y t="9">0.00078</Y>
          <Y t="10">0.00085</Y>
          <Y t="11">0.00092</Y>
          <Y t="12">0.001</Y>
          <Y t="13">0.0011</Y>
          <Y t="14">0.00125</Y>
          <Y t="15">0.00139</Y>
          <Y t="16">0.00159</Y>
          <Y t="17">0.00178</Y>
          <Y t="18">0.00199</Y>
          <Y t="19">0.00222</Y>
          <Y t="20">0.00244</Y>
          <Y t="21">0.00261</Y>
          <Y t="22">0.00277</Y>
          <Y t="23">0.00296</Y>
          <Y t="24">0.00317</Y>
          <Y t="25">0.00343</Y>
        </Axis>
      </Axis>
      <Axis t="28">
        <Axis>
          <Y t="1">0.00033</Y>
          <Y t="2">0.00044</Y>
          <Y t="3">0.00053</Y>
          <Y t="4">0.0006</Y>
          <Y t="5">0.00065</Y>
          <Y t="6">0.00068</Y>
          <Y t="7">0.00072</Y>
          <Y t="8">0.00077</Y>
          <Y t="9">0.00083</Y>
          <Y t="10">0.00091</Y>
          <Y t="11">0.001</Y>
          <Y t="12">0.0011</Y>
          <Y t="13">0.00122</Y>
          <Y t="14">0.00138</Y>
          <Y t="15">0.00154</Y>
          <Y t="16">0.00176</Y>
          <Y t="17">0.00196</Y>
          <Y t="18">0.00219</Y>
          <Y t="19">0.00244</Y>
          <Y t="20">0.00261</Y>
          <Y t="21">0.00277</Y>
          <Y t="22">0.00295</Y>
          <Y t="23">0.00317</Y>
          <Y t="24">0.00343</Y>
          <Y t="25">0.00379</Y>
        </Axis>
      </Axis>
      <Axis t="29">
        <Axis>
          <Y t="1">0.00032</Y>
          <Y t="2">0.00044</Y>
          <Y t="3">0.00054</Y>
          <Y t="4">0.00061</Y>
          <Y t="5">0.00068</Y>
          <Y t="6">0.00072</Y>
          <Y t="7">0.00077</Y>
          <Y t="8">0.00083</Y>
          <Y t="9">0.00089</Y>
          <Y t="10">0.001</Y>
          <Y t="11">0.0011</Y>
          <Y t="12">0.00122</Y>
          <Y t="13">0.00134</Y>
          <Y t="14">0.0015</Y>
          <Y t="15">0.0017</Y>
          <Y t="16">0.00195</Y>
          <Y t="17">0.00219</Y>
          <Y t="18">0.00242</Y>
          <Y t="19">0.0026</Y>
          <Y t="20">0.00277</Y>
          <Y t="21">0.00295</Y>
          <Y t="22">0.00317</Y>
          <Y t="23">0.00342</Y>
          <Y t="24">0.00379</Y>
          <Y t="25">0.0042</Y>
        </Axis>
      </Axis>
      <Axis t="30">
        <Axis>
          <Y t="1">0.00032</Y>
          <Y t="2">0.00044</Y>
          <Y t="3">0.00053</Y>
          <Y t="4">0.00062</Y>
          <Y t="5">0.0007</Y>
          <Y t="6">0.00077</Y>
          <Y t="7">0.00083</Y>
          <Y t="8">0.00089</Y>
          <Y t="9">0.00098</Y>
          <Y t="10">0.00109</Y>
          <Y t="11">0.00119</Y>
          <Y t="12">0.00131</Y>
          <Y t="13">0.00145</Y>
          <Y t="14">0.00163</Y>
          <Y t="15">0.00186</Y>
          <Y t="16">0.00212</Y>
          <Y t="17">0.00236</Y>
          <Y t="18">0.00257</Y>
          <Y t="19">0.00276</Y>
          <Y t="20">0.00295</Y>
          <Y t="21">0.00317</Y>
          <Y t="22">0.00342</Y>
          <Y t="23">0.00379</Y>
          <Y t="24">0.00419</Y>
          <Y t="25">0.00468</Y>
        </Axis>
      </Axis>
      <Axis t="31">
        <Axis>
          <Y t="1">0.0003</Y>
          <Y t="2">0.00043</Y>
          <Y t="3">0.00053</Y>
          <Y t="4">0.00063</Y>
          <Y t="5">0.00072</Y>
          <Y t="6">0.00081</Y>
          <Y t="7">0.00089</Y>
          <Y t="8">0.00096</Y>
          <Y t="9">0.00104</Y>
          <Y t="10">0.00114</Y>
          <Y t="11">0.00125</Y>
          <Y t="12">0.0014</Y>
          <Y t="13">0.00159</Y>
          <Y t="14">0.00181</Y>
          <Y t="15">0.00207</Y>
          <Y t="16">0.00232</Y>
          <Y t="17">0.00254</Y>
          <Y t="18">0.00274</Y>
          <Y t="19">0.00294</Y>
          <Y t="20">0.00315</Y>
          <Y t="21">0.0034</Y>
          <Y t="22">0.00373</Y>
          <Y t="23">0.00417</Y>
          <Y t="24">0.00466</Y>
          <Y t="25">0.0052</Y>
        </Axis>
      </Axis>
      <Axis t="32">
        <Axis>
          <Y t="1">0.00029</Y>
          <Y t="2">0.00041</Y>
          <Y t="3">0.00053</Y>
          <Y t="4">0.00063</Y>
          <Y t="5">0.00073</Y>
          <Y t="6">0.00082</Y>
          <Y t="7">0.00092</Y>
          <Y t="8">0.001</Y>
          <Y t="9">0.00108</Y>
          <Y t="10">0.00117</Y>
          <Y t="11">0.00131</Y>
          <Y t="12">0.00151</Y>
          <Y t="13">0.00176</Y>
          <Y t="14">0.00203</Y>
          <Y t="15">0.00229</Y>
          <Y t="16">0.00252</Y>
          <Y t="17">0.00273</Y>
          <Y t="18">0.00293</Y>
          <Y t="19">0.00315</Y>
          <Y t="20">0.0034</Y>
          <Y t="21">0.00373</Y>
          <Y t="22">0.00417</Y>
          <Y t="23">0.00464</Y>
          <Y t="24">0.00516</Y>
          <Y t="25">0.00578</Y>
        </Axis>
      </Axis>
      <Axis t="33">
        <Axis>
          <Y t="1">0.00031</Y>
          <Y t="2">0.00043</Y>
          <Y t="3">0.00055</Y>
          <Y t="4">0.00066</Y>
          <Y t="5">0.00077</Y>
          <Y t="6">0.00087</Y>
          <Y t="7">0.00097</Y>
          <Y t="8">0.00105</Y>
          <Y t="9">0.00113</Y>
          <Y t="10">0.00123</Y>
          <Y t="11">0.0014</Y>
          <Y t="12">0.00164</Y>
          <Y t="13">0.00194</Y>
          <Y t="14">0.00222</Y>
          <Y t="15">0.00247</Y>
          <Y t="16">0.0027</Y>
          <Y t="17">0.00292</Y>
          <Y t="18">0.00315</Y>
          <Y t="19">0.0034</Y>
          <Y t="20">0.00373</Y>
          <Y t="21">0.00417</Y>
          <Y t="22">0.00462</Y>
          <Y t="23">0.00513</Y>
          <Y t="24">0.00572</Y>
          <Y t="25">0.00635</Y>
        </Axis>
      </Axis>
      <Axis t="34">
        <Axis>
          <Y t="1">0.00033</Y>
          <Y t="2">0.00045</Y>
          <Y t="3">0.00058</Y>
          <Y t="4">0.00069</Y>
          <Y t="5">0.00081</Y>
          <Y t="6">0.00092</Y>
          <Y t="7">0.00103</Y>
          <Y t="8">0.00112</Y>
          <Y t="9">0.00121</Y>
          <Y t="10">0.00134</Y>
          <Y t="11">0.00154</Y>
          <Y t="12">0.00181</Y>
          <Y t="13">0.00211</Y>
          <Y t="14">0.00241</Y>
          <Y t="15">0.00266</Y>
          <Y t="16">0.00289</Y>
          <Y t="17">0.00314</Y>
          <Y t="18">0.0034</Y>
          <Y t="19">0.00373</Y>
          <Y t="20">0.00415</Y>
          <Y t="21">0.0046</Y>
          <Y t="22">0.0051</Y>
          <Y t="23">0.00568</Y>
          <Y t="24">0.00629</Y>
          <Y t="25">0.00691</Y>
        </Axis>
      </Axis>
      <Axis t="35">
        <Axis>
          <Y t="1">0.00035</Y>
          <Y t="2">0.00047</Y>
          <Y t="3">0.0006</Y>
          <Y t="4">0.00072</Y>
          <Y t="5">0.00084</Y>
          <Y t="6">0.00097</Y>
          <Y t="7">0.00108</Y>
          <Y t="8">0.0012</Y>
          <Y t="9">0.00133</Y>
          <Y t="10">0.0015</Y>
          <Y t="11">0.00172</Y>
          <Y t="12">0.00199</Y>
          <Y t="13">0.00229</Y>
          <Y t="14">0.00259</Y>
          <Y t="15">0.00286</Y>
          <Y t="16">0.00312</Y>
          <Y t="17">0.0034</Y>
          <Y t="18">0.00373</Y>
          <Y t="19">0.00413</Y>
          <Y t="20">0.00457</Y>
          <Y t="21">0.00506</Y>
          <Y t="22">0.00563</Y>
          <Y t="23">0.00623</Y>
          <Y t="24">0.00685</Y>
          <Y t="25">0.0075</Y>
        </Axis>
      </Axis>
      <Axis t="36">
        <Axis>
          <Y t="1">0.00037</Y>
          <Y t="2">0.00049</Y>
          <Y t="3">0.00062</Y>
          <Y t="4">0.00075</Y>
          <Y t="5">0.00088</Y>
          <Y t="6">0.001</Y>
          <Y t="7">0.00114</Y>
          <Y t="8">0.00131</Y>
          <Y t="9">0.00149</Y>
          <Y t="10">0.0017</Y>
          <Y t="11">0.00192</Y>
          <Y t="12">0.00218</Y>
          <Y t="13">0.00248</Y>
          <Y t="14">0.0028</Y>
          <Y t="15">0.0031</Y>
          <Y t="16">0.0034</Y>
          <Y t="17">0.00373</Y>
          <Y t="18">0.00411</Y>
          <Y t="19">0.00454</Y>
          <Y t="20">0.00502</Y>
          <Y t="21">0.00559</Y>
          <Y t="22">0.00618</Y>
          <Y t="23">0.0068</Y>
          <Y t="24">0.00748</Y>
          <Y t="25">0.00818</Y>
        </Axis>
      </Axis>
      <Axis t="37">
        <Axis>
          <Y t="1">0.00039</Y>
          <Y t="2">0.0005</Y>
          <Y t="3">0.00064</Y>
          <Y t="4">0.00077</Y>
          <Y t="5">0.0009</Y>
          <Y t="6">0.00105</Y>
          <Y t="7">0.00123</Y>
          <Y t="8">0.00145</Y>
          <Y t="9">0.00167</Y>
          <Y t="10">0.00188</Y>
          <Y t="11">0.0021</Y>
          <Y t="12">0.00235</Y>
          <Y t="13">0.00267</Y>
          <Y t="14">0.00303</Y>
          <Y t="15">0.00338</Y>
          <Y t="16">0.00372</Y>
          <Y t="17">0.00409</Y>
          <Y t="18">0.00451</Y>
          <Y t="19">0.00499</Y>
          <Y t="20">0.00554</Y>
          <Y t="21">0.00613</Y>
          <Y t="22">0.00675</Y>
          <Y t="23">0.00743</Y>
          <Y t="24">0.00818</Y>
          <Y t="25">0.00909</Y>
        </Axis>
      </Axis>
      <Axis t="38">
        <Axis>
          <Y t="1">0.00042</Y>
          <Y t="2">0.00056</Y>
          <Y t="3">0.0007</Y>
          <Y t="4">0.00082</Y>
          <Y t="5">0.00095</Y>
          <Y t="6">0.00113</Y>
          <Y t="7">0.00136</Y>
          <Y t="8">0.00162</Y>
          <Y t="9">0.00186</Y>
          <Y t="10">0.00207</Y>
          <Y t="11">0.00228</Y>
          <Y t="12">0.00254</Y>
          <Y t="13">0.00287</Y>
          <Y t="14">0.00326</Y>
          <Y t="15">0.00366</Y>
          <Y t="16">0.00406</Y>
          <Y t="17">0.00449</Y>
          <Y t="18">0.00496</Y>
          <Y t="19">0.00551</Y>
          <Y t="20">0.00609</Y>
          <Y t="21">0.00671</Y>
          <Y t="22">0.0074</Y>
          <Y t="23">0.00818</Y>
          <Y t="24">0.00909</Y>
          <Y t="25">0.01028</Y>
        </Axis>
      </Axis>
      <Axis t="39">
        <Axis>
          <Y t="1">0.00046</Y>
          <Y t="2">0.00062</Y>
          <Y t="3">0.00076</Y>
          <Y t="4">0.00088</Y>
          <Y t="5">0.00103</Y>
          <Y t="6">0.00124</Y>
          <Y t="7">0.00152</Y>
          <Y t="8">0.00178</Y>
          <Y t="9">0.00203</Y>
          <Y t="10">0.00224</Y>
          <Y t="11">0.00246</Y>
          <Y t="12">0.00275</Y>
          <Y t="13">0.00312</Y>
          <Y t="14">0.00353</Y>
          <Y t="15">0.00397</Y>
          <Y t="16">0.00444</Y>
          <Y t="17">0.00492</Y>
          <Y t="18">0.00548</Y>
          <Y t="19">0.00606</Y>
          <Y t="20">0.00668</Y>
          <Y t="21">0.00736</Y>
          <Y t="22">0.00818</Y>
          <Y t="23">0.00909</Y>
          <Y t="24">0.01028</Y>
          <Y t="25">0.01162</Y>
        </Axis>
      </Axis>
      <Axis t="40">
        <Axis>
          <Y t="1">0.00049</Y>
          <Y t="2">0.00067</Y>
          <Y t="3">0.00082</Y>
          <Y t="4">0.00096</Y>
          <Y t="5">0.00114</Y>
          <Y t="6">0.0014</Y>
          <Y t="7">0.00168</Y>
          <Y t="8">0.00196</Y>
          <Y t="9">0.00219</Y>
          <Y t="10">0.00242</Y>
          <Y t="11">0.00269</Y>
          <Y t="12">0.00303</Y>
          <Y t="13">0.00342</Y>
          <Y t="14">0.00386</Y>
          <Y t="15">0.00433</Y>
          <Y t="16">0.00485</Y>
          <Y t="17">0.00543</Y>
          <Y t="18">0.00603</Y>
          <Y t="19">0.00666</Y>
          <Y t="20">0.00734</Y>
          <Y t="21">0.00816</Y>
          <Y t="22">0.00909</Y>
          <Y t="23">0.01026</Y>
          <Y t="24">0.01153</Y>
          <Y t="25">0.01291</Y>
        </Axis>
      </Axis>
      <Axis t="41">
        <Axis>
          <Y t="1">0.00052</Y>
          <Y t="2">0.00072</Y>
          <Y t="3">0.00091</Y>
          <Y t="4">0.00108</Y>
          <Y t="5">0.00129</Y>
          <Y t="6">0.00157</Y>
          <Y t="7">0.00187</Y>
          <Y t="8">0.00213</Y>
          <Y t="9">0.00238</Y>
          <Y t="10">0.00265</Y>
          <Y t="11">0.00298</Y>
          <Y t="12">0.00336</Y>
          <Y t="13">0.00379</Y>
          <Y t="14">0.00426</Y>
          <Y t="15">0.00481</Y>
          <Y t="16">0.00539</Y>
          <Y t="17">0.00598</Y>
          <Y t="18">0.00662</Y>
          <Y t="19">0.00733</Y>
          <Y t="20">0.00814</Y>
          <Y t="21">0.00909</Y>
          <Y t="22">0.01024</Y>
          <Y t="23">0.01148</Y>
          <Y t="24">0.01291</Y>
          <Y t="25">0.01414</Y>
        </Axis>
      </Axis>
      <Axis t="42">
        <Axis>
          <Y t="1">0.00055</Y>
          <Y t="2">0.0008</Y>
          <Y t="3">0.00102</Y>
          <Y t="4">0.00122</Y>
          <Y t="5">0.00145</Y>
          <Y t="6">0.00173</Y>
          <Y t="7">0.00203</Y>
          <Y t="8">0.00231</Y>
          <Y t="9">0.0026</Y>
          <Y t="10">0.00293</Y>
          <Y t="11">0.00331</Y>
          <Y t="12">0.00373</Y>
          <Y t="13">0.00421</Y>
          <Y t="14">0.00476</Y>
          <Y t="15">0.00539</Y>
          <Y t="16">0.00594</Y>
          <Y t="17">0.00656</Y>
          <Y t="18">0.00729</Y>
          <Y t="19">0.00813</Y>
          <Y t="20">0.00909</Y>
          <Y t="21">0.01022</Y>
          <Y t="22">0.01145</Y>
          <Y t="23">0.01283</Y>
          <Y t="24">0.01414</Y>
          <Y t="25">0.01519</Y>
        </Axis>
      </Axis>
      <Axis t="43">
        <Axis>
          <Y t="1">0.00058</Y>
          <Y t="2">0.00084</Y>
          <Y t="3">0.00109</Y>
          <Y t="4">0.00131</Y>
          <Y t="5">0.00155</Y>
          <Y t="6">0.00183</Y>
          <Y t="7">0.00216</Y>
          <Y t="8">0.00248</Y>
          <Y t="9">0.00282</Y>
          <Y t="10">0.0032</Y>
          <Y t="11">0.00362</Y>
          <Y t="12">0.00412</Y>
          <Y t="13">0.00471</Y>
          <Y t="14">0.00533</Y>
          <Y t="15">0.00594</Y>
          <Y t="16">0.00646</Y>
          <Y t="17">0.00722</Y>
          <Y t="18">0.00808</Y>
          <Y t="19">0.00907</Y>
          <Y t="20">0.01019</Y>
          <Y t="21">0.01141</Y>
          <Y t="22">0.0127</Y>
          <Y t="23">0.014</Y>
          <Y t="24">0.01519</Y>
          <Y t="25">0.01659</Y>
        </Axis>
      </Axis>
      <Axis t="44">
        <Axis>
          <Y t="1">0.00062</Y>
          <Y t="2">0.0009</Y>
          <Y t="3">0.00115</Y>
          <Y t="4">0.00138</Y>
          <Y t="5">0.00163</Y>
          <Y t="6">0.00194</Y>
          <Y t="7">0.0023</Y>
          <Y t="8">0.00269</Y>
          <Y t="9">0.00307</Y>
          <Y t="10">0.00349</Y>
          <Y t="11">0.00395</Y>
          <Y t="12">0.0046</Y>
          <Y t="13">0.00527</Y>
          <Y t="14">0.00588</Y>
          <Y t="15">0.00644</Y>
          <Y t="16">0.00712</Y>
          <Y t="17">0.008</Y>
          <Y t="18">0.00901</Y>
          <Y t="19">0.01015</Y>
          <Y t="20">0.01137</Y>
          <Y t="21">0.01263</Y>
          <Y t="22">0.01392</Y>
          <Y t="23">0.01519</Y>
          <Y t="24">0.01647</Y>
          <Y t="25">0.01806</Y>
        </Axis>
      </Axis>
      <Axis t="45">
        <Axis>
          <Y t="1">0.00069</Y>
          <Y t="2">0.00096</Y>
          <Y t="3">0.00121</Y>
          <Y t="4">0.00145</Y>
          <Y t="5">0.00174</Y>
          <Y t="6">0.00208</Y>
          <Y t="7">0.0025</Y>
          <Y t="8">0.00293</Y>
          <Y t="9">0.00338</Y>
          <Y t="10">0.00382</Y>
          <Y t="11">0.00439</Y>
          <Y t="12">0.00516</Y>
          <Y t="13">0.00581</Y>
          <Y t="14">0.00637</Y>
          <Y t="15">0.00699</Y>
          <Y t="16">0.00788</Y>
          <Y t="17">0.00892</Y>
          <Y t="18">0.01007</Y>
          <Y t="19">0.0113</Y>
          <Y t="20">0.01257</Y>
          <Y t="21">0.01384</Y>
          <Y t="22">0.0151</Y>
          <Y t="23">0.01634</Y>
          <Y t="24">0.01806</Y>
          <Y t="25">0.01999</Y>
        </Axis>
      </Axis>
      <Axis t="46">
        <Axis>
          <Y t="1">0.00075</Y>
          <Y t="2">0.00101</Y>
          <Y t="3">0.00126</Y>
          <Y t="4">0.00152</Y>
          <Y t="5">0.00186</Y>
          <Y t="6">0.00227</Y>
          <Y t="7">0.00273</Y>
          <Y t="8">0.00323</Y>
          <Y t="9">0.00372</Y>
          <Y t="10">0.00424</Y>
          <Y t="11">0.00492</Y>
          <Y t="12">0.00568</Y>
          <Y t="13">0.0063</Y>
          <Y t="14">0.00685</Y>
          <Y t="15">0.00774</Y>
          <Y t="16">0.0088</Y>
          <Y t="17">0.00997</Y>
          <Y t="18">0.01122</Y>
          <Y t="19">0.01249</Y>
          <Y t="20">0.01376</Y>
          <Y t="21">0.015</Y>
          <Y t="22">0.01622</Y>
          <Y t="23">0.01788</Y>
          <Y t="24">0.01999</Y>
          <Y t="25">0.02237</Y>
        </Axis>
      </Axis>
      <Axis t="47">
        <Axis>
          <Y t="1">0.00082</Y>
          <Y t="2">0.00106</Y>
          <Y t="3">0.00131</Y>
          <Y t="4">0.00162</Y>
          <Y t="5">0.00202</Y>
          <Y t="6">0.00247</Y>
          <Y t="7">0.00299</Y>
          <Y t="8">0.00355</Y>
          <Y t="9">0.00409</Y>
          <Y t="10">0.00475</Y>
          <Y t="11">0.00543</Y>
          <Y t="12">0.00616</Y>
          <Y t="13">0.00678</Y>
          <Y t="14">0.00753</Y>
          <Y t="15">0.00863</Y>
          <Y t="16">0.00985</Y>
          <Y t="17">0.01114</Y>
          <Y t="18">0.01243</Y>
          <Y t="19">0.01369</Y>
          <Y t="20">0.01493</Y>
          <Y t="21">0.01608</Y>
          <Y t="22">0.01769</Y>
          <Y t="23">0.01979</Y>
          <Y t="24">0.02237</Y>
          <Y t="25">0.02515</Y>
        </Axis>
      </Axis>
      <Axis t="48">
        <Axis>
          <Y t="1">0.00089</Y>
          <Y t="2">0.00114</Y>
          <Y t="3">0.00143</Y>
          <Y t="4">0.00177</Y>
          <Y t="5">0.00218</Y>
          <Y t="6">0.00266</Y>
          <Y t="7">0.00323</Y>
          <Y t="8">0.00385</Y>
          <Y t="9">0.00447</Y>
          <Y t="10">0.00523</Y>
          <Y t="11">0.00588</Y>
          <Y t="12">0.00663</Y>
          <Y t="13">0.00736</Y>
          <Y t="14">0.00835</Y>
          <Y t="15">0.00966</Y>
          <Y t="16">0.01104</Y>
          <Y t="17">0.01239</Y>
          <Y t="18">0.01367</Y>
          <Y t="19">0.01487</Y>
          <Y t="20">0.01599</Y>
          <Y t="21">0.01751</Y>
          <Y t="22">0.01958</Y>
          <Y t="23">0.02215</Y>
          <Y t="24">0.02515</Y>
          <Y t="25">0.0281</Y>
        </Axis>
      </Axis>
      <Axis t="49">
        <Axis>
          <Y t="1">0.00094</Y>
          <Y t="2">0.00125</Y>
          <Y t="3">0.00158</Y>
          <Y t="4">0.00195</Y>
          <Y t="5">0.00237</Y>
          <Y t="6">0.00287</Y>
          <Y t="7">0.00348</Y>
          <Y t="8">0.00418</Y>
          <Y t="9">0.00483</Y>
          <Y t="10">0.00558</Y>
          <Y t="11">0.00633</Y>
          <Y t="12">0.0072</Y>
          <Y t="13">0.00818</Y>
          <Y t="14">0.00935</Y>
          <Y t="15">0.0108</Y>
          <Y t="16">0.0123</Y>
          <Y t="17">0.0136</Y>
          <Y t="18">0.01481</Y>
          <Y t="19">0.01591</Y>
          <Y t="20">0.01733</Y>
          <Y t="21">0.01938</Y>
          <Y t="22">0.02192</Y>
          <Y t="23">0.02489</Y>
          <Y t="24">0.0281</Y>
          <Y t="25">0.03112</Y>
        </Axis>
      </Axis>
      <Axis t="50">
        <Axis>
          <Y t="1">0.00103</Y>
          <Y t="2">0.00138</Y>
          <Y t="3">0.00175</Y>
          <Y t="4">0.00214</Y>
          <Y t="5">0.00257</Y>
          <Y t="6">0.00309</Y>
          <Y t="7">0.00376</Y>
          <Y t="8">0.00449</Y>
          <Y t="9">0.00516</Y>
          <Y t="10">0.00593</Y>
          <Y t="11">0.00685</Y>
          <Y t="12">0.008</Y>
          <Y t="13">0.00925</Y>
          <Y t="14">0.01062</Y>
          <Y t="15">0.01204</Y>
          <Y t="16">0.01355</Y>
          <Y t="17">0.01474</Y>
          <Y t="18">0.01582</Y>
          <Y t="19">0.01696</Y>
          <Y t="20">0.01918</Y>
          <Y t="21">0.0217</Y>
          <Y t="22">0.02464</Y>
          <Y t="23">0.02781</Y>
          <Y t="24">0.03112</Y>
          <Y t="25">0.03426</Y>
        </Axis>
      </Axis>
      <Axis t="51">
        <Axis>
          <Y t="1">0.00114</Y>
          <Y t="2">0.00155</Y>
          <Y t="3">0.00196</Y>
          <Y t="4">0.00238</Y>
          <Y t="5">0.00281</Y>
          <Y t="6">0.00335</Y>
          <Y t="7">0.00401</Y>
          <Y t="8">0.00475</Y>
          <Y t="9">0.00551</Y>
          <Y t="10">0.00639</Y>
          <Y t="11">0.00756</Y>
          <Y t="12">0.00905</Y>
          <Y t="13">0.0105</Y>
          <Y t="14">0.01191</Y>
          <Y t="15">0.01317</Y>
          <Y t="16">0.01468</Y>
          <Y t="17">0.01573</Y>
          <Y t="18">0.01678</Y>
          <Y t="19">0.01878</Y>
          <Y t="20">0.02147</Y>
          <Y t="21">0.02438</Y>
          <Y t="22">0.02753</Y>
          <Y t="23">0.0308</Y>
          <Y t="24">0.03426</Y>
          <Y t="25">0.03769</Y>
        </Axis>
      </Axis>
      <Axis t="52">
        <Axis>
          <Y t="1">0.00125</Y>
          <Y t="2">0.00173</Y>
          <Y t="3">0.0022</Y>
          <Y t="4">0.00264</Y>
          <Y t="5">0.00308</Y>
          <Y t="6">0.0036</Y>
          <Y t="7">0.00427</Y>
          <Y t="8">0.00507</Y>
          <Y t="9">0.00596</Y>
          <Y t="10">0.00708</Y>
          <Y t="11">0.00852</Y>
          <Y t="12">0.01025</Y>
          <Y t="13">0.01178</Y>
          <Y t="14">0.01274</Y>
          <Y t="15">0.01421</Y>
          <Y t="16">0.01565</Y>
          <Y t="17">0.01678</Y>
          <Y t="18">0.01857</Y>
          <Y t="19">0.02102</Y>
          <Y t="20">0.02413</Y>
          <Y t="21">0.02724</Y>
          <Y t="22">0.03049</Y>
          <Y t="23">0.03392</Y>
          <Y t="24">0.03769</Y>
          <Y t="25">0.04154</Y>
        </Axis>
      </Axis>
      <Axis t="53">
        <Axis>
          <Y t="1">0.0013</Y>
          <Y t="2">0.00187</Y>
          <Y t="3">0.0024</Y>
          <Y t="4">0.0029</Y>
          <Y t="5">0.00337</Y>
          <Y t="6">0.00392</Y>
          <Y t="7">0.00466</Y>
          <Y t="8">0.0056</Y>
          <Y t="9">0.00663</Y>
          <Y t="10">0.00801</Y>
          <Y t="11">0.00968</Y>
          <Y t="12">0.01151</Y>
          <Y t="13">0.0126</Y>
          <Y t="14">0.01382</Y>
          <Y t="15">0.01527</Y>
          <Y t="16">0.01678</Y>
          <Y t="17">0.01857</Y>
          <Y t="18">0.02079</Y>
          <Y t="19">0.02362</Y>
          <Y t="20">0.02696</Y>
          <Y t="21">0.03017</Y>
          <Y t="22">0.03357</Y>
          <Y t="23">0.03731</Y>
          <Y t="24">0.04154</Y>
          <Y t="25">0.04596</Y>
        </Axis>
      </Axis>
      <Axis t="54">
        <Axis>
          <Y t="1">0.00134</Y>
          <Y t="2">0.00201</Y>
          <Y t="3">0.00263</Y>
          <Y t="4">0.00316</Y>
          <Y t="5">0.00365</Y>
          <Y t="6">0.00428</Y>
          <Y t="7">0.00517</Y>
          <Y t="8">0.00629</Y>
          <Y t="9">0.00749</Y>
          <Y t="10">0.00909</Y>
          <Y t="11">0.01085</Y>
          <Y t="12">0.0123</Y>
          <Y t="13">0.01367</Y>
          <Y t="14">0.01511</Y>
          <Y t="15">0.01678</Y>
          <Y t="16">0.01857</Y>
          <Y t="17">0.02079</Y>
          <Y t="18">0.02337</Y>
          <Y t="19">0.02639</Y>
          <Y t="20">0.02986</Y>
          <Y t="21">0.03323</Y>
          <Y t="22">0.03693</Y>
          <Y t="23">0.04112</Y>
          <Y t="24">0.04596</Y>
          <Y t="25">0.05112</Y>
        </Axis>
      </Axis>
      <Axis t="55">
        <Axis>
          <Y t="1">0.00139</Y>
          <Y t="2">0.00217</Y>
          <Y t="3">0.00285</Y>
          <Y t="4">0.00339</Y>
          <Y t="5">0.00395</Y>
          <Y t="6">0.00472</Y>
          <Y t="7">0.0058</Y>
          <Y t="8">0.0071</Y>
          <Y t="9">0.00844</Y>
          <Y t="10">0.01012</Y>
          <Y t="11">0.01153</Y>
          <Y t="12">0.01326</Y>
          <Y t="13">0.01494</Y>
          <Y t="14">0.0166</Y>
          <Y t="15">0.01857</Y>
          <Y t="16">0.02079</Y>
          <Y t="17">0.02337</Y>
          <Y t="18">0.02611</Y>
          <Y t="19">0.02923</Y>
          <Y t="20">0.03288</Y>
          <Y t="21">0.03655</Y>
          <Y t="22">0.0407</Y>
          <Y t="23">0.04549</Y>
          <Y t="24">0.05112</Y>
          <Y t="25">0.05709</Y>
        </Axis>
      </Axis>
      <Axis t="56">
        <Axis>
          <Y t="1">0.00145</Y>
          <Y t="2">0.00231</Y>
          <Y t="3">0.00304</Y>
          <Y t="4">0.00366</Y>
          <Y t="5">0.00432</Y>
          <Y t="6">0.00527</Y>
          <Y t="7">0.00654</Y>
          <Y t="8">0.00799</Y>
          <Y t="9">0.0094</Y>
          <Y t="10">0.01075</Y>
          <Y t="11">0.01243</Y>
          <Y t="12">0.01441</Y>
          <Y t="13">0.01642</Y>
          <Y t="14">0.01837</Y>
          <Y t="15">0.02079</Y>
          <Y t="16">0.02337</Y>
          <Y t="17">0.02611</Y>
          <Y t="18">0.02892</Y>
          <Y t="19">0.03219</Y>
          <Y t="20">0.03617</Y>
          <Y t="21">0.04028</Y>
          <Y t="22">0.04503</Y>
          <Y t="23">0.05061</Y>
          <Y t="24">0.05709</Y>
          <Y t="25">0.06359</Y>
        </Axis>
      </Axis>
      <Axis t="57">
        <Axis>
          <Y t="1">0.0015</Y>
          <Y t="2">0.00243</Y>
          <Y t="3">0.00324</Y>
          <Y t="4">0.00398</Y>
          <Y t="5">0.0048</Y>
          <Y t="6">0.00593</Y>
          <Y t="7">0.00735</Y>
          <Y t="8">0.00888</Y>
          <Y t="9">0.01032</Y>
          <Y t="10">0.01196</Y>
          <Y t="11">0.0139</Y>
          <Y t="12">0.01605</Y>
          <Y t="13">0.01817</Y>
          <Y t="14">0.02057</Y>
          <Y t="15">0.02337</Y>
          <Y t="16">0.02611</Y>
          <Y t="17">0.02892</Y>
          <Y t="18">0.03184</Y>
          <Y t="19">0.03541</Y>
          <Y t="20">0.03986</Y>
          <Y t="21">0.04456</Y>
          <Y t="22">0.05009</Y>
          <Y t="23">0.05652</Y>
          <Y t="24">0.06359</Y>
          <Y t="25">0.07098</Y>
        </Axis>
      </Axis>
      <Axis t="58">
        <Axis>
          <Y t="1">0.00162</Y>
          <Y t="2">0.00258</Y>
          <Y t="3">0.00348</Y>
          <Y t="4">0.00437</Y>
          <Y t="5">0.00539</Y>
          <Y t="6">0.00668</Y>
          <Y t="7">0.00817</Y>
          <Y t="8">0.0097</Y>
          <Y t="9">0.01111</Y>
          <Y t="10">0.01297</Y>
          <Y t="11">0.01516</Y>
          <Y t="12">0.01777</Y>
          <Y t="13">0.02034</Y>
          <Y t="14">0.02311</Y>
          <Y t="15">0.02611</Y>
          <Y t="16">0.02892</Y>
          <Y t="17">0.03184</Y>
          <Y t="18">0.03502</Y>
          <Y t="19">0.03902</Y>
          <Y t="20">0.0441</Y>
          <Y t="21">0.04957</Y>
          <Y t="22">0.05594</Y>
          <Y t="23">0.06295</Y>
          <Y t="24">0.07098</Y>
          <Y t="25">0.07862</Y>
        </Axis>
      </Axis>
      <Axis t="59">
        <Axis>
          <Y t="1">0.00177</Y>
          <Y t="2">0.00276</Y>
          <Y t="3">0.00377</Y>
          <Y t="4">0.00483</Y>
          <Y t="5">0.00604</Y>
          <Y t="6">0.00746</Y>
          <Y t="7">0.009</Y>
          <Y t="8">0.01048</Y>
          <Y t="9">0.01185</Y>
          <Y t="10">0.01393</Y>
          <Y t="11">0.01643</Y>
          <Y t="12">0.01952</Y>
          <Y t="13">0.02286</Y>
          <Y t="14">0.02583</Y>
          <Y t="15">0.02892</Y>
          <Y t="16">0.03184</Y>
          <Y t="17">0.03502</Y>
          <Y t="18">0.0386</Y>
          <Y t="19">0.04317</Y>
          <Y t="20">0.04906</Y>
          <Y t="21">0.05536</Y>
          <Y t="22">0.0623</Y>
          <Y t="23">0.07027</Y>
          <Y t="24">0.07862</Y>
          <Y t="25">0.08679</Y>
        </Axis>
      </Axis>
      <Axis t="60">
        <Axis>
          <Y t="1">0.00197</Y>
          <Y t="2">0.00299</Y>
          <Y t="3">0.0041</Y>
          <Y t="4">0.00533</Y>
          <Y t="5">0.00672</Y>
          <Y t="6">0.00824</Y>
          <Y t="7">0.00979</Y>
          <Y t="8">0.01125</Y>
          <Y t="9">0.01259</Y>
          <Y t="10">0.01495</Y>
          <Y t="11">0.01786</Y>
          <Y t="12">0.02134</Y>
          <Y t="13">0.02527</Y>
          <Y t="14">0.0286</Y>
          <Y t="15">0.03184</Y>
          <Y t="16">0.03502</Y>
          <Y t="17">0.0386</Y>
          <Y t="18">0.04271</Y>
          <Y t="19">0.04803</Y>
          <Y t="20">0.05479</Y>
          <Y t="21">0.06166</Y>
          <Y t="22">0.06955</Y>
          <Y t="23">0.07782</Y>
          <Y t="24">0.08679</Y>
          <Y t="25">0.09583</Y>
        </Axis>
      </Axis>
      <Axis t="61">
        <Axis>
          <Y t="1">0.00221</Y>
          <Y t="2">0.00326</Y>
          <Y t="3">0.00446</Y>
          <Y t="4">0.00583</Y>
          <Y t="5">0.00738</Y>
          <Y t="6">0.00901</Y>
          <Y t="7">0.01057</Y>
          <Y t="8">0.01199</Y>
          <Y t="9">0.01334</Y>
          <Y t="10">0.01606</Y>
          <Y t="11">0.01932</Y>
          <Y t="12">0.02301</Y>
          <Y t="13">0.02705</Y>
          <Y t="14">0.0315</Y>
          <Y t="15">0.03502</Y>
          <Y t="16">0.0386</Y>
          <Y t="17">0.04271</Y>
          <Y t="18">0.04751</Y>
          <Y t="19">0.05363</Y>
          <Y t="20">0.06102</Y>
          <Y t="21">0.06883</Y>
          <Y t="22">0.07703</Y>
          <Y t="23">0.08592</Y>
          <Y t="24">0.09583</Y>
          <Y t="25">0.10599</Y>
        </Axis>
      </Axis>
      <Axis t="62">
        <Axis>
          <Y t="1">0.00248</Y>
          <Y t="2">0.00357</Y>
          <Y t="3">0.00486</Y>
          <Y t="4">0.00637</Y>
          <Y t="5">0.00807</Y>
          <Y t="6">0.00981</Y>
          <Y t="7">0.01141</Y>
          <Y t="8">0.01286</Y>
          <Y t="9">0.01429</Y>
          <Y t="10">0.01733</Y>
          <Y t="11">0.02078</Y>
          <Y t="12">0.02459</Y>
          <Y t="13">0.02881</Y>
          <Y t="14">0.03359</Y>
          <Y t="15">0.0386</Y>
          <Y t="16">0.04271</Y>
          <Y t="17">0.04751</Y>
          <Y t="18">0.05306</Y>
          <Y t="19">0.05973</Y>
          <Y t="20">0.06812</Y>
          <Y t="21">0.07623</Y>
          <Y t="22">0.08504</Y>
          <Y t="23">0.09486</Y>
          <Y t="24">0.10599</Y>
          <Y t="25">0.11724</Y>
        </Axis>
      </Axis>
      <Axis t="63">
        <Axis>
          <Y t="1">0.00265</Y>
          <Y t="2">0.00393</Y>
          <Y t="3">0.00541</Y>
          <Y t="4">0.00708</Y>
          <Y t="5">0.00888</Y>
          <Y t="6">0.01071</Y>
          <Y t="7">0.01242</Y>
          <Y t="8">0.014</Y>
          <Y t="9">0.01561</Y>
          <Y t="10">0.01886</Y>
          <Y t="11">0.02246</Y>
          <Y t="12">0.02646</Y>
          <Y t="13">0.03101</Y>
          <Y t="14">0.03628</Y>
          <Y t="15">0.04245</Y>
          <Y t="16">0.04751</Y>
          <Y t="17">0.05306</Y>
          <Y t="18">0.05909</Y>
          <Y t="19">0.06668</Y>
          <Y t="20">0.07544</Y>
          <Y t="21">0.08416</Y>
          <Y t="22">0.0939</Y>
          <Y t="23">0.10492</Y>
          <Y t="24">0.11724</Y>
          <Y t="25">0.12948</Y>
        </Axis>
      </Axis>
      <Axis t="64">
        <Axis>
          <Y t="1">0.00277</Y>
          <Y t="2">0.00431</Y>
          <Y t="3">0.00601</Y>
          <Y t="4">0.00784</Y>
          <Y t="5">0.00979</Y>
          <Y t="6">0.01174</Y>
          <Y t="7">0.0136</Y>
          <Y t="8">0.0154</Y>
          <Y t="9">0.01722</Y>
          <Y t="10">0.02064</Y>
          <Y t="11">0.02446</Y>
          <Y t="12">0.02881</Y>
          <Y t="13">0.03385</Y>
          <Y t="14">0.03977</Y>
          <Y t="15">0.04683</Y>
          <Y t="16">0.05306</Y>
          <Y t="17">0.05909</Y>
          <Y t="18">0.06596</Y>
          <Y t="19">0.07385</Y>
          <Y t="20">0.08329</Y>
          <Y t="21">0.09293</Y>
          <Y t="22">0.10385</Y>
          <Y t="23">0.11605</Y>
          <Y t="24">0.12948</Y>
          <Y t="25">0.14255</Y>
        </Axis>
      </Axis>
      <Axis t="65">
        <Axis>
          <Y t="1">0.00284</Y>
          <Y t="2">0.00468</Y>
          <Y t="3">0.00663</Y>
          <Y t="4">0.00869</Y>
          <Y t="5">0.0108</Y>
          <Y t="6">0.0129</Y>
          <Y t="7">0.01493</Y>
          <Y t="8">0.01693</Y>
          <Y t="9">0.01899</Y>
          <Y t="10">0.02264</Y>
          <Y t="11">0.02681</Y>
          <Y t="12">0.03165</Y>
          <Y t="13">0.03733</Y>
          <Y t="14">0.04411</Y>
          <Y t="15">0.05215</Y>
          <Y t="16">0.05909</Y>
          <Y t="17">0.06596</Y>
          <Y t="18">0.07306</Y>
          <Y t="19">0.08153</Y>
          <Y t="20">0.09196</Y>
          <Y t="21">0.10278</Y>
          <Y t="22">0.11487</Y>
          <Y t="23">0.12817</Y>
          <Y t="24">0.14255</Y>
          <Y t="25">0.15628</Y>
        </Axis>
      </Axis>
      <Axis t="66">
        <Axis>
          <Y t="1">0.00288</Y>
          <Y t="2">0.00525</Y>
          <Y t="3">0.0074</Y>
          <Y t="4">0.0096</Y>
          <Y t="5">0.01199</Y>
          <Y t="6">0.01421</Y>
          <Y t="7">0.01633</Y>
          <Y t="8">0.01848</Y>
          <Y t="9">0.02081</Y>
          <Y t="10">0.02479</Y>
          <Y t="11">0.02943</Y>
          <Y t="12">0.03487</Y>
          <Y t="13">0.04138</Y>
          <Y t="14">0.04909</Y>
          <Y t="15">0.05789</Y>
          <Y t="16">0.06596</Y>
          <Y t="17">0.07306</Y>
          <Y t="18">0.08066</Y>
          <Y t="19">0.09002</Y>
          <Y t="20">0.10171</Y>
          <Y t="21">0.11368</Y>
          <Y t="22">0.12687</Y>
          <Y t="23">0.14111</Y>
          <Y t="24">0.15628</Y>
          <Y t="25">0.17053</Y>
        </Axis>
      </Axis>
      <Axis t="67">
        <Axis>
          <Y t="1">0.00306</Y>
          <Y t="2">0.0059</Y>
          <Y t="3">0.00824</Y>
          <Y t="4">0.01061</Y>
          <Y t="5">0.01333</Y>
          <Y t="6">0.01565</Y>
          <Y t="7">0.01788</Y>
          <Y t="8">0.02017</Y>
          <Y t="9">0.02275</Y>
          <Y t="10">0.02717</Y>
          <Y t="11">0.03238</Y>
          <Y t="12">0.03861</Y>
          <Y t="13">0.046</Y>
          <Y t="14">0.05444</Y>
          <Y t="15">0.06436</Y>
          <Y t="16">0.07306</Y>
          <Y t="17">0.08066</Y>
          <Y t="18">0.08906</Y>
          <Y t="19">0.09957</Y>
          <Y t="20">0.1125</Y>
          <Y t="21">0.12556</Y>
          <Y t="22">0.13967</Y>
          <Y t="23">0.1547</Y>
          <Y t="24">0.17053</Y>
          <Y t="25">0.18368</Y>
        </Axis>
      </Axis>
      <Axis t="68">
        <Axis>
          <Y t="1">0.00354</Y>
          <Y t="2">0.00662</Y>
          <Y t="3">0.00919</Y>
          <Y t="4">0.01173</Y>
          <Y t="5">0.01452</Y>
          <Y t="6">0.0173</Y>
          <Y t="7">0.01999</Y>
          <Y t="8">0.02265</Y>
          <Y t="9">0.02532</Y>
          <Y t="10">0.03033</Y>
          <Y t="11">0.03633</Y>
          <Y t="12">0.04345</Y>
          <Y t="13">0.0516</Y>
          <Y t="14">0.06119</Y>
          <Y t="15">0.07174</Y>
          <Y t="16">0.08066</Y>
          <Y t="17">0.08906</Y>
          <Y t="18">0.0985</Y>
          <Y t="19">0.11013</Y>
          <Y t="20">0.12425</Y>
          <Y t="21">0.13823</Y>
          <Y t="22">0.15312</Y>
          <Y t="23">0.16881</Y>
          <Y t="24">0.18368</Y>
          <Y t="25">0.19732</Y>
        </Axis>
      </Axis>
      <Axis t="69">
        <Axis>
          <Y t="1">0.00399</Y>
          <Y t="2">0.00743</Y>
          <Y t="3">0.01025</Y>
          <Y t="4">0.01296</Y>
          <Y t="5">0.01515</Y>
          <Y t="6">0.01921</Y>
          <Y t="7">0.0219</Y>
          <Y t="8">0.02447</Y>
          <Y t="9">0.02748</Y>
          <Y t="10">0.03315</Y>
          <Y t="11">0.03991</Y>
          <Y t="12">0.04766</Y>
          <Y t="13">0.05679</Y>
          <Y t="14">0.06686</Y>
          <Y t="15">0.0782</Y>
          <Y t="16">0.08906</Y>
          <Y t="17">0.0985</Y>
          <Y t="18">0.10895</Y>
          <Y t="19">0.12163</Y>
          <Y t="20">0.13679</Y>
          <Y t="21">0.15155</Y>
          <Y t="22">0.16708</Y>
          <Y t="23">0.18183</Y>
          <Y t="24">0.19732</Y>
          <Y t="25">0.21373</Y>
        </Axis>
      </Axis>
      <Axis t="70">
        <Axis>
          <Y t="1">0.00448</Y>
          <Y t="2">0.00834</Y>
          <Y t="3">0.01142</Y>
          <Y t="4">0.01432</Y>
          <Y t="5">0.01574</Y>
          <Y t="6">0.02118</Y>
          <Y t="7">0.02365</Y>
          <Y t="8">0.02635</Y>
          <Y t="9">0.03201</Y>
          <Y t="10">0.03863</Y>
          <Y t="11">0.04624</Y>
          <Y t="12">0.0552</Y>
          <Y t="13">0.06511</Y>
          <Y t="14">0.07626</Y>
          <Y t="15">0.08904</Y>
          <Y t="16">0.0985</Y>
          <Y t="17">0.10895</Y>
          <Y t="18">0.12033</Y>
          <Y t="19">0.13391</Y>
          <Y t="20">0.14997</Y>
          <Y t="21">0.16536</Y>
          <Y t="22">0.17997</Y>
          <Y t="23">0.19532</Y>
          <Y t="24">0.21373</Y>
          <Y t="25">0.22889</Y>
        </Axis>
      </Axis>
      <Axis t="71">
        <Axis>
          <Y t="1">0.00577</Y>
          <Y t="2">0.00937</Y>
          <Y t="3">0.01273</Y>
          <Y t="4">0.01502</Y>
          <Y t="5">0.01829</Y>
          <Y t="6">0.02286</Y>
          <Y t="7">0.02527</Y>
          <Y t="8">0.0317</Y>
          <Y t="9">0.03557</Y>
          <Y t="10">0.04283</Y>
          <Y t="11">0.05139</Y>
          <Y t="12">0.06089</Y>
          <Y t="13">0.07161</Y>
          <Y t="14">0.0839</Y>
          <Y t="15">0.09815</Y>
          <Y t="16">0.10895</Y>
          <Y t="17">0.12033</Y>
          <Y t="18">0.13247</Y>
          <Y t="19">0.14681</Y>
          <Y t="20">0.16364</Y>
          <Y t="21">0.17812</Y>
          <Y t="22">0.19333</Y>
          <Y t="23">0.21373</Y>
          <Y t="24">0.22889</Y>
          <Y t="25">0.24481</Y>
        </Axis>
      </Axis>
      <Axis t="72">
        <Axis>
          <Y t="1">0.00743</Y>
          <Y t="2">0.01052</Y>
          <Y t="3">0.0142</Y>
          <Y t="4">0.01749</Y>
          <Y t="5">0.02079</Y>
          <Y t="6">0.02423</Y>
          <Y t="7">0.02791</Y>
          <Y t="8">0.03194</Y>
          <Y t="9">0.03656</Y>
          <Y t="10">0.0444</Y>
          <Y t="11">0.05314</Y>
          <Y t="12">0.06305</Y>
          <Y t="13">0.07446</Y>
          <Y t="14">0.0877</Y>
          <Y t="15">0.10293</Y>
          <Y t="16">0.12022</Y>
          <Y t="17">0.13247</Y>
          <Y t="18">0.14523</Y>
          <Y t="19">0.16019</Y>
          <Y t="20">0.17626</Y>
          <Y t="21">0.19134</Y>
          <Y t="22">0.21373</Y>
          <Y t="23">0.22889</Y>
          <Y t="24">0.24481</Y>
          <Y t="25">0.25901</Y>
        </Axis>
      </Axis>
      <Axis t="73">
        <Axis>
          <Y t="1">0.00869</Y>
          <Y t="2">0.01287</Y>
          <Y t="3">0.01653</Y>
          <Y t="4">0.01975</Y>
          <Y t="5">0.0227</Y>
          <Y t="6">0.02569</Y>
          <Y t="7">0.02901</Y>
          <Y t="8">0.03498</Y>
          <Y t="9">0.03844</Y>
          <Y t="10">0.04654</Y>
          <Y t="11">0.05577</Y>
          <Y t="12">0.06642</Y>
          <Y t="13">0.07881</Y>
          <Y t="14">0.09309</Y>
          <Y t="15">0.10936</Y>
          <Y t="16">0.12759</Y>
          <Y t="17">0.14523</Y>
          <Y t="18">0.15847</Y>
          <Y t="19">0.17255</Y>
          <Y t="20">0.18934</Y>
          <Y t="21">0.21373</Y>
          <Y t="22">0.22889</Y>
          <Y t="23">0.24481</Y>
          <Y t="24">0.25901</Y>
          <Y t="25">0.27403</Y>
        </Axis>
      </Axis>
      <Axis t="74">
        <Axis>
          <Y t="1">0.01027</Y>
          <Y t="2">0.01421</Y>
          <Y t="3">0.01811</Y>
          <Y t="4">0.02175</Y>
          <Y t="5">0.02495</Y>
          <Y t="6">0.0279</Y>
          <Y t="7">0.03347</Y>
          <Y t="8">0.0373</Y>
          <Y t="9">0.04133</Y>
          <Y t="10">0.05022</Y>
          <Y t="11">0.06029</Y>
          <Y t="12">0.07203</Y>
          <Y t="13">0.0856</Y>
          <Y t="14">0.10108</Y>
          <Y t="15">0.11848</Y>
          <Y t="16">0.13778</Y>
          <Y t="17">0.15847</Y>
          <Y t="18">0.1707</Y>
          <Y t="19">0.18536</Y>
          <Y t="20">0.21373</Y>
          <Y t="21">0.22889</Y>
          <Y t="22">0.24481</Y>
          <Y t="23">0.25901</Y>
          <Y t="24">0.27403</Y>
          <Y t="25">0.28992</Y>
        </Axis>
      </Axis>
      <Axis t="75">
        <Axis>
          <Y t="1">0.01209</Y>
          <Y t="2">0.01511</Y>
          <Y t="3">0.01956</Y>
          <Y t="4">0.02422</Y>
          <Y t="5">0.02717</Y>
          <Y t="6">0.03202</Y>
          <Y t="7">0.03619</Y>
          <Y t="8">0.04053</Y>
          <Y t="9">0.05022</Y>
          <Y t="10">0.06029</Y>
          <Y t="11">0.07203</Y>
          <Y t="12">0.0856</Y>
          <Y t="13">0.10108</Y>
          <Y t="14">0.11848</Y>
          <Y t="15">0.13778</Y>
          <Y t="16">0.15847</Y>
          <Y t="17">0.1707</Y>
          <Y t="18">0.18337</Y>
          <Y t="19">0.21373</Y>
          <Y t="20">0.22889</Y>
          <Y t="21">0.24481</Y>
          <Y t="22">0.25901</Y>
          <Y t="23">0.27403</Y>
          <Y t="24">0.28992</Y>
          <Y t="25">0.30674</Y>
        </Axis>
      </Axis>
      <Axis t="76">
        <Axis>
          <Y t="1">0.01237</Y>
          <Y t="2">0.01678</Y>
          <Y t="3">0.02155</Y>
          <Y t="4">0.02646</Y>
          <Y t="5">0.03064</Y>
          <Y t="6">0.03511</Y>
          <Y t="7">0.03974</Y>
          <Y t="8">0.04863</Y>
          <Y t="9">0.05937</Y>
          <Y t="10">0.07102</Y>
          <Y t="11">0.08447</Y>
          <Y t="12">0.09984</Y>
          <Y t="13">0.11711</Y>
          <Y t="14">0.13628</Y>
          <Y t="15">0.15732</Y>
          <Y t="16">0.1707</Y>
          <Y t="17">0.18337</Y>
          <Y t="18">0.21373</Y>
          <Y t="19">0.22889</Y>
          <Y t="20">0.24481</Y>
          <Y t="21">0.25901</Y>
          <Y t="22">0.27403</Y>
          <Y t="23">0.28992</Y>
          <Y t="24">0.30674</Y>
          <Y t="25">0.32453</Y>
        </Axis>
      </Axis>
      <Axis t="77">
        <Axis>
          <Y t="1">0.01269</Y>
          <Y t="2">0.01809</Y>
          <Y t="3">0.02361</Y>
          <Y t="4">0.02932</Y>
          <Y t="5">0.03408</Y>
          <Y t="6">0.03896</Y>
          <Y t="7">0.04709</Y>
          <Y t="8">0.05811</Y>
          <Y t="9">0.06528</Y>
          <Y t="10">0.08121</Y>
          <Y t="11">0.09623</Y>
          <Y t="12">0.11314</Y>
          <Y t="13">0.13194</Y>
          <Y t="14">0.15258</Y>
          <Y t="15">0.16884</Y>
          <Y t="16">0.18337</Y>
          <Y t="17">0.21373</Y>
          <Y t="18">0.22889</Y>
          <Y t="19">0.24481</Y>
          <Y t="20">0.25901</Y>
          <Y t="21">0.27403</Y>
          <Y t="22">0.28992</Y>
          <Y t="23">0.30674</Y>
          <Y t="24">0.32453</Y>
          <Y t="25">0.34335</Y>
        </Axis>
      </Axis>
      <Axis t="78">
        <Axis>
          <Y t="1">0.01341</Y>
          <Y t="2">0.01937</Y>
          <Y t="3">0.02581</Y>
          <Y t="4">0.03307</Y>
          <Y t="5">0.0382</Y>
          <Y t="6">0.0456</Y>
          <Y t="7">0.05688</Y>
          <Y t="8">0.06472</Y>
          <Y t="9">0.08121</Y>
          <Y t="10">0.09623</Y>
          <Y t="11">0.11314</Y>
          <Y t="12">0.13194</Y>
          <Y t="13">0.15258</Y>
          <Y t="14">0.16884</Y>
          <Y t="15">0.18337</Y>
          <Y t="16">0.21373</Y>
          <Y t="17">0.22889</Y>
          <Y t="18">0.24481</Y>
          <Y t="19">0.25901</Y>
          <Y t="20">0.27403</Y>
          <Y t="21">0.28992</Y>
          <Y t="22">0.30674</Y>
          <Y t="23">0.32453</Y>
          <Y t="24">0.34335</Y>
          <Y t="25">0.36327</Y>
        </Axis>
      </Axis>
      <Axis t="79">
        <Axis>
          <Y t="1">0.01437</Y>
          <Y t="2">0.02098</Y>
          <Y t="3">0.02871</Y>
          <Y t="4">0.03745</Y>
          <Y t="5">0.04416</Y>
          <Y t="6">0.05567</Y>
          <Y t="7">0.06417</Y>
          <Y t="8">0.08018</Y>
          <Y t="9">0.08692</Y>
          <Y t="10">0.10289</Y>
          <Y t="11">0.1207</Y>
          <Y t="12">0.14031</Y>
          <Y t="13">0.16041</Y>
          <Y t="14">0.18137</Y>
          <Y t="15">0.21373</Y>
          <Y t="16">0.22889</Y>
          <Y t="17">0.24481</Y>
          <Y t="18">0.25901</Y>
          <Y t="19">0.27403</Y>
          <Y t="20">0.28992</Y>
          <Y t="21">0.30674</Y>
          <Y t="22">0.32453</Y>
          <Y t="23">0.34335</Y>
          <Y t="24">0.36327</Y>
          <Y t="25">0.38434</Y>
        </Axis>
      </Axis>
      <Axis t="80">
        <Axis>
          <Y t="1">0.01538</Y>
          <Y t="2">0.02325</Y>
          <Y t="3">0.03236</Y>
          <Y t="4">0.04276</Y>
          <Y t="5">0.05449</Y>
          <Y t="6">0.06361</Y>
          <Y t="7">0.07916</Y>
          <Y t="8">0.08628</Y>
          <Y t="9">0.09921</Y>
          <Y t="10">0.11666</Y>
          <Y t="11">0.13591</Y>
          <Y t="12">0.15567</Y>
          <Y t="13">0.17719</Y>
          <Y t="14">0.21373</Y>
          <Y t="15">0.22889</Y>
          <Y t="16">0.24481</Y>
          <Y t="17">0.25901</Y>
          <Y t="18">0.27403</Y>
          <Y t="19">0.28992</Y>
          <Y t="20">0.30674</Y>
          <Y t="21">0.32453</Y>
          <Y t="22">0.34335</Y>
          <Y t="23">0.36327</Y>
          <Y t="24">0.38434</Y>
          <Y t="25">0.40663</Y>
        </Axis>
      </Axis>
      <Axis t="81">
        <Axis>
          <Y t="1">0.01665</Y>
          <Y t="2">0.02615</Y>
          <Y t="3">0.03704</Y>
          <Y t="4">0.04934</Y>
          <Y t="5">0.06307</Y>
          <Y t="6">0.07816</Y>
          <Y t="7">0.08564</Y>
          <Y t="8">0.09857</Y>
          <Y t="9">0.11209</Y>
          <Y t="10">0.13092</Y>
          <Y t="11">0.1503</Y>
          <Y t="12">0.17612</Y>
          <Y t="13">0.21373</Y>
          <Y t="14">0.22889</Y>
          <Y t="15">0.24481</Y>
          <Y t="16">0.25901</Y>
          <Y t="17">0.27403</Y>
          <Y t="18">0.28992</Y>
          <Y t="19">0.30674</Y>
          <Y t="20">0.32453</Y>
          <Y t="21">0.34335</Y>
          <Y t="22">0.36327</Y>
          <Y t="23">0.38434</Y>
          <Y t="24">0.40663</Y>
          <Y t="25">0.43021</Y>
        </Axis>
      </Axis>
      <Axis t="82">
        <Axis>
          <Y t="1">0.01837</Y>
          <Y t="2">0.02997</Y>
          <Y t="3">0.04295</Y>
          <Y t="4">0.05733</Y>
          <Y t="5">0.07309</Y>
          <Y t="6">0.08501</Y>
          <Y t="7">0.09794</Y>
          <Y t="8">0.11154</Y>
          <Y t="9">0.11817</Y>
          <Y t="10">0.15017</Y>
          <Y t="11">0.17612</Y>
          <Y t="12">0.21373</Y>
          <Y t="13">0.22889</Y>
          <Y t="14">0.24481</Y>
          <Y t="15">0.25901</Y>
          <Y t="16">0.27403</Y>
          <Y t="17">0.28992</Y>
          <Y t="18">0.30674</Y>
          <Y t="19">0.32453</Y>
          <Y t="20">0.34335</Y>
          <Y t="21">0.36327</Y>
          <Y t="22">0.38434</Y>
          <Y t="23">0.40663</Y>
          <Y t="24">0.43021</Y>
          <Y t="25">0.45516</Y>
        </Axis>
      </Axis>
      <Axis t="83">
        <Axis>
          <Y t="1">0.02106</Y>
          <Y t="2">0.03496</Y>
          <Y t="3">0.05016</Y>
          <Y t="4">0.06664</Y>
          <Y t="5">0.08439</Y>
          <Y t="6">0.09732</Y>
          <Y t="7">0.11099</Y>
          <Y t="8">0.11773</Y>
          <Y t="9">0.15004</Y>
          <Y t="10">0.17612</Y>
          <Y t="11">0.21373</Y>
          <Y t="12">0.22889</Y>
          <Y t="13">0.24481</Y>
          <Y t="14">0.25901</Y>
          <Y t="15">0.27403</Y>
          <Y t="16">0.28992</Y>
          <Y t="17">0.30674</Y>
          <Y t="18">0.32453</Y>
          <Y t="19">0.34335</Y>
          <Y t="20">0.36327</Y>
          <Y t="21">0.38434</Y>
          <Y t="22">0.40663</Y>
          <Y t="23">0.43021</Y>
          <Y t="24">0.45516</Y>
          <Y t="25">0.48156</Y>
        </Axis>
      </Axis>
      <Axis t="84">
        <Axis>
          <Y t="1">0.02511</Y>
          <Y t="2">0.04126</Y>
          <Y t="3">0.05858</Y>
          <Y t="4">0.07707</Y>
          <Y t="5">0.0967</Y>
          <Y t="6">0.11046</Y>
          <Y t="7">0.11728</Y>
          <Y t="8">0.14974</Y>
          <Y t="9">0.17612</Y>
          <Y t="10">0.21373</Y>
          <Y t="11">0.22889</Y>
          <Y t="12">0.24481</Y>
          <Y t="13">0.25901</Y>
          <Y t="14">0.27403</Y>
          <Y t="15">0.28992</Y>
          <Y t="16">0.30674</Y>
          <Y t="17">0.32453</Y>
          <Y t="18">0.34335</Y>
          <Y t="19">0.36327</Y>
          <Y t="20">0.38434</Y>
          <Y t="21">0.40663</Y>
          <Y t="22">0.43021</Y>
          <Y t="23">0.45516</Y>
          <Y t="24">0.48156</Y>
          <Y t="25">0.50949</Y>
        </Axis>
      </Axis>
      <Axis t="85">
        <Axis>
          <Y t="1">0.03066</Y>
          <Y t="2">0.04888</Y>
          <Y t="3">0.06818</Y>
          <Y t="4">0.08854</Y>
          <Y t="5">0.10991</Y>
          <Y t="6">0.11684</Y>
          <Y t="7">0.14944</Y>
          <Y t="8">0.17612</Y>
          <Y t="9">0.21373</Y>
          <Y t="10">0.22889</Y>
          <Y t="11">0.24481</Y>
          <Y t="12">0.25901</Y>
          <Y t="13">0.27403</Y>
          <Y t="14">0.28992</Y>
          <Y t="15">0.30674</Y>
          <Y t="16">0.32453</Y>
          <Y t="17">0.34335</Y>
          <Y t="18">0.36327</Y>
          <Y t="19">0.38434</Y>
          <Y t="20">0.40663</Y>
          <Y t="21">0.43021</Y>
          <Y t="22">0.45516</Y>
          <Y t="23">0.48156</Y>
          <Y t="24">0.50949</Y>
          <Y t="25">0.53905</Y>
        </Axis>
      </Axis>
      <Axis t="86">
        <Axis>
          <Y t="1">0.03759</Y>
          <Y t="2">0.05794</Y>
          <Y t="3">0.07917</Y>
          <Y t="4">0.10128</Y>
          <Y t="5">0.1164</Y>
          <Y t="6">0.14914</Y>
          <Y t="7">0.17592</Y>
          <Y t="8">0.21373</Y>
          <Y t="9">0.22889</Y>
          <Y t="10">0.24481</Y>
          <Y t="11">0.25901</Y>
          <Y t="12">0.27403</Y>
          <Y t="13">0.28992</Y>
          <Y t="14">0.30674</Y>
          <Y t="15">0.32453</Y>
          <Y t="16">0.34335</Y>
          <Y t="17">0.36327</Y>
          <Y t="18">0.38434</Y>
          <Y t="19">0.40663</Y>
          <Y t="20">0.43021</Y>
          <Y t="21">0.45516</Y>
          <Y t="22">0.48156</Y>
          <Y t="23">0.50949</Y>
          <Y t="24">0.53905</Y>
          <Y t="25">0.57031</Y>
        </Axis>
      </Axis>
      <Axis t="87">
        <Axis>
          <Y t="1">0.04584</Y>
          <Y t="2">0.06873</Y>
          <Y t="3">0.0921</Y>
          <Y t="4">0.11596</Y>
          <Y t="5">0.14885</Y>
          <Y t="6">0.17573</Y>
          <Y t="7">0.21373</Y>
          <Y t="8">0.22889</Y>
          <Y t="9">0.24481</Y>
          <Y t="10">0.25901</Y>
          <Y t="11">0.27403</Y>
          <Y t="12">0.28992</Y>
          <Y t="13">0.30674</Y>
          <Y t="14">0.32453</Y>
          <Y t="15">0.34335</Y>
          <Y t="16">0.36327</Y>
          <Y t="17">0.38434</Y>
          <Y t="18">0.40663</Y>
          <Y t="19">0.43021</Y>
          <Y t="20">0.45516</Y>
          <Y t="21">0.48156</Y>
          <Y t="22">0.50949</Y>
          <Y t="23">0.53905</Y>
          <Y t="24">0.57031</Y>
          <Y t="25">0.60339</Y>
        </Axis>
      </Axis>
      <Axis t="88">
        <Axis>
          <Y t="1">0.05578</Y>
          <Y t="2">0.08187</Y>
          <Y t="3">0.10777</Y>
          <Y t="4">0.14855</Y>
          <Y t="5">0.17553</Y>
          <Y t="6">0.21373</Y>
          <Y t="7">0.22889</Y>
          <Y t="8">0.24481</Y>
          <Y t="9">0.25901</Y>
          <Y t="10">0.27403</Y>
          <Y t="11">0.28992</Y>
          <Y t="12">0.30674</Y>
          <Y t="13">0.32453</Y>
          <Y t="14">0.34335</Y>
          <Y t="15">0.36327</Y>
          <Y t="16">0.38434</Y>
          <Y t="17">0.40663</Y>
          <Y t="18">0.43021</Y>
          <Y t="19">0.45516</Y>
          <Y t="20">0.48156</Y>
          <Y t="21">0.50949</Y>
          <Y t="22">0.53905</Y>
          <Y t="23">0.57031</Y>
          <Y t="24">0.60339</Y>
          <Y t="25">0.63838</Y>
        </Axis>
      </Axis>
      <Axis t="89">
        <Axis>
          <Y t="1">0.06854</Y>
          <Y t="2">0.09822</Y>
          <Y t="3">0.14309</Y>
          <Y t="4">0.17533</Y>
          <Y t="5">0.21373</Y>
          <Y t="6">0.22889</Y>
          <Y t="7">0.24481</Y>
          <Y t="8">0.25901</Y>
          <Y t="9">0.27403</Y>
          <Y t="10">0.28992</Y>
          <Y t="11">0.30674</Y>
          <Y t="12">0.32453</Y>
          <Y t="13">0.34335</Y>
          <Y t="14">0.36327</Y>
          <Y t="15">0.38434</Y>
          <Y t="16">0.40663</Y>
          <Y t="17">0.43021</Y>
          <Y t="18">0.45516</Y>
          <Y t="19">0.48156</Y>
          <Y t="20">0.50949</Y>
          <Y t="21">0.53905</Y>
          <Y t="22">0.57031</Y>
          <Y t="23">0.60339</Y>
          <Y t="24">0.63838</Y>
          <Y t="25">0.67541</Y>
        </Axis>
      </Axis>
      <Axis t="90">
        <Axis>
          <Y t="1">0.08573</Y>
          <Y t="2">0.13672</Y>
          <Y t="3">0.17169</Y>
          <Y t="4">0.21373</Y>
          <Y t="5">0.22889</Y>
          <Y t="6">0.24481</Y>
          <Y t="7">0.25901</Y>
          <Y t="8">0.27403</Y>
          <Y t="9">0.28992</Y>
          <Y t="10">0.30674</Y>
          <Y t="11">0.32453</Y>
          <Y t="12">0.34335</Y>
          <Y t="13">0.36327</Y>
          <Y t="14">0.38434</Y>
          <Y t="15">0.40663</Y>
          <Y t="16">0.43021</Y>
          <Y t="17">0.45516</Y>
          <Y t="18">0.48156</Y>
          <Y t="19">0.50949</Y>
          <Y t="20">0.53905</Y>
          <Y t="21">0.57031</Y>
          <Y t="22">0.60339</Y>
          <Y t="23">0.63838</Y>
          <Y t="24">0.67541</Y>
          <Y t="25">0.71458</Y>
        </Axis>
      </Axis>
      <Axis t="91">
        <Axis>
          <Y t="1">0.1284</Y>
          <Y t="2">0.16744</Y>
          <Y t="3">0.21373</Y>
          <Y t="4">0.22889</Y>
          <Y t="5">0.24481</Y>
          <Y t="6">0.25901</Y>
          <Y t="7">0.27403</Y>
          <Y t="8">0.28992</Y>
          <Y t="9">0.30674</Y>
          <Y t="10">0.32453</Y>
          <Y t="11">0.34335</Y>
          <Y t="12">0.36327</Y>
          <Y t="13">0.38434</Y>
          <Y t="14">0.40663</Y>
          <Y t="15">0.43021</Y>
          <Y t="16">0.45516</Y>
          <Y t="17">0.48156</Y>
          <Y t="18">0.50949</Y>
          <Y t="19">0.53905</Y>
          <Y t="20">0.57031</Y>
          <Y t="21">0.60339</Y>
          <Y t="22">0.63838</Y>
          <Y t="23">0.67541</Y>
          <Y t="24">0.71458</Y>
          <Y t="25">0.75603</Y>
        </Axis>
      </Axis>
      <Axis t="92">
        <Axis>
          <Y t="1">0.1619</Y>
          <Y t="2">0.21373</Y>
          <Y t="3">0.22889</Y>
          <Y t="4">0.24481</Y>
          <Y t="5">0.25901</Y>
          <Y t="6">0.27403</Y>
          <Y t="7">0.28992</Y>
          <Y t="8">0.30674</Y>
          <Y t="9">0.32453</Y>
          <Y t="10">0.34335</Y>
          <Y t="11">0.36327</Y>
          <Y t="12">0.38434</Y>
          <Y t="13">0.40663</Y>
          <Y t="14">0.43021</Y>
          <Y t="15">0.45516</Y>
          <Y t="16">0.48156</Y>
          <Y t="17">0.50949</Y>
          <Y t="18">0.53905</Y>
          <Y t="19">0.57031</Y>
          <Y t="20">0.60339</Y>
          <Y t="21">0.63838</Y>
          <Y t="22">0.67541</Y>
          <Y t="23">0.71458</Y>
          <Y t="24">0.75603</Y>
          <Y t="25">0.79988</Y>
        </Axis>
      </Axis>
      <Axis t="93">
        <Axis>
          <Y t="1">0.21373</Y>
          <Y t="2">0.22889</Y>
          <Y t="3">0.24481</Y>
          <Y t="4">0.25901</Y>
          <Y t="5">0.27403</Y>
          <Y t="6">0.28992</Y>
          <Y t="7">0.30674</Y>
          <Y t="8">0.32453</Y>
          <Y t="9">0.34335</Y>
          <Y t="10">0.36327</Y>
          <Y t="11">0.38434</Y>
          <Y t="12">0.40663</Y>
          <Y t="13">0.43021</Y>
          <Y t="14">0.45516</Y>
          <Y t="15">0.48156</Y>
          <Y t="16">0.50949</Y>
          <Y t="17">0.53905</Y>
          <Y t="18">0.57031</Y>
          <Y t="19">0.60339</Y>
          <Y t="20">0.63838</Y>
          <Y t="21">0.67541</Y>
          <Y t="22">0.71458</Y>
          <Y t="23">0.75603</Y>
          <Y t="24">0.79988</Y>
          <Y t="25">0.84627</Y>
        </Axis>
      </Axis>
      <Axis t="94">
        <Axis>
          <Y t="1">0.22889</Y>
          <Y t="2">0.24481</Y>
          <Y t="3">0.25901</Y>
          <Y t="4">0.27403</Y>
          <Y t="5">0.28992</Y>
          <Y t="6">0.30674</Y>
          <Y t="7">0.32453</Y>
          <Y t="8">0.34335</Y>
          <Y t="9">0.36327</Y>
          <Y t="10">0.38434</Y>
          <Y t="11">0.40663</Y>
          <Y t="12">0.43021</Y>
          <Y t="13">0.45516</Y>
          <Y t="14">0.48156</Y>
          <Y t="15">0.50949</Y>
          <Y t="16">0.53905</Y>
          <Y t="17">0.57031</Y>
          <Y t="18">0.60339</Y>
          <Y t="19">0.63838</Y>
          <Y t="20">0.67541</Y>
          <Y t="21">0.71458</Y>
          <Y t="22">0.75603</Y>
          <Y t="23">0.79988</Y>
          <Y t="24">0.84627</Y>
          <Y t="25">0.89536</Y>
        </Axis>
      </Axis>
      <Axis t="95">
        <Axis>
          <Y t="1">0.24481</Y>
          <Y t="2">0.25901</Y>
          <Y t="3">0.27403</Y>
          <Y t="4">0.28992</Y>
          <Y t="5">0.30674</Y>
          <Y t="6">0.32453</Y>
          <Y t="7">0.34335</Y>
          <Y t="8">0.36327</Y>
          <Y t="9">0.38434</Y>
          <Y t="10">0.40663</Y>
          <Y t="11">0.43021</Y>
          <Y t="12">0.45516</Y>
          <Y t="13">0.48156</Y>
          <Y t="14">0.50949</Y>
          <Y t="15">0.53905</Y>
          <Y t="16">0.57031</Y>
          <Y t="17">0.60339</Y>
          <Y t="18">0.63838</Y>
          <Y t="19">0.67541</Y>
          <Y t="20">0.71458</Y>
          <Y t="21">0.75603</Y>
          <Y t="22">0.79988</Y>
          <Y t="23">0.84627</Y>
          <Y t="24">0.89536</Y>
          <Y t="25">0.94729</Y>
        </Axis>
      </Axis>
      <Axis t="96">
        <Axis>
          <Y t="1">0.25901</Y>
          <Y t="2">0.27403</Y>
          <Y t="3">0.28992</Y>
          <Y t="4">0.30674</Y>
          <Y t="5">0.32453</Y>
          <Y t="6">0.34335</Y>
          <Y t="7">0.36327</Y>
          <Y t="8">0.38434</Y>
          <Y t="9">0.40663</Y>
          <Y t="10">0.43021</Y>
          <Y t="11">0.45516</Y>
          <Y t="12">0.48156</Y>
          <Y t="13">0.50949</Y>
          <Y t="14">0.53905</Y>
          <Y t="15">0.57031</Y>
          <Y t="16">0.60339</Y>
          <Y t="17">0.63838</Y>
          <Y t="18">0.67541</Y>
          <Y t="19">0.71458</Y>
          <Y t="20">0.75603</Y>
          <Y t="21">0.79988</Y>
          <Y t="22">0.84627</Y>
          <Y t="23">0.89536</Y>
          <Y t="24">0.94729</Y>
          <Y t="25">1</Y>
        </Axis>
      </Axis>
      <Axis t="97">
        <Axis>
          <Y t="1">0.27403</Y>
          <Y t="2">0.28992</Y>
          <Y t="3">0.30674</Y>
          <Y t="4">0.32453</Y>
          <Y t="5">0.34335</Y>
          <Y t="6">0.36327</Y>
          <Y t="7">0.38434</Y>
          <Y t="8">0.40663</Y>
          <Y t="9">0.43021</Y>
          <Y t="10">0.45516</Y>
          <Y t="11">0.48156</Y>
          <Y t="12">0.50949</Y>
          <Y t="13">0.53905</Y>
          <Y t="14">0.57031</Y>
          <Y t="15">0.60339</Y>
          <Y t="16">0.63838</Y>
          <Y t="17">0.67541</Y>
          <Y t="18">0.71458</Y>
          <Y t="19">0.75603</Y>
          <Y t="20">0.79988</Y>
          <Y t="21">0.84627</Y>
          <Y t="22">0.89536</Y>
          <Y t="23">0.94729</Y>
          <Y t="24">1</Y>
          <Y t="25"></Y>
        </Axis>
      </Axis>
      <Axis t="98">
        <Axis>
          <Y t="1">0.28992</Y>
          <Y t="2">0.30674</Y>
          <Y t="3">0.32453</Y>
          <Y t="4">0.34335</Y>
          <Y t="5">0.36327</Y>
          <Y t="6">0.38434</Y>
          <Y t="7">0.40663</Y>
          <Y t="8">0.43021</Y>
          <Y t="9">0.45516</Y>
          <Y t="10">0.48156</Y>
          <Y t="11">0.50949</Y>
          <Y t="12">0.53905</Y>
          <Y t="13">0.57031</Y>
          <Y t="14">0.60339</Y>
          <Y t="15">0.63838</Y>
          <Y t="16">0.67541</Y>
          <Y t="17">0.71458</Y>
          <Y t="18">0.75603</Y>
          <Y t="19">0.79988</Y>
          <Y t="20">0.84627</Y>
          <Y t="21">0.89536</Y>
          <Y t="22">0.94729</Y>
          <Y t="23">1</Y>
          <Y t="24"></Y>
          <Y t="25"></Y>
        </Axis>
      </Axis>
      <Axis t="99">
        <Axis>
          <Y t="1">0.30674</Y>
          <Y t="2">0.32453</Y>
          <Y t="3">0.34335</Y>
          <Y t="4">0.36327</Y>
          <Y t="5">0.38434</Y>
          <Y t="6">0.40663</Y>
          <Y t="7">0.43021</Y>
          <Y t="8">0.45516</Y>
          <Y t="9">0.48156</Y>
          <Y t="10">0.50949</Y>
          <Y t="11">0.53905</Y>
          <Y t="12">0.57031</Y>
          <Y t="13">0.60339</Y>
          <Y t="14">0.63838</Y>
          <Y t="15">0.67541</Y>
          <Y t="16">0.71458</Y>
          <Y t="17">0.75603</Y>
          <Y t="18">0.79988</Y>
          <Y t="19">0.84627</Y>
          <Y t="20">0.89536</Y>
          <Y t="21">0.94729</Y>
          <Y t="22">1</Y>
          <Y t="23"></Y>
          <Y t="24"></Y>
          <Y t="25"></Y>
        </Axis>
      </Axis>
      <Axis t="100">
        <Axis>
          <Y t="1">0.32356</Y>
          <Y t="2">0.34232</Y>
          <Y t="3">0.36217</Y>
          <Y t="4">0.38319</Y>
          <Y t="5">0.40541</Y>
          <Y t="6">0.42892</Y>
          <Y t="7">0.45379</Y>
          <Y t="8">0.48011</Y>
          <Y t="9">0.50796</Y>
          <Y t="10">0.53742</Y>
          <Y t="11">0.56861</Y>
          <Y t="12">0.60157</Y>
          <Y t="13">0.63647</Y>
          <Y t="14">0.67337</Y>
          <Y t="15">0.71244</Y>
          <Y t="16">0.75375</Y>
          <Y t="17">0.79748</Y>
          <Y t="18">0.84373</Y>
          <Y t="19">0.89266</Y>
          <Y t="20">0.94445</Y>
          <Y t="21">0.99922</Y>
          <Y t="22"></Y>
          <Y t="23"></Y>
          <Y t="24"></Y>
          <Y t="25"></Y>
        </Axis>
      </Axis>
    </Values>
  </Table>
  <Table>
    <MetaData>
      <ScalingFactor>0</ScalingFactor>
      <DataType tc="2">Floating Point</DataType>
      <Nation tc="1">United States of America</Nation>
      <TableDescription>2001 VBT Select and Ultimate Table, Male, Composite, age nearest birthday, Ultimate </TableDescription>
      <AxisDef id="Age">
        <ScaleType tc="3">Age</ScaleType>
        <AxisName>Age</AxisName>
        <MinScaleValue>25</MinScaleValue>
        <MaxScaleValue>120</MaxScaleValue>
        <Increment>1</Increment>
      </AxisDef>
    </MetaData>
    <Values>
      <Axis>
        <Y t="25">0.00095</Y>
        <Y t="26">0.00099</Y>
        <Y t="27">0.00103</Y>
        <Y t="28">0.00102</Y>
        <Y t="29">0.00099</Y>
        <Y t="30">0.00097</Y>
        <Y t="31">0.00095</Y>
        <Y t="32">0.00094</Y>
        <Y t="33">0.00095</Y>
        <Y t="34">0.00097</Y>
        <Y t="35">0.00099</Y>
        <Y t="36">0.00104</Y>
        <Y t="37">0.00109</Y>
        <Y t="38">0.00117</Y>
        <Y t="39">0.00125</Y>
        <Y t="40">0.00134</Y>
        <Y t="41">0.00146</Y>
        <Y t="42">0.00161</Y>
        <Y t="43">0.00178</Y>
        <Y t="44">0.00199</Y>
        <Y t="45">0.00222</Y>
        <Y t="46">0.00244</Y>
        <Y t="47">0.00268</Y>
        <Y t="48">0.00281</Y>
        <Y t="49">0.00296</Y>
        <Y t="50">0.00317</Y>
        <Y t="51">0.00343</Y>
        <Y t="52">0.00379</Y>
        <Y t="53">0.0042</Y>
        <Y t="54">0.00472</Y>
        <Y t="55">0.00534</Y>
        <Y t="56">0.00599</Y>
        <Y t="57">0.00668</Y>
        <Y t="58">0.00724</Y>
        <Y t="59">0.00789</Y>
        <Y t="60">0.00868</Y>
        <Y t="61">0.00967</Y>
        <Y t="62">0.01088</Y>
        <Y t="63">0.01224</Y>
        <Y t="64">0.01366</Y>
        <Y t="65">0.01515</Y>
        <Y t="66">0.01663</Y>
        <Y t="67">0.01811</Y>
        <Y t="68">0.01971</Y>
        <Y t="69">0.02133</Y>
        <Y t="70">0.02327</Y>
        <Y t="71">0.02544</Y>
        <Y t="72">0.02838</Y>
        <Y t="73">0.03143</Y>
        <Y t="74">0.03461</Y>
        <Y t="75">0.03814</Y>
        <Y t="76">0.04196</Y>
        <Y t="77">0.04642</Y>
        <Y t="78">0.05164</Y>
        <Y t="79">0.05767</Y>
        <Y t="80">0.06423</Y>
        <Y t="81">0.0717</Y>
        <Y t="82">0.07941</Y>
        <Y t="83">0.08767</Y>
        <Y t="84">0.0968</Y>
        <Y t="85">0.10706</Y>
        <Y t="86">0.11842</Y>
        <Y t="87">0.13079</Y>
        <Y t="88">0.14399</Y>
        <Y t="89">0.15786</Y>
        <Y t="90">0.17225</Y>
        <Y t="91">0.18554</Y>
        <Y t="92">0.19931</Y>
        <Y t="93">0.21373</Y>
        <Y t="94">0.22889</Y>
        <Y t="95">0.24481</Y>
        <Y t="96">0.25901</Y>
        <Y t="97">0.27403</Y>
        <Y t="98">0.28992</Y>
        <Y t="99">0.30674</Y>
        <Y t="100">0.32453</Y>
        <Y t="101">0.34335</Y>
        <Y t="102">0.36327</Y>
        <Y t="103">0.38434</Y>
        <Y t="104">0.40663</Y>
        <Y t="105">0.43021</Y>
        <Y t="106">0.45516</Y>
        <Y t="107">0.48156</Y>
        <Y t="108">0.50949</Y>
        <Y t="109">0.53905</Y>
        <Y t="110">0.57031</Y>
        <Y t="111">0.60339</Y>
        <Y t="112">0.63838</Y>
        <Y t="113">0.67541</Y>
        <Y t="114">0.71458</Y>
        <Y t="115">0.75603</Y>
        <Y t="116">0.79988</Y>
        <Y t="117">0.84627</Y>
        <Y t="118">0.89536</Y>
        <Y t="119">0.94729</Y>
        <Y t="120">1</Y>
      </Axis>
    </Values>
  </Table>
</XTbML>