﻿<?xml version="1.0" encoding="utf-8"?>
<XTbML>
  <ContentClassification>
    <TableIdentity>1399</TableIdentity>
    <ProviderDomain>soa.org</ProviderDomain>
    <ProviderName>Robert W. Beal</ProviderName>
    <TableReference>W. Duane Kidwell and William J. Taylor, et all, “Report of the Committee to Recommend New Disability Tables for Valuation”, Transactions of the Society of Actuaries, Vol. XXXVII (1985). Accessed: December, 2013 from http://www.soa.org/Library/Research/Transactions-Of-Society-Of-Actuaries/1985/January/tsa85v3713.aspx</TableReference>
    <ContentType tc="80">Claim Incidence</ContentType>
    <TableName>1985 CIDA Incidence Rates, Male, Occ Cl 4, Acc &amp; Sick, 60 day EP</TableName>
    <TableDescription>1985 Commissioner's Individual Disability Tables A (CIDA) Incidence Rates – Male. Occupation Class: 4. Basis: Accident and Sickness. Elimination Period: 60 Days. Minimum Age: 20. Maximum Age: 65</TableDescription>
    <Comments>Study Data: Industry experience from exposures of the mid to late 1970’s. At that time, the industry was going through a period of claims deterioration, to about 1976, and the beginning of a claims improvement trend thereafter. The table is, therefore, on the conservative side, relative to the good claims, experience of the early 1980s. Twenty companies participated, submitting usable experience data on 133,936 closed claims. Group long-term disability (LTD) experience was the primary influence for rates from the latter part of the second year through the tenth year. During the second year of disablement, the termination rates were graduated from the level indicated in loss-of-time (LOT) experience to the level indicated by LTD. The rates are then based upon LTD experience for the third through the sixth years and graded into the ultimate rates of the eleventh year. An experience based table was first developed and then loaded to get the valuation table. NOTE: In the interest of flexibility, two diskettes containing data files and a Fortran program were made available by the Society of Actuaries (SOA). The program and data files comprise a reference from which values can be extracted. Methodology: Factors for calculation of weekly termination rates were published as Exhibit 3a. Rates in this file were developed by Robert W. Beal from those factors. An example calculation would be as follows: the Week 2 Duration Rate (0.114) would be multiplied by the corresponding “variable” factors: age 35 factor (0.961), 7 day elimination period factor (0.934), occupation class factor (0.999), male gender factor (1.190),  and accident basis factor (1.044) to result in a value of 0.127. Data Transcription Errors: None. Data Certified: 01/2014.</Comments>
    <KeyWord>Aggregate</KeyWord>
    <KeyWord>Claim Incidence</KeyWord>
    <KeyWord>United States of America</KeyWord>
  </ContentClassification>
  <Table>
    <MetaData>
      <ScalingFactor>0</ScalingFactor>
      <DataType tc="2">Floating Point</DataType>
      <Nation tc="1">United States of America</Nation>
      <TableDescription>1985 Commissioner's Individual Disability Tables A (CIDA) Incidence Rates – Male. Occupation Class: 4. Basis: Accident and Sickness. Elimination Period: 60 Days. Minimum Age: 20. Maximum Age: 65</TableDescription>
      <AxisDef id="Age">
        <ScaleType tc="3">Age</ScaleType>
        <AxisName>Age</AxisName>
        <MinScaleValue>20</MinScaleValue>
        <MaxScaleValue>65</MaxScaleValue>
        <Increment>1</Increment>
      </AxisDef>
    </MetaData>
    <Values>
      <Axis>
        <Y t="20">0.02757</Y>
        <Y t="21">0.02765</Y>
        <Y t="22">0.02773</Y>
        <Y t="23">0.02781</Y>
        <Y t="24">0.02789</Y>
        <Y t="25">0.02798</Y>
        <Y t="26">0.02853</Y>
        <Y t="27">0.02899</Y>
        <Y t="28">0.02937</Y>
        <Y t="29">0.02969</Y>
        <Y t="30">0.02996</Y>
        <Y t="31">0.03021</Y>
        <Y t="32">0.03043</Y>
        <Y t="33">0.03066</Y>
        <Y t="34">0.03089</Y>
        <Y t="35">0.03114</Y>
        <Y t="36">0.03143</Y>
        <Y t="37">0.03176</Y>
        <Y t="38">0.03214</Y>
        <Y t="39">0.0326</Y>
        <Y t="40">0.03312</Y>
        <Y t="41">0.03373</Y>
        <Y t="42">0.03444</Y>
        <Y t="43">0.03524</Y>
        <Y t="44">0.03614</Y>
        <Y t="45">0.03716</Y>
        <Y t="46">0.0383</Y>
        <Y t="47">0.03956</Y>
        <Y t="48">0.04094</Y>
        <Y t="49">0.04245</Y>
        <Y t="50">0.04409</Y>
        <Y t="51">0.04587</Y>
        <Y t="52">0.04779</Y>
        <Y t="53">0.04984</Y>
        <Y t="54">0.05203</Y>
        <Y t="55">0.05436</Y>
        <Y t="56">0.05683</Y>
        <Y t="57">0.05944</Y>
        <Y t="58">0.06219</Y>
        <Y t="59">0.06507</Y>
        <Y t="60">0.0681</Y>
        <Y t="61">0.07125</Y>
        <Y t="62">0.07454</Y>
        <Y t="63">0.07788</Y>
        <Y t="64">0.08126</Y>
        <Y t="65">0.08469</Y>
      </Axis>
    </Values>
  </Table>
</XTbML>