﻿<?xml version="1.0" encoding="utf-8"?>
<XTbML>
  <ContentClassification>
    <TableIdentity>14</TableIdentity>
    <ProviderDomain>soa.org</ProviderDomain>
    <ProviderName>Roger Scott Lumsden</ProviderName>
    <TableReference>Society of Actuaries “Section II. “Female Extension of the 1958 CSO and CET Mortality Tables”, Transactions of Society of Actuaries, Vol. XI, No. 31 (1959) p. 1062.  Accessed November, 2012 from http://www.soa.org/library/research/transactions-of-society-of-actuaries/1959/january/tsa59v11n3193.aspx. p. 3</TableReference>
    <ContentType tc="85">CSO/CET</ContentType>
    <TableName>1958 CSO Basic - Female, ANB</TableName>
    <TableDescription>1958 Commissioners Standard Ordinary (CSO) Basic Mortality Table – Female. Basis: Age Nearest Birthday. Minimum Age: 0 Maximum Age: 103</TableDescription>
    <Comments>Study Data:  The data used for constructing the 1958 CSO Basic tables is the same as that used for the 1958 CSO Age Nearest Birthday tables and should be consulted accordingly  (SOA table identity 5 for males and SOA table identity 6 for females).  Methodology: The Basic tables were prepared from the 1958 CSO Tables (SOA table identity 5 for males and SOA table identity 6 for females) by removing the mortality margins that had been added to the underlying average company experience mortality rates. Data Transcription Errors: None. Data Certified: 11/2012</Comments>
    <KeyWord>Aggregate</KeyWord>
    <KeyWord>CSO/CET</KeyWord>
    <KeyWord>United States of America</KeyWord>
  </ContentClassification>
  <Table>
    <MetaData>
      <ScalingFactor>0</ScalingFactor>
      <DataType tc="2">Floating Point</DataType>
      <Nation tc="1">United States of America</Nation>
      <TableDescription>1958 Commissioners Standard Ordinary (CSO) Basic Mortality Table – Female. Basis: Age Nearest Birthday. Minimum Age: 0 Maximum Age: 103</TableDescription>
      <AxisDef id="Age">
        <ScaleType tc="3">Age</ScaleType>
        <AxisName>Age</AxisName>
        <MinScaleValue>0</MinScaleValue>
        <MaxScaleValue>103</MaxScaleValue>
        <Increment>1</Increment>
      </AxisDef>
    </MetaData>
    <Values>
      <Axis>
        <Y t="0">0.00548</Y>
        <Y t="1">0.00094</Y>
        <Y t="2">0.00067</Y>
        <Y t="3">0.00060</Y>
        <Y t="4">0.00053</Y>
        <Y t="5">0.00047</Y>
        <Y t="6">0.00041</Y>
        <Y t="7">0.00036</Y>
        <Y t="8">0.00032</Y>
        <Y t="9">0.00030</Y>
        <Y t="10">0.00029</Y>
        <Y t="11">0.00029</Y>
        <Y t="12">0.00030</Y>
        <Y t="13">0.00032</Y>
        <Y t="14">0.00035</Y>
        <Y t="15">0.00039</Y>
        <Y t="16">0.00044</Y>
        <Y t="17">0.00050</Y>
        <Y t="18">0.00056</Y>
        <Y t="19">0.00063</Y>
        <Y t="20">0.00070</Y>
        <Y t="21">0.00076</Y>
        <Y t="22">0.00080</Y>
        <Y t="23">0.00084</Y>
        <Y t="24">0.00087</Y>
        <Y t="25">0.00089</Y>
        <Y t="26">0.00091</Y>
        <Y t="27">0.00092</Y>
        <Y t="28">0.00093</Y>
        <Y t="29">0.00095</Y>
        <Y t="30">0.00097</Y>
        <Y t="31">0.00100</Y>
        <Y t="32">0.00104</Y>
        <Y t="33">0.00108</Y>
        <Y t="34">0.00113</Y>
        <Y t="35">0.00118</Y>
        <Y t="36">0.00124</Y>
        <Y t="37">0.00131</Y>
        <Y t="38">0.00141</Y>
        <Y t="39">0.00153</Y>
        <Y t="40">0.00168</Y>
        <Y t="41">0.00188</Y>
        <Y t="42">0.00210</Y>
        <Y t="43">0.00236</Y>
        <Y t="44">0.00265</Y>
        <Y t="45">0.00295</Y>
        <Y t="46">0.00328</Y>
        <Y t="47">0.00364</Y>
        <Y t="48">0.00403</Y>
        <Y t="49">0.00446</Y>
        <Y t="50">0.00494</Y>
        <Y t="51">0.00547</Y>
        <Y t="52">0.00606</Y>
        <Y t="53">0.00671</Y>
        <Y t="54">0.00742</Y>
        <Y t="55">0.00819</Y>
        <Y t="56">0.00903</Y>
        <Y t="57">0.00994</Y>
        <Y t="58">0.01093</Y>
        <Y t="59">0.01202</Y>
        <Y t="60">0.01322</Y>
        <Y t="61">0.01454</Y>
        <Y t="62">0.01598</Y>
        <Y t="63">0.01756</Y>
        <Y t="64">0.01926</Y>
        <Y t="65">0.02110</Y>
        <Y t="66">0.02309</Y>
        <Y t="67">0.02525</Y>
        <Y t="68">0.02761</Y>
        <Y t="69">0.03021</Y>
        <Y t="70">0.03308</Y>
        <Y t="71">0.03624</Y>
        <Y t="72">0.03966</Y>
        <Y t="73">0.04330</Y>
        <Y t="74">0.04709</Y>
        <Y t="75">0.05100</Y>
        <Y t="76">0.05501</Y>
        <Y t="77">0.05923</Y>
        <Y t="78">0.06380</Y>
        <Y t="79">0.06885</Y>
        <Y t="80">0.07452</Y>
        <Y t="81">0.08092</Y>
        <Y t="82">0.08799</Y>
        <Y t="83">0.09564</Y>
        <Y t="84">0.10378</Y>
        <Y t="85">0.11232</Y>
        <Y t="86">0.12120</Y>
        <Y t="87">0.13045</Y>
        <Y t="88">0.14012</Y>
        <Y t="89">0.15027</Y>
        <Y t="90">0.16098</Y>
        <Y t="91">0.17239</Y>
        <Y t="92">0.18475</Y>
        <Y t="93">0.19838</Y>
        <Y t="94">0.21371</Y>
        <Y t="95">0.23124</Y>
        <Y t="96">0.25147</Y>
        <Y t="97">0.27490</Y>
        <Y t="98">0.30303</Y>
        <Y t="99">0.34336</Y>
        <Y t="100">0.40979</Y>
        <Y t="101">0.52262</Y>
        <Y t="102">0.70855</Y>
        <Y t="103">1.00000</Y>
      </Axis>
    </Values>
  </Table>
</XTbML>