﻿<?xml version="1.0" encoding="utf-8"?>
<XTbML>
  <ContentClassification>
    <TableIdentity>15</TableIdentity>
    <ProviderDomain>soa.org</ProviderDomain>
    <ProviderName>Roger Scott Lumsden</ProviderName>
    <TableReference>Table never published; constructed by transcriber following specifications for converting an age nearest birthday to an age last birthday basis table as defined in “Report of the Committee for the Preparation of Monetary Tables: 1958 CSO and CET Mortality Tables on the Age Last Birthday Basis”, Transactions Society of Actuaries Vol. XIII No. 37 (1961) p. 607. Accessed: February, 2013 from http://www.soa.org/Library/Research/Transactions-Of-Society-Of-Actuaries/1961/January/tsa61v13pt1n37ab31.pdf, p.1</TableReference>
    <ContentType tc="4">Insured Lives Mortality</ContentType>
    <TableName>1975 US Modern CSO – Male, ALB</TableName>
    <TableDescription>1975 US Modern Commissioners Ordinary (CSO) – Male. Basis: Age Last Birthday. Minimum Age: 0. Maximum Age: 99.</TableDescription>
    <Comments>Study Data: Unspecified Society of Actuaries (SOA) medically underwritten standard ordinary insured lives data from intercompany experience between 1965 and 1970 policy anniversaries.  Methodology: Built from 1975 Modern CSO Table on age last birthday basis (see SOA Table Identity 16) using methodology specified in Transactions cited above. Data Transcription Errors: Not applicable given no published source. Data Certified: Not applicable given no published source.</Comments>
    <KeyWord>Aggregate</KeyWord>
    <KeyWord>Insured Lives Mortality</KeyWord>
    <KeyWord>United States of America</KeyWord>
  </ContentClassification>
  <Table>
    <MetaData>
      <ScalingFactor>0</ScalingFactor>
      <DataType tc="2">Floating Point</DataType>
      <Nation tc="1">United States of America</Nation>
      <TableDescription>1975 US Modern Commissioners Ordinary (CSO) – Male. Basis: Age Last Birthday. Minimum Age: 0. Maximum Age: 99.</TableDescription>
      <AxisDef id="Age">
        <ScaleType tc="3">Age</ScaleType>
        <AxisName>Age</AxisName>
        <MinScaleValue>0</MinScaleValue>
        <MaxScaleValue>99</MaxScaleValue>
        <Increment>1</Increment>
      </AxisDef>
    </MetaData>
    <Values>
      <Axis>
        <Y t="0">0.003244</Y>
        <Y t="1">0.001470</Y>
        <Y t="2">0.001400</Y>
        <Y t="3">0.001330</Y>
        <Y t="4">0.001270</Y>
        <Y t="5">0.001215</Y>
        <Y t="6">0.001170</Y>
        <Y t="7">0.001135</Y>
        <Y t="8">0.001115</Y>
        <Y t="9">0.001110</Y>
        <Y t="10">0.001115</Y>
        <Y t="11">0.001135</Y>
        <Y t="12">0.001175</Y>
        <Y t="13">0.001235</Y>
        <Y t="14">0.001310</Y>
        <Y t="15">0.001390</Y>
        <Y t="16">0.001470</Y>
        <Y t="17">0.001555</Y>
        <Y t="18">0.001640</Y>
        <Y t="19">0.001715</Y>
        <Y t="20">0.001785</Y>
        <Y t="21">0.001850</Y>
        <Y t="22">0.001905</Y>
        <Y t="23">0.001950</Y>
        <Y t="24">0.001985</Y>
        <Y t="25">0.002015</Y>
        <Y t="26">0.002045</Y>
        <Y t="27">0.002070</Y>
        <Y t="28">0.002090</Y>
        <Y t="29">0.002110</Y>
        <Y t="30">0.002135</Y>
        <Y t="31">0.002170</Y>
        <Y t="32">0.002210</Y>
        <Y t="33">0.002260</Y>
        <Y t="34">0.002330</Y>
        <Y t="35">0.002420</Y>
        <Y t="36">0.002530</Y>
        <Y t="37">0.002670</Y>
        <Y t="38">0.002845</Y>
        <Y t="39">0.003045</Y>
        <Y t="40">0.003270</Y>
        <Y t="41">0.003520</Y>
        <Y t="42">0.003800</Y>
        <Y t="43">0.004105</Y>
        <Y t="44">0.004430</Y>
        <Y t="45">0.004790</Y>
        <Y t="46">0.005194</Y>
        <Y t="47">0.005639</Y>
        <Y t="48">0.006129</Y>
        <Y t="49">0.006674</Y>
        <Y t="50">0.007279</Y>
        <Y t="51">0.007949</Y>
        <Y t="52">0.008683</Y>
        <Y t="53">0.009493</Y>
        <Y t="54">0.010378</Y>
        <Y t="55">0.011337</Y>
        <Y t="56">0.012372</Y>
        <Y t="57">0.013481</Y>
        <Y t="58">0.014695</Y>
        <Y t="59">0.016059</Y>
        <Y t="60">0.017623</Y>
        <Y t="61">0.019441</Y>
        <Y t="62">0.021548</Y>
        <Y t="63">0.023945</Y>
        <Y t="64">0.026587</Y>
        <Y t="65">0.029419</Y>
        <Y t="66">0.032391</Y>
        <Y t="67">0.035458</Y>
        <Y t="68">0.038634</Y>
        <Y t="69">0.041994</Y>
        <Y t="70">0.045632</Y>
        <Y t="71">0.049639</Y>
        <Y t="72">0.054092</Y>
        <Y t="73">0.059034</Y>
        <Y t="74">0.064469</Y>
        <Y t="75">0.070402</Y>
        <Y t="76">0.076832</Y>
        <Y t="77">0.083764</Y>
        <Y t="78">0.091237</Y>
        <Y t="79">0.099324</Y>
        <Y t="80">0.108104</Y>
        <Y t="81">0.117660</Y>
        <Y t="82">0.128054</Y>
        <Y t="83">0.139262</Y>
        <Y t="84">0.151168</Y>
        <Y t="85">0.163633</Y>
        <Y t="86">0.176559</Y>
        <Y t="87">0.189932</Y>
        <Y t="88">0.203855</Y>
        <Y t="89">0.218545</Y>
        <Y t="90">0.234340</Y>
        <Y t="91">0.251691</Y>
        <Y t="92">0.271163</Y>
        <Y t="93">0.293432</Y>
        <Y t="94">0.320362</Y>
        <Y t="95">0.357109</Y>
        <Y t="96">0.417242</Y>
        <Y t="97">0.531925</Y>
        <Y t="98">0.740127</Y>
        <Y t="99">1.000000</Y>
      </Axis>
    </Values>
  </Table>
</XTbML>