﻿<?xml version="1.0" encoding="utf-8"?>
<XTbML>
  <ContentClassification>
    <TableIdentity>1548</TableIdentity>
    <ProviderDomain>http://www.soa.org/files/research/exp-study/research-05-gl-waiver.pdf</ProviderDomain>
    <ProviderName>Society of Actuaries</ProviderName>
    <TableReference>“Report of the Society of Actuaries Group Life Insurance Experience Committee”, Society of Actuaries, (March, 2006), Exhibit 2 and 3, p. 10. Accessed: December, 2012 from http://www.soa.org/files/research/exp-study/research-05-gl-waiver.pdf</TableReference>
    <ContentType tc="83">Group Life</ContentType>
    <TableName>2005 Group Term Life Waiver Reserve Table – Male - No Margin</TableName>
    <TableDescription>2005 Group Term Life Waiver Reserve Table, A/E By Lives by Age Group, No Margin, Exposed Lives, Male. Select Minimum Age: 16. Select Maximum Age: 74. Ultimate Minimum Age: 30. Ultimate Maximum Age: 100.</TableDescription>
    <Comments>Study Data: In 2002, the Society of Actuaries Group Life Experience Committee undertook updating the 1970 Intercompany Group Life Disability Experience Table. Twenty-four companies contributed data with the data of six companies eventually excluded. The tables (male and female distinct as opposed to unisex) developed cover waiver claims open at some point during the 10-year period of January 1, 1993 through December 31, 2002. Exposure starts after a 9-month elimination period. Methodology:  The table uses the same structure as the 1970 Table, namely separate “Select” and “Ultimate” tables. Claims in the first ten years form the Select Table (Exhibit 2), which is constructed using age at disability and duration of disability. Claims in durations beyond the first ten years form the Ultimate Table (Exhibit 3), which is based only on attained age. The study measured death rates and recovery rates by both number of lives and amount of insurance. Raw experience rates were smoothed to develop graduated experience values. Graduated values were reviewed to ensure averages across duration and age stayed relatively close to the averages observed in the raw data. To create a valuation table counterpart, after graduation, margins were added: 25% for deaths and 35% for recoveries. Data Transcription Errors: None. Data Certified: 12/2012</Comments>
    <KeyWord>Select</KeyWord>
    <KeyWord>Group Life</KeyWord>
    <KeyWord>United States of America</KeyWord>
  </ContentClassification>
  <Table>
    <MetaData>
      <ScalingFactor>0</ScalingFactor>
      <DataType tc="2">Floating Point</DataType>
      <Nation tc="1">United States of America</Nation>
      <TableDescription>2005 Group Term Life Waiver Reserve Table, A/E By Lives by Age Group, No Margin, Exposed Lives, Male, Select Period (duration 9 months to 10 years). Minimum Age: 16. Maximum Age: 74.</TableDescription>
      <AxisDef id="Age">
        <ScaleType tc="3">Age</ScaleType>
        <AxisName>Age</AxisName>
        <MinScaleValue>16</MinScaleValue>
        <MaxScaleValue>74</MaxScaleValue>
        <Increment>1</Increment>
      </AxisDef>
    </MetaData>
    <Values>
      <Axis>
        <Y t="16">0.0788579999999998</Y>
        <Y t="17">0.0788579999999998</Y>
        <Y t="18">0.0788579999999998</Y>
        <Y t="19">0.0788579999999998</Y>
        <Y t="20">1.19482100000002</Y>
        <Y t="21">1.19482100000002</Y>
        <Y t="22">1.19482100000002</Y>
        <Y t="23">1.19482100000002</Y>
        <Y t="24">1.19482100000002</Y>
        <Y t="25">3.8601620000001</Y>
        <Y t="26">3.8601620000001</Y>
        <Y t="27">3.8601620000001</Y>
        <Y t="28">3.8601620000001</Y>
        <Y t="29">3.8601620000001</Y>
        <Y t="30">9.72769899999973</Y>
        <Y t="31">9.72769899999973</Y>
        <Y t="32">9.72769899999973</Y>
        <Y t="33">9.72769899999973</Y>
        <Y t="34">9.72769899999973</Y>
        <Y t="35">16.6090730000001</Y>
        <Y t="36">16.6090730000001</Y>
        <Y t="37">16.6090730000001</Y>
        <Y t="38">16.6090730000001</Y>
        <Y t="39">16.6090730000001</Y>
        <Y t="40">25.1713169999998</Y>
        <Y t="41">25.1713169999998</Y>
        <Y t="42">25.1713169999998</Y>
        <Y t="43">25.1713169999998</Y>
        <Y t="44">25.1713169999998</Y>
        <Y t="45">36.4467539999996</Y>
        <Y t="46">36.4467539999996</Y>
        <Y t="47">36.4467539999996</Y>
        <Y t="48">36.4467539999996</Y>
        <Y t="49">36.4467539999996</Y>
        <Y t="50">50.5454520000003</Y>
        <Y t="51">50.5454520000003</Y>
        <Y t="52">50.5454520000003</Y>
        <Y t="53">50.5454520000003</Y>
        <Y t="54">50.5454520000003</Y>
        <Y t="55">58.881517</Y>
        <Y t="56">58.881517</Y>
        <Y t="57">58.881517</Y>
        <Y t="58">58.881517</Y>
        <Y t="59">58.881517</Y>
        <Y t="60">5.29569500000001</Y>
        <Y t="61">5.29569500000001</Y>
        <Y t="62">5.29569500000001</Y>
        <Y t="63">5.29569500000001</Y>
        <Y t="64">5.29569500000001</Y>
        <Y t="65">0.224510999999999</Y>
        <Y t="66">0.224510999999999</Y>
        <Y t="67">0.224510999999999</Y>
        <Y t="68">0.224510999999999</Y>
        <Y t="69">0.224510999999999</Y>
        <Y t="70">0.028346</Y>
        <Y t="71">0.028346</Y>
        <Y t="72">0.028346</Y>
        <Y t="73">0.028346</Y>
        <Y t="74">0.028346</Y>
      </Axis>
    </Values>
  </Table>
  <Table>
    <MetaData>
      <ScalingFactor>0</ScalingFactor>
      <DataType tc="2">Floating Point</DataType>
      <Nation tc="1">United States of America</Nation>
      <TableDescription>2005 Group Term Life Waiver Reserve Table, A/E By Lives by Age Group, No Margin, Exposed Lives, Male, Ultimate Period (duration 11+ years). Minimum Age: 30. Maximum Age: 100</TableDescription>
      <AxisDef id="Age">
        <ScaleType tc="3">Age</ScaleType>
        <AxisName>Age</AxisName>
        <MinScaleValue>30</MinScaleValue>
        <MaxScaleValue>100</MaxScaleValue>
        <Increment>1</Increment>
      </AxisDef>
    </MetaData>
    <Values>
      <Axis>
        <Y t="30">0.20916</Y>
        <Y t="31">0.20916</Y>
        <Y t="32">0.20916</Y>
        <Y t="33">0.20916</Y>
        <Y t="34">0.20916</Y>
        <Y t="35">0.922365</Y>
        <Y t="36">0.922365</Y>
        <Y t="37">0.922365</Y>
        <Y t="38">0.922365</Y>
        <Y t="39">0.922365</Y>
        <Y t="40">2.760376</Y>
        <Y t="41">2.760376</Y>
        <Y t="42">2.760376</Y>
        <Y t="43">2.760376</Y>
        <Y t="44">2.760376</Y>
        <Y t="45">5.307311</Y>
        <Y t="46">5.307311</Y>
        <Y t="47">5.307311</Y>
        <Y t="48">5.307311</Y>
        <Y t="49">5.307311</Y>
        <Y t="50">9.13318099999999</Y>
        <Y t="51">9.13318099999999</Y>
        <Y t="52">9.13318099999999</Y>
        <Y t="53">9.13318099999999</Y>
        <Y t="54">9.13318099999999</Y>
        <Y t="55">14.332781</Y>
        <Y t="56">14.332781</Y>
        <Y t="57">14.332781</Y>
        <Y t="58">14.332781</Y>
        <Y t="59">14.332781</Y>
        <Y t="60">22.995657</Y>
        <Y t="61">22.995657</Y>
        <Y t="62">22.995657</Y>
        <Y t="63">22.995657</Y>
        <Y t="64">22.995657</Y>
        <Y t="65">35.114568</Y>
        <Y t="66">35.114568</Y>
        <Y t="67">35.114568</Y>
        <Y t="68">35.114568</Y>
        <Y t="69">35.114568</Y>
        <Y t="70">45.64604</Y>
        <Y t="71">45.64604</Y>
        <Y t="72">45.64604</Y>
        <Y t="73">45.64604</Y>
        <Y t="74">45.64604</Y>
        <Y t="75">65.298757</Y>
        <Y t="76">65.298757</Y>
        <Y t="77">65.298757</Y>
        <Y t="78">65.298757</Y>
        <Y t="79">65.298757</Y>
        <Y t="80">65.298757</Y>
        <Y t="81">65.298757</Y>
        <Y t="82">65.298757</Y>
        <Y t="83">65.298757</Y>
        <Y t="84">65.298757</Y>
        <Y t="85">65.298757</Y>
        <Y t="86">65.298757</Y>
        <Y t="87">65.298757</Y>
        <Y t="88">65.298757</Y>
        <Y t="89">65.298757</Y>
        <Y t="90">65.298757</Y>
        <Y t="91">65.298757</Y>
        <Y t="92">65.298757</Y>
        <Y t="93">65.298757</Y>
        <Y t="94">65.298757</Y>
        <Y t="95">65.298757</Y>
        <Y t="96">65.298757</Y>
        <Y t="97">65.298757</Y>
        <Y t="98">65.298757</Y>
        <Y t="99">65.298757</Y>
        <Y t="100">65.298757</Y>
      </Axis>
    </Values>
  </Table>
</XTbML>