﻿<?xml version="1.0" encoding="utf-8"?>
<XTbML>
  <ContentClassification>
    <TableIdentity>1559</TableIdentity>
    <ProviderDomain>erika.com</ProviderDomain>
    <ProviderName>Erika Schulty</ProviderName>
    <TableReference>Erika Schulty</TableReference>
    <ContentType tc="2">Disabled Lives Mortality</ContentType>
    <TableName>1964 CDT Section III Disabled Mean Reserves 3%</TableName>
    <TableDescription>1964 CDT Section III Disabled Mean Reserves 3%, Select</TableDescription>
    <KeyWord>Select</KeyWord>
    <KeyWord>Disabled Lives Mortality</KeyWord>
    <KeyWord>United States of America</KeyWord>
  </ContentClassification>
  <Table>
    <MetaData>
      <ScalingFactor>0</ScalingFactor>
      <DataType tc="2">Floating Point</DataType>
      <Nation tc="1">United States of America</Nation>
      <TableDescription>1964 CDT Section III Disabled Mean Reserves 3%, Less than 1 Month,Select</TableDescription>
      <AxisDef id="Month">
        <ScaleType tc="0">Month</ScaleType>
        <AxisName>Month</AxisName>
        <MinScaleValue>1</MinScaleValue>
        <MaxScaleValue>24</MaxScaleValue>
        <Increment>1</Increment>
      </AxisDef>
      <AxisDef id="Age">
        <ScaleType tc="3">Age</ScaleType>
        <AxisName>Age</AxisName>
        <MinScaleValue>22</MinScaleValue>
        <MaxScaleValue>72</MaxScaleValue>
        <Increment>1</Increment>
      </AxisDef>
    </MetaData>
    <Values>
      <Axis t="1">
        <Axis>
          <Y t="22">0.035</Y>
          <Y t="23">0.035</Y>
          <Y t="24">0.035</Y>
          <Y t="25">0.035</Y>
          <Y t="26">0.035</Y>
          <Y t="27">0.035</Y>
          <Y t="28">0.0352</Y>
          <Y t="29">0.0354</Y>
          <Y t="30">0.0356</Y>
          <Y t="31">0.0358</Y>
          <Y t="32">0.036</Y>
          <Y t="33">0.036</Y>
          <Y t="34">0.036</Y>
          <Y t="35">0.036</Y>
          <Y t="36">0.036</Y>
          <Y t="37">0.036</Y>
          <Y t="38">0.0362</Y>
          <Y t="39">0.0364</Y>
          <Y t="40">0.0366</Y>
          <Y t="41">0.0368</Y>
          <Y t="42">0.037</Y>
          <Y t="43">0.0372</Y>
          <Y t="44">0.0374</Y>
          <Y t="45">0.0376</Y>
          <Y t="46">0.0378</Y>
          <Y t="47">0.038</Y>
          <Y t="48">0.0382</Y>
          <Y t="49">0.0384</Y>
          <Y t="50">0.0386</Y>
          <Y t="51">0.0388</Y>
          <Y t="52">0.039</Y>
          <Y t="53">0.0392</Y>
          <Y t="54">0.0394</Y>
          <Y t="55">0.0396</Y>
          <Y t="56">0.0398</Y>
          <Y t="57">0.04</Y>
          <Y t="58">0.0402</Y>
          <Y t="59">0.0404</Y>
          <Y t="60">0.0406</Y>
          <Y t="61">0.0408</Y>
          <Y t="62">0.041</Y>
          <Y t="63">0.0412</Y>
          <Y t="64">0.0414</Y>
          <Y t="65">0.0416</Y>
          <Y t="66">0.0418</Y>
          <Y t="67">0.042</Y>
          <Y t="68">0.0424</Y>
          <Y t="69">0.0428</Y>
          <Y t="70">0.0432</Y>
          <Y t="71">0.0436</Y>
          <Y t="72">0.044</Y>
        </Axis>
      </Axis>
      <Axis t="2">
        <Axis>
          <Y t="22">0.066</Y>
          <Y t="23">0.066</Y>
          <Y t="24">0.066</Y>
          <Y t="25">0.066</Y>
          <Y t="26">0.066</Y>
          <Y t="27">0.066</Y>
          <Y t="28">0.0662</Y>
          <Y t="29">0.0664</Y>
          <Y t="30">0.0666</Y>
          <Y t="31">0.0668</Y>
          <Y t="32">0.067</Y>
          <Y t="33">0.0676</Y>
          <Y t="34">0.0682</Y>
          <Y t="35">0.0688</Y>
          <Y t="36">0.0694</Y>
          <Y t="37">0.07</Y>
          <Y t="38">0.0706</Y>
          <Y t="39">0.0712</Y>
          <Y t="40">0.0718</Y>
          <Y t="41">0.0724</Y>
          <Y t="42">0.073</Y>
          <Y t="43">0.074</Y>
          <Y t="44">0.075</Y>
          <Y t="45">0.076</Y>
          <Y t="46">0.077</Y>
          <Y t="47">0.078</Y>
          <Y t="48">0.0788</Y>
          <Y t="49">0.0796</Y>
          <Y t="50">0.0804</Y>
          <Y t="51">0.0812</Y>
          <Y t="52">0.082</Y>
          <Y t="53">0.083</Y>
          <Y t="54">0.084</Y>
          <Y t="55">0.085</Y>
          <Y t="56">0.086</Y>
          <Y t="57">0.087</Y>
          <Y t="58">0.088</Y>
          <Y t="59">0.089</Y>
          <Y t="60">0.09</Y>
          <Y t="61">0.091</Y>
          <Y t="62">0.092</Y>
          <Y t="63">0.0932</Y>
          <Y t="64">0.0944</Y>
          <Y t="65">0.0956</Y>
          <Y t="66">0.0968</Y>
          <Y t="67">0.098</Y>
          <Y t="68">0.0996</Y>
          <Y t="69">0.1012</Y>
          <Y t="70">0.1028</Y>
          <Y t="71">0.1044</Y>
          <Y t="72">0.106</Y>
        </Axis>
      </Axis>
      <Axis t="3">
        <Axis>
          <Y t="22">0.078</Y>
          <Y t="23">0.078</Y>
          <Y t="24">0.078</Y>
          <Y t="25">0.078</Y>
          <Y t="26">0.078</Y>
          <Y t="27">0.078</Y>
          <Y t="28">0.0784</Y>
          <Y t="29">0.0788</Y>
          <Y t="30">0.0792</Y>
          <Y t="31">0.0796</Y>
          <Y t="32">0.08</Y>
          <Y t="33">0.0808</Y>
          <Y t="34">0.0816</Y>
          <Y t="35">0.0824</Y>
          <Y t="36">0.0832</Y>
          <Y t="37">0.084</Y>
          <Y t="38">0.0852</Y>
          <Y t="39">0.0864</Y>
          <Y t="40">0.0876</Y>
          <Y t="41">0.0888</Y>
          <Y t="42">0.09</Y>
          <Y t="43">0.0914</Y>
          <Y t="44">0.0928</Y>
          <Y t="45">0.0942</Y>
          <Y t="46">0.0956</Y>
          <Y t="47">0.097</Y>
          <Y t="48">0.0984</Y>
          <Y t="49">0.0998</Y>
          <Y t="50">0.1012</Y>
          <Y t="51">0.1026</Y>
          <Y t="52">0.104</Y>
          <Y t="53">0.1058</Y>
          <Y t="54">0.1076</Y>
          <Y t="55">0.1094</Y>
          <Y t="56">0.1112</Y>
          <Y t="57">0.113</Y>
          <Y t="58">0.1152</Y>
          <Y t="59">0.1174</Y>
          <Y t="60">0.1196</Y>
          <Y t="61">0.1218</Y>
          <Y t="62">0.124</Y>
          <Y t="63">0.1262</Y>
          <Y t="64">0.1284</Y>
          <Y t="65">0.1306</Y>
          <Y t="66">0.1328</Y>
          <Y t="67">0.135</Y>
          <Y t="68">0.1382</Y>
          <Y t="69">0.1414</Y>
          <Y t="70">0.1446</Y>
          <Y t="71">0.1478</Y>
          <Y t="72">0.151</Y>
        </Axis>
      </Axis>
      <Axis t="4">
        <Axis>
          <Y t="22">0.085</Y>
          <Y t="23">0.085</Y>
          <Y t="24">0.085</Y>
          <Y t="25">0.085</Y>
          <Y t="26">0.085</Y>
          <Y t="27">0.085</Y>
          <Y t="28">0.0854</Y>
          <Y t="29">0.0858</Y>
          <Y t="30">0.0862</Y>
          <Y t="31">0.0866</Y>
          <Y t="32">0.087</Y>
          <Y t="33">0.088</Y>
          <Y t="34">0.089</Y>
          <Y t="35">0.09</Y>
          <Y t="36">0.091</Y>
          <Y t="37">0.092</Y>
          <Y t="38">0.0936</Y>
          <Y t="39">0.0952</Y>
          <Y t="40">0.0968</Y>
          <Y t="41">0.0984</Y>
          <Y t="42">0.1</Y>
          <Y t="43">0.2216</Y>
          <Y t="44">0.3432</Y>
          <Y t="45">0.4648</Y>
          <Y t="46">0.5864</Y>
          <Y t="47">0.708</Y>
          <Y t="48">0.59</Y>
          <Y t="49">0.472</Y>
          <Y t="50">0.354</Y>
          <Y t="51">0.236</Y>
          <Y t="52">0.118</Y>
          <Y t="53">0.1206</Y>
          <Y t="54">0.1232</Y>
          <Y t="55">0.1258</Y>
          <Y t="56">0.1284</Y>
          <Y t="57">0.131</Y>
          <Y t="58">0.134</Y>
          <Y t="59">0.137</Y>
          <Y t="60">0.14</Y>
          <Y t="61">0.143</Y>
          <Y t="62">0.146</Y>
          <Y t="63">0.1498</Y>
          <Y t="64">0.1536</Y>
          <Y t="65">0.1574</Y>
          <Y t="66">0.1612</Y>
          <Y t="67">0.165</Y>
          <Y t="68">0.1702</Y>
          <Y t="69">0.1754</Y>
          <Y t="70">0.1806</Y>
          <Y t="71">0.1858</Y>
          <Y t="72">0.191</Y>
        </Axis>
      </Axis>
      <Axis t="5">
        <Axis>
          <Y t="22">0.088</Y>
          <Y t="23">0.0882</Y>
          <Y t="24">0.0884</Y>
          <Y t="25">0.0886</Y>
          <Y t="26">0.0888</Y>
          <Y t="27">0.089</Y>
          <Y t="28">0.0894</Y>
          <Y t="29">0.0898</Y>
          <Y t="30">0.0902</Y>
          <Y t="31">0.0906</Y>
          <Y t="32">0.091</Y>
          <Y t="33">0.0922</Y>
          <Y t="34">0.0934</Y>
          <Y t="35">0.0946</Y>
          <Y t="36">0.0958</Y>
          <Y t="37">0.097</Y>
          <Y t="38">0.0986</Y>
          <Y t="39">0.1002</Y>
          <Y t="40">0.1018</Y>
          <Y t="41">0.1034</Y>
          <Y t="42">0.105</Y>
          <Y t="43">0.1072</Y>
          <Y t="44">0.1094</Y>
          <Y t="45">0.1116</Y>
          <Y t="46">0.1138</Y>
          <Y t="47">0.116</Y>
          <Y t="48">0.1182</Y>
          <Y t="49">0.1204</Y>
          <Y t="50">0.1226</Y>
          <Y t="51">0.1248</Y>
          <Y t="52">0.127</Y>
          <Y t="53">0.1302</Y>
          <Y t="54">0.1334</Y>
          <Y t="55">0.1366</Y>
          <Y t="56">0.1398</Y>
          <Y t="57">0.143</Y>
          <Y t="58">0.1472</Y>
          <Y t="59">0.1514</Y>
          <Y t="60">0.1556</Y>
          <Y t="61">0.1598</Y>
          <Y t="62">0.164</Y>
          <Y t="63">0.169</Y>
          <Y t="64">0.174</Y>
          <Y t="65">0.179</Y>
          <Y t="66">0.184</Y>
          <Y t="67">0.189</Y>
          <Y t="68">0.1966</Y>
          <Y t="69">0.2042</Y>
          <Y t="70">0.2118</Y>
          <Y t="71">0.2194</Y>
          <Y t="72">0.227</Y>
        </Axis>
      </Axis>
      <Axis t="6">
        <Axis>
          <Y t="22">0.091</Y>
          <Y t="23">0.091</Y>
          <Y t="24">0.091</Y>
          <Y t="25">0.091</Y>
          <Y t="26">0.091</Y>
          <Y t="27">0.091</Y>
          <Y t="28">0.0916</Y>
          <Y t="29">0.0922</Y>
          <Y t="30">0.0928</Y>
          <Y t="31">0.0934</Y>
          <Y t="32">0.094</Y>
          <Y t="33">0.0952</Y>
          <Y t="34">0.0964</Y>
          <Y t="35">0.0976</Y>
          <Y t="36">0.0988</Y>
          <Y t="37">0.1</Y>
          <Y t="38">0.1018</Y>
          <Y t="39">0.1036</Y>
          <Y t="40">0.1054</Y>
          <Y t="41">0.1072</Y>
          <Y t="42">0.109</Y>
          <Y t="43">0.1114</Y>
          <Y t="44">0.1138</Y>
          <Y t="45">0.1162</Y>
          <Y t="46">0.1186</Y>
          <Y t="47">0.121</Y>
          <Y t="48">0.1236</Y>
          <Y t="49">0.1262</Y>
          <Y t="50">0.1288</Y>
          <Y t="51">0.1314</Y>
          <Y t="52">0.134</Y>
          <Y t="53">0.1378</Y>
          <Y t="54">0.1416</Y>
          <Y t="55">0.1454</Y>
          <Y t="56">0.1492</Y>
          <Y t="57">0.153</Y>
          <Y t="58">0.1582</Y>
          <Y t="59">0.1634</Y>
          <Y t="60">0.1686</Y>
          <Y t="61">0.1738</Y>
          <Y t="62">0.179</Y>
          <Y t="63">0.1854</Y>
          <Y t="64">0.1918</Y>
          <Y t="65">0.1982</Y>
          <Y t="66">0.2046</Y>
          <Y t="67">0.211</Y>
          <Y t="68">0.221</Y>
          <Y t="69">0.231</Y>
          <Y t="70">0.241</Y>
          <Y t="71">0.251</Y>
          <Y t="72">0.261</Y>
        </Axis>
      </Axis>
      <Axis t="7">
        <Axis>
          <Y t="22">0.093</Y>
          <Y t="23">0.093</Y>
          <Y t="24">0.093</Y>
          <Y t="25">0.093</Y>
          <Y t="26">0.093</Y>
          <Y t="27">0.093</Y>
          <Y t="28">0.0936</Y>
          <Y t="29">0.0942</Y>
          <Y t="30">0.0948</Y>
          <Y t="31">0.0954</Y>
          <Y t="32">0.096</Y>
          <Y t="33">0.0974</Y>
          <Y t="34">0.0988</Y>
          <Y t="35">0.1002</Y>
          <Y t="36">0.1016</Y>
          <Y t="37">0.103</Y>
          <Y t="38">0.1048</Y>
          <Y t="39">0.1066</Y>
          <Y t="40">0.1084</Y>
          <Y t="41">0.1102</Y>
          <Y t="42">0.112</Y>
          <Y t="43">0.1146</Y>
          <Y t="44">0.1172</Y>
          <Y t="45">0.1198</Y>
          <Y t="46">0.1224</Y>
          <Y t="47">0.125</Y>
          <Y t="48">0.128</Y>
          <Y t="49">0.131</Y>
          <Y t="50">0.134</Y>
          <Y t="51">0.137</Y>
          <Y t="52">0.14</Y>
          <Y t="53">0.1444</Y>
          <Y t="54">0.1488</Y>
          <Y t="55">0.1532</Y>
          <Y t="56">0.1576</Y>
          <Y t="57">0.162</Y>
          <Y t="58">0.1678</Y>
          <Y t="59">0.1736</Y>
          <Y t="60">0.1794</Y>
          <Y t="61">0.1852</Y>
          <Y t="62">0.191</Y>
          <Y t="63">0.199</Y>
          <Y t="64">0.207</Y>
          <Y t="65">0.215</Y>
          <Y t="66">0.223</Y>
          <Y t="67">0.231</Y>
          <Y t="68">0.2436</Y>
          <Y t="69">0.2562</Y>
          <Y t="70">0.2688</Y>
          <Y t="71">0.2814</Y>
          <Y t="72">0.294</Y>
        </Axis>
      </Axis>
      <Axis t="8">
        <Axis>
          <Y t="22">0.094</Y>
          <Y t="23">0.094</Y>
          <Y t="24">0.094</Y>
          <Y t="25">0.094</Y>
          <Y t="26">0.094</Y>
          <Y t="27">0.094</Y>
          <Y t="28">0.0948</Y>
          <Y t="29">0.0956</Y>
          <Y t="30">0.0964</Y>
          <Y t="31">0.0972</Y>
          <Y t="32">0.098</Y>
          <Y t="33">0.0994</Y>
          <Y t="34">0.1008</Y>
          <Y t="35">0.1022</Y>
          <Y t="36">0.1036</Y>
          <Y t="37">0.105</Y>
          <Y t="38">0.107</Y>
          <Y t="39">0.109</Y>
          <Y t="40">0.111</Y>
          <Y t="41">0.113</Y>
          <Y t="42">0.115</Y>
          <Y t="43">0.1176</Y>
          <Y t="44">0.1202</Y>
          <Y t="45">0.1228</Y>
          <Y t="46">0.1254</Y>
          <Y t="47">0.128</Y>
          <Y t="48">0.1314</Y>
          <Y t="49">0.1348</Y>
          <Y t="50">0.1382</Y>
          <Y t="51">0.1416</Y>
          <Y t="52">0.145</Y>
          <Y t="53">0.1498</Y>
          <Y t="54">0.1546</Y>
          <Y t="55">0.1594</Y>
          <Y t="56">0.1642</Y>
          <Y t="57">0.169</Y>
          <Y t="58">0.1756</Y>
          <Y t="59">0.1822</Y>
          <Y t="60">0.1888</Y>
          <Y t="61">0.1954</Y>
          <Y t="62">0.202</Y>
          <Y t="63">0.2114</Y>
          <Y t="64">0.2208</Y>
          <Y t="65">0.2302</Y>
          <Y t="66">0.2396</Y>
          <Y t="67">0.249</Y>
          <Y t="68">0.2642</Y>
          <Y t="69">0.2794</Y>
          <Y t="70">0.2946</Y>
          <Y t="71">0.3098</Y>
          <Y t="72">0.325</Y>
        </Axis>
      </Axis>
      <Axis t="9">
        <Axis>
          <Y t="22">0.096</Y>
          <Y t="23">0.096</Y>
          <Y t="24">0.096</Y>
          <Y t="25">0.096</Y>
          <Y t="26">0.096</Y>
          <Y t="27">0.096</Y>
          <Y t="28">0.0966</Y>
          <Y t="29">0.0972</Y>
          <Y t="30">0.0978</Y>
          <Y t="31">0.0984</Y>
          <Y t="32">0.099</Y>
          <Y t="33">0.1004</Y>
          <Y t="34">0.1018</Y>
          <Y t="35">0.1032</Y>
          <Y t="36">0.1046</Y>
          <Y t="37">0.106</Y>
          <Y t="38">0.1082</Y>
          <Y t="39">0.1104</Y>
          <Y t="40">0.1126</Y>
          <Y t="41">0.1148</Y>
          <Y t="42">0.117</Y>
          <Y t="43">0.1198</Y>
          <Y t="44">0.1226</Y>
          <Y t="45">0.1254</Y>
          <Y t="46">0.1282</Y>
          <Y t="47">0.131</Y>
          <Y t="48">0.1346</Y>
          <Y t="49">0.1382</Y>
          <Y t="50">0.1418</Y>
          <Y t="51">0.1454</Y>
          <Y t="52">0.149</Y>
          <Y t="53">0.1544</Y>
          <Y t="54">0.1598</Y>
          <Y t="55">0.1652</Y>
          <Y t="56">0.1706</Y>
          <Y t="57">0.176</Y>
          <Y t="58">0.1834</Y>
          <Y t="59">0.1908</Y>
          <Y t="60">0.1982</Y>
          <Y t="61">0.2056</Y>
          <Y t="62">0.213</Y>
          <Y t="63">0.2236</Y>
          <Y t="64">0.2342</Y>
          <Y t="65">0.2448</Y>
          <Y t="66">0.2554</Y>
          <Y t="67">0.266</Y>
          <Y t="68">0.2836</Y>
          <Y t="69">0.3012</Y>
          <Y t="70">0.3188</Y>
          <Y t="71">0.3364</Y>
          <Y t="72">0.354</Y>
        </Axis>
      </Axis>
      <Axis t="10">
        <Axis>
          <Y t="22">0.097</Y>
          <Y t="23">0.097</Y>
          <Y t="24">0.097</Y>
          <Y t="25">0.097</Y>
          <Y t="26">0.097</Y>
          <Y t="27">0.097</Y>
          <Y t="28">0.0976</Y>
          <Y t="29">0.0982</Y>
          <Y t="30">0.0988</Y>
          <Y t="31">0.0994</Y>
          <Y t="32">0.1</Y>
          <Y t="33">0.1016</Y>
          <Y t="34">0.1032</Y>
          <Y t="35">0.1048</Y>
          <Y t="36">0.1064</Y>
          <Y t="37">0.108</Y>
          <Y t="38">0.1102</Y>
          <Y t="39">0.1124</Y>
          <Y t="40">0.1146</Y>
          <Y t="41">0.1168</Y>
          <Y t="42">0.119</Y>
          <Y t="43">0.122</Y>
          <Y t="44">0.125</Y>
          <Y t="45">0.128</Y>
          <Y t="46">0.131</Y>
          <Y t="47">0.134</Y>
          <Y t="48">0.1378</Y>
          <Y t="49">0.1416</Y>
          <Y t="50">0.1454</Y>
          <Y t="51">0.1492</Y>
          <Y t="52">0.153</Y>
          <Y t="53">0.1588</Y>
          <Y t="54">0.1646</Y>
          <Y t="55">0.1704</Y>
          <Y t="56">0.1762</Y>
          <Y t="57">0.182</Y>
          <Y t="58">0.1902</Y>
          <Y t="59">0.1984</Y>
          <Y t="60">0.2066</Y>
          <Y t="61">0.2148</Y>
          <Y t="62">0.223</Y>
          <Y t="63">0.2348</Y>
          <Y t="64">0.2466</Y>
          <Y t="65">0.2584</Y>
          <Y t="66">0.2702</Y>
          <Y t="67">0.282</Y>
          <Y t="68">0.302</Y>
          <Y t="69">0.322</Y>
          <Y t="70">0.342</Y>
          <Y t="71">0.362</Y>
          <Y t="72">0.382</Y>
        </Axis>
      </Axis>
      <Axis t="11">
        <Axis>
          <Y t="22">0.098</Y>
          <Y t="23">0.098</Y>
          <Y t="24">0.098</Y>
          <Y t="25">0.098</Y>
          <Y t="26">0.098</Y>
          <Y t="27">0.098</Y>
          <Y t="28">0.0988</Y>
          <Y t="29">0.0996</Y>
          <Y t="30">0.1004</Y>
          <Y t="31">0.1012</Y>
          <Y t="32">0.102</Y>
          <Y t="33">0.1034</Y>
          <Y t="34">0.1048</Y>
          <Y t="35">0.1062</Y>
          <Y t="36">0.1076</Y>
          <Y t="37">0.109</Y>
          <Y t="38">0.1112</Y>
          <Y t="39">0.1134</Y>
          <Y t="40">0.1156</Y>
          <Y t="41">0.1178</Y>
          <Y t="42">0.12</Y>
          <Y t="43">0.1232</Y>
          <Y t="44">0.1264</Y>
          <Y t="45">0.1296</Y>
          <Y t="46">0.1328</Y>
          <Y t="47">0.136</Y>
          <Y t="48">0.14</Y>
          <Y t="49">0.144</Y>
          <Y t="50">0.148</Y>
          <Y t="51">0.152</Y>
          <Y t="52">0.156</Y>
          <Y t="53">0.1624</Y>
          <Y t="54">0.1688</Y>
          <Y t="55">0.1752</Y>
          <Y t="56">0.1816</Y>
          <Y t="57">0.188</Y>
          <Y t="58">0.1968</Y>
          <Y t="59">0.2056</Y>
          <Y t="60">0.2144</Y>
          <Y t="61">0.2232</Y>
          <Y t="62">0.232</Y>
          <Y t="63">0.2452</Y>
          <Y t="64">0.2584</Y>
          <Y t="65">0.2716</Y>
          <Y t="66">0.2848</Y>
          <Y t="67">0.298</Y>
          <Y t="68">0.32</Y>
          <Y t="69">0.342</Y>
          <Y t="70">0.364</Y>
          <Y t="71">0.386</Y>
          <Y t="72">0.408</Y>
        </Axis>
      </Axis>
      <Axis t="12">
        <Axis>
          <Y t="22">0.099</Y>
          <Y t="23">0.099</Y>
          <Y t="24">0.099</Y>
          <Y t="25">0.099</Y>
          <Y t="26">0.099</Y>
          <Y t="27">0.099</Y>
          <Y t="28">0.0998</Y>
          <Y t="29">0.1006</Y>
          <Y t="30">0.1014</Y>
          <Y t="31">0.1022</Y>
          <Y t="32">0.103</Y>
          <Y t="33">0.1044</Y>
          <Y t="34">0.1058</Y>
          <Y t="35">0.1072</Y>
          <Y t="36">0.1086</Y>
          <Y t="37">0.11</Y>
          <Y t="38">0.1124</Y>
          <Y t="39">0.1148</Y>
          <Y t="40">0.1172</Y>
          <Y t="41">0.1196</Y>
          <Y t="42">0.122</Y>
          <Y t="43">0.1254</Y>
          <Y t="44">0.1288</Y>
          <Y t="45">0.1322</Y>
          <Y t="46">0.1356</Y>
          <Y t="47">0.139</Y>
          <Y t="48">0.1432</Y>
          <Y t="49">0.1474</Y>
          <Y t="50">0.1516</Y>
          <Y t="51">0.1558</Y>
          <Y t="52">0.16</Y>
          <Y t="53">0.1666</Y>
          <Y t="54">0.1732</Y>
          <Y t="55">0.1798</Y>
          <Y t="56">0.1864</Y>
          <Y t="57">0.193</Y>
          <Y t="58">0.2026</Y>
          <Y t="59">0.2122</Y>
          <Y t="60">0.2218</Y>
          <Y t="61">0.2314</Y>
          <Y t="62">0.241</Y>
          <Y t="63">0.2554</Y>
          <Y t="64">0.2698</Y>
          <Y t="65">0.2842</Y>
          <Y t="66">0.2986</Y>
          <Y t="67">0.313</Y>
          <Y t="68">0.337</Y>
          <Y t="69">0.361</Y>
          <Y t="70">0.385</Y>
          <Y t="71">0.409</Y>
          <Y t="72">0.433</Y>
        </Axis>
      </Axis>
      <Axis t="13">
        <Axis>
          <Y t="22">0.1</Y>
          <Y t="23">0.1</Y>
          <Y t="24">0.1</Y>
          <Y t="25">0.1</Y>
          <Y t="26">0.1</Y>
          <Y t="27">0.1</Y>
          <Y t="28">0.1008</Y>
          <Y t="29">0.1016</Y>
          <Y t="30">0.1024</Y>
          <Y t="31">0.1032</Y>
          <Y t="32">0.104</Y>
          <Y t="33">0.1054</Y>
          <Y t="34">0.1068</Y>
          <Y t="35">0.1082</Y>
          <Y t="36">0.1096</Y>
          <Y t="37">0.111</Y>
          <Y t="38">0.1136</Y>
          <Y t="39">0.1162</Y>
          <Y t="40">0.1188</Y>
          <Y t="41">0.1214</Y>
          <Y t="42">0.124</Y>
          <Y t="43">0.1274</Y>
          <Y t="44">0.1308</Y>
          <Y t="45">0.1342</Y>
          <Y t="46">0.1376</Y>
          <Y t="47">0.141</Y>
          <Y t="48">0.1454</Y>
          <Y t="49">0.1498</Y>
          <Y t="50">0.1542</Y>
          <Y t="51">0.1586</Y>
          <Y t="52">0.163</Y>
          <Y t="53">0.1702</Y>
          <Y t="54">0.1774</Y>
          <Y t="55">0.1846</Y>
          <Y t="56">0.1918</Y>
          <Y t="57">0.199</Y>
          <Y t="58">0.209</Y>
          <Y t="59">0.219</Y>
          <Y t="60">0.229</Y>
          <Y t="61">0.239</Y>
          <Y t="62">0.249</Y>
          <Y t="63">0.2646</Y>
          <Y t="64">0.2802</Y>
          <Y t="65">0.2958</Y>
          <Y t="66">0.3114</Y>
          <Y t="67">0.327</Y>
          <Y t="68">0.3532</Y>
          <Y t="69">0.3794</Y>
          <Y t="70">0.4056</Y>
          <Y t="71">0.4318</Y>
          <Y t="72">0.458</Y>
        </Axis>
      </Axis>
      <Axis t="14">
        <Axis>
          <Y t="22">0.101</Y>
          <Y t="23">0.101</Y>
          <Y t="24">0.101</Y>
          <Y t="25">0.101</Y>
          <Y t="26">0.101</Y>
          <Y t="27">0.101</Y>
          <Y t="28">0.1018</Y>
          <Y t="29">0.1026</Y>
          <Y t="30">0.1034</Y>
          <Y t="31">0.1042</Y>
          <Y t="32">0.105</Y>
          <Y t="33">0.1066</Y>
          <Y t="34">0.1082</Y>
          <Y t="35">0.1098</Y>
          <Y t="36">0.1114</Y>
          <Y t="37">0.113</Y>
          <Y t="38">0.1154</Y>
          <Y t="39">0.1178</Y>
          <Y t="40">0.1202</Y>
          <Y t="41">0.1226</Y>
          <Y t="42">0.125</Y>
          <Y t="43">0.1288</Y>
          <Y t="44">0.1326</Y>
          <Y t="45">0.1364</Y>
          <Y t="46">0.1402</Y>
          <Y t="47">0.144</Y>
          <Y t="48">0.1486</Y>
          <Y t="49">0.1532</Y>
          <Y t="50">0.1578</Y>
          <Y t="51">0.1624</Y>
          <Y t="52">0.167</Y>
          <Y t="53">0.1744</Y>
          <Y t="54">0.1818</Y>
          <Y t="55">0.1892</Y>
          <Y t="56">0.1966</Y>
          <Y t="57">0.204</Y>
          <Y t="58">0.2148</Y>
          <Y t="59">0.2256</Y>
          <Y t="60">0.2364</Y>
          <Y t="61">0.2472</Y>
          <Y t="62">0.258</Y>
          <Y t="63">0.2746</Y>
          <Y t="64">0.2912</Y>
          <Y t="65">0.3078</Y>
          <Y t="66">0.3244</Y>
          <Y t="67">0.341</Y>
          <Y t="68">0.3692</Y>
          <Y t="69">0.3974</Y>
          <Y t="70">0.4256</Y>
          <Y t="71">0.4538</Y>
          <Y t="72">0.482</Y>
        </Axis>
      </Axis>
      <Axis t="15">
        <Axis>
          <Y t="22">0.101</Y>
          <Y t="23">0.1012</Y>
          <Y t="24">0.1014</Y>
          <Y t="25">0.1016</Y>
          <Y t="26">0.1018</Y>
          <Y t="27">0.102</Y>
          <Y t="28">0.1028</Y>
          <Y t="29">0.1036</Y>
          <Y t="30">0.1044</Y>
          <Y t="31">0.1052</Y>
          <Y t="32">0.106</Y>
          <Y t="33">0.1076</Y>
          <Y t="34">0.1092</Y>
          <Y t="35">0.1108</Y>
          <Y t="36">0.1124</Y>
          <Y t="37">0.114</Y>
          <Y t="38">0.1166</Y>
          <Y t="39">0.1192</Y>
          <Y t="40">0.1218</Y>
          <Y t="41">0.1244</Y>
          <Y t="42">0.127</Y>
          <Y t="43">0.1308</Y>
          <Y t="44">0.1346</Y>
          <Y t="45">0.1384</Y>
          <Y t="46">0.1422</Y>
          <Y t="47">0.146</Y>
          <Y t="48">0.1508</Y>
          <Y t="49">0.1556</Y>
          <Y t="50">0.1604</Y>
          <Y t="51">0.1652</Y>
          <Y t="52">0.17</Y>
          <Y t="53">0.178</Y>
          <Y t="54">0.186</Y>
          <Y t="55">0.194</Y>
          <Y t="56">0.202</Y>
          <Y t="57">0.21</Y>
          <Y t="58">0.2212</Y>
          <Y t="59">0.2324</Y>
          <Y t="60">0.2436</Y>
          <Y t="61">0.2548</Y>
          <Y t="62">0.266</Y>
          <Y t="63">0.2838</Y>
          <Y t="64">0.3016</Y>
          <Y t="65">0.3194</Y>
          <Y t="66">0.3372</Y>
          <Y t="67">0.355</Y>
          <Y t="68">0.385</Y>
          <Y t="69">0.415</Y>
          <Y t="70">0.445</Y>
          <Y t="71">0.475</Y>
          <Y t="72">0.505</Y>
        </Axis>
      </Axis>
      <Axis t="16">
        <Axis>
          <Y t="22">0.102</Y>
          <Y t="23">0.102</Y>
          <Y t="24">0.102</Y>
          <Y t="25">0.102</Y>
          <Y t="26">0.102</Y>
          <Y t="27">0.102</Y>
          <Y t="28">0.103</Y>
          <Y t="29">0.104</Y>
          <Y t="30">0.105</Y>
          <Y t="31">0.106</Y>
          <Y t="32">0.107</Y>
          <Y t="33">0.1086</Y>
          <Y t="34">0.1102</Y>
          <Y t="35">0.1118</Y>
          <Y t="36">0.1134</Y>
          <Y t="37">0.115</Y>
          <Y t="38">0.1176</Y>
          <Y t="39">0.1202</Y>
          <Y t="40">0.1228</Y>
          <Y t="41">0.1254</Y>
          <Y t="42">0.128</Y>
          <Y t="43">0.132</Y>
          <Y t="44">0.136</Y>
          <Y t="45">0.14</Y>
          <Y t="46">0.144</Y>
          <Y t="47">0.148</Y>
          <Y t="48">0.153</Y>
          <Y t="49">0.158</Y>
          <Y t="50">0.163</Y>
          <Y t="51">0.168</Y>
          <Y t="52">0.173</Y>
          <Y t="53">0.1814</Y>
          <Y t="54">0.1898</Y>
          <Y t="55">0.1982</Y>
          <Y t="56">0.2066</Y>
          <Y t="57">0.215</Y>
          <Y t="58">0.2268</Y>
          <Y t="59">0.2386</Y>
          <Y t="60">0.2504</Y>
          <Y t="61">0.2622</Y>
          <Y t="62">0.274</Y>
          <Y t="63">0.2928</Y>
          <Y t="64">0.3116</Y>
          <Y t="65">0.3304</Y>
          <Y t="66">0.3492</Y>
          <Y t="67">0.368</Y>
          <Y t="68">0.4002</Y>
          <Y t="69">0.4324</Y>
          <Y t="70">0.4646</Y>
          <Y t="71">0.4968</Y>
          <Y t="72">0.529</Y>
        </Axis>
      </Axis>
      <Axis t="17">
        <Axis>
          <Y t="22">0.103</Y>
          <Y t="23">0.103</Y>
          <Y t="24">0.103</Y>
          <Y t="25">0.103</Y>
          <Y t="26">0.103</Y>
          <Y t="27">0.103</Y>
          <Y t="28">0.1038</Y>
          <Y t="29">0.1046</Y>
          <Y t="30">0.1054</Y>
          <Y t="31">0.1062</Y>
          <Y t="32">0.107</Y>
          <Y t="33">0.1088</Y>
          <Y t="34">0.1106</Y>
          <Y t="35">0.1124</Y>
          <Y t="36">0.1142</Y>
          <Y t="37">0.116</Y>
          <Y t="38">0.1186</Y>
          <Y t="39">0.1212</Y>
          <Y t="40">0.1238</Y>
          <Y t="41">0.1264</Y>
          <Y t="42">0.129</Y>
          <Y t="43">0.1332</Y>
          <Y t="44">0.1374</Y>
          <Y t="45">0.1416</Y>
          <Y t="46">0.1458</Y>
          <Y t="47">0.15</Y>
          <Y t="48">0.1552</Y>
          <Y t="49">0.1604</Y>
          <Y t="50">0.1656</Y>
          <Y t="51">0.1708</Y>
          <Y t="52">0.176</Y>
          <Y t="53">0.1848</Y>
          <Y t="54">0.1936</Y>
          <Y t="55">0.2024</Y>
          <Y t="56">0.2112</Y>
          <Y t="57">0.22</Y>
          <Y t="58">0.2324</Y>
          <Y t="59">0.2448</Y>
          <Y t="60">0.2572</Y>
          <Y t="61">0.2696</Y>
          <Y t="62">0.282</Y>
          <Y t="63">0.3018</Y>
          <Y t="64">0.3216</Y>
          <Y t="65">0.3414</Y>
          <Y t="66">0.3612</Y>
          <Y t="67">0.381</Y>
          <Y t="68">0.415</Y>
          <Y t="69">0.449</Y>
          <Y t="70">0.483</Y>
          <Y t="71">0.517</Y>
          <Y t="72">0.551</Y>
        </Axis>
      </Axis>
      <Axis t="18">
        <Axis>
          <Y t="22">0.104</Y>
          <Y t="23">0.104</Y>
          <Y t="24">0.104</Y>
          <Y t="25">0.104</Y>
          <Y t="26">0.104</Y>
          <Y t="27">0.104</Y>
          <Y t="28">0.1048</Y>
          <Y t="29">0.1056</Y>
          <Y t="30">0.1064</Y>
          <Y t="31">0.1072</Y>
          <Y t="32">0.108</Y>
          <Y t="33">0.1098</Y>
          <Y t="34">0.1116</Y>
          <Y t="35">0.1134</Y>
          <Y t="36">0.1152</Y>
          <Y t="37">0.117</Y>
          <Y t="38">0.1198</Y>
          <Y t="39">0.1226</Y>
          <Y t="40">0.1254</Y>
          <Y t="41">0.1282</Y>
          <Y t="42">0.131</Y>
          <Y t="43">0.1352</Y>
          <Y t="44">0.1394</Y>
          <Y t="45">0.1436</Y>
          <Y t="46">0.1478</Y>
          <Y t="47">0.152</Y>
          <Y t="48">0.1574</Y>
          <Y t="49">0.1628</Y>
          <Y t="50">0.1682</Y>
          <Y t="51">0.1736</Y>
          <Y t="52">0.179</Y>
          <Y t="53">0.1882</Y>
          <Y t="54">0.1974</Y>
          <Y t="55">0.2066</Y>
          <Y t="56">0.2158</Y>
          <Y t="57">0.225</Y>
          <Y t="58">0.238</Y>
          <Y t="59">0.251</Y>
          <Y t="60">0.264</Y>
          <Y t="61">0.277</Y>
          <Y t="62">0.29</Y>
          <Y t="63">0.311</Y>
          <Y t="64">0.332</Y>
          <Y t="65">0.353</Y>
          <Y t="66">0.374</Y>
          <Y t="67">0.395</Y>
          <Y t="68">0.4308</Y>
          <Y t="69">0.4666</Y>
          <Y t="70">0.5024</Y>
          <Y t="71">0.5382</Y>
          <Y t="72">0.574</Y>
        </Axis>
      </Axis>
      <Axis t="19">
        <Axis>
          <Y t="22">0.105</Y>
          <Y t="23">0.105</Y>
          <Y t="24">0.105</Y>
          <Y t="25">0.105</Y>
          <Y t="26">0.105</Y>
          <Y t="27">0.105</Y>
          <Y t="28">0.1058</Y>
          <Y t="29">0.1066</Y>
          <Y t="30">0.1074</Y>
          <Y t="31">0.1082</Y>
          <Y t="32">0.109</Y>
          <Y t="33">0.1108</Y>
          <Y t="34">0.1126</Y>
          <Y t="35">0.1144</Y>
          <Y t="36">0.1162</Y>
          <Y t="37">0.118</Y>
          <Y t="38">0.1208</Y>
          <Y t="39">0.1236</Y>
          <Y t="40">0.1264</Y>
          <Y t="41">0.1292</Y>
          <Y t="42">0.132</Y>
          <Y t="43">0.1364</Y>
          <Y t="44">0.1408</Y>
          <Y t="45">0.1452</Y>
          <Y t="46">0.1496</Y>
          <Y t="47">0.154</Y>
          <Y t="48">0.1596</Y>
          <Y t="49">0.1652</Y>
          <Y t="50">0.1708</Y>
          <Y t="51">0.1764</Y>
          <Y t="52">0.182</Y>
          <Y t="53">0.1916</Y>
          <Y t="54">0.2012</Y>
          <Y t="55">0.2108</Y>
          <Y t="56">0.2204</Y>
          <Y t="57">0.23</Y>
          <Y t="58">0.2436</Y>
          <Y t="59">0.2572</Y>
          <Y t="60">0.2708</Y>
          <Y t="61">0.2844</Y>
          <Y t="62">0.298</Y>
          <Y t="63">0.32</Y>
          <Y t="64">0.342</Y>
          <Y t="65">0.364</Y>
          <Y t="66">0.386</Y>
          <Y t="67">0.408</Y>
          <Y t="68">0.4456</Y>
          <Y t="69">0.4832</Y>
          <Y t="70">0.5208</Y>
          <Y t="71">0.5584</Y>
          <Y t="72">0.596</Y>
        </Axis>
      </Axis>
      <Axis t="20">
        <Axis>
          <Y t="22">0.105</Y>
          <Y t="23">0.105</Y>
          <Y t="24">0.105</Y>
          <Y t="25">0.105</Y>
          <Y t="26">0.105</Y>
          <Y t="27">0.105</Y>
          <Y t="28">0.106</Y>
          <Y t="29">0.107</Y>
          <Y t="30">0.108</Y>
          <Y t="31">0.109</Y>
          <Y t="32">0.11</Y>
          <Y t="33">0.1118</Y>
          <Y t="34">0.1136</Y>
          <Y t="35">0.1154</Y>
          <Y t="36">0.1172</Y>
          <Y t="37">0.119</Y>
          <Y t="38">0.1218</Y>
          <Y t="39">0.1246</Y>
          <Y t="40">0.1274</Y>
          <Y t="41">0.1302</Y>
          <Y t="42">0.133</Y>
          <Y t="43">0.1376</Y>
          <Y t="44">0.1422</Y>
          <Y t="45">0.1468</Y>
          <Y t="46">0.1514</Y>
          <Y t="47">0.156</Y>
          <Y t="48">0.1618</Y>
          <Y t="49">0.1676</Y>
          <Y t="50">0.1734</Y>
          <Y t="51">0.1792</Y>
          <Y t="52">0.185</Y>
          <Y t="53">0.195</Y>
          <Y t="54">0.205</Y>
          <Y t="55">0.215</Y>
          <Y t="56">0.225</Y>
          <Y t="57">0.235</Y>
          <Y t="58">0.249</Y>
          <Y t="59">0.263</Y>
          <Y t="60">0.277</Y>
          <Y t="61">0.291</Y>
          <Y t="62">0.305</Y>
          <Y t="63">0.328</Y>
          <Y t="64">0.351</Y>
          <Y t="65">0.374</Y>
          <Y t="66">0.397</Y>
          <Y t="67">0.42</Y>
          <Y t="68">0.4596</Y>
          <Y t="69">0.4992</Y>
          <Y t="70">0.5388</Y>
          <Y t="71">0.5784</Y>
          <Y t="72">0.618</Y>
        </Axis>
      </Axis>
      <Axis t="21">
        <Axis>
          <Y t="22">0.106</Y>
          <Y t="23">0.106</Y>
          <Y t="24">0.106</Y>
          <Y t="25">0.106</Y>
          <Y t="26">0.106</Y>
          <Y t="27">0.106</Y>
          <Y t="28">0.107</Y>
          <Y t="29">0.108</Y>
          <Y t="30">0.109</Y>
          <Y t="31">0.11</Y>
          <Y t="32">0.111</Y>
          <Y t="33">0.1128</Y>
          <Y t="34">0.1146</Y>
          <Y t="35">0.1164</Y>
          <Y t="36">0.1182</Y>
          <Y t="37">0.12</Y>
          <Y t="38">0.123</Y>
          <Y t="39">0.126</Y>
          <Y t="40">0.129</Y>
          <Y t="41">0.132</Y>
          <Y t="42">0.135</Y>
          <Y t="43">0.1396</Y>
          <Y t="44">0.1442</Y>
          <Y t="45">0.1488</Y>
          <Y t="46">0.1534</Y>
          <Y t="47">0.158</Y>
          <Y t="48">0.164</Y>
          <Y t="49">0.17</Y>
          <Y t="50">0.176</Y>
          <Y t="51">0.182</Y>
          <Y t="52">0.188</Y>
          <Y t="53">0.1982</Y>
          <Y t="54">0.2084</Y>
          <Y t="55">0.2186</Y>
          <Y t="56">0.2288</Y>
          <Y t="57">0.239</Y>
          <Y t="58">0.2538</Y>
          <Y t="59">0.2686</Y>
          <Y t="60">0.2834</Y>
          <Y t="61">0.2982</Y>
          <Y t="62">0.313</Y>
          <Y t="63">0.337</Y>
          <Y t="64">0.361</Y>
          <Y t="65">0.385</Y>
          <Y t="66">0.409</Y>
          <Y t="67">0.433</Y>
          <Y t="68">0.4744</Y>
          <Y t="69">0.5158</Y>
          <Y t="70">0.5572</Y>
          <Y t="71">0.5986</Y>
          <Y t="72">0.64</Y>
        </Axis>
      </Axis>
      <Axis t="22">
        <Axis>
          <Y t="22">0.107</Y>
          <Y t="23">0.107</Y>
          <Y t="24">0.107</Y>
          <Y t="25">0.107</Y>
          <Y t="26">0.107</Y>
          <Y t="27">0.107</Y>
          <Y t="28">0.108</Y>
          <Y t="29">0.109</Y>
          <Y t="30">0.11</Y>
          <Y t="31">0.111</Y>
          <Y t="32">0.112</Y>
          <Y t="33">0.1138</Y>
          <Y t="34">0.1156</Y>
          <Y t="35">0.1174</Y>
          <Y t="36">0.1192</Y>
          <Y t="37">0.121</Y>
          <Y t="38">0.124</Y>
          <Y t="39">0.127</Y>
          <Y t="40">0.13</Y>
          <Y t="41">0.133</Y>
          <Y t="42">0.136</Y>
          <Y t="43">0.1408</Y>
          <Y t="44">0.1456</Y>
          <Y t="45">0.1504</Y>
          <Y t="46">0.1552</Y>
          <Y t="47">0.16</Y>
          <Y t="48">0.1662</Y>
          <Y t="49">0.1724</Y>
          <Y t="50">0.1786</Y>
          <Y t="51">0.1848</Y>
          <Y t="52">0.191</Y>
          <Y t="53">0.2016</Y>
          <Y t="54">0.2122</Y>
          <Y t="55">0.2228</Y>
          <Y t="56">0.2334</Y>
          <Y t="57">0.244</Y>
          <Y t="58">0.2592</Y>
          <Y t="59">0.2744</Y>
          <Y t="60">0.2896</Y>
          <Y t="61">0.3048</Y>
          <Y t="62">0.32</Y>
          <Y t="63">0.3452</Y>
          <Y t="64">0.3704</Y>
          <Y t="65">0.3956</Y>
          <Y t="66">0.4208</Y>
          <Y t="67">0.446</Y>
          <Y t="68">0.4892</Y>
          <Y t="69">0.5324</Y>
          <Y t="70">0.5756</Y>
          <Y t="71">0.6188</Y>
          <Y t="72">0.662</Y>
        </Axis>
      </Axis>
      <Axis t="23">
        <Axis>
          <Y t="22">0.107</Y>
          <Y t="23">0.107</Y>
          <Y t="24">0.107</Y>
          <Y t="25">0.107</Y>
          <Y t="26">0.107</Y>
          <Y t="27">0.107</Y>
          <Y t="28">0.108</Y>
          <Y t="29">0.109</Y>
          <Y t="30">0.11</Y>
          <Y t="31">0.111</Y>
          <Y t="32">0.112</Y>
          <Y t="33">0.114</Y>
          <Y t="34">0.116</Y>
          <Y t="35">0.118</Y>
          <Y t="36">0.12</Y>
          <Y t="37">0.122</Y>
          <Y t="38">0.125</Y>
          <Y t="39">0.128</Y>
          <Y t="40">0.131</Y>
          <Y t="41">0.134</Y>
          <Y t="42">0.137</Y>
          <Y t="43">0.142</Y>
          <Y t="44">0.147</Y>
          <Y t="45">0.152</Y>
          <Y t="46">0.157</Y>
          <Y t="47">0.162</Y>
          <Y t="48">0.1684</Y>
          <Y t="49">0.1748</Y>
          <Y t="50">0.1812</Y>
          <Y t="51">0.1876</Y>
          <Y t="52">0.194</Y>
          <Y t="53">0.205</Y>
          <Y t="54">0.216</Y>
          <Y t="55">0.227</Y>
          <Y t="56">0.238</Y>
          <Y t="57">0.249</Y>
          <Y t="58">0.2648</Y>
          <Y t="59">0.2806</Y>
          <Y t="60">0.2964</Y>
          <Y t="61">0.3122</Y>
          <Y t="62">0.328</Y>
          <Y t="63">0.354</Y>
          <Y t="64">0.38</Y>
          <Y t="65">0.406</Y>
          <Y t="66">0.432</Y>
          <Y t="67">0.458</Y>
          <Y t="68">0.503</Y>
          <Y t="69">0.548</Y>
          <Y t="70">0.593</Y>
          <Y t="71">0.638</Y>
          <Y t="72">0.683</Y>
        </Axis>
      </Axis>
      <Axis t="24">
        <Axis>
          <Y t="22">0.108</Y>
          <Y t="23">0.108</Y>
          <Y t="24">0.108</Y>
          <Y t="25">0.108</Y>
          <Y t="26">0.108</Y>
          <Y t="27">0.108</Y>
          <Y t="28">0.109</Y>
          <Y t="29">0.11</Y>
          <Y t="30">0.111</Y>
          <Y t="31">0.112</Y>
          <Y t="32">0.113</Y>
          <Y t="33">0.115</Y>
          <Y t="34">0.117</Y>
          <Y t="35">0.119</Y>
          <Y t="36">0.121</Y>
          <Y t="37">0.123</Y>
          <Y t="38">0.126</Y>
          <Y t="39">0.129</Y>
          <Y t="40">0.132</Y>
          <Y t="41">0.135</Y>
          <Y t="42">0.138</Y>
          <Y t="43">0.143</Y>
          <Y t="44">0.148</Y>
          <Y t="45">0.153</Y>
          <Y t="46">0.158</Y>
          <Y t="47">0.163</Y>
          <Y t="48">0.1696</Y>
          <Y t="49">0.1762</Y>
          <Y t="50">0.1828</Y>
          <Y t="51">0.1894</Y>
          <Y t="52">0.196</Y>
          <Y t="53">0.2074</Y>
          <Y t="54">0.2188</Y>
          <Y t="55">0.2302</Y>
          <Y t="56">0.2416</Y>
          <Y t="57">0.253</Y>
          <Y t="58">0.2694</Y>
          <Y t="59">0.2858</Y>
          <Y t="60">0.3022</Y>
          <Y t="61">0.3186</Y>
          <Y t="62">0.335</Y>
          <Y t="63">0.362</Y>
          <Y t="64">0.389</Y>
          <Y t="65">0.416</Y>
          <Y t="66">0.443</Y>
          <Y t="67">0.47</Y>
          <Y t="68">0.5168</Y>
          <Y t="69">0.5636</Y>
          <Y t="70">0.6104</Y>
          <Y t="71">0.6572</Y>
          <Y t="72">0.704</Y>
        </Axis>
      </Axis>
    </Values>
  </Table>
  <Table>
    <MetaData>
      <ScalingFactor>0</ScalingFactor>
      <DataType tc="2">Floating Point</DataType>
      <Nation tc="1">United States of America</Nation>
      <TableDescription>1964 CDT Section III Disabled Mean Reserves 3%, Less than 1 Month,Select</TableDescription>
      <AxisDef id="Month">
        <ScaleType tc="0">Month</ScaleType>
        <AxisName>Month</AxisName>
        <MinScaleValue>36</MinScaleValue>
        <MaxScaleValue>180</MaxScaleValue>
        <Increment>12</Increment>
      </AxisDef>
      <AxisDef id="Age">
        <ScaleType tc="3">Age</ScaleType>
        <AxisName>Age</AxisName>
        <MinScaleValue>22</MinScaleValue>
        <MaxScaleValue>72</MaxScaleValue>
        <Increment>1</Increment>
      </AxisDef>
    </MetaData>
    <Values>
      <Axis t="36">
        <Axis>
          <Y t="22">0.111</Y>
          <Y t="23">0.1112</Y>
          <Y t="24">0.1114</Y>
          <Y t="25">0.1116</Y>
          <Y t="26">0.1118</Y>
          <Y t="27">0.112</Y>
          <Y t="28">0.113</Y>
          <Y t="29">0.114</Y>
          <Y t="30">0.115</Y>
          <Y t="31">0.116</Y>
          <Y t="32">0.117</Y>
          <Y t="33">0.1192</Y>
          <Y t="34">0.1214</Y>
          <Y t="35">0.1236</Y>
          <Y t="36">0.1258</Y>
          <Y t="37">0.128</Y>
          <Y t="38">0.1314</Y>
          <Y t="39">0.1348</Y>
          <Y t="40">0.1382</Y>
          <Y t="41">0.1416</Y>
          <Y t="42">0.145</Y>
          <Y t="43">0.1508</Y>
          <Y t="44">0.1566</Y>
          <Y t="45">0.1624</Y>
          <Y t="46">0.1682</Y>
          <Y t="47">0.174</Y>
          <Y t="48">0.1816</Y>
          <Y t="49">0.1892</Y>
          <Y t="50">0.1968</Y>
          <Y t="51">0.2044</Y>
          <Y t="52">0.212</Y>
          <Y t="53">0.2256</Y>
          <Y t="54">0.2392</Y>
          <Y t="55">0.2528</Y>
          <Y t="56">0.2664</Y>
          <Y t="57">0.28</Y>
          <Y t="58">0.2996</Y>
          <Y t="59">0.3192</Y>
          <Y t="60">0.3388</Y>
          <Y t="61">0.3584</Y>
          <Y t="62">0.378</Y>
          <Y t="63">0.411</Y>
          <Y t="64">0.444</Y>
          <Y t="65">0.477</Y>
          <Y t="66">0.51</Y>
          <Y t="67">0.543</Y>
          <Y t="68">0.6006</Y>
          <Y t="69">0.6582</Y>
          <Y t="70">0.7158</Y>
          <Y t="71">0.7734</Y>
          <Y t="72">0.831</Y>
        </Axis>
      </Axis>
      <Axis t="48">
        <Axis>
          <Y t="22">0.117</Y>
          <Y t="23">0.1172</Y>
          <Y t="24">0.1174</Y>
          <Y t="25">0.1176</Y>
          <Y t="26">0.1178</Y>
          <Y t="27">0.118</Y>
          <Y t="28">0.1192</Y>
          <Y t="29">0.1204</Y>
          <Y t="30">0.1216</Y>
          <Y t="31">0.1228</Y>
          <Y t="32">0.124</Y>
          <Y t="33">0.1264</Y>
          <Y t="34">0.1288</Y>
          <Y t="35">0.1312</Y>
          <Y t="36">0.1336</Y>
          <Y t="37">0.136</Y>
          <Y t="38">0.1402</Y>
          <Y t="39">0.1444</Y>
          <Y t="40">0.1486</Y>
          <Y t="41">0.1528</Y>
          <Y t="42">0.157</Y>
          <Y t="43">0.164</Y>
          <Y t="44">0.171</Y>
          <Y t="45">0.178</Y>
          <Y t="46">0.185</Y>
          <Y t="47">0.192</Y>
          <Y t="48">0.2016</Y>
          <Y t="49">0.2112</Y>
          <Y t="50">0.2208</Y>
          <Y t="51">0.2304</Y>
          <Y t="52">0.24</Y>
          <Y t="53">0.2574</Y>
          <Y t="54">0.2748</Y>
          <Y t="55">0.2922</Y>
          <Y t="56">0.3096</Y>
          <Y t="57">0.327</Y>
          <Y t="58">0.352</Y>
          <Y t="59">0.377</Y>
          <Y t="60">0.402</Y>
          <Y t="61">0.427</Y>
          <Y t="62">0.452</Y>
          <Y t="63">0.4952</Y>
          <Y t="64">0.5384</Y>
          <Y t="65">0.5816</Y>
          <Y t="66">0.6248</Y>
          <Y t="67">0.668</Y>
          <Y t="68">0.7438</Y>
          <Y t="69">0.8196</Y>
          <Y t="70">0.8954</Y>
          <Y t="71">0.9712</Y>
          <Y t="72">1.047</Y>
        </Axis>
      </Axis>
      <Axis t="60">
        <Axis>
          <Y t="22">0.122</Y>
          <Y t="23">0.122</Y>
          <Y t="24">0.122</Y>
          <Y t="25">0.122</Y>
          <Y t="26">0.122</Y>
          <Y t="27">0.122</Y>
          <Y t="28">0.1236</Y>
          <Y t="29">0.1252</Y>
          <Y t="30">0.1268</Y>
          <Y t="31">0.1284</Y>
          <Y t="32">0.13</Y>
          <Y t="33">0.1326</Y>
          <Y t="34">0.1352</Y>
          <Y t="35">0.1378</Y>
          <Y t="36">0.1404</Y>
          <Y t="37">0.143</Y>
          <Y t="38">0.1478</Y>
          <Y t="39">0.1526</Y>
          <Y t="40">0.1574</Y>
          <Y t="41">0.1622</Y>
          <Y t="42">0.167</Y>
          <Y t="43">0.175</Y>
          <Y t="44">0.183</Y>
          <Y t="45">0.191</Y>
          <Y t="46">0.199</Y>
          <Y t="47">0.207</Y>
          <Y t="48">0.2182</Y>
          <Y t="49">0.2294</Y>
          <Y t="50">0.2406</Y>
          <Y t="51">0.2518</Y>
          <Y t="52">0.263</Y>
          <Y t="53">0.2838</Y>
          <Y t="54">0.3046</Y>
          <Y t="55">0.3254</Y>
          <Y t="56">0.3462</Y>
          <Y t="57">0.367</Y>
          <Y t="58">0.397</Y>
          <Y t="59">0.427</Y>
          <Y t="60">0.457</Y>
          <Y t="61">0.487</Y>
          <Y t="62">0.517</Y>
          <Y t="63">0.5688</Y>
          <Y t="64">0.6206</Y>
          <Y t="65">0.6724</Y>
          <Y t="66">0.7242</Y>
          <Y t="67">0.776</Y>
          <Y t="68">0.8674</Y>
          <Y t="69">0.9588</Y>
          <Y t="70">1.0502</Y>
          <Y t="71">1.1416</Y>
          <Y t="72">1.233</Y>
        </Axis>
      </Axis>
      <Axis t="72">
        <Axis>
          <Y t="22">0.125</Y>
          <Y t="23">0.1252</Y>
          <Y t="24">0.1254</Y>
          <Y t="25">0.1256</Y>
          <Y t="26">0.1258</Y>
          <Y t="27">0.126</Y>
          <Y t="28">0.1278</Y>
          <Y t="29">0.1296</Y>
          <Y t="30">0.1314</Y>
          <Y t="31">0.1332</Y>
          <Y t="32">0.135</Y>
          <Y t="33">0.1378</Y>
          <Y t="34">0.1406</Y>
          <Y t="35">0.1434</Y>
          <Y t="36">0.1462</Y>
          <Y t="37">0.149</Y>
          <Y t="38">0.1542</Y>
          <Y t="39">0.1594</Y>
          <Y t="40">0.1646</Y>
          <Y t="41">0.1698</Y>
          <Y t="42">0.175</Y>
          <Y t="43">0.184</Y>
          <Y t="44">0.193</Y>
          <Y t="45">0.202</Y>
          <Y t="46">0.211</Y>
          <Y t="47">0.22</Y>
          <Y t="48">0.2328</Y>
          <Y t="49">0.2456</Y>
          <Y t="50">0.2584</Y>
          <Y t="51">0.2712</Y>
          <Y t="52">0.284</Y>
          <Y t="53">0.3076</Y>
          <Y t="54">0.3312</Y>
          <Y t="55">0.3548</Y>
          <Y t="56">0.3784</Y>
          <Y t="57">0.402</Y>
          <Y t="58">0.4362</Y>
          <Y t="59">0.4704</Y>
          <Y t="60">0.5046</Y>
          <Y t="61">0.5388</Y>
          <Y t="62">0.573</Y>
          <Y t="63">0.6324</Y>
          <Y t="64">0.6918</Y>
          <Y t="65">0.7512</Y>
          <Y t="66">0.8106</Y>
          <Y t="67">0.87</Y>
          <Y t="68">0.9746</Y>
          <Y t="69">1.0792</Y>
          <Y t="70">1.1838</Y>
          <Y t="71">1.2884</Y>
          <Y t="72">1.393</Y>
        </Axis>
      </Axis>
      <Axis t="84">
        <Axis>
          <Y t="22">0.128</Y>
          <Y t="23">0.1284</Y>
          <Y t="24">0.1288</Y>
          <Y t="25">0.1292</Y>
          <Y t="26">0.1296</Y>
          <Y t="27">0.13</Y>
          <Y t="28">0.1318</Y>
          <Y t="29">0.1336</Y>
          <Y t="30">0.1354</Y>
          <Y t="31">0.1372</Y>
          <Y t="32">0.139</Y>
          <Y t="33">0.1422</Y>
          <Y t="34">0.1454</Y>
          <Y t="35">0.1486</Y>
          <Y t="36">0.1518</Y>
          <Y t="37">0.155</Y>
          <Y t="38">0.1606</Y>
          <Y t="39">0.1662</Y>
          <Y t="40">0.1718</Y>
          <Y t="41">0.1774</Y>
          <Y t="42">0.183</Y>
          <Y t="43">0.1928</Y>
          <Y t="44">0.2026</Y>
          <Y t="45">0.2124</Y>
          <Y t="46">0.2222</Y>
          <Y t="47">0.232</Y>
          <Y t="48">0.2462</Y>
          <Y t="49">0.2604</Y>
          <Y t="50">0.2746</Y>
          <Y t="51">0.2888</Y>
          <Y t="52">0.303</Y>
          <Y t="53">0.329</Y>
          <Y t="54">0.355</Y>
          <Y t="55">0.381</Y>
          <Y t="56">0.407</Y>
          <Y t="57">0.433</Y>
          <Y t="58">0.4708</Y>
          <Y t="59">0.5086</Y>
          <Y t="60">0.5464</Y>
          <Y t="61">0.5842</Y>
          <Y t="62">0.622</Y>
          <Y t="63">0.688</Y>
          <Y t="64">0.754</Y>
          <Y t="65">0.82</Y>
          <Y t="66">0.886</Y>
          <Y t="67">0.952</Y>
          <Y t="68">1.0674</Y>
          <Y t="69">1.1828</Y>
          <Y t="70">1.2982</Y>
          <Y t="71">1.4136</Y>
          <Y t="72">1.529</Y>
        </Axis>
      </Axis>
      <Axis t="96">
        <Axis>
          <Y t="22">0.131</Y>
          <Y t="23">0.1314</Y>
          <Y t="24">0.1318</Y>
          <Y t="25">0.1322</Y>
          <Y t="26">0.1326</Y>
          <Y t="27">0.133</Y>
          <Y t="28">0.1348</Y>
          <Y t="29">0.1366</Y>
          <Y t="30">0.1384</Y>
          <Y t="31">0.1402</Y>
          <Y t="32">0.142</Y>
          <Y t="33">0.1456</Y>
          <Y t="34">0.1492</Y>
          <Y t="35">0.1528</Y>
          <Y t="36">0.1564</Y>
          <Y t="37">0.16</Y>
          <Y t="38">0.166</Y>
          <Y t="39">0.172</Y>
          <Y t="40">0.178</Y>
          <Y t="41">0.184</Y>
          <Y t="42">0.19</Y>
          <Y t="43">0.2006</Y>
          <Y t="44">0.2112</Y>
          <Y t="45">0.2218</Y>
          <Y t="46">0.2324</Y>
          <Y t="47">0.243</Y>
          <Y t="48">0.2582</Y>
          <Y t="49">0.2734</Y>
          <Y t="50">0.2886</Y>
          <Y t="51">0.3038</Y>
          <Y t="52">0.319</Y>
          <Y t="53">0.3474</Y>
          <Y t="54">0.3758</Y>
          <Y t="55">0.4042</Y>
          <Y t="56">0.4326</Y>
          <Y t="57">0.461</Y>
          <Y t="58">0.5018</Y>
          <Y t="59">0.5426</Y>
          <Y t="60">0.5834</Y>
          <Y t="61">0.6242</Y>
          <Y t="62">0.665</Y>
          <Y t="63">0.7366</Y>
          <Y t="64">0.8082</Y>
          <Y t="65">0.8798</Y>
          <Y t="66">0.9514</Y>
          <Y t="67">1.023</Y>
          <Y t="68">1.147</Y>
          <Y t="69">1.271</Y>
          <Y t="70">1.395</Y>
          <Y t="71">1.519</Y>
          <Y t="72">1.643</Y>
        </Axis>
      </Axis>
      <Axis t="108">
        <Axis>
          <Y t="22">0.133</Y>
          <Y t="23">0.1336</Y>
          <Y t="24">0.1342</Y>
          <Y t="25">0.1348</Y>
          <Y t="26">0.1354</Y>
          <Y t="27">0.136</Y>
          <Y t="28">0.138</Y>
          <Y t="29">0.14</Y>
          <Y t="30">0.142</Y>
          <Y t="31">0.144</Y>
          <Y t="32">0.146</Y>
          <Y t="33">0.1496</Y>
          <Y t="34">0.1532</Y>
          <Y t="35">0.1568</Y>
          <Y t="36">0.1604</Y>
          <Y t="37">0.164</Y>
          <Y t="38">0.1704</Y>
          <Y t="39">0.1768</Y>
          <Y t="40">0.1832</Y>
          <Y t="41">0.1896</Y>
          <Y t="42">0.196</Y>
          <Y t="43">0.2074</Y>
          <Y t="44">0.2188</Y>
          <Y t="45">0.2302</Y>
          <Y t="46">0.2416</Y>
          <Y t="47">0.253</Y>
          <Y t="48">0.2692</Y>
          <Y t="49">0.2854</Y>
          <Y t="50">0.3016</Y>
          <Y t="51">0.3178</Y>
          <Y t="52">0.334</Y>
          <Y t="53">0.3644</Y>
          <Y t="54">0.3948</Y>
          <Y t="55">0.4252</Y>
          <Y t="56">0.4556</Y>
          <Y t="57">0.486</Y>
          <Y t="58">0.5296</Y>
          <Y t="59">0.5732</Y>
          <Y t="60">0.6168</Y>
          <Y t="61">0.6604</Y>
          <Y t="62">0.704</Y>
          <Y t="63">0.7802</Y>
          <Y t="64">0.8564</Y>
          <Y t="65">0.9326</Y>
          <Y t="66">1.0088</Y>
          <Y t="67">1.085</Y>
          <Y t="68">1.2158</Y>
          <Y t="69">1.3466</Y>
          <Y t="70">1.4774</Y>
          <Y t="71">1.6082</Y>
          <Y t="72">1.739</Y>
        </Axis>
      </Axis>
      <Axis t="120">
        <Axis>
          <Y t="22">0.136</Y>
          <Y t="23">0.1364</Y>
          <Y t="24">0.1368</Y>
          <Y t="25">0.1372</Y>
          <Y t="26">0.1376</Y>
          <Y t="27">0.138</Y>
          <Y t="28">0.1402</Y>
          <Y t="29">0.1424</Y>
          <Y t="30">0.1446</Y>
          <Y t="31">0.1468</Y>
          <Y t="32">0.149</Y>
          <Y t="33">0.1528</Y>
          <Y t="34">0.1566</Y>
          <Y t="35">0.1604</Y>
          <Y t="36">0.1642</Y>
          <Y t="37">0.168</Y>
          <Y t="38">0.1748</Y>
          <Y t="39">0.1816</Y>
          <Y t="40">0.1884</Y>
          <Y t="41">0.1952</Y>
          <Y t="42">0.202</Y>
          <Y t="43">0.214</Y>
          <Y t="44">0.226</Y>
          <Y t="45">0.238</Y>
          <Y t="46">0.25</Y>
          <Y t="47">0.262</Y>
          <Y t="48">0.2792</Y>
          <Y t="49">0.2964</Y>
          <Y t="50">0.3136</Y>
          <Y t="51">0.3308</Y>
          <Y t="52">0.348</Y>
          <Y t="53">0.38</Y>
          <Y t="54">0.412</Y>
          <Y t="55">0.444</Y>
          <Y t="56">0.476</Y>
          <Y t="57">0.508</Y>
          <Y t="58">0.554</Y>
          <Y t="59">0.6</Y>
          <Y t="60">0.646</Y>
          <Y t="61">0.692</Y>
          <Y t="62">0.738</Y>
          <Y t="63">0.818</Y>
          <Y t="64">0.898</Y>
          <Y t="65">0.978</Y>
          <Y t="66">1.058</Y>
          <Y t="67">1.138</Y>
          <Y t="68">1.2742</Y>
          <Y t="69">1.4104</Y>
          <Y t="70">1.5466</Y>
          <Y t="71">1.6828</Y>
          <Y t="72">1.819</Y>
        </Axis>
      </Axis>
      <Axis t="132">
        <Axis>
          <Y t="22">0.137</Y>
          <Y t="23">0.1376</Y>
          <Y t="24">0.1382</Y>
          <Y t="25">0.1388</Y>
          <Y t="26">0.1394</Y>
          <Y t="27">0.14</Y>
          <Y t="28">0.1424</Y>
          <Y t="29">0.1448</Y>
          <Y t="30">0.1472</Y>
          <Y t="31">0.1496</Y>
          <Y t="32">0.152</Y>
          <Y t="33">0.156</Y>
          <Y t="34">0.16</Y>
          <Y t="35">0.164</Y>
          <Y t="36">0.168</Y>
          <Y t="37">0.172</Y>
          <Y t="38">0.179</Y>
          <Y t="39">0.186</Y>
          <Y t="40">0.193</Y>
          <Y t="41">0.2</Y>
          <Y t="42">0.207</Y>
          <Y t="43">0.2196</Y>
          <Y t="44">0.2322</Y>
          <Y t="45">0.2448</Y>
          <Y t="46">0.2574</Y>
          <Y t="47">0.27</Y>
          <Y t="48">0.288</Y>
          <Y t="49">0.306</Y>
          <Y t="50">0.324</Y>
          <Y t="51">0.342</Y>
          <Y t="52">0.36</Y>
          <Y t="53">0.3936</Y>
          <Y t="54">0.4272</Y>
          <Y t="55">0.4608</Y>
          <Y t="56">0.4944</Y>
          <Y t="57">0.528</Y>
          <Y t="58">0.5758</Y>
          <Y t="59">0.6236</Y>
          <Y t="60">0.6714</Y>
          <Y t="61">0.7192</Y>
          <Y t="62">0.767</Y>
          <Y t="63">0.8502</Y>
          <Y t="64">0.9334</Y>
          <Y t="65">1.0166</Y>
          <Y t="66">1.0998</Y>
          <Y t="67">1.183</Y>
          <Y t="68">1.3232</Y>
          <Y t="69">1.4634</Y>
          <Y t="70">1.6036</Y>
          <Y t="71">1.7438</Y>
          <Y t="72">1.884</Y>
        </Axis>
      </Axis>
      <Axis t="144">
        <Axis>
          <Y t="22">0.139</Y>
          <Y t="23">0.1396</Y>
          <Y t="24">0.1402</Y>
          <Y t="25">0.1408</Y>
          <Y t="26">0.1414</Y>
          <Y t="27">0.142</Y>
          <Y t="28">0.1444</Y>
          <Y t="29">0.1468</Y>
          <Y t="30">0.1492</Y>
          <Y t="31">0.1516</Y>
          <Y t="32">0.154</Y>
          <Y t="33">0.1582</Y>
          <Y t="34">0.1624</Y>
          <Y t="35">0.1666</Y>
          <Y t="36">0.1708</Y>
          <Y t="37">0.175</Y>
          <Y t="38">0.1822</Y>
          <Y t="39">0.1894</Y>
          <Y t="40">0.1966</Y>
          <Y t="41">0.2038</Y>
          <Y t="42">0.211</Y>
          <Y t="43">0.2244</Y>
          <Y t="44">0.2378</Y>
          <Y t="45">0.2512</Y>
          <Y t="46">0.2646</Y>
          <Y t="47">0.278</Y>
          <Y t="48">0.2966</Y>
          <Y t="49">0.3152</Y>
          <Y t="50">0.3338</Y>
          <Y t="51">0.3524</Y>
          <Y t="52">0.371</Y>
          <Y t="53">0.406</Y>
          <Y t="54">0.441</Y>
          <Y t="55">0.476</Y>
          <Y t="56">0.511</Y>
          <Y t="57">0.546</Y>
          <Y t="58">0.5954</Y>
          <Y t="59">0.6448</Y>
          <Y t="60">0.6942</Y>
          <Y t="61">0.7436</Y>
          <Y t="62">0.793</Y>
          <Y t="63">0.8788</Y>
          <Y t="64">0.9646</Y>
          <Y t="65">1.0504</Y>
          <Y t="66">1.1362</Y>
          <Y t="67">1.222</Y>
          <Y t="68">1.365</Y>
          <Y t="69">1.508</Y>
          <Y t="70">1.651</Y>
          <Y t="71">1.794</Y>
          <Y t="72">1.937</Y>
        </Axis>
      </Axis>
      <Axis t="156">
        <Axis>
          <Y t="22">0.141</Y>
          <Y t="23">0.1416</Y>
          <Y t="24">0.1422</Y>
          <Y t="25">0.1428</Y>
          <Y t="26">0.1434</Y>
          <Y t="27">0.144</Y>
          <Y t="28">0.1464</Y>
          <Y t="29">0.1488</Y>
          <Y t="30">0.1512</Y>
          <Y t="31">0.1536</Y>
          <Y t="32">0.156</Y>
          <Y t="33">0.1604</Y>
          <Y t="34">0.1648</Y>
          <Y t="35">0.1692</Y>
          <Y t="36">0.1736</Y>
          <Y t="37">0.178</Y>
          <Y t="38">0.1856</Y>
          <Y t="39">0.1932</Y>
          <Y t="40">0.2008</Y>
          <Y t="41">0.2084</Y>
          <Y t="42">0.216</Y>
          <Y t="43">0.2296</Y>
          <Y t="44">0.2432</Y>
          <Y t="45">0.2568</Y>
          <Y t="46">0.2704</Y>
          <Y t="47">0.284</Y>
          <Y t="48">0.3034</Y>
          <Y t="49">0.3228</Y>
          <Y t="50">0.3422</Y>
          <Y t="51">0.3616</Y>
          <Y t="52">0.381</Y>
          <Y t="53">0.417</Y>
          <Y t="54">0.453</Y>
          <Y t="55">0.489</Y>
          <Y t="56">0.525</Y>
          <Y t="57">0.561</Y>
          <Y t="58">0.612</Y>
          <Y t="59">0.663</Y>
          <Y t="60">0.714</Y>
          <Y t="61">0.765</Y>
          <Y t="62">0.816</Y>
          <Y t="63">0.9038</Y>
          <Y t="64">0.9916</Y>
          <Y t="65">1.0794</Y>
          <Y t="66">1.1672</Y>
          <Y t="67">1.255</Y>
          <Y t="68">1.3998</Y>
          <Y t="69">1.5446</Y>
          <Y t="70">1.6894</Y>
          <Y t="71">1.8342</Y>
          <Y t="72">1.979</Y>
        </Axis>
      </Axis>
      <Axis t="168">
        <Axis>
          <Y t="22">0.142</Y>
          <Y t="23">0.1428</Y>
          <Y t="24">0.1436</Y>
          <Y t="25">0.1444</Y>
          <Y t="26">0.1452</Y>
          <Y t="27">0.146</Y>
          <Y t="28">0.1486</Y>
          <Y t="29">0.1512</Y>
          <Y t="30">0.1538</Y>
          <Y t="31">0.1564</Y>
          <Y t="32">0.159</Y>
          <Y t="33">0.1634</Y>
          <Y t="34">0.1678</Y>
          <Y t="35">0.1722</Y>
          <Y t="36">0.1766</Y>
          <Y t="37">0.181</Y>
          <Y t="38">0.1888</Y>
          <Y t="39">0.1966</Y>
          <Y t="40">0.2044</Y>
          <Y t="41">0.2122</Y>
          <Y t="42">0.22</Y>
          <Y t="43">0.234</Y>
          <Y t="44">0.248</Y>
          <Y t="45">0.262</Y>
          <Y t="46">0.276</Y>
          <Y t="47">0.29</Y>
          <Y t="48">0.31</Y>
          <Y t="49">0.33</Y>
          <Y t="50">0.35</Y>
          <Y t="51">0.37</Y>
          <Y t="52">0.39</Y>
          <Y t="53">0.4272</Y>
          <Y t="54">0.4644</Y>
          <Y t="55">0.5016</Y>
          <Y t="56">0.5388</Y>
          <Y t="57">0.576</Y>
          <Y t="58">0.628</Y>
          <Y t="59">0.68</Y>
          <Y t="60">0.732</Y>
          <Y t="61">0.784</Y>
          <Y t="62">0.836</Y>
          <Y t="63">0.9254</Y>
          <Y t="64">1.0148</Y>
          <Y t="65">1.1042</Y>
          <Y t="66">1.1936</Y>
          <Y t="67">1.283</Y>
          <Y t="68">1.4288</Y>
          <Y t="69">1.5746</Y>
          <Y t="70">1.7204</Y>
          <Y t="71">1.8662</Y>
          <Y t="72">2.012</Y>
        </Axis>
      </Axis>
      <Axis t="180">
        <Axis>
          <Y t="22">0.143</Y>
          <Y t="23">0.1438</Y>
          <Y t="24">0.1446</Y>
          <Y t="25">0.1454</Y>
          <Y t="26">0.1462</Y>
          <Y t="27">0.147</Y>
          <Y t="28">0.1498</Y>
          <Y t="29">0.1526</Y>
          <Y t="30">0.1554</Y>
          <Y t="31">0.1582</Y>
          <Y t="32">0.161</Y>
          <Y t="33">0.1656</Y>
          <Y t="34">0.1702</Y>
          <Y t="35">0.1748</Y>
          <Y t="36">0.1794</Y>
          <Y t="37">0.184</Y>
          <Y t="38">0.192</Y>
          <Y t="39">0.2</Y>
          <Y t="40">0.208</Y>
          <Y t="41">0.216</Y>
          <Y t="42">0.224</Y>
          <Y t="43">0.2384</Y>
          <Y t="44">0.2528</Y>
          <Y t="45">0.2672</Y>
          <Y t="46">0.2816</Y>
          <Y t="47">0.296</Y>
          <Y t="48">0.3164</Y>
          <Y t="49">0.3368</Y>
          <Y t="50">0.3572</Y>
          <Y t="51">0.3776</Y>
          <Y t="52">0.398</Y>
          <Y t="53">0.436</Y>
          <Y t="54">0.474</Y>
          <Y t="55">0.512</Y>
          <Y t="56">0.55</Y>
          <Y t="57">0.588</Y>
          <Y t="58">0.641</Y>
          <Y t="59">0.694</Y>
          <Y t="60">0.747</Y>
          <Y t="61">0.8</Y>
          <Y t="62">0.853</Y>
          <Y t="63">0.9436</Y>
          <Y t="64">1.0342</Y>
          <Y t="65">1.1248</Y>
          <Y t="66">1.2154</Y>
          <Y t="67">1.306</Y>
          <Y t="68">1.4524</Y>
          <Y t="69">1.5988</Y>
          <Y t="70">1.7452</Y>
          <Y t="71">1.8916</Y>
          <Y t="72">2.038</Y>
        </Axis>
      </Axis>
    </Values>
  </Table>
</XTbML>