﻿<?xml version="1.0" encoding="utf-8"?>
<XTbML>
  <ContentClassification>
    <TableIdentity>16</TableIdentity>
    <ProviderDomain>soa.org</ProviderDomain>
    <ProviderName>Roger Scott Lumsden</ProviderName>
    <TableReference>Special Committee on Valuation and Non-forfeiture Laws, “Special Reports - 1974 and 1975:  Report on the Actuarial Principles and Practical Problems with Regards to Non-forfeiture Requirements”, Transactions Society of Actuaries (October, 1975) Society of Actuaries. p. 624. Accessed: February, 2013 from http://www.soa.org/Library/Research/Transactions-Of-Society-Of-Actuaries/1975/January/tsa75v2721.pdf, p. 106.</TableReference>
    <ContentType tc="85">CSO/CET</ContentType>
    <TableName>1975 Modern CSO – Male, ANB</TableName>
    <TableDescription>1975 Modern Commissioners Standard Ordinary (CSO) – Male. Basis: Age Nearest Birthday. Minimum Age: 0. Maximum Age: 99</TableDescription>
    <Comments>Study Data: Unspecified Society of Actuaries (SOA) medically underwritten standard ordinary insured lives data from intercompany experience between 1965 and 1970 policy anniversaries.  Methodology: In addition to a modern replication of the 1958 CSO table, the committee considered issues related to mortality assumptions with respect to margins and female mortality in the development of the table. The committee limited modernizing mortality by following entirely the methods employed in the development the 1958 CSO table (See SOA Table Identity 5), employing the same formula for margins as well. The margins in the Modern CSO per thousand are 0.75 plus 0.01x for ages 32 and younger, grading into 15 per cent of the basic mortality rates at ages 62-92. Numerically the margins at the young ages are the same as under the 1958 CSO table, but, as a percentage, they are generally greater for the new table. The margins at the older ages are based on the same percentage and are therefore somewhat reduced in absolute terms. Separate male and female mortality tables were constructed, using very approximate methods. The previous adoption of a 3 year setback for females was shown inadequate and thus a 6 year setback of age was advocated for females. The committee felt it more practical to continue the age setback approach as opposed to developing a separate table for females as underlying data on sex-distinct basis was scant thus approximations were made.. Similarly, the committee did feel the refinement of a select and ultimate table as appropriate given the approximations that were made. Data Transcription Errors: None. Data Certified: 02/2013.</Comments>
    <KeyWord>Aggregate</KeyWord>
    <KeyWord>CSO/CET</KeyWord>
    <KeyWord>United States of America</KeyWord>
  </ContentClassification>
  <Table>
    <MetaData>
      <ScalingFactor>0</ScalingFactor>
      <DataType tc="2">Floating Point</DataType>
      <Nation tc="1">United States of America</Nation>
      <TableDescription>1975 Modern Commissioners Standard Ordinary (CSO) – Male. Basis: Age Nearest Birthday. Minimum Age: 0. Maximum Age: 99</TableDescription>
      <AxisDef id="Age">
        <ScaleType tc="3">Age</ScaleType>
        <AxisName>Age</AxisName>
        <MinScaleValue>0</MinScaleValue>
        <MaxScaleValue>99</MaxScaleValue>
        <Increment>1</Increment>
      </AxisDef>
    </MetaData>
    <Values>
      <Axis>
        <Y t="0">0.00498</Y>
        <Y t="1">0.00150</Y>
        <Y t="2">0.00144</Y>
        <Y t="3">0.00136</Y>
        <Y t="4">0.00130</Y>
        <Y t="5">0.00124</Y>
        <Y t="6">0.00119</Y>
        <Y t="7">0.00115</Y>
        <Y t="8">0.00112</Y>
        <Y t="9">0.00111</Y>
        <Y t="10">0.00111</Y>
        <Y t="11">0.00112</Y>
        <Y t="12">0.00115</Y>
        <Y t="13">0.00120</Y>
        <Y t="14">0.00127</Y>
        <Y t="15">0.00135</Y>
        <Y t="16">0.00143</Y>
        <Y t="17">0.00151</Y>
        <Y t="18">0.00160</Y>
        <Y t="19">0.00168</Y>
        <Y t="20">0.00175</Y>
        <Y t="21">0.00182</Y>
        <Y t="22">0.00188</Y>
        <Y t="23">0.00193</Y>
        <Y t="24">0.00197</Y>
        <Y t="25">0.00200</Y>
        <Y t="26">0.00203</Y>
        <Y t="27">0.00206</Y>
        <Y t="28">0.00208</Y>
        <Y t="29">0.00210</Y>
        <Y t="30">0.00212</Y>
        <Y t="31">0.00215</Y>
        <Y t="32">0.00219</Y>
        <Y t="33">0.00223</Y>
        <Y t="34">0.00229</Y>
        <Y t="35">0.00237</Y>
        <Y t="36">0.00247</Y>
        <Y t="37">0.00259</Y>
        <Y t="38">0.00275</Y>
        <Y t="39">0.00294</Y>
        <Y t="40">0.00315</Y>
        <Y t="41">0.00339</Y>
        <Y t="42">0.00365</Y>
        <Y t="43">0.00394</Y>
        <Y t="44">0.00426</Y>
        <Y t="45">0.00460</Y>
        <Y t="46">0.00498</Y>
        <Y t="47">0.00541</Y>
        <Y t="48">0.00587</Y>
        <Y t="49">0.00639</Y>
        <Y t="50">0.00696</Y>
        <Y t="51">0.00760</Y>
        <Y t="52">0.00830</Y>
        <Y t="53">0.00907</Y>
        <Y t="54">0.00992</Y>
        <Y t="55">0.01084</Y>
        <Y t="56">0.01184</Y>
        <Y t="57">0.01291</Y>
        <Y t="58">0.01406</Y>
        <Y t="59">0.01534</Y>
        <Y t="60">0.01679</Y>
        <Y t="61">0.01847</Y>
        <Y t="62">0.02043</Y>
        <Y t="63">0.02269</Y>
        <Y t="64">0.02523</Y>
        <Y t="65">0.02798</Y>
        <Y t="66">0.03090</Y>
        <Y t="67">0.03393</Y>
        <Y t="68">0.03704</Y>
        <Y t="69">0.04029</Y>
        <Y t="70">0.04377</Y>
        <Y t="71">0.04758</Y>
        <Y t="72">0.05180</Y>
        <Y t="73">0.05651</Y>
        <Y t="74">0.06171</Y>
        <Y t="75">0.06741</Y>
        <Y t="76">0.07361</Y>
        <Y t="77">0.08031</Y>
        <Y t="78">0.08752</Y>
        <Y t="79">0.09531</Y>
        <Y t="80">0.10376</Y>
        <Y t="81">0.11295</Y>
        <Y t="82">0.12297</Y>
        <Y t="83">0.13385</Y>
        <Y t="84">0.14551</Y>
        <Y t="85">0.15779</Y>
        <Y t="86">0.17057</Y>
        <Y t="87">0.18378</Y>
        <Y t="88">0.19747</Y>
        <Y t="89">0.21181</Y>
        <Y t="90">0.22709</Y>
        <Y t="91">0.24372</Y>
        <Y t="92">0.26223</Y>
        <Y t="93">0.28327</Y>
        <Y t="94">0.30761</Y>
        <Y t="95">0.33878</Y>
        <Y t="96">0.38483</Y>
        <Y t="97">0.46993</Y>
        <Y t="98">0.64888</Y>
        <Y t="99">1.00000</Y>
      </Axis>
    </Values>
  </Table>
</XTbML>