<?xml version="1.0" encoding="UTF-8" standalone="no"?>
<XTbML><ContentClassification><TableIdentity>1612</TableIdentity><ProviderDomain>soa.org</ProviderDomain><ProviderName>Susie Lee</ProviderName><TableReference>Milliman, “Milliman Extension of 1975-80 Select &amp; Ultimate Tables to Issue Age 87 and Ultimate Attained Age of 102”, Society of Actuaries, (2004).  Accessed: April, 2013 from http://www.soa.org/Files/Xls/research-02-04-ind-life-milliman.xls</TableReference><ContentType tc="4">Insured Lives Mortality</ContentType><TableName>1975-80 Modified Basic Table with Milliman Extension - Female, ALB</TableName><TableDescription>1975-80 Modified Basic Table with Milliman Extension – Female. Basis: Age Last Birthday. Minimum Select Age: 0. Maximum Select Age: 87. Minimum Ultimate Age: 15. Maximum Ultimate Age: 102</TableDescription><Comments>Study Data:  Derived from the age grouping rates presented in the “1982 Reports of the Transactions of the Society of Actuaries” as the 1975-80 Select and Ultimate Basic Tables. Those tables were based on the intercompany mortality experience under Standard Ordinary insurance observed between 1975 and 1980 policy anniversaries. Based on medical, paramedical and nonmedical issues combined. Methodology: Age last birthday tables derived from the corresponding age nearest birthday tables (See SOA Table Identities 1613 and 1615) by linear interpolation. However, the age zero rate was derived by adding two-thirds of the age zero age nearest birthday rate to one-third of the age one rate to allowed for skewed distribution of issues. Data Transcription Errors: None. Data Certified: 04/2013</Comments><KeyWord>Select</KeyWord><KeyWord>Insured Lives Mortality</KeyWord><KeyWord>United States of America</KeyWord></ContentClassification><Table><MetaData><ScalingFactor>0</ScalingFactor><DataType tc="2">Floating Point</DataType><Nation tc="1">United States of America</Nation><TableDescription>1975-80 Modified Basic Table with Milliman Extension – Female. Basis: Age Last Birthday. Minimum Select Age: 0. Maximum Select Age: 87.</TableDescription><AxisDef id="Age"><ScaleType tc="3">Age</ScaleType><AxisName>Age</AxisName><MinScaleValue>0</MinScaleValue><MaxScaleValue>87</MaxScaleValue><Increment>1</Increment></AxisDef><AxisDef id="Duration"><ScaleType tc="2">Ordinal Date</ScaleType><AxisName>Duration</AxisName><MinScaleValue>1</MinScaleValue><MaxScaleValue>15</MaxScaleValue><Increment>1</Increment></AxisDef></MetaData><Values><Axis t="0"><Axis><Y t="1">0.00084</Y><Y t="2">0.00033</Y><Y t="3">0.00030</Y><Y t="4">0.00027</Y><Y t="5">0.00024</Y><Y t="6">0.00022</Y><Y t="7">0.00020</Y><Y t="8">0.00018</Y><Y t="9">0.00019</Y><Y t="10">0.00019</Y><Y t="11">0.00021</Y><Y t="12">0.00023</Y><Y t="13">0.00026</Y><Y t="14">0.00029</Y><Y t="15">0.00034</Y></Axis></Axis><Axis t="1"><Axis><Y t="1">0.00032</Y><Y t="2">0.00029</Y><Y t="3">0.00026</Y><Y t="4">0.00023</Y><Y t="5">0.00022</Y><Y t="6">0.00020</Y><Y t="7">0.00018</Y><Y t="8">0.00019</Y><Y t="9">0.00019</Y><Y t="10">0.00021</Y><Y t="11">0.00023</Y><Y t="12">0.00026</Y><Y t="13">0.00029</Y><Y t="14">0.00034</Y><Y t="15">0.00038</Y></Axis></Axis><Axis t="2"><Axis><Y t="1">0.00027</Y><Y t="2">0.00026</Y><Y t="3">0.00023</Y><Y t="4">0.00022</Y><Y t="5">0.00020</Y><Y t="6">0.00018</Y><Y t="7">0.00019</Y><Y t="8">0.00019</Y><Y t="9">0.00021</Y><Y t="10">0.00023</Y><Y t="11">0.00026</Y><Y t="12">0.00029</Y><Y t="13">0.00034</Y><Y t="14">0.00038</Y><Y t="15">0.00042</Y></Axis></Axis><Axis t="3"><Axis><Y t="1">0.00023</Y><Y t="2">0.00023</Y><Y t="3">0.00022</Y><Y t="4">0.00020</Y><Y t="5">0.00018</Y><Y t="6">0.00019</Y><Y t="7">0.00019</Y><Y t="8">0.00021</Y><Y t="9">0.00023</Y><Y t="10">0.00026</Y><Y t="11">0.00029</Y><Y t="12">0.00034</Y><Y t="13">0.00038</Y><Y t="14">0.00041</Y><Y t="15">0.00045</Y></Axis></Axis><Axis t="4"><Axis><Y t="1">0.00021</Y><Y t="2">0.00021</Y><Y t="3">0.00020</Y><Y t="4">0.00018</Y><Y t="5">0.00019</Y><Y t="6">0.00019</Y><Y t="7">0.00021</Y><Y t="8">0.00023</Y><Y t="9">0.00026</Y><Y t="10">0.00029</Y><Y t="11">0.00034</Y><Y t="12">0.00038</Y><Y t="13">0.00041</Y><Y t="14">0.00045</Y><Y t="15">0.00048</Y></Axis></Axis><Axis t="5"><Axis><Y t="1">0.00020</Y><Y t="2">0.00020</Y><Y t="3">0.00018</Y><Y t="4">0.00019</Y><Y t="5">0.00019</Y><Y t="6">0.00021</Y><Y t="7">0.00023</Y><Y t="8">0.00026</Y><Y t="9">0.00029</Y><Y t="10">0.00034</Y><Y t="11">0.00038</Y><Y t="12">0.00041</Y><Y t="13">0.00045</Y><Y t="14">0.00048</Y><Y t="15">0.00049</Y></Axis></Axis><Axis t="6"><Axis><Y t="1">0.00018</Y><Y t="2">0.00018</Y><Y t="3">0.00019</Y><Y t="4">0.00019</Y><Y t="5">0.00021</Y><Y t="6">0.00023</Y><Y t="7">0.00026</Y><Y t="8">0.00029</Y><Y t="9">0.00034</Y><Y t="10">0.00038</Y><Y t="11">0.00041</Y><Y t="12">0.00045</Y><Y t="13">0.00048</Y><Y t="14">0.00049</Y><Y t="15">0.00051</Y></Axis></Axis><Axis t="7"><Axis><Y t="1">0.00017</Y><Y t="2">0.00019</Y><Y t="3">0.00019</Y><Y t="4">0.00021</Y><Y t="5">0.00023</Y><Y t="6">0.00026</Y><Y t="7">0.00029</Y><Y t="8">0.00034</Y><Y t="9">0.00038</Y><Y t="10">0.00041</Y><Y t="11">0.00045</Y><Y t="12">0.00048</Y><Y t="13">0.00049</Y><Y t="14">0.00051</Y><Y t="15">0.00052</Y></Axis></Axis><Axis t="8"><Axis><Y t="1">0.00017</Y><Y t="2">0.00019</Y><Y t="3">0.00021</Y><Y t="4">0.00023</Y><Y t="5">0.00026</Y><Y t="6">0.00029</Y><Y t="7">0.00034</Y><Y t="8">0.00038</Y><Y t="9">0.00041</Y><Y t="10">0.00045</Y><Y t="11">0.00047</Y><Y t="12">0.00049</Y><Y t="13">0.00051</Y><Y t="14">0.00052</Y><Y t="15">0.00053</Y></Axis></Axis><Axis t="9"><Axis><Y t="1">0.00017</Y><Y t="2">0.00021</Y><Y t="3">0.00023</Y><Y t="4">0.00025</Y><Y t="5">0.00028</Y><Y t="6">0.00033</Y><Y t="7">0.00038</Y><Y t="8">0.00041</Y><Y t="9">0.00045</Y><Y t="10">0.00047</Y><Y t="11">0.00049</Y><Y t="12">0.00051</Y><Y t="13">0.00052</Y><Y t="14">0.00053</Y><Y t="15">0.00053</Y></Axis></Axis><Axis t="10"><Axis><Y t="1">0.00018</Y><Y t="2">0.00023</Y><Y t="3">0.00025</Y><Y t="4">0.00028</Y><Y t="5">0.00033</Y><Y t="6">0.00037</Y><Y t="7">0.00041</Y><Y t="8">0.00045</Y><Y t="9">0.00047</Y><Y t="10">0.00049</Y><Y t="11">0.00051</Y><Y t="12">0.00052</Y><Y t="13">0.00053</Y><Y t="14">0.00053</Y><Y t="15">0.00053</Y></Axis></Axis><Axis t="11"><Axis><Y t="1">0.00018</Y><Y t="2">0.00025</Y><Y t="3">0.00028</Y><Y t="4">0.00033</Y><Y t="5">0.00037</Y><Y t="6">0.00041</Y><Y t="7">0.00045</Y><Y t="8">0.00047</Y><Y t="9">0.00049</Y><Y t="10">0.00051</Y><Y t="11">0.00052</Y><Y t="12">0.00053</Y><Y t="13">0.00053</Y><Y t="14">0.00053</Y><Y t="15">0.00053</Y></Axis></Axis><Axis t="12"><Axis><Y t="1">0.00020</Y><Y t="2">0.00028</Y><Y t="3">0.00033</Y><Y t="4">0.00036</Y><Y t="5">0.00040</Y><Y t="6">0.00044</Y><Y t="7">0.00047</Y><Y t="8">0.00049</Y><Y t="9">0.00051</Y><Y t="10">0.00052</Y><Y t="11">0.00053</Y><Y t="12">0.00053</Y><Y t="13">0.00053</Y><Y t="14">0.00053</Y><Y t="15">0.00054</Y></Axis></Axis><Axis t="13"><Axis><Y t="1">0.00022</Y><Y t="2">0.00032</Y><Y t="3">0.00035</Y><Y t="4">0.00038</Y><Y t="5">0.00042</Y><Y t="6">0.00044</Y><Y t="7">0.00047</Y><Y t="8">0.00049</Y><Y t="9">0.00052</Y><Y t="10">0.00052</Y><Y t="11">0.00053</Y><Y t="12">0.00053</Y><Y t="13">0.00053</Y><Y t="14">0.00053</Y><Y t="15">0.00054</Y></Axis></Axis><Axis t="14"><Axis><Y t="1">0.00026</Y><Y t="2">0.00034</Y><Y t="3">0.00038</Y><Y t="4">0.00040</Y><Y t="5">0.00042</Y><Y t="6">0.00045</Y><Y t="7">0.00047</Y><Y t="8">0.00049</Y><Y t="9">0.00052</Y><Y t="10">0.00052</Y><Y t="11">0.00053</Y><Y t="12">0.00053</Y><Y t="13">0.00053</Y><Y t="14">0.00054</Y><Y t="15">0.00054</Y></Axis></Axis><Axis t="15"><Axis><Y t="1">0.00030</Y><Y t="2">0.00036</Y><Y t="3">0.00039</Y><Y t="4">0.00040</Y><Y t="5">0.00042</Y><Y t="6">0.00045</Y><Y t="7">0.00047</Y><Y t="8">0.00047</Y><Y t="9">0.00052</Y><Y t="10">0.00053</Y><Y t="11">0.00053</Y><Y t="12">0.00053</Y><Y t="13">0.00054</Y><Y t="14">0.00054</Y><Y t="15">0.00056</Y></Axis></Axis><Axis t="16"><Axis><Y t="1">0.00033</Y><Y t="2">0.00037</Y><Y t="3">0.00039</Y><Y t="4">0.00040</Y><Y t="5">0.00042</Y><Y t="6">0.00044</Y><Y t="7">0.00045</Y><Y t="8">0.00046</Y><Y t="9">0.00052</Y><Y t="10">0.00053</Y><Y t="11">0.00053</Y><Y t="12">0.00054</Y><Y t="13">0.00054</Y><Y t="14">0.00056</Y><Y t="15">0.00057</Y></Axis></Axis><Axis t="17"><Axis><Y t="1">0.00036</Y><Y t="2">0.00037</Y><Y t="3">0.00039</Y><Y t="4">0.00040</Y><Y t="5">0.00041</Y><Y t="6">0.00042</Y><Y t="7">0.00043</Y><Y t="8">0.00044</Y><Y t="9">0.00052</Y><Y t="10">0.00053</Y><Y t="11">0.00054</Y><Y t="12">0.00054</Y><Y t="13">0.00056</Y><Y t="14">0.00057</Y><Y t="15">0.00061</Y></Axis></Axis><Axis t="18"><Axis><Y t="1">0.00036</Y><Y t="2">0.00037</Y><Y t="3">0.00040</Y><Y t="4">0.00040</Y><Y t="5">0.00041</Y><Y t="6">0.00042</Y><Y t="7">0.00043</Y><Y t="8">0.00044</Y><Y t="9">0.00051</Y><Y t="10">0.00052</Y><Y t="11">0.00054</Y><Y t="12">0.00055</Y><Y t="13">0.00057</Y><Y t="14">0.00060</Y><Y t="15">0.00064</Y></Axis></Axis><Axis t="19"><Axis><Y t="1">0.00036</Y><Y t="2">0.00037</Y><Y t="3">0.00040</Y><Y t="4">0.00040</Y><Y t="5">0.00041</Y><Y t="6">0.00042</Y><Y t="7">0.00043</Y><Y t="8">0.00045</Y><Y t="9">0.00049</Y><Y t="10">0.00051</Y><Y t="11">0.00055</Y><Y t="12">0.00057</Y><Y t="13">0.00060</Y><Y t="14">0.00064</Y><Y t="15">0.00069</Y></Axis></Axis><Axis t="20"><Axis><Y t="1">0.00035</Y><Y t="2">0.00037</Y><Y t="3">0.00039</Y><Y t="4">0.00040</Y><Y t="5">0.00041</Y><Y t="6">0.00042</Y><Y t="7">0.00044</Y><Y t="8">0.00045</Y><Y t="9">0.00048</Y><Y t="10">0.00051</Y><Y t="11">0.00057</Y><Y t="12">0.00060</Y><Y t="13">0.00064</Y><Y t="14">0.00069</Y><Y t="15">0.00075</Y></Axis></Axis><Axis t="21"><Axis><Y t="1">0.00034</Y><Y t="2">0.00035</Y><Y t="3">0.00038</Y><Y t="4">0.00039</Y><Y t="5">0.00041</Y><Y t="6">0.00042</Y><Y t="7">0.00044</Y><Y t="8">0.00046</Y><Y t="9">0.00048</Y><Y t="10">0.00052</Y><Y t="11">0.00060</Y><Y t="12">0.00064</Y><Y t="13">0.00069</Y><Y t="14">0.00075</Y><Y t="15">0.00082</Y></Axis></Axis><Axis t="22"><Axis><Y t="1">0.00032</Y><Y t="2">0.00034</Y><Y t="3">0.00037</Y><Y t="4">0.00039</Y><Y t="5">0.00041</Y><Y t="6">0.00042</Y><Y t="7">0.00045</Y><Y t="8">0.00047</Y><Y t="9">0.00048</Y><Y t="10">0.00053</Y><Y t="11">0.00064</Y><Y t="12">0.00069</Y><Y t="13">0.00075</Y><Y t="14">0.00082</Y><Y t="15">0.00090</Y></Axis></Axis><Axis t="23"><Axis><Y t="1">0.00032</Y><Y t="2">0.00034</Y><Y t="3">0.00038</Y><Y t="4">0.00040</Y><Y t="5">0.00042</Y><Y t="6">0.00044</Y><Y t="7">0.00047</Y><Y t="8">0.00048</Y><Y t="9">0.00053</Y><Y t="10">0.00058</Y><Y t="11">0.00069</Y><Y t="12">0.00075</Y><Y t="13">0.00082</Y><Y t="14">0.00090</Y><Y t="15">0.00100</Y></Axis></Axis><Axis t="24"><Axis><Y t="1">0.00032</Y><Y t="2">0.00035</Y><Y t="3">0.00038</Y><Y t="4">0.00041</Y><Y t="5">0.00044</Y><Y t="6">0.00046</Y><Y t="7">0.00048</Y><Y t="8">0.00053</Y><Y t="9">0.00058</Y><Y t="10">0.00063</Y><Y t="11">0.00075</Y><Y t="12">0.00082</Y><Y t="13">0.00090</Y><Y t="14">0.00100</Y><Y t="15">0.00111</Y></Axis></Axis><Axis t="25"><Axis><Y t="1">0.00031</Y><Y t="2">0.00035</Y><Y t="3">0.00039</Y><Y t="4">0.00043</Y><Y t="5">0.00046</Y><Y t="6">0.00048</Y><Y t="7">0.00053</Y><Y t="8">0.00058</Y><Y t="9">0.00063</Y><Y t="10">0.00068</Y><Y t="11">0.00082</Y><Y t="12">0.00090</Y><Y t="13">0.00100</Y><Y t="14">0.00111</Y><Y t="15">0.00123</Y></Axis></Axis><Axis t="26"><Axis><Y t="1">0.00031</Y><Y t="2">0.00035</Y><Y t="3">0.00041</Y><Y t="4">0.00044</Y><Y t="5">0.00048</Y><Y t="6">0.00053</Y><Y t="7">0.00058</Y><Y t="8">0.00063</Y><Y t="9">0.00068</Y><Y t="10">0.00074</Y><Y t="11">0.00090</Y><Y t="12">0.00100</Y><Y t="13">0.00111</Y><Y t="14">0.00123</Y><Y t="15">0.00138</Y></Axis></Axis><Axis t="27"><Axis><Y t="1">0.00031</Y><Y t="2">0.00036</Y><Y t="3">0.00042</Y><Y t="4">0.00047</Y><Y t="5">0.00053</Y><Y t="6">0.00058</Y><Y t="7">0.00063</Y><Y t="8">0.00068</Y><Y t="9">0.00071</Y><Y t="10">0.00082</Y><Y t="11">0.00100</Y><Y t="12">0.00111</Y><Y t="13">0.00123</Y><Y t="14">0.00138</Y><Y t="15">0.00154</Y></Axis></Axis><Axis t="28"><Axis><Y t="1">0.00032</Y><Y t="2">0.00037</Y><Y t="3">0.00043</Y><Y t="4">0.00050</Y><Y t="5">0.00056</Y><Y t="6">0.00063</Y><Y t="7">0.00068</Y><Y t="8">0.00071</Y><Y t="9">0.00080</Y><Y t="10">0.00091</Y><Y t="11">0.00111</Y><Y t="12">0.00123</Y><Y t="13">0.00138</Y><Y t="14">0.00154</Y><Y t="15">0.00171</Y></Axis></Axis><Axis t="29"><Axis><Y t="1">0.00033</Y><Y t="2">0.00038</Y><Y t="3">0.00046</Y><Y t="4">0.00052</Y><Y t="5">0.00060</Y><Y t="6">0.00068</Y><Y t="7">0.00071</Y><Y t="8">0.00080</Y><Y t="9">0.00091</Y><Y t="10">0.00103</Y><Y t="11">0.00123</Y><Y t="12">0.00138</Y><Y t="13">0.00154</Y><Y t="14">0.00171</Y><Y t="15">0.00188</Y></Axis></Axis><Axis t="30"><Axis><Y t="1">0.00035</Y><Y t="2">0.00040</Y><Y t="3">0.00048</Y><Y t="4">0.00057</Y><Y t="5">0.00066</Y><Y t="6">0.00071</Y><Y t="7">0.00080</Y><Y t="8">0.00091</Y><Y t="9">0.00103</Y><Y t="10">0.00115</Y><Y t="11">0.00138</Y><Y t="12">0.00154</Y><Y t="13">0.00171</Y><Y t="14">0.00188</Y><Y t="15">0.00205</Y></Axis></Axis><Axis t="31"><Axis><Y t="1">0.00037</Y><Y t="2">0.00042</Y><Y t="3">0.00052</Y><Y t="4">0.00062</Y><Y t="5">0.00071</Y><Y t="6">0.00080</Y><Y t="7">0.00091</Y><Y t="8">0.00103</Y><Y t="9">0.00115</Y><Y t="10">0.00127</Y><Y t="11">0.00154</Y><Y t="12">0.00171</Y><Y t="13">0.00188</Y><Y t="14">0.00205</Y><Y t="15">0.00224</Y></Axis></Axis><Axis t="32"><Axis><Y t="1">0.00039</Y><Y t="2">0.00045</Y><Y t="3">0.00056</Y><Y t="4">0.00068</Y><Y t="5">0.00080</Y><Y t="6">0.00091</Y><Y t="7">0.00103</Y><Y t="8">0.00115</Y><Y t="9">0.00127</Y><Y t="10">0.00140</Y><Y t="11">0.00170</Y><Y t="12">0.00187</Y><Y t="13">0.00205</Y><Y t="14">0.00224</Y><Y t="15">0.00244</Y></Axis></Axis><Axis t="33"><Axis><Y t="1">0.00041</Y><Y t="2">0.00048</Y><Y t="3">0.00059</Y><Y t="4">0.00073</Y><Y t="5">0.00086</Y><Y t="6">0.00099</Y><Y t="7">0.00114</Y><Y t="8">0.00127</Y><Y t="9">0.00140</Y><Y t="10">0.00156</Y><Y t="11">0.00185</Y><Y t="12">0.00202</Y><Y t="13">0.00222</Y><Y t="14">0.00243</Y><Y t="15">0.00262</Y></Axis></Axis><Axis t="34"><Axis><Y t="1">0.00043</Y><Y t="2">0.00051</Y><Y t="3">0.00063</Y><Y t="4">0.00077</Y><Y t="5">0.00093</Y><Y t="6">0.00109</Y><Y t="7">0.00125</Y><Y t="8">0.00140</Y><Y t="9">0.00156</Y><Y t="10">0.00173</Y><Y t="11">0.00200</Y><Y t="12">0.00219</Y><Y t="13">0.00239</Y><Y t="14">0.00262</Y><Y t="15">0.00283</Y></Axis></Axis><Axis t="35"><Axis><Y t="1">0.00045</Y><Y t="2">0.00054</Y><Y t="3">0.00066</Y><Y t="4">0.00083</Y><Y t="5">0.00101</Y><Y t="6">0.00120</Y><Y t="7">0.00139</Y><Y t="8">0.00156</Y><Y t="9">0.00173</Y><Y t="10">0.00190</Y><Y t="11">0.00217</Y><Y t="12">0.00236</Y><Y t="13">0.00256</Y><Y t="14">0.00282</Y><Y t="15">0.00305</Y></Axis></Axis><Axis t="36"><Axis><Y t="1">0.00047</Y><Y t="2">0.00058</Y><Y t="3">0.00071</Y><Y t="4">0.00090</Y><Y t="5">0.00110</Y><Y t="6">0.00132</Y><Y t="7">0.00152</Y><Y t="8">0.00171</Y><Y t="9">0.00190</Y><Y t="10">0.00209</Y><Y t="11">0.00233</Y><Y t="12">0.00253</Y><Y t="13">0.00275</Y><Y t="14">0.00304</Y><Y t="15">0.00330</Y></Axis></Axis><Axis t="37"><Axis><Y t="1">0.00050</Y><Y t="2">0.00062</Y><Y t="3">0.00076</Y><Y t="4">0.00098</Y><Y t="5">0.00120</Y><Y t="6">0.00143</Y><Y t="7">0.00164</Y><Y t="8">0.00185</Y><Y t="9">0.00207</Y><Y t="10">0.00228</Y><Y t="11">0.00249</Y><Y t="12">0.00271</Y><Y t="13">0.00294</Y><Y t="14">0.00329</Y><Y t="15">0.00357</Y></Axis></Axis><Axis t="38"><Axis><Y t="1">0.00054</Y><Y t="2">0.00069</Y><Y t="3">0.00085</Y><Y t="4">0.00110</Y><Y t="5">0.00133</Y><Y t="6">0.00157</Y><Y t="7">0.00178</Y><Y t="8">0.00201</Y><Y t="9">0.00223</Y><Y t="10">0.00244</Y><Y t="11">0.00267</Y><Y t="12">0.00289</Y><Y t="13">0.00315</Y><Y t="14">0.00353</Y><Y t="15">0.00384</Y></Axis></Axis><Axis t="39"><Axis><Y t="1">0.00058</Y><Y t="2">0.00076</Y><Y t="3">0.00095</Y><Y t="4">0.00122</Y><Y t="5">0.00145</Y><Y t="6">0.00170</Y><Y t="7">0.00193</Y><Y t="8">0.00217</Y><Y t="9">0.00239</Y><Y t="10">0.00262</Y><Y t="11">0.00285</Y><Y t="12">0.00310</Y><Y t="13">0.00337</Y><Y t="14">0.00380</Y><Y t="15">0.00413</Y></Axis></Axis><Axis t="40"><Axis><Y t="1">0.00063</Y><Y t="2">0.00085</Y><Y t="3">0.00105</Y><Y t="4">0.00133</Y><Y t="5">0.00158</Y><Y t="6">0.00186</Y><Y t="7">0.00208</Y><Y t="8">0.00232</Y><Y t="9">0.00256</Y><Y t="10">0.00280</Y><Y t="11">0.00306</Y><Y t="12">0.00333</Y><Y t="13">0.00362</Y><Y t="14">0.00410</Y><Y t="15">0.00446</Y></Axis></Axis><Axis t="41"><Axis><Y t="1">0.00068</Y><Y t="2">0.00094</Y><Y t="3">0.00115</Y><Y t="4">0.00145</Y><Y t="5">0.00171</Y><Y t="6">0.00201</Y><Y t="7">0.00223</Y><Y t="8">0.00249</Y><Y t="9">0.00274</Y><Y t="10">0.00301</Y><Y t="11">0.00328</Y><Y t="12">0.00358</Y><Y t="13">0.00390</Y><Y t="14">0.00444</Y><Y t="15">0.00481</Y></Axis></Axis><Axis t="42"><Axis><Y t="1">0.00073</Y><Y t="2">0.00102</Y><Y t="3">0.00125</Y><Y t="4">0.00158</Y><Y t="5">0.00185</Y><Y t="6">0.00216</Y><Y t="7">0.00240</Y><Y t="8">0.00267</Y><Y t="9">0.00294</Y><Y t="10">0.00323</Y><Y t="11">0.00353</Y><Y t="12">0.00386</Y><Y t="13">0.00420</Y><Y t="14">0.00480</Y><Y t="15">0.00519</Y></Axis></Axis><Axis t="43"><Axis><Y t="1">0.00078</Y><Y t="2">0.00109</Y><Y t="3">0.00135</Y><Y t="4">0.00167</Y><Y t="5">0.00195</Y><Y t="6">0.00227</Y><Y t="7">0.00253</Y><Y t="8">0.00283</Y><Y t="9">0.00313</Y><Y t="10">0.00346</Y><Y t="11">0.00379</Y><Y t="12">0.00416</Y><Y t="13">0.00454</Y><Y t="14">0.00519</Y><Y t="15">0.00562</Y></Axis></Axis><Axis t="44"><Axis><Y t="1">0.00083</Y><Y t="2">0.00116</Y><Y t="3">0.00144</Y><Y t="4">0.00174</Y><Y t="5">0.00206</Y><Y t="6">0.00237</Y><Y t="7">0.00267</Y><Y t="8">0.00301</Y><Y t="9">0.00334</Y><Y t="10">0.00370</Y><Y t="11">0.00408</Y><Y t="12">0.00449</Y><Y t="13">0.00489</Y><Y t="14">0.00561</Y><Y t="15">0.00609</Y></Axis></Axis><Axis t="45"><Axis><Y t="1">0.00089</Y><Y t="2">0.00123</Y><Y t="3">0.00153</Y><Y t="4">0.00183</Y><Y t="5">0.00216</Y><Y t="6">0.00249</Y><Y t="7">0.00283</Y><Y t="8">0.00320</Y><Y t="9">0.00357</Y><Y t="10">0.00397</Y><Y t="11">0.00439</Y><Y t="12">0.00483</Y><Y t="13">0.00528</Y><Y t="14">0.00607</Y><Y t="15">0.00660</Y></Axis></Axis><Axis t="46"><Axis><Y t="1">0.00093</Y><Y t="2">0.00130</Y><Y t="3">0.00162</Y><Y t="4">0.00191</Y><Y t="5">0.00228</Y><Y t="6">0.00261</Y><Y t="7">0.00300</Y><Y t="8">0.00341</Y><Y t="9">0.00382</Y><Y t="10">0.00426</Y><Y t="11">0.00472</Y><Y t="12">0.00520</Y><Y t="13">0.00570</Y><Y t="14">0.00655</Y><Y t="15">0.00712</Y></Axis></Axis><Axis t="47"><Axis><Y t="1">0.00098</Y><Y t="2">0.00137</Y><Y t="3">0.00172</Y><Y t="4">0.00200</Y><Y t="5">0.00241</Y><Y t="6">0.00275</Y><Y t="7">0.00318</Y><Y t="8">0.00364</Y><Y t="9">0.00409</Y><Y t="10">0.00457</Y><Y t="11">0.00507</Y><Y t="12">0.00560</Y><Y t="13">0.00614</Y><Y t="14">0.00706</Y><Y t="15">0.00768</Y></Axis></Axis><Axis t="48"><Axis><Y t="1">0.00103</Y><Y t="2">0.00143</Y><Y t="3">0.00180</Y><Y t="4">0.00210</Y><Y t="5">0.00254</Y><Y t="6">0.00292</Y><Y t="7">0.00340</Y><Y t="8">0.00391</Y><Y t="9">0.00436</Y><Y t="10">0.00487</Y><Y t="11">0.00541</Y><Y t="12">0.00597</Y><Y t="13">0.00653</Y><Y t="14">0.00750</Y><Y t="15">0.00814</Y></Axis></Axis><Axis t="49"><Axis><Y t="1">0.00107</Y><Y t="2">0.00150</Y><Y t="3">0.00188</Y><Y t="4">0.00221</Y><Y t="5">0.00268</Y><Y t="6">0.00311</Y><Y t="7">0.00364</Y><Y t="8">0.00420</Y><Y t="9">0.00465</Y><Y t="10">0.00520</Y><Y t="11">0.00577</Y><Y t="12">0.00635</Y><Y t="13">0.00694</Y><Y t="14">0.00794</Y><Y t="15">0.00861</Y></Axis></Axis><Axis t="50"><Axis><Y t="1">0.00112</Y><Y t="2">0.00156</Y><Y t="3">0.00197</Y><Y t="4">0.00232</Y><Y t="5">0.00282</Y><Y t="6">0.00332</Y><Y t="7">0.00389</Y><Y t="8">0.00451</Y><Y t="9">0.00496</Y><Y t="10">0.00554</Y><Y t="11">0.00613</Y><Y t="12">0.00674</Y><Y t="13">0.00736</Y><Y t="14">0.00841</Y><Y t="15">0.00910</Y></Axis></Axis><Axis t="51"><Axis><Y t="1">0.00117</Y><Y t="2">0.00164</Y><Y t="3">0.00207</Y><Y t="4">0.00244</Y><Y t="5">0.00298</Y><Y t="6">0.00353</Y><Y t="7">0.00415</Y><Y t="8">0.00484</Y><Y t="9">0.00528</Y><Y t="10">0.00588</Y><Y t="11">0.00650</Y><Y t="12">0.00714</Y><Y t="13">0.00779</Y><Y t="14">0.00889</Y><Y t="15">0.00963</Y></Axis></Axis><Axis t="52"><Axis><Y t="1">0.00123</Y><Y t="2">0.00172</Y><Y t="3">0.00217</Y><Y t="4">0.00257</Y><Y t="5">0.00313</Y><Y t="6">0.00375</Y><Y t="7">0.00443</Y><Y t="8">0.00519</Y><Y t="9">0.00560</Y><Y t="10">0.00623</Y><Y t="11">0.00688</Y><Y t="12">0.00755</Y><Y t="13">0.00824</Y><Y t="14">0.00941</Y><Y t="15">0.01020</Y></Axis></Axis><Axis t="53"><Axis><Y t="1">0.00129</Y><Y t="2">0.00181</Y><Y t="3">0.00230</Y><Y t="4">0.00276</Y><Y t="5">0.00336</Y><Y t="6">0.00402</Y><Y t="7">0.00473</Y><Y t="8">0.00551</Y><Y t="9">0.00598</Y><Y t="10">0.00663</Y><Y t="11">0.00733</Y><Y t="12">0.00806</Y><Y t="13">0.00884</Y><Y t="14">0.01014</Y><Y t="15">0.01103</Y></Axis></Axis><Axis t="54"><Axis><Y t="1">0.00136</Y><Y t="2">0.00191</Y><Y t="3">0.00244</Y><Y t="4">0.00296</Y><Y t="5">0.00361</Y><Y t="6">0.00431</Y><Y t="7">0.00504</Y><Y t="8">0.00583</Y><Y t="9">0.00637</Y><Y t="10">0.00706</Y><Y t="11">0.00781</Y><Y t="12">0.00862</Y><Y t="13">0.00949</Y><Y t="14">0.01093</Y><Y t="15">0.01194</Y></Axis></Axis><Axis t="55"><Axis><Y t="1">0.00143</Y><Y t="2">0.00201</Y><Y t="3">0.00258</Y><Y t="4">0.00318</Y><Y t="5">0.00387</Y><Y t="6">0.00460</Y><Y t="7">0.00536</Y><Y t="8">0.00616</Y><Y t="9">0.00678</Y><Y t="10">0.00750</Y><Y t="11">0.00833</Y><Y t="12">0.00923</Y><Y t="13">0.01020</Y><Y t="14">0.01180</Y><Y t="15">0.01296</Y></Axis></Axis><Axis t="56"><Axis><Y t="1">0.00150</Y><Y t="2">0.00211</Y><Y t="3">0.00274</Y><Y t="4">0.00341</Y><Y t="5">0.00413</Y><Y t="6">0.00490</Y><Y t="7">0.00569</Y><Y t="8">0.00651</Y><Y t="9">0.00722</Y><Y t="10">0.00799</Y><Y t="11">0.00889</Y><Y t="12">0.00988</Y><Y t="13">0.01096</Y><Y t="14">0.01276</Y><Y t="15">0.01412</Y></Axis></Axis><Axis t="57"><Axis><Y t="1">0.00157</Y><Y t="2">0.00221</Y><Y t="3">0.00289</Y><Y t="4">0.00364</Y><Y t="5">0.00441</Y><Y t="6">0.00521</Y><Y t="7">0.00603</Y><Y t="8">0.00686</Y><Y t="9">0.00769</Y><Y t="10">0.00851</Y><Y t="11">0.00949</Y><Y t="12">0.01059</Y><Y t="13">0.01181</Y><Y t="14">0.01385</Y><Y t="15">0.01545</Y></Axis></Axis><Axis t="58"><Axis><Y t="1">0.00169</Y><Y t="2">0.00239</Y><Y t="3">0.00312</Y><Y t="4">0.00391</Y><Y t="5">0.00471</Y><Y t="6">0.00554</Y><Y t="7">0.00640</Y><Y t="8">0.00728</Y><Y t="9">0.00817</Y><Y t="10">0.00905</Y><Y t="11">0.01028</Y><Y t="12">0.01145</Y><Y t="13">0.01276</Y><Y t="14">0.01497</Y><Y t="15">0.01671</Y></Axis></Axis><Axis t="59"><Axis><Y t="1">0.00182</Y><Y t="2">0.00258</Y><Y t="3">0.00336</Y><Y t="4">0.00419</Y><Y t="5">0.00502</Y><Y t="6">0.00588</Y><Y t="7">0.00679</Y><Y t="8">0.00774</Y><Y t="9">0.00869</Y><Y t="10">0.00963</Y><Y t="11">0.01116</Y><Y t="12">0.01242</Y><Y t="13">0.01385</Y><Y t="14">0.01625</Y><Y t="15">0.01816</Y></Axis></Axis><Axis t="60"><Axis><Y t="1">0.00194</Y><Y t="2">0.00277</Y><Y t="3">0.00361</Y><Y t="4">0.00448</Y><Y t="5">0.00535</Y><Y t="6">0.00625</Y><Y t="7">0.00721</Y><Y t="8">0.00822</Y><Y t="9">0.00924</Y><Y t="10">0.01027</Y><Y t="11">0.01216</Y><Y t="12">0.01355</Y><Y t="13">0.01511</Y><Y t="14">0.01772</Y><Y t="15">0.01983</Y></Axis></Axis><Axis t="61"><Axis><Y t="1">0.00208</Y><Y t="2">0.00298</Y><Y t="3">0.00388</Y><Y t="4">0.00480</Y><Y t="5">0.00570</Y><Y t="6">0.00665</Y><Y t="7">0.00767</Y><Y t="8">0.00874</Y><Y t="9">0.00984</Y><Y t="10">0.01099</Y><Y t="11">0.01331</Y><Y t="12">0.01484</Y><Y t="13">0.01655</Y><Y t="14">0.01942</Y><Y t="15">0.02173</Y></Axis></Axis><Axis t="62"><Axis><Y t="1">0.00222</Y><Y t="2">0.00320</Y><Y t="3">0.00417</Y><Y t="4">0.00514</Y><Y t="5">0.00609</Y><Y t="6">0.00708</Y><Y t="7">0.00815</Y><Y t="8">0.00931</Y><Y t="9">0.01052</Y><Y t="10">0.01181</Y><Y t="11">0.01465</Y><Y t="12">0.01634</Y><Y t="13">0.01823</Y><Y t="14">0.02137</Y><Y t="15">0.02387</Y></Axis></Axis><Axis t="63"><Axis><Y t="1">0.00236</Y><Y t="2">0.00338</Y><Y t="3">0.00440</Y><Y t="4">0.00542</Y><Y t="5">0.00642</Y><Y t="6">0.00747</Y><Y t="7">0.00861</Y><Y t="8">0.00988</Y><Y t="9">0.01124</Y><Y t="10">0.01274</Y><Y t="11">0.01586</Y><Y t="12">0.01773</Y><Y t="13">0.01983</Y><Y t="14">0.02330</Y><Y t="15">0.02611</Y></Axis></Axis><Axis t="64"><Axis><Y t="1">0.00251</Y><Y t="2">0.00358</Y><Y t="3">0.00465</Y><Y t="4">0.00572</Y><Y t="5">0.00677</Y><Y t="6">0.00789</Y><Y t="7">0.00912</Y><Y t="8">0.01052</Y><Y t="9">0.01206</Y><Y t="10">0.01380</Y><Y t="11">0.01725</Y><Y t="12">0.01931</Y><Y t="13">0.02163</Y><Y t="14">0.02545</Y><Y t="15">0.02857</Y></Axis></Axis><Axis t="65"><Axis><Y t="1">0.00267</Y><Y t="2">0.00379</Y><Y t="3">0.00491</Y><Y t="4">0.00603</Y><Y t="5">0.00715</Y><Y t="6">0.00835</Y><Y t="7">0.00970</Y><Y t="8">0.01124</Y><Y t="9">0.01300</Y><Y t="10">0.01501</Y><Y t="11">0.01883</Y><Y t="12">0.02108</Y><Y t="13">0.02362</Y><Y t="14">0.02779</Y><Y t="15">0.03121</Y></Axis></Axis><Axis t="66"><Axis><Y t="1">0.00284</Y><Y t="2">0.00401</Y><Y t="3">0.00519</Y><Y t="4">0.00637</Y><Y t="5">0.00757</Y><Y t="6">0.00888</Y><Y t="7">0.01036</Y><Y t="8">0.01207</Y><Y t="9">0.01406</Y><Y t="10">0.01640</Y><Y t="11">0.02061</Y><Y t="12">0.02304</Y><Y t="13">0.02579</Y><Y t="14">0.03030</Y><Y t="15">0.03400</Y></Axis></Axis><Axis t="67"><Axis><Y t="1">0.00303</Y><Y t="2">0.00424</Y><Y t="3">0.00549</Y><Y t="4">0.00675</Y><Y t="5">0.00804</Y><Y t="6">0.00948</Y><Y t="7">0.01110</Y><Y t="8">0.01300</Y><Y t="9">0.01526</Y><Y t="10">0.01795</Y><Y t="11">0.02258</Y><Y t="12">0.02519</Y><Y t="13">0.02811</Y><Y t="14">0.03293</Y><Y t="15">0.03689</Y></Axis></Axis><Axis t="68"><Axis><Y t="1">0.00329</Y><Y t="2">0.00462</Y><Y t="3">0.00600</Y><Y t="4">0.00741</Y><Y t="5">0.00887</Y><Y t="6">0.01051</Y><Y t="7">0.01237</Y><Y t="8">0.01455</Y><Y t="9">0.01713</Y><Y t="10">0.02020</Y><Y t="11">0.02519</Y><Y t="12">0.02811</Y><Y t="13">0.03157</Y><Y t="14">0.03688</Y><Y t="15">0.04119</Y></Axis></Axis><Axis t="69"><Axis><Y t="1">0.00358</Y><Y t="2">0.00505</Y><Y t="3">0.00659</Y><Y t="4">0.00818</Y><Y t="5">0.00984</Y><Y t="6">0.01172</Y><Y t="7">0.01385</Y><Y t="8">0.01633</Y><Y t="9">0.01927</Y><Y t="10">0.02275</Y><Y t="11">0.02811</Y><Y t="12">0.03157</Y><Y t="13">0.03536</Y><Y t="14">0.04118</Y><Y t="15">0.04584</Y></Axis></Axis><Axis t="70"><Axis><Y t="1">0.00392</Y><Y t="2">0.00554</Y><Y t="3">0.00727</Y><Y t="4">0.00907</Y><Y t="5">0.01097</Y><Y t="6">0.01311</Y><Y t="7">0.01554</Y><Y t="8">0.01838</Y><Y t="9">0.02171</Y><Y t="10">0.02559</Y><Y t="11">0.03157</Y><Y t="12">0.03536</Y><Y t="13">0.03949</Y><Y t="14">0.04583</Y><Y t="15">0.05083</Y></Axis></Axis><Axis t="71"><Axis><Y t="1">0.00418</Y><Y t="2">0.00593</Y><Y t="3">0.00782</Y><Y t="4">0.00983</Y><Y t="5">0.01198</Y><Y t="6">0.01445</Y><Y t="7">0.01729</Y><Y t="8">0.02072</Y><Y t="9">0.02477</Y><Y t="10">0.02951</Y><Y t="11">0.03619</Y><Y t="12">0.04514</Y><Y t="13">0.05567</Y><Y t="14">0.06901</Y><Y t="15">0.08286</Y></Axis></Axis><Axis t="72"><Axis><Y t="1">0.00460</Y><Y t="2">0.00657</Y><Y t="3">0.00871</Y><Y t="4">0.01101</Y><Y t="5">0.01347</Y><Y t="6">0.01629</Y><Y t="7">0.01952</Y><Y t="8">0.02337</Y><Y t="9">0.02788</Y><Y t="10">0.03311</Y><Y t="11">0.04054</Y><Y t="12">0.05035</Y><Y t="13">0.06184</Y><Y t="14">0.07634</Y><Y t="15">0.09130</Y></Axis></Axis><Axis t="73"><Axis><Y t="1">0.00510</Y><Y t="2">0.00733</Y><Y t="3">0.00975</Y><Y t="4">0.01236</Y><Y t="5">0.01516</Y><Y t="6">0.01835</Y><Y t="7">0.02196</Y><Y t="8">0.02625</Y><Y t="9">0.03123</Y><Y t="10">0.03698</Y><Y t="11">0.04513</Y><Y t="12">0.05586</Y><Y t="13">0.06836</Y><Y t="14">0.08408</Y><Y t="15">0.10021</Y></Axis></Axis><Axis t="74"><Axis><Y t="1">0.00570</Y><Y t="2">0.00823</Y><Y t="3">0.01098</Y><Y t="4">0.01393</Y><Y t="5">0.01708</Y><Y t="6">0.02066</Y><Y t="7">0.02467</Y><Y t="8">0.02941</Y><Y t="9">0.03487</Y><Y t="10">0.04115</Y><Y t="11">0.05003</Y><Y t="12">0.06172</Y><Y t="13">0.07526</Y><Y t="14">0.09226</Y><Y t="15">0.10961</Y></Axis></Axis><Axis t="75"><Axis><Y t="1">0.00639</Y><Y t="2">0.00925</Y><Y t="3">0.01236</Y><Y t="4">0.01569</Y><Y t="5">0.01923</Y><Y t="6">0.02321</Y><Y t="7">0.02764</Y><Y t="8">0.03283</Y><Y t="9">0.03880</Y><Y t="10">0.04562</Y><Y t="11">0.05526</Y><Y t="12">0.06793</Y><Y t="13">0.08257</Y><Y t="14">0.10089</Y><Y t="15">0.11951</Y></Axis></Axis><Axis t="76"><Axis><Y t="1">0.00716</Y><Y t="2">0.01039</Y><Y t="3">0.01390</Y><Y t="4">0.01764</Y><Y t="5">0.02158</Y><Y t="6">0.02599</Y><Y t="7">0.03086</Y><Y t="8">0.03653</Y><Y t="9">0.04302</Y><Y t="10">0.05040</Y><Y t="11">0.06083</Y><Y t="12">0.07453</Y><Y t="13">0.09180</Y><Y t="14">0.11000</Y><Y t="15">0.12992</Y></Axis></Axis><Axis t="77"><Axis><Y t="1">0.00802</Y><Y t="2">0.01165</Y><Y t="3">0.01560</Y><Y t="4">0.01977</Y><Y t="5">0.02415</Y><Y t="6">0.02901</Y><Y t="7">0.03433</Y><Y t="8">0.04051</Y><Y t="9">0.04753</Y><Y t="10">0.05550</Y><Y t="11">0.06675</Y><Y t="12">0.08151</Y><Y t="13">0.09996</Y><Y t="14">0.11959</Y><Y t="15">0.14085</Y></Axis></Axis><Axis t="78"><Axis><Y t="1">0.00902</Y><Y t="2">0.01309</Y><Y t="3">0.01750</Y><Y t="4">0.02213</Y><Y t="5">0.02696</Y><Y t="6">0.03228</Y><Y t="7">0.03807</Y><Y t="8">0.04476</Y><Y t="9">0.05234</Y><Y t="10">0.06091</Y><Y t="11">0.07302</Y><Y t="12">0.08889</Y><Y t="13">0.10705</Y><Y t="14">0.12965</Y><Y t="15">0.15229</Y></Axis></Axis><Axis t="79"><Axis><Y t="1">0.01016</Y><Y t="2">0.01472</Y><Y t="3">0.01961</Y><Y t="4">0.02472</Y><Y t="5">0.03001</Y><Y t="6">0.03579</Y><Y t="7">0.04207</Y><Y t="8">0.04929</Y><Y t="9">0.05745</Y><Y t="10">0.06663</Y><Y t="11">0.07962</Y><Y t="12">0.09664</Y><Y t="13">0.11605</Y><Y t="14">0.14018</Y><Y t="15">0.16423</Y></Axis></Axis><Axis t="80"><Axis><Y t="1">0.01144</Y><Y t="2">0.01651</Y><Y t="3">0.02191</Y><Y t="4">0.02753</Y><Y t="5">0.03329</Y><Y t="6">0.03956</Y><Y t="7">0.04633</Y><Y t="8">0.05409</Y><Y t="9">0.06284</Y><Y t="10">0.07265</Y><Y t="11">0.08656</Y><Y t="12">0.10477</Y><Y t="13">0.12548</Y><Y t="14">0.15118</Y><Y t="15">0.17669</Y></Axis></Axis><Axis t="81"><Axis><Y t="1">0.01282</Y><Y t="2">0.01845</Y><Y t="3">0.02440</Y><Y t="4">0.03054</Y><Y t="5">0.03679</Y><Y t="6">0.04357</Y><Y t="7">0.05085</Y><Y t="8">0.05917</Y><Y t="9">0.06853</Y><Y t="10">0.07899</Y><Y t="11">0.09385</Y><Y t="12">0.11328</Y><Y t="13">0.13532</Y><Y t="14">0.16265</Y><Y t="15">0.18966</Y></Axis></Axis><Axis t="82"><Axis><Y t="1">0.01432</Y><Y t="2">0.02053</Y><Y t="3">0.02706</Y><Y t="4">0.03375</Y><Y t="5">0.04052</Y><Y t="6">0.04782</Y><Y t="7">0.05562</Y><Y t="8">0.06453</Y><Y t="9">0.07450</Y><Y t="10">0.08563</Y><Y t="11">0.10147</Y><Y t="12">0.12217</Y><Y t="13">0.14559</Y><Y t="14">0.17459</Y><Y t="15">0.20314</Y></Axis></Axis><Axis t="83"><Axis><Y t="1">0.01593</Y><Y t="2">0.02276</Y><Y t="3">0.02990</Y><Y t="4">0.03716</Y><Y t="5">0.04447</Y><Y t="6">0.05231</Y><Y t="7">0.06065</Y><Y t="8">0.07016</Y><Y t="9">0.08077</Y><Y t="10">0.09259</Y><Y t="11">0.10943</Y><Y t="12">0.13144</Y><Y t="13">0.15628</Y><Y t="14">0.18699</Y><Y t="15">0.21712</Y></Axis></Axis><Axis t="84"><Axis><Y t="1">0.01766</Y><Y t="2">0.02516</Y><Y t="3">0.03292</Y><Y t="4">0.04078</Y><Y t="5">0.04864</Y><Y t="6">0.05704</Y><Y t="7">0.06594</Y><Y t="8">0.07606</Y><Y t="9">0.08733</Y><Y t="10">0.09985</Y><Y t="11">0.11773</Y><Y t="12">0.14109</Y><Y t="13">0.16738</Y><Y t="14">0.19987</Y><Y t="15">0.23162</Y></Axis></Axis><Axis t="85"><Axis><Y t="1">0.01952</Y><Y t="2">0.02770</Y><Y t="3">0.03613</Y><Y t="4">0.04461</Y><Y t="5">0.05304</Y><Y t="6">0.06201</Y><Y t="7">0.07149</Y><Y t="8">0.08224</Y><Y t="9">0.09418</Y><Y t="10">0.10743</Y><Y t="11">0.12638</Y><Y t="12">0.15111</Y><Y t="13">0.17891</Y><Y t="14">0.21321</Y><Y t="15">0.24663</Y></Axis></Axis><Axis t="86"><Axis><Y t="1">0.02150</Y><Y t="2">0.03040</Y><Y t="3">0.03953</Y><Y t="4">0.04865</Y><Y t="5">0.05766</Y><Y t="6">0.06723</Y><Y t="7">0.07730</Y><Y t="8">0.08869</Y><Y t="9">0.10133</Y><Y t="10">0.11531</Y><Y t="11">0.13536</Y><Y t="12">0.16152</Y><Y t="13">0.19085</Y><Y t="14">0.22703</Y><Y t="15">0.26215</Y></Axis></Axis><Axis t="87"><Axis><Y t="1">0.02347</Y><Y t="2">0.03310</Y><Y t="3">0.04292</Y><Y t="4">0.05269</Y><Y t="5">0.06229</Y><Y t="6">0.07245</Y><Y t="7">0.08310</Y><Y t="8">0.09514</Y><Y t="9">0.10847</Y><Y t="10">0.12320</Y><Y t="11">0.14434</Y><Y t="12">0.17192</Y><Y t="13">0.20280</Y><Y t="14">0.24084</Y><Y t="15">0.27766</Y></Axis></Axis></Values></Table><Table><MetaData><ScalingFactor>0</ScalingFactor><DataType tc="2">Floating Point</DataType><Nation tc="1">United States of America</Nation><TableDescription>1975-80 Modified Basic Table with Milliman Extension – Female. Basis: Age Last Birthday. Minimum Ultimate Age: 15. Maximum Ultimate Age: 102</TableDescription><AxisDef id="Age"><ScaleType tc="3">Age</ScaleType><AxisName>Age</AxisName><MinScaleValue>15</MinScaleValue><MaxScaleValue>102</MaxScaleValue><Increment>1</Increment></AxisDef></MetaData><Values><Axis><Y t="15">0.00038</Y><Y t="16">0.00042</Y><Y t="17">0.00046</Y><Y t="18">0.00048</Y><Y t="19">0.00050</Y><Y t="20">0.00052</Y><Y t="21">0.00053</Y><Y t="22">0.00053</Y><Y t="23">0.00053</Y><Y t="24">0.00053</Y><Y t="25">0.00053</Y><Y t="26">0.00053</Y><Y t="27">0.00053</Y><Y t="28">0.00054</Y><Y t="29">0.00055</Y><Y t="30">0.00057</Y><Y t="31">0.00060</Y><Y t="32">0.00063</Y><Y t="33">0.00068</Y><Y t="34">0.00074</Y><Y t="35">0.00081</Y><Y t="36">0.00089</Y><Y t="37">0.00098</Y><Y t="38">0.00109</Y><Y t="39">0.00122</Y><Y t="40">0.00137</Y><Y t="41">0.00154</Y><Y t="42">0.00171</Y><Y t="43">0.00188</Y><Y t="44">0.00205</Y><Y t="45">0.00224</Y><Y t="46">0.00243</Y><Y t="47">0.00262</Y><Y t="48">0.00283</Y><Y t="49">0.00305</Y><Y t="50">0.00330</Y><Y t="51">0.00357</Y><Y t="52">0.00388</Y><Y t="53">0.00422</Y><Y t="54">0.00460</Y><Y t="55">0.00502</Y><Y t="56">0.00547</Y><Y t="57">0.00596</Y><Y t="58">0.00650</Y><Y t="59">0.00708</Y><Y t="60">0.00769</Y><Y t="61">0.00834</Y><Y t="62">0.00903</Y><Y t="63">0.00977</Y><Y t="64">0.01057</Y><Y t="65">0.01145</Y><Y t="66">0.01242</Y><Y t="67">0.01348</Y><Y t="68">0.01464</Y><Y t="69">0.01594</Y><Y t="70">0.01742</Y><Y t="71">0.01913</Y><Y t="72">0.02111</Y><Y t="73">0.02341</Y><Y t="74">0.02609</Y><Y t="75">0.02920</Y><Y t="76">0.03278</Y><Y t="77">0.03688</Y><Y t="78">0.04154</Y><Y t="79">0.04674</Y><Y t="80">0.05250</Y><Y t="81">0.05880</Y><Y t="82">0.06566</Y><Y t="83">0.07306</Y><Y t="84">0.08102</Y><Y t="85">0.08952</Y><Y t="86">0.09858</Y><Y t="87">0.10818</Y><Y t="88">0.11834</Y><Y t="89">0.12904</Y><Y t="90">0.14030</Y><Y t="91">0.15210</Y><Y t="92">0.16446</Y><Y t="93">0.17736</Y><Y t="94">0.19082</Y><Y t="95">0.20482</Y><Y t="96">0.21938</Y><Y t="97">0.23448</Y><Y t="98">0.25014</Y><Y t="99">0.26634</Y><Y t="100">0.28310</Y><Y t="101">0.30040</Y><Y t="102">0.31826</Y></Axis></Values></Table></XTbML>