﻿<?xml version="1.0" encoding="utf-8"?>
<XTbML>
  <ContentClassification>
    <TableIdentity>1611</TableIdentity>
    <ProviderDomain>soa.org</ProviderDomain>
    <ProviderName>Roger Scott Lumsden</ProviderName>
    <TableReference>O. David Green III, “Modified 1965-70 Select and Ultimate Basic Tables – Actuarial Note”, Transactions of the Society of Actuaries Vol. XXIX (1977). Accessed: March, 2013 from http://www.soa.org/Library/Research/Transactions-Of-Society-Of-Actuaries/1977/January/tsa77v295.aspx</TableReference>
    <ContentType tc="4">Insured Lives Mortality</ContentType>
    <TableName>1965-70 Modified Basic Table - Male, ANB</TableName>
    <TableDescription>1965-70 Modified Basic Table – Male. Basis: Age Nearest Birthday. Minimum Select Age: 0. Maximum Select Age: 70. Minimum Ultimate Age: 15. Maximum Ultimate Age: 99.</TableDescription>
    <Comments>Study Data: Built from the 1965-70 Basic Table (See SOA Table Identities 357 and 359) as the original select rates did not grade smoothly into the ultimate rates. The modified tables also provide select rates for all ages rather than age bands. Disconnects between select and ultimate rates were attributed to the fact that the select rates of the 1965-70 Basic Table were built relying solely on medically underwritten policies while ultimate rates were built from both medically and non-medically underwritten policies. Methodology: The Modified 1965-70 Tables use the ultimate rates of the 1965-70 Basic Tables without adjustment. For the select period, in order to maximize fit with the original graduated rates, five durational ratios of the 1965-70 Select Basic Table to the 1965-70 Ultimate Basic Table were chosen. Intervening durational ratios were then calculated using a Lagrangian interpolation formula that fitted a fourth degree polynomial to the known ratios. It was deemed that no selection process is in effect for ages 0-14. Final rates for individual ages were then developed by the use of CURVFIT, an interpolation technique involving the passing of a different cubic polynomial between each pair of points and then fitting these curves together so as to produce on smooth continuous curve. Ultimate rates in the 1965-70 Basic Tables were truncated at age 100. For the Modified tables, it was decided to set q99 to 1.00 and then rates for age 93-98 were obtained by passing a cubic through ages 93, 94, 95 and 99. Despite detracting from the technical beauty desired, empirical adjustments were made whenever a test of reasonableness failed. Data Transcription Errors: None.  Data Certified: 03/2013</Comments>
    <KeyWord>Select</KeyWord>
    <KeyWord>Insured Lives Mortality</KeyWord>
    <KeyWord>United States of America</KeyWord>
  </ContentClassification>
  <Table>
    <MetaData>
      <ScalingFactor>0</ScalingFactor>
      <DataType tc="2">Floating Point</DataType>
      <Nation tc="1">United States of America</Nation>
      <TableDescription>1965-70 Modified Basic Table – Male. Basis: Age Nearest Birthday. Minimum Select Age: 0. Maximum Select Age: 70. </TableDescription>
      <AxisDef id="Age">
        <ScaleType tc="3">Age</ScaleType>
        <AxisName>Age</AxisName>
        <MinScaleValue>0</MinScaleValue>
        <MaxScaleValue>70</MaxScaleValue>
        <Increment>1</Increment>
      </AxisDef>
      <AxisDef id="Duration">
        <ScaleType tc="2">Ordinal Date</ScaleType>
        <AxisName>Duration</AxisName>
        <MinScaleValue>1</MinScaleValue>
        <MaxScaleValue>15</MaxScaleValue>
        <Increment>1</Increment>
      </AxisDef>
    </MetaData>
    <Values>
      <Axis t="0">
        <Axis>
          <Y t="1">0.00580</Y>
          <Y t="2">0.00133</Y>
          <Y t="3">0.00084</Y>
          <Y t="4">0.00065</Y>
          <Y t="5">0.00053</Y>
          <Y t="6">0.00048</Y>
          <Y t="7">0.00042</Y>
          <Y t="8">0.00039</Y>
          <Y t="9">0.00035</Y>
          <Y t="10">0.00032</Y>
          <Y t="11">0.00031</Y>
          <Y t="12">0.00031</Y>
          <Y t="13">0.00033</Y>
          <Y t="14">0.00042</Y>
          <Y t="15">0.00052</Y>
        </Axis>
      </Axis>
      <Axis t="1">
        <Axis>
          <Y t="1">0.00133</Y>
          <Y t="2">0.00084</Y>
          <Y t="3">0.00065</Y>
          <Y t="4">0.00053</Y>
          <Y t="5">0.00048</Y>
          <Y t="6">0.00042</Y>
          <Y t="7">0.00039</Y>
          <Y t="8">0.00035</Y>
          <Y t="9">0.00032</Y>
          <Y t="10">0.00031</Y>
          <Y t="11">0.00031</Y>
          <Y t="12">0.00033</Y>
          <Y t="13">0.00042</Y>
          <Y t="14">0.00052</Y>
          <Y t="15">0.00067</Y>
        </Axis>
      </Axis>
      <Axis t="2">
        <Axis>
          <Y t="1">0.00084</Y>
          <Y t="2">0.00065</Y>
          <Y t="3">0.00053</Y>
          <Y t="4">0.00048</Y>
          <Y t="5">0.00042</Y>
          <Y t="6">0.00039</Y>
          <Y t="7">0.00035</Y>
          <Y t="8">0.00032</Y>
          <Y t="9">0.00031</Y>
          <Y t="10">0.00031</Y>
          <Y t="11">0.00033</Y>
          <Y t="12">0.00042</Y>
          <Y t="13">0.00052</Y>
          <Y t="14">0.00067</Y>
          <Y t="15">0.00081</Y>
        </Axis>
      </Axis>
      <Axis t="3">
        <Axis>
          <Y t="1">0.00065</Y>
          <Y t="2">0.00053</Y>
          <Y t="3">0.00048</Y>
          <Y t="4">0.00042</Y>
          <Y t="5">0.00039</Y>
          <Y t="6">0.00035</Y>
          <Y t="7">0.00032</Y>
          <Y t="8">0.00031</Y>
          <Y t="9">0.00031</Y>
          <Y t="10">0.00033</Y>
          <Y t="11">0.00042</Y>
          <Y t="12">0.00052</Y>
          <Y t="13">0.00067</Y>
          <Y t="14">0.00081</Y>
          <Y t="15">0.00095</Y>
        </Axis>
      </Axis>
      <Axis t="4">
        <Axis>
          <Y t="1">0.00053</Y>
          <Y t="2">0.00048</Y>
          <Y t="3">0.00042</Y>
          <Y t="4">0.00039</Y>
          <Y t="5">0.00035</Y>
          <Y t="6">0.00032</Y>
          <Y t="7">0.00031</Y>
          <Y t="8">0.00031</Y>
          <Y t="9">0.00033</Y>
          <Y t="10">0.00042</Y>
          <Y t="11">0.00052</Y>
          <Y t="12">0.00067</Y>
          <Y t="13">0.00081</Y>
          <Y t="14">0.00095</Y>
          <Y t="15">0.00107</Y>
        </Axis>
      </Axis>
      <Axis t="5">
        <Axis>
          <Y t="1">0.00048</Y>
          <Y t="2">0.00042</Y>
          <Y t="3">0.00039</Y>
          <Y t="4">0.00035</Y>
          <Y t="5">0.00032</Y>
          <Y t="6">0.00031</Y>
          <Y t="7">0.00031</Y>
          <Y t="8">0.00033</Y>
          <Y t="9">0.00042</Y>
          <Y t="10">0.00052</Y>
          <Y t="11">0.00067</Y>
          <Y t="12">0.00081</Y>
          <Y t="13">0.00095</Y>
          <Y t="14">0.00107</Y>
          <Y t="15">0.00116</Y>
        </Axis>
      </Axis>
      <Axis t="6">
        <Axis>
          <Y t="1">0.00042</Y>
          <Y t="2">0.00039</Y>
          <Y t="3">0.00035</Y>
          <Y t="4">0.00032</Y>
          <Y t="5">0.00031</Y>
          <Y t="6">0.00031</Y>
          <Y t="7">0.00033</Y>
          <Y t="8">0.00042</Y>
          <Y t="9">0.00052</Y>
          <Y t="10">0.00067</Y>
          <Y t="11">0.00081</Y>
          <Y t="12">0.00095</Y>
          <Y t="13">0.00107</Y>
          <Y t="14">0.00116</Y>
          <Y t="15">0.00119</Y>
        </Axis>
      </Axis>
      <Axis t="7">
        <Axis>
          <Y t="1">0.00039</Y>
          <Y t="2">0.00035</Y>
          <Y t="3">0.00032</Y>
          <Y t="4">0.00031</Y>
          <Y t="5">0.00031</Y>
          <Y t="6">0.00033</Y>
          <Y t="7">0.00042</Y>
          <Y t="8">0.00052</Y>
          <Y t="9">0.00067</Y>
          <Y t="10">0.00081</Y>
          <Y t="11">0.00095</Y>
          <Y t="12">0.00107</Y>
          <Y t="13">0.00116</Y>
          <Y t="14">0.00119</Y>
          <Y t="15">0.00116</Y>
        </Axis>
      </Axis>
      <Axis t="8">
        <Axis>
          <Y t="1">0.00035</Y>
          <Y t="2">0.00032</Y>
          <Y t="3">0.00031</Y>
          <Y t="4">0.00031</Y>
          <Y t="5">0.00033</Y>
          <Y t="6">0.00042</Y>
          <Y t="7">0.00052</Y>
          <Y t="8">0.00067</Y>
          <Y t="9">0.00081</Y>
          <Y t="10">0.00095</Y>
          <Y t="11">0.00107</Y>
          <Y t="12">0.00116</Y>
          <Y t="13">0.00119</Y>
          <Y t="14">0.00116</Y>
          <Y t="15">0.00113</Y>
        </Axis>
      </Axis>
      <Axis t="9">
        <Axis>
          <Y t="1">0.00032</Y>
          <Y t="2">0.00031</Y>
          <Y t="3">0.00031</Y>
          <Y t="4">0.00033</Y>
          <Y t="5">0.00042</Y>
          <Y t="6">0.00052</Y>
          <Y t="7">0.00067</Y>
          <Y t="8">0.00081</Y>
          <Y t="9">0.00095</Y>
          <Y t="10">0.00107</Y>
          <Y t="11">0.00116</Y>
          <Y t="12">0.00119</Y>
          <Y t="13">0.00116</Y>
          <Y t="14">0.00113</Y>
          <Y t="15">0.00111</Y>
        </Axis>
      </Axis>
      <Axis t="10">
        <Axis>
          <Y t="1">0.00031</Y>
          <Y t="2">0.00031</Y>
          <Y t="3">0.00033</Y>
          <Y t="4">0.00042</Y>
          <Y t="5">0.00052</Y>
          <Y t="6">0.00067</Y>
          <Y t="7">0.00081</Y>
          <Y t="8">0.00095</Y>
          <Y t="9">0.00107</Y>
          <Y t="10">0.00116</Y>
          <Y t="11">0.00119</Y>
          <Y t="12">0.00116</Y>
          <Y t="13">0.00113</Y>
          <Y t="14">0.00111</Y>
          <Y t="15">0.00110</Y>
        </Axis>
      </Axis>
      <Axis t="11">
        <Axis>
          <Y t="1">0.00031</Y>
          <Y t="2">0.00033</Y>
          <Y t="3">0.00042</Y>
          <Y t="4">0.00052</Y>
          <Y t="5">0.00067</Y>
          <Y t="6">0.00081</Y>
          <Y t="7">0.00095</Y>
          <Y t="8">0.00107</Y>
          <Y t="9">0.00116</Y>
          <Y t="10">0.00119</Y>
          <Y t="11">0.00116</Y>
          <Y t="12">0.00113</Y>
          <Y t="13">0.00111</Y>
          <Y t="14">0.00110</Y>
          <Y t="15">0.00108</Y>
        </Axis>
      </Axis>
      <Axis t="12">
        <Axis>
          <Y t="1">0.00033</Y>
          <Y t="2">0.00042</Y>
          <Y t="3">0.00052</Y>
          <Y t="4">0.00067</Y>
          <Y t="5">0.00081</Y>
          <Y t="6">0.00095</Y>
          <Y t="7">0.00107</Y>
          <Y t="8">0.00116</Y>
          <Y t="9">0.00119</Y>
          <Y t="10">0.00116</Y>
          <Y t="11">0.00113</Y>
          <Y t="12">0.00111</Y>
          <Y t="13">0.00110</Y>
          <Y t="14">0.00108</Y>
          <Y t="15">0.00107</Y>
        </Axis>
      </Axis>
      <Axis t="13">
        <Axis>
          <Y t="1">0.00042</Y>
          <Y t="2">0.00052</Y>
          <Y t="3">0.00067</Y>
          <Y t="4">0.00081</Y>
          <Y t="5">0.00095</Y>
          <Y t="6">0.00107</Y>
          <Y t="7">0.00116</Y>
          <Y t="8">0.00119</Y>
          <Y t="9">0.00116</Y>
          <Y t="10">0.00113</Y>
          <Y t="11">0.00111</Y>
          <Y t="12">0.00110</Y>
          <Y t="13">0.00108</Y>
          <Y t="14">0.00107</Y>
          <Y t="15">0.00104</Y>
        </Axis>
      </Axis>
      <Axis t="14">
        <Axis>
          <Y t="1">0.00052</Y>
          <Y t="2">0.00067</Y>
          <Y t="3">0.00081</Y>
          <Y t="4">0.00095</Y>
          <Y t="5">0.00107</Y>
          <Y t="6">0.00116</Y>
          <Y t="7">0.00119</Y>
          <Y t="8">0.00116</Y>
          <Y t="9">0.00113</Y>
          <Y t="10">0.00111</Y>
          <Y t="11">0.00110</Y>
          <Y t="12">0.00108</Y>
          <Y t="13">0.00107</Y>
          <Y t="14">0.00104</Y>
          <Y t="15">0.00109</Y>
        </Axis>
      </Axis>
      <Axis t="15">
        <Axis>
          <Y t="1">0.00066</Y>
          <Y t="2">0.00080</Y>
          <Y t="3">0.00093</Y>
          <Y t="4">0.00104</Y>
          <Y t="5">0.00112</Y>
          <Y t="6">0.00117</Y>
          <Y t="7">0.00116</Y>
          <Y t="8">0.00113</Y>
          <Y t="9">0.00111</Y>
          <Y t="10">0.00109</Y>
          <Y t="11">0.00108</Y>
          <Y t="12">0.00107</Y>
          <Y t="13">0.00104</Y>
          <Y t="14">0.00109</Y>
          <Y t="15">0.00113</Y>
        </Axis>
      </Axis>
      <Axis t="16">
        <Axis>
          <Y t="1">0.00080</Y>
          <Y t="2">0.00093</Y>
          <Y t="3">0.00100</Y>
          <Y t="4">0.00107</Y>
          <Y t="5">0.00112</Y>
          <Y t="6">0.00114</Y>
          <Y t="7">0.00113</Y>
          <Y t="8">0.00111</Y>
          <Y t="9">0.00109</Y>
          <Y t="10">0.00108</Y>
          <Y t="11">0.00106</Y>
          <Y t="12">0.00104</Y>
          <Y t="13">0.00109</Y>
          <Y t="14">0.00113</Y>
          <Y t="15">0.00118</Y>
        </Axis>
      </Axis>
      <Axis t="17">
        <Axis>
          <Y t="1">0.00092</Y>
          <Y t="2">0.00099</Y>
          <Y t="3">0.00103</Y>
          <Y t="4">0.00107</Y>
          <Y t="5">0.00111</Y>
          <Y t="6">0.00110</Y>
          <Y t="7">0.00109</Y>
          <Y t="8">0.00108</Y>
          <Y t="9">0.00107</Y>
          <Y t="10">0.00106</Y>
          <Y t="11">0.00104</Y>
          <Y t="12">0.00109</Y>
          <Y t="13">0.00113</Y>
          <Y t="14">0.00118</Y>
          <Y t="15">0.00123</Y>
        </Axis>
      </Axis>
      <Axis t="18">
        <Axis>
          <Y t="1">0.00092</Y>
          <Y t="2">0.00098</Y>
          <Y t="3">0.00102</Y>
          <Y t="4">0.00105</Y>
          <Y t="5">0.00108</Y>
          <Y t="6">0.00105</Y>
          <Y t="7">0.00104</Y>
          <Y t="8">0.00104</Y>
          <Y t="9">0.00104</Y>
          <Y t="10">0.00104</Y>
          <Y t="11">0.00103</Y>
          <Y t="12">0.00109</Y>
          <Y t="13">0.00115</Y>
          <Y t="14">0.00121</Y>
          <Y t="15">0.00125</Y>
        </Axis>
      </Axis>
      <Axis t="19">
        <Axis>
          <Y t="1">0.00088</Y>
          <Y t="2">0.00095</Y>
          <Y t="3">0.00098</Y>
          <Y t="4">0.00100</Y>
          <Y t="5">0.00101</Y>
          <Y t="6">0.00098</Y>
          <Y t="7">0.00098</Y>
          <Y t="8">0.00098</Y>
          <Y t="9">0.00099</Y>
          <Y t="10">0.00101</Y>
          <Y t="11">0.00101</Y>
          <Y t="12">0.00109</Y>
          <Y t="13">0.00116</Y>
          <Y t="14">0.00123</Y>
          <Y t="15">0.00128</Y>
        </Axis>
      </Axis>
      <Axis t="20">
        <Axis>
          <Y t="1">0.00082</Y>
          <Y t="2">0.00089</Y>
          <Y t="3">0.00093</Y>
          <Y t="4">0.00094</Y>
          <Y t="5">0.00094</Y>
          <Y t="6">0.00090</Y>
          <Y t="7">0.00092</Y>
          <Y t="8">0.00092</Y>
          <Y t="9">0.00095</Y>
          <Y t="10">0.00099</Y>
          <Y t="11">0.00100</Y>
          <Y t="12">0.00109</Y>
          <Y t="13">0.00116</Y>
          <Y t="14">0.00125</Y>
          <Y t="15">0.00133</Y>
        </Axis>
      </Axis>
      <Axis t="21">
        <Axis>
          <Y t="1">0.00075</Y>
          <Y t="2">0.00084</Y>
          <Y t="3">0.00088</Y>
          <Y t="4">0.00088</Y>
          <Y t="5">0.00087</Y>
          <Y t="6">0.00083</Y>
          <Y t="7">0.00086</Y>
          <Y t="8">0.00088</Y>
          <Y t="9">0.00092</Y>
          <Y t="10">0.00097</Y>
          <Y t="11">0.00101</Y>
          <Y t="12">0.00109</Y>
          <Y t="13">0.00118</Y>
          <Y t="14">0.00128</Y>
          <Y t="15">0.00140</Y>
        </Axis>
      </Axis>
      <Axis t="22">
        <Axis>
          <Y t="1">0.00070</Y>
          <Y t="2">0.00079</Y>
          <Y t="3">0.00084</Y>
          <Y t="4">0.00084</Y>
          <Y t="5">0.00083</Y>
          <Y t="6">0.00081</Y>
          <Y t="7">0.00083</Y>
          <Y t="8">0.00085</Y>
          <Y t="9">0.00090</Y>
          <Y t="10">0.00096</Y>
          <Y t="11">0.00102</Y>
          <Y t="12">0.00110</Y>
          <Y t="13">0.00121</Y>
          <Y t="14">0.00134</Y>
          <Y t="15">0.00149</Y>
        </Axis>
      </Axis>
      <Axis t="23">
        <Axis>
          <Y t="1">0.00067</Y>
          <Y t="2">0.00075</Y>
          <Y t="3">0.00081</Y>
          <Y t="4">0.00081</Y>
          <Y t="5">0.00081</Y>
          <Y t="6">0.00080</Y>
          <Y t="7">0.00082</Y>
          <Y t="8">0.00085</Y>
          <Y t="9">0.00090</Y>
          <Y t="10">0.00097</Y>
          <Y t="11">0.00105</Y>
          <Y t="12">0.00114</Y>
          <Y t="13">0.00128</Y>
          <Y t="14">0.00144</Y>
          <Y t="15">0.00160</Y>
        </Axis>
      </Axis>
      <Axis t="24">
        <Axis>
          <Y t="1">0.00063</Y>
          <Y t="2">0.00071</Y>
          <Y t="3">0.00077</Y>
          <Y t="4">0.00079</Y>
          <Y t="5">0.00080</Y>
          <Y t="6">0.00080</Y>
          <Y t="7">0.00082</Y>
          <Y t="8">0.00086</Y>
          <Y t="9">0.00092</Y>
          <Y t="10">0.00100</Y>
          <Y t="11">0.00111</Y>
          <Y t="12">0.00121</Y>
          <Y t="13">0.00138</Y>
          <Y t="14">0.00157</Y>
          <Y t="15">0.00176</Y>
        </Axis>
      </Axis>
      <Axis t="25">
        <Axis>
          <Y t="1">0.00060</Y>
          <Y t="2">0.00067</Y>
          <Y t="3">0.00074</Y>
          <Y t="4">0.00077</Y>
          <Y t="5">0.00080</Y>
          <Y t="6">0.00081</Y>
          <Y t="7">0.00084</Y>
          <Y t="8">0.00089</Y>
          <Y t="9">0.00096</Y>
          <Y t="10">0.00105</Y>
          <Y t="11">0.00118</Y>
          <Y t="12">0.00132</Y>
          <Y t="13">0.00152</Y>
          <Y t="14">0.00174</Y>
          <Y t="15">0.00195</Y>
        </Axis>
      </Axis>
      <Axis t="26">
        <Axis>
          <Y t="1">0.00058</Y>
          <Y t="2">0.00065</Y>
          <Y t="3">0.00072</Y>
          <Y t="4">0.00076</Y>
          <Y t="5">0.00081</Y>
          <Y t="6">0.00084</Y>
          <Y t="7">0.00088</Y>
          <Y t="8">0.00094</Y>
          <Y t="9">0.00102</Y>
          <Y t="10">0.00113</Y>
          <Y t="11">0.00128</Y>
          <Y t="12">0.00146</Y>
          <Y t="13">0.00167</Y>
          <Y t="14">0.00192</Y>
          <Y t="15">0.00217</Y>
        </Axis>
      </Axis>
      <Axis t="27">
        <Axis>
          <Y t="1">0.00058</Y>
          <Y t="2">0.00064</Y>
          <Y t="3">0.00071</Y>
          <Y t="4">0.00077</Y>
          <Y t="5">0.00083</Y>
          <Y t="6">0.00088</Y>
          <Y t="7">0.00094</Y>
          <Y t="8">0.00101</Y>
          <Y t="9">0.00111</Y>
          <Y t="10">0.00124</Y>
          <Y t="11">0.00141</Y>
          <Y t="12">0.00161</Y>
          <Y t="13">0.00185</Y>
          <Y t="14">0.00213</Y>
          <Y t="15">0.00241</Y>
        </Axis>
      </Axis>
      <Axis t="28">
        <Axis>
          <Y t="1">0.00060</Y>
          <Y t="2">0.00066</Y>
          <Y t="3">0.00073</Y>
          <Y t="4">0.00080</Y>
          <Y t="5">0.00087</Y>
          <Y t="6">0.00094</Y>
          <Y t="7">0.00101</Y>
          <Y t="8">0.00111</Y>
          <Y t="9">0.00123</Y>
          <Y t="10">0.00138</Y>
          <Y t="11">0.00156</Y>
          <Y t="12">0.00178</Y>
          <Y t="13">0.00204</Y>
          <Y t="14">0.00235</Y>
          <Y t="15">0.00265</Y>
        </Axis>
      </Axis>
      <Axis t="29">
        <Axis>
          <Y t="1">0.00063</Y>
          <Y t="2">0.00069</Y>
          <Y t="3">0.00076</Y>
          <Y t="4">0.00084</Y>
          <Y t="5">0.00093</Y>
          <Y t="6">0.00101</Y>
          <Y t="7">0.00111</Y>
          <Y t="8">0.00123</Y>
          <Y t="9">0.00137</Y>
          <Y t="10">0.00155</Y>
          <Y t="11">0.00175</Y>
          <Y t="12">0.00198</Y>
          <Y t="13">0.00226</Y>
          <Y t="14">0.00258</Y>
          <Y t="15">0.00291</Y>
        </Axis>
      </Axis>
      <Axis t="30">
        <Axis>
          <Y t="1">0.00067</Y>
          <Y t="2">0.00074</Y>
          <Y t="3">0.00082</Y>
          <Y t="4">0.00090</Y>
          <Y t="5">0.00100</Y>
          <Y t="6">0.00111</Y>
          <Y t="7">0.00122</Y>
          <Y t="8">0.00137</Y>
          <Y t="9">0.00154</Y>
          <Y t="10">0.00174</Y>
          <Y t="11">0.00196</Y>
          <Y t="12">0.00221</Y>
          <Y t="13">0.00250</Y>
          <Y t="14">0.00284</Y>
          <Y t="15">0.00320</Y>
        </Axis>
      </Axis>
      <Axis t="31">
        <Axis>
          <Y t="1">0.00071</Y>
          <Y t="2">0.00080</Y>
          <Y t="3">0.00088</Y>
          <Y t="4">0.00098</Y>
          <Y t="5">0.00109</Y>
          <Y t="6">0.00122</Y>
          <Y t="7">0.00136</Y>
          <Y t="8">0.00152</Y>
          <Y t="9">0.00173</Y>
          <Y t="10">0.00195</Y>
          <Y t="11">0.00219</Y>
          <Y t="12">0.00246</Y>
          <Y t="13">0.00277</Y>
          <Y t="14">0.00314</Y>
          <Y t="15">0.00353</Y>
        </Axis>
      </Axis>
      <Axis t="32">
        <Axis>
          <Y t="1">0.00075</Y>
          <Y t="2">0.00085</Y>
          <Y t="3">0.00095</Y>
          <Y t="4">0.00106</Y>
          <Y t="5">0.00119</Y>
          <Y t="6">0.00134</Y>
          <Y t="7">0.00151</Y>
          <Y t="8">0.00170</Y>
          <Y t="9">0.00193</Y>
          <Y t="10">0.00218</Y>
          <Y t="11">0.00244</Y>
          <Y t="12">0.00274</Y>
          <Y t="13">0.00308</Y>
          <Y t="14">0.00348</Y>
          <Y t="15">0.00391</Y>
        </Axis>
      </Axis>
      <Axis t="33">
        <Axis>
          <Y t="1">0.00077</Y>
          <Y t="2">0.00089</Y>
          <Y t="3">0.00101</Y>
          <Y t="4">0.00115</Y>
          <Y t="5">0.00131</Y>
          <Y t="6">0.00148</Y>
          <Y t="7">0.00168</Y>
          <Y t="8">0.00189</Y>
          <Y t="9">0.00214</Y>
          <Y t="10">0.00242</Y>
          <Y t="11">0.00271</Y>
          <Y t="12">0.00304</Y>
          <Y t="13">0.00343</Y>
          <Y t="14">0.00388</Y>
          <Y t="15">0.00436</Y>
        </Axis>
      </Axis>
      <Axis t="34">
        <Axis>
          <Y t="1">0.00078</Y>
          <Y t="2">0.00093</Y>
          <Y t="3">0.00108</Y>
          <Y t="4">0.00125</Y>
          <Y t="5">0.00144</Y>
          <Y t="6">0.00164</Y>
          <Y t="7">0.00186</Y>
          <Y t="8">0.00210</Y>
          <Y t="9">0.00237</Y>
          <Y t="10">0.00267</Y>
          <Y t="11">0.00300</Y>
          <Y t="12">0.00337</Y>
          <Y t="13">0.00382</Y>
          <Y t="14">0.00433</Y>
          <Y t="15">0.00486</Y>
        </Axis>
      </Axis>
      <Axis t="35">
        <Axis>
          <Y t="1">0.00080</Y>
          <Y t="2">0.00098</Y>
          <Y t="3">0.00116</Y>
          <Y t="4">0.00137</Y>
          <Y t="5">0.00158</Y>
          <Y t="6">0.00181</Y>
          <Y t="7">0.00205</Y>
          <Y t="8">0.00232</Y>
          <Y t="9">0.00262</Y>
          <Y t="10">0.00294</Y>
          <Y t="11">0.00331</Y>
          <Y t="12">0.00373</Y>
          <Y t="13">0.00424</Y>
          <Y t="14">0.00482</Y>
          <Y t="15">0.00542</Y>
        </Axis>
      </Axis>
      <Axis t="36">
        <Axis>
          <Y t="1">0.00082</Y>
          <Y t="2">0.00104</Y>
          <Y t="3">0.00126</Y>
          <Y t="4">0.00150</Y>
          <Y t="5">0.00175</Y>
          <Y t="6">0.00200</Y>
          <Y t="7">0.00228</Y>
          <Y t="8">0.00257</Y>
          <Y t="9">0.00289</Y>
          <Y t="10">0.00324</Y>
          <Y t="11">0.00365</Y>
          <Y t="12">0.00412</Y>
          <Y t="13">0.00470</Y>
          <Y t="14">0.00536</Y>
          <Y t="15">0.00604</Y>
        </Axis>
      </Axis>
      <Axis t="37">
        <Axis>
          <Y t="1">0.00087</Y>
          <Y t="2">0.00112</Y>
          <Y t="3">0.00138</Y>
          <Y t="4">0.00166</Y>
          <Y t="5">0.00194</Y>
          <Y t="6">0.00222</Y>
          <Y t="7">0.00252</Y>
          <Y t="8">0.00285</Y>
          <Y t="9">0.00320</Y>
          <Y t="10">0.00358</Y>
          <Y t="11">0.00403</Y>
          <Y t="12">0.00455</Y>
          <Y t="13">0.00519</Y>
          <Y t="14">0.00593</Y>
          <Y t="15">0.00670</Y>
        </Axis>
      </Axis>
      <Axis t="38">
        <Axis>
          <Y t="1">0.00094</Y>
          <Y t="2">0.00123</Y>
          <Y t="3">0.00154</Y>
          <Y t="4">0.00185</Y>
          <Y t="5">0.00216</Y>
          <Y t="6">0.00246</Y>
          <Y t="7">0.00279</Y>
          <Y t="8">0.00316</Y>
          <Y t="9">0.00354</Y>
          <Y t="10">0.00396</Y>
          <Y t="11">0.00444</Y>
          <Y t="12">0.00501</Y>
          <Y t="13">0.00570</Y>
          <Y t="14">0.00652</Y>
          <Y t="15">0.00740</Y>
        </Axis>
      </Axis>
      <Axis t="39">
        <Axis>
          <Y t="1">0.00103</Y>
          <Y t="2">0.00138</Y>
          <Y t="3">0.00172</Y>
          <Y t="4">0.00206</Y>
          <Y t="5">0.00239</Y>
          <Y t="6">0.00273</Y>
          <Y t="7">0.00309</Y>
          <Y t="8">0.00349</Y>
          <Y t="9">0.00392</Y>
          <Y t="10">0.00437</Y>
          <Y t="11">0.00489</Y>
          <Y t="12">0.00550</Y>
          <Y t="13">0.00625</Y>
          <Y t="14">0.00715</Y>
          <Y t="15">0.00815</Y>
        </Axis>
      </Axis>
      <Axis t="40">
        <Axis>
          <Y t="1">0.00114</Y>
          <Y t="2">0.00154</Y>
          <Y t="3">0.00192</Y>
          <Y t="4">0.00230</Y>
          <Y t="5">0.00265</Y>
          <Y t="6">0.00301</Y>
          <Y t="7">0.00341</Y>
          <Y t="8">0.00385</Y>
          <Y t="9">0.00432</Y>
          <Y t="10">0.00483</Y>
          <Y t="11">0.00538</Y>
          <Y t="12">0.00603</Y>
          <Y t="13">0.00684</Y>
          <Y t="14">0.00782</Y>
          <Y t="15">0.00896</Y>
        </Axis>
      </Axis>
      <Axis t="41">
        <Axis>
          <Y t="1">0.00125</Y>
          <Y t="2">0.00170</Y>
          <Y t="3">0.00214</Y>
          <Y t="4">0.00255</Y>
          <Y t="5">0.00293</Y>
          <Y t="6">0.00332</Y>
          <Y t="7">0.00374</Y>
          <Y t="8">0.00422</Y>
          <Y t="9">0.00475</Y>
          <Y t="10">0.00531</Y>
          <Y t="11">0.00591</Y>
          <Y t="12">0.00662</Y>
          <Y t="13">0.00749</Y>
          <Y t="14">0.00857</Y>
          <Y t="15">0.00985</Y>
        </Axis>
      </Axis>
      <Axis t="42">
        <Axis>
          <Y t="1">0.00136</Y>
          <Y t="2">0.00187</Y>
          <Y t="3">0.00235</Y>
          <Y t="4">0.00280</Y>
          <Y t="5">0.00322</Y>
          <Y t="6">0.00364</Y>
          <Y t="7">0.00410</Y>
          <Y t="8">0.00462</Y>
          <Y t="9">0.00520</Y>
          <Y t="10">0.00582</Y>
          <Y t="11">0.00649</Y>
          <Y t="12">0.00728</Y>
          <Y t="13">0.00823</Y>
          <Y t="14">0.00941</Y>
          <Y t="15">0.01083</Y>
        </Axis>
      </Axis>
      <Axis t="43">
        <Axis>
          <Y t="1">0.00147</Y>
          <Y t="2">0.00203</Y>
          <Y t="3">0.00256</Y>
          <Y t="4">0.00305</Y>
          <Y t="5">0.00351</Y>
          <Y t="6">0.00397</Y>
          <Y t="7">0.00446</Y>
          <Y t="8">0.00502</Y>
          <Y t="9">0.00563</Y>
          <Y t="10">0.00635</Y>
          <Y t="11">0.00711</Y>
          <Y t="12">0.00801</Y>
          <Y t="13">0.00907</Y>
          <Y t="14">0.01035</Y>
          <Y t="15">0.01190</Y>
        </Axis>
      </Axis>
      <Axis t="44">
        <Axis>
          <Y t="1">0.00158</Y>
          <Y t="2">0.00219</Y>
          <Y t="3">0.00277</Y>
          <Y t="4">0.00331</Y>
          <Y t="5">0.00380</Y>
          <Y t="6">0.00430</Y>
          <Y t="7">0.00483</Y>
          <Y t="8">0.00542</Y>
          <Y t="9">0.00606</Y>
          <Y t="10">0.00689</Y>
          <Y t="11">0.00778</Y>
          <Y t="12">0.00881</Y>
          <Y t="13">0.01000</Y>
          <Y t="14">0.01140</Y>
          <Y t="15">0.01306</Y>
        </Axis>
      </Axis>
      <Axis t="45">
        <Axis>
          <Y t="1">0.00170</Y>
          <Y t="2">0.00236</Y>
          <Y t="3">0.00299</Y>
          <Y t="4">0.00359</Y>
          <Y t="5">0.00412</Y>
          <Y t="6">0.00466</Y>
          <Y t="7">0.00523</Y>
          <Y t="8">0.00585</Y>
          <Y t="9">0.00653</Y>
          <Y t="10">0.00748</Y>
          <Y t="11">0.00851</Y>
          <Y t="12">0.00968</Y>
          <Y t="13">0.01102</Y>
          <Y t="14">0.01255</Y>
          <Y t="15">0.01434</Y>
        </Axis>
      </Axis>
      <Axis t="46">
        <Axis>
          <Y t="1">0.00182</Y>
          <Y t="2">0.00253</Y>
          <Y t="3">0.00322</Y>
          <Y t="4">0.00389</Y>
          <Y t="5">0.00449</Y>
          <Y t="6">0.00507</Y>
          <Y t="7">0.00568</Y>
          <Y t="8">0.00635</Y>
          <Y t="9">0.00709</Y>
          <Y t="10">0.00813</Y>
          <Y t="11">0.00929</Y>
          <Y t="12">0.01061</Y>
          <Y t="13">0.01212</Y>
          <Y t="14">0.01380</Y>
          <Y t="15">0.01574</Y>
        </Axis>
      </Axis>
      <Axis t="47">
        <Axis>
          <Y t="1">0.00194</Y>
          <Y t="2">0.00273</Y>
          <Y t="3">0.00349</Y>
          <Y t="4">0.00423</Y>
          <Y t="5">0.00492</Y>
          <Y t="6">0.00555</Y>
          <Y t="7">0.00620</Y>
          <Y t="8">0.00693</Y>
          <Y t="9">0.00780</Y>
          <Y t="10">0.00888</Y>
          <Y t="11">0.01015</Y>
          <Y t="12">0.01161</Y>
          <Y t="13">0.01329</Y>
          <Y t="14">0.01516</Y>
          <Y t="15">0.01729</Y>
        </Axis>
      </Axis>
      <Axis t="48">
        <Axis>
          <Y t="1">0.00206</Y>
          <Y t="2">0.00295</Y>
          <Y t="3">0.00380</Y>
          <Y t="4">0.00462</Y>
          <Y t="5">0.00542</Y>
          <Y t="6">0.00613</Y>
          <Y t="7">0.00684</Y>
          <Y t="8">0.00764</Y>
          <Y t="9">0.00863</Y>
          <Y t="10">0.00973</Y>
          <Y t="11">0.01108</Y>
          <Y t="12">0.01267</Y>
          <Y t="13">0.01453</Y>
          <Y t="14">0.01662</Y>
          <Y t="15">0.01900</Y>
        </Axis>
      </Axis>
      <Axis t="49">
        <Axis>
          <Y t="1">0.00219</Y>
          <Y t="2">0.00319</Y>
          <Y t="3">0.00414</Y>
          <Y t="4">0.00506</Y>
          <Y t="5">0.00597</Y>
          <Y t="6">0.00678</Y>
          <Y t="7">0.00759</Y>
          <Y t="8">0.00847</Y>
          <Y t="9">0.00953</Y>
          <Y t="10">0.01067</Y>
          <Y t="11">0.01209</Y>
          <Y t="12">0.01380</Y>
          <Y t="13">0.01585</Y>
          <Y t="14">0.01820</Y>
          <Y t="15">0.02087</Y>
        </Axis>
      </Axis>
      <Axis t="50">
        <Axis>
          <Y t="1">0.00232</Y>
          <Y t="2">0.00346</Y>
          <Y t="3">0.00451</Y>
          <Y t="4">0.00553</Y>
          <Y t="5">0.00654</Y>
          <Y t="6">0.00747</Y>
          <Y t="7">0.00839</Y>
          <Y t="8">0.00936</Y>
          <Y t="9">0.01045</Y>
          <Y t="10">0.01166</Y>
          <Y t="11">0.01315</Y>
          <Y t="12">0.01500</Y>
          <Y t="13">0.01726</Y>
          <Y t="14">0.01988</Y>
          <Y t="15">0.02288</Y>
        </Axis>
      </Axis>
      <Axis t="51">
        <Axis>
          <Y t="1">0.00246</Y>
          <Y t="2">0.00374</Y>
          <Y t="3">0.00491</Y>
          <Y t="4">0.00602</Y>
          <Y t="5">0.00712</Y>
          <Y t="6">0.00817</Y>
          <Y t="7">0.00919</Y>
          <Y t="8">0.01025</Y>
          <Y t="9">0.01138</Y>
          <Y t="10">0.01268</Y>
          <Y t="11">0.01427</Y>
          <Y t="12">0.01628</Y>
          <Y t="13">0.01875</Y>
          <Y t="14">0.02167</Y>
          <Y t="15">0.02502</Y>
        </Axis>
      </Axis>
      <Axis t="52">
        <Axis>
          <Y t="1">0.00261</Y>
          <Y t="2">0.00404</Y>
          <Y t="3">0.00532</Y>
          <Y t="4">0.00652</Y>
          <Y t="5">0.00769</Y>
          <Y t="6">0.00883</Y>
          <Y t="7">0.00994</Y>
          <Y t="8">0.01108</Y>
          <Y t="9">0.01229</Y>
          <Y t="10">0.01371</Y>
          <Y t="11">0.01544</Y>
          <Y t="12">0.01763</Y>
          <Y t="13">0.02034</Y>
          <Y t="14">0.02356</Y>
          <Y t="15">0.02729</Y>
        </Axis>
      </Axis>
      <Axis t="53">
        <Axis>
          <Y t="1">0.00277</Y>
          <Y t="2">0.00434</Y>
          <Y t="3">0.00573</Y>
          <Y t="4">0.00700</Y>
          <Y t="5">0.00824</Y>
          <Y t="6">0.00942</Y>
          <Y t="7">0.01059</Y>
          <Y t="8">0.01182</Y>
          <Y t="9">0.01317</Y>
          <Y t="10">0.01472</Y>
          <Y t="11">0.01664</Y>
          <Y t="12">0.01905</Y>
          <Y t="13">0.02201</Y>
          <Y t="14">0.02553</Y>
          <Y t="15">0.02964</Y>
        </Axis>
      </Axis>
      <Axis t="54">
        <Axis>
          <Y t="1">0.00295</Y>
          <Y t="2">0.00465</Y>
          <Y t="3">0.00614</Y>
          <Y t="4">0.00748</Y>
          <Y t="5">0.00877</Y>
          <Y t="6">0.00996</Y>
          <Y t="7">0.01118</Y>
          <Y t="8">0.01251</Y>
          <Y t="9">0.01402</Y>
          <Y t="10">0.01574</Y>
          <Y t="11">0.01787</Y>
          <Y t="12">0.02055</Y>
          <Y t="13">0.02378</Y>
          <Y t="14">0.02759</Y>
          <Y t="15">0.03208</Y>
        </Axis>
      </Axis>
      <Axis t="55">
        <Axis>
          <Y t="1">0.00314</Y>
          <Y t="2">0.00499</Y>
          <Y t="3">0.00659</Y>
          <Y t="4">0.00799</Y>
          <Y t="5">0.00931</Y>
          <Y t="6">0.01052</Y>
          <Y t="7">0.01178</Y>
          <Y t="8">0.01319</Y>
          <Y t="9">0.01489</Y>
          <Y t="10">0.01679</Y>
          <Y t="11">0.01917</Y>
          <Y t="12">0.02215</Y>
          <Y t="13">0.02567</Y>
          <Y t="14">0.02980</Y>
          <Y t="15">0.03471</Y>
        </Axis>
      </Axis>
      <Axis t="56">
        <Axis>
          <Y t="1">0.00337</Y>
          <Y t="2">0.00537</Y>
          <Y t="3">0.00709</Y>
          <Y t="4">0.00856</Y>
          <Y t="5">0.00990</Y>
          <Y t="6">0.01113</Y>
          <Y t="7">0.01245</Y>
          <Y t="8">0.01395</Y>
          <Y t="9">0.01578</Y>
          <Y t="10">0.01790</Y>
          <Y t="11">0.02057</Y>
          <Y t="12">0.02386</Y>
          <Y t="13">0.02771</Y>
          <Y t="14">0.03221</Y>
          <Y t="15">0.03759</Y>
        </Axis>
      </Axis>
      <Axis t="57">
        <Axis>
          <Y t="1">0.00365</Y>
          <Y t="2">0.00582</Y>
          <Y t="3">0.00767</Y>
          <Y t="4">0.00922</Y>
          <Y t="5">0.01057</Y>
          <Y t="6">0.01186</Y>
          <Y t="7">0.01326</Y>
          <Y t="8">0.01483</Y>
          <Y t="9">0.01672</Y>
          <Y t="10">0.01912</Y>
          <Y t="11">0.02208</Y>
          <Y t="12">0.02571</Y>
          <Y t="13">0.02994</Y>
          <Y t="14">0.03488</Y>
          <Y t="15">0.04080</Y>
        </Axis>
      </Axis>
      <Axis t="58">
        <Axis>
          <Y t="1">0.00398</Y>
          <Y t="2">0.00636</Y>
          <Y t="3">0.00837</Y>
          <Y t="4">0.01001</Y>
          <Y t="5">0.01141</Y>
          <Y t="6">0.01279</Y>
          <Y t="7">0.01426</Y>
          <Y t="8">0.01589</Y>
          <Y t="9">0.01781</Y>
          <Y t="10">0.02046</Y>
          <Y t="11">0.02371</Y>
          <Y t="12">0.02769</Y>
          <Y t="13">0.03236</Y>
          <Y t="14">0.03784</Y>
          <Y t="15">0.04439</Y>
        </Axis>
      </Axis>
      <Axis t="59">
        <Axis>
          <Y t="1">0.00437</Y>
          <Y t="2">0.00699</Y>
          <Y t="3">0.00918</Y>
          <Y t="4">0.01093</Y>
          <Y t="5">0.01244</Y>
          <Y t="6">0.01391</Y>
          <Y t="7">0.01545</Y>
          <Y t="8">0.01713</Y>
          <Y t="9">0.01912</Y>
          <Y t="10">0.02195</Y>
          <Y t="11">0.02547</Y>
          <Y t="12">0.02980</Y>
          <Y t="13">0.03498</Y>
          <Y t="14">0.04110</Y>
          <Y t="15">0.04835</Y>
        </Axis>
      </Axis>
      <Axis t="60">
        <Axis>
          <Y t="1">0.00481</Y>
          <Y t="2">0.00769</Y>
          <Y t="3">0.01007</Y>
          <Y t="4">0.01195</Y>
          <Y t="5">0.01362</Y>
          <Y t="6">0.01517</Y>
          <Y t="7">0.01679</Y>
          <Y t="8">0.01852</Y>
          <Y t="9">0.02063</Y>
          <Y t="10">0.02360</Y>
          <Y t="11">0.02739</Y>
          <Y t="12">0.03210</Y>
          <Y t="13">0.03783</Y>
          <Y t="14">0.04466</Y>
          <Y t="15">0.05270</Y>
        </Axis>
      </Axis>
      <Axis t="61">
        <Axis>
          <Y t="1">0.00532</Y>
          <Y t="2">0.00843</Y>
          <Y t="3">0.01100</Y>
          <Y t="4">0.01305</Y>
          <Y t="5">0.01487</Y>
          <Y t="6">0.01652</Y>
          <Y t="7">0.01822</Y>
          <Y t="8">0.02004</Y>
          <Y t="9">0.02230</Y>
          <Y t="10">0.02542</Y>
          <Y t="11">0.02951</Y>
          <Y t="12">0.03463</Y>
          <Y t="13">0.04096</Y>
          <Y t="14">0.04857</Y>
          <Y t="15">0.05744</Y>
        </Axis>
      </Axis>
      <Axis t="62">
        <Axis>
          <Y t="1">0.00589</Y>
          <Y t="2">0.00918</Y>
          <Y t="3">0.01193</Y>
          <Y t="4">0.01420</Y>
          <Y t="5">0.01613</Y>
          <Y t="6">0.01790</Y>
          <Y t="7">0.01971</Y>
          <Y t="8">0.02167</Y>
          <Y t="9">0.02411</Y>
          <Y t="10">0.02745</Y>
          <Y t="11">0.03186</Y>
          <Y t="12">0.03743</Y>
          <Y t="13">0.04441</Y>
          <Y t="14">0.05282</Y>
          <Y t="15">0.06259</Y>
        </Axis>
      </Axis>
      <Axis t="63">
        <Axis>
          <Y t="1">0.00652</Y>
          <Y t="2">0.01004</Y>
          <Y t="3">0.01296</Y>
          <Y t="4">0.01539</Y>
          <Y t="5">0.01738</Y>
          <Y t="6">0.01925</Y>
          <Y t="7">0.02118</Y>
          <Y t="8">0.02331</Y>
          <Y t="9">0.02598</Y>
          <Y t="10">0.02959</Y>
          <Y t="11">0.03437</Y>
          <Y t="12">0.04046</Y>
          <Y t="13">0.04815</Y>
          <Y t="14">0.05742</Y>
          <Y t="15">0.06814</Y>
        </Axis>
      </Axis>
      <Axis t="64">
        <Axis>
          <Y t="1">0.00722</Y>
          <Y t="2">0.01105</Y>
          <Y t="3">0.01413</Y>
          <Y t="4">0.01661</Y>
          <Y t="5">0.01866</Y>
          <Y t="6">0.02062</Y>
          <Y t="7">0.02267</Y>
          <Y t="8">0.02499</Y>
          <Y t="9">0.02795</Y>
          <Y t="10">0.03188</Y>
          <Y t="11">0.03708</Y>
          <Y t="12">0.04375</Y>
          <Y t="13">0.05220</Y>
          <Y t="14">0.06237</Y>
          <Y t="15">0.07410</Y>
        </Axis>
      </Axis>
      <Axis t="65">
        <Axis>
          <Y t="1">0.00799</Y>
          <Y t="2">0.01211</Y>
          <Y t="3">0.01535</Y>
          <Y t="4">0.01785</Y>
          <Y t="5">0.02001</Y>
          <Y t="6">0.02209</Y>
          <Y t="7">0.02430</Y>
          <Y t="8">0.02689</Y>
          <Y t="9">0.03021</Y>
          <Y t="10">0.03452</Y>
          <Y t="11">0.04017</Y>
          <Y t="12">0.04745</Y>
          <Y t="13">0.05666</Y>
          <Y t="14">0.06776</Y>
          <Y t="15">0.08053</Y>
        </Axis>
      </Axis>
      <Axis t="66">
        <Axis>
          <Y t="1">0.00882</Y>
          <Y t="2">0.01313</Y>
          <Y t="3">0.01651</Y>
          <Y t="4">0.01910</Y>
          <Y t="5">0.02145</Y>
          <Y t="6">0.02374</Y>
          <Y t="7">0.02622</Y>
          <Y t="8">0.02918</Y>
          <Y t="9">0.03294</Y>
          <Y t="10">0.03769</Y>
          <Y t="11">0.04382</Y>
          <Y t="12">0.05171</Y>
          <Y t="13">0.06166</Y>
          <Y t="14">0.07363</Y>
          <Y t="15">0.08744</Y>
        </Axis>
      </Axis>
      <Axis t="67">
        <Axis>
          <Y t="1">0.00973</Y>
          <Y t="2">0.01402</Y>
          <Y t="3">0.01750</Y>
          <Y t="4">0.02035</Y>
          <Y t="5">0.02302</Y>
          <Y t="6">0.02566</Y>
          <Y t="7">0.02855</Y>
          <Y t="8">0.03202</Y>
          <Y t="9">0.03634</Y>
          <Y t="10">0.04159</Y>
          <Y t="11">0.04822</Y>
          <Y t="12">0.05668</Y>
          <Y t="13">0.06729</Y>
          <Y t="14">0.08005</Y>
          <Y t="15">0.09488</Y>
        </Axis>
      </Axis>
      <Axis t="68">
        <Axis>
          <Y t="1">0.01071</Y>
          <Y t="2">0.01481</Y>
          <Y t="3">0.01837</Y>
          <Y t="4">0.02159</Y>
          <Y t="5">0.02473</Y>
          <Y t="6">0.02792</Y>
          <Y t="7">0.03144</Y>
          <Y t="8">0.03560</Y>
          <Y t="9">0.04059</Y>
          <Y t="10">0.04640</Y>
          <Y t="11">0.05354</Y>
          <Y t="12">0.06248</Y>
          <Y t="13">0.07363</Y>
          <Y t="14">0.08706</Y>
          <Y t="15">0.10287</Y>
        </Axis>
      </Axis>
      <Axis t="69">
        <Axis>
          <Y t="1">0.01177</Y>
          <Y t="2">0.01559</Y>
          <Y t="3">0.01922</Y>
          <Y t="4">0.02284</Y>
          <Y t="5">0.02659</Y>
          <Y t="6">0.03054</Y>
          <Y t="7">0.03491</Y>
          <Y t="8">0.03993</Y>
          <Y t="9">0.04569</Y>
          <Y t="10">0.05213</Y>
          <Y t="11">0.05976</Y>
          <Y t="12">0.06910</Y>
          <Y t="13">0.08066</Y>
          <Y t="14">0.09464</Y>
          <Y t="15">0.11139</Y>
        </Axis>
      </Axis>
      <Axis t="70">
        <Axis>
          <Y t="1">0.01290</Y>
          <Y t="2">0.01633</Y>
          <Y t="3">0.02004</Y>
          <Y t="4">0.02409</Y>
          <Y t="5">0.02858</Y>
          <Y t="6">0.03348</Y>
          <Y t="7">0.03890</Y>
          <Y t="8">0.04494</Y>
          <Y t="9">0.05158</Y>
          <Y t="10">0.05870</Y>
          <Y t="11">0.06683</Y>
          <Y t="12">0.07648</Y>
          <Y t="13">0.08835</Y>
          <Y t="14">0.10278</Y>
          <Y t="15">0.12045</Y>
        </Axis>
      </Axis>
    </Values>
  </Table>
  <Table>
    <MetaData>
      <ScalingFactor>0</ScalingFactor>
      <DataType tc="2">Floating Point</DataType>
      <Nation tc="1">United States of America</Nation>
      <TableDescription>1965-70 Modified Basic Table – Male. Basis: Age Nearest Birthday. Ultimate Age: 15. Maximum Ultimate Age: 99.</TableDescription>
      <AxisDef id="Age">
        <ScaleType tc="3">Age</ScaleType>
        <AxisName>Age</AxisName>
        <MinScaleValue>15</MinScaleValue>
        <MaxScaleValue>99</MaxScaleValue>
        <Increment>1</Increment>
      </AxisDef>
    </MetaData>
    <Values>
      <Axis>
        <Y t="15">0.00067</Y>
        <Y t="16">0.00081</Y>
        <Y t="17">0.00095</Y>
        <Y t="18">0.00107</Y>
        <Y t="19">0.00116</Y>
        <Y t="20">0.00119</Y>
        <Y t="21">0.00116</Y>
        <Y t="22">0.00113</Y>
        <Y t="23">0.00111</Y>
        <Y t="24">0.00110</Y>
        <Y t="25">0.00108</Y>
        <Y t="26">0.00107</Y>
        <Y t="27">0.00104</Y>
        <Y t="28">0.00109</Y>
        <Y t="29">0.00113</Y>
        <Y t="30">0.00118</Y>
        <Y t="31">0.00123</Y>
        <Y t="32">0.00125</Y>
        <Y t="33">0.00128</Y>
        <Y t="34">0.00133</Y>
        <Y t="35">0.00140</Y>
        <Y t="36">0.00150</Y>
        <Y t="37">0.00163</Y>
        <Y t="38">0.00179</Y>
        <Y t="39">0.00198</Y>
        <Y t="40">0.00220</Y>
        <Y t="41">0.00243</Y>
        <Y t="42">0.00268</Y>
        <Y t="43">0.00296</Y>
        <Y t="44">0.00327</Y>
        <Y t="45">0.00362</Y>
        <Y t="46">0.00399</Y>
        <Y t="47">0.00442</Y>
        <Y t="48">0.00492</Y>
        <Y t="49">0.00551</Y>
        <Y t="50">0.00617</Y>
        <Y t="51">0.00684</Y>
        <Y t="52">0.00750</Y>
        <Y t="53">0.00823</Y>
        <Y t="54">0.00905</Y>
        <Y t="55">0.01003</Y>
        <Y t="56">0.01117</Y>
        <Y t="57">0.01242</Y>
        <Y t="58">0.01373</Y>
        <Y t="59">0.01510</Y>
        <Y t="60">0.01650</Y>
        <Y t="61">0.01801</Y>
        <Y t="62">0.01969</Y>
        <Y t="63">0.02163</Y>
        <Y t="64">0.02381</Y>
        <Y t="65">0.02617</Y>
        <Y t="66">0.02873</Y>
        <Y t="67">0.03140</Y>
        <Y t="68">0.03421</Y>
        <Y t="69">0.03699</Y>
        <Y t="70">0.03992</Y>
        <Y t="71">0.04346</Y>
        <Y t="72">0.04747</Y>
        <Y t="73">0.05173</Y>
        <Y t="74">0.05643</Y>
        <Y t="75">0.06164</Y>
        <Y t="76">0.06741</Y>
        <Y t="77">0.07371</Y>
        <Y t="78">0.08063</Y>
        <Y t="79">0.08800</Y>
        <Y t="80">0.09560</Y>
        <Y t="81">0.10329</Y>
        <Y t="82">0.11163</Y>
        <Y t="83">0.12051</Y>
        <Y t="84">0.13063</Y>
        <Y t="85">0.14176</Y>
        <Y t="86">0.15397</Y>
        <Y t="87">0.16726</Y>
        <Y t="88">0.18142</Y>
        <Y t="89">0.19363</Y>
        <Y t="90">0.20296</Y>
        <Y t="91">0.21032</Y>
        <Y t="92">0.21776</Y>
        <Y t="93">0.23007</Y>
        <Y t="94">0.24883</Y>
        <Y t="95">0.26793</Y>
        <Y t="96">0.31998</Y>
        <Y t="97">0.43760</Y>
        <Y t="98">0.65341</Y>
        <Y t="99">1.00000</Y>
      </Axis>
    </Values>
  </Table>
</XTbML>