﻿<?xml version="1.0" encoding="utf-8"?>
<XTbML>
  <ContentClassification>
    <TableIdentity>1610</TableIdentity>
    <ProviderDomain>soa.org</ProviderDomain>
    <ProviderName>Roger Scott Lumsden</ProviderName>
    <TableReference>O. David Green III, “Modified 1965-70 Select and Ultimate Basic Tables – Actuarial Note”, Transactions of the Society of Actuaries Vol. XXIX (1977). Accessed: March, 2013 from http://www.soa.org/Library/Research/Transactions-Of-Society-Of-Actuaries/1977/January/tsa77v295.aspx</TableReference>
    <ContentType tc="4">Insured Lives Mortality</ContentType>
    <TableName>1965-70 Modified Basic Table - Female, ANB</TableName>
    <TableDescription>1965-70 Modified Basic Table – Female. Basis: Age Nearest Birthday. Minimum Select Age: 0. Maximum Select Age: 70. Minimum Ultimate Age: 15. Maximum Ultimate Age: 99.</TableDescription>
    <Comments>Study Data: Built from the 1965-70 Basic Table (See SOA Table Identities 357 and 359) as the original select rates did not grade smoothly into the ultimate rates. The modified tables also provide select rates for all ages rather than age bands. Disconnects between select and ultimate rates were attributed to the fact that the select rates of the 1965-70 Basic Table were built relying solely on medically underwritten policies while ultimate rates were built from both medically and non-medically underwritten policies. Methodology: The Modified 1965-70 Tables use the ultimate rates of the 1965-70 Basic Tables without adjustment. For the select period, in order to maximize fit with the original graduated rates, five durational ratios of the 1965-70 Select Basic Table to the 1965-70 Ultimate Basic Table were chosen. Intervening durational ratios were then calculated using a Lagrangian interpolation formula that fitted a fourth degree polynomial to the known ratios. It was deemed that no selection process is in effect for ages 0-14. Final rates for individual ages were then developed by the use of CURVFIT, an interpolation technique involving the passing of a different cubic polynomial between each pair of points and then fitting these curves together so as to produce on smooth continuous curve. Ultimate rates in the 1965-70 Basic Tables were truncated at age 100. For the Modified tables, it was decided to set q99 to 1.00 and then rates for age 93-98 were obtained by passing a cubic through ages 93, 94, 95 and 99. Despite detracting from the technical beauty desired, empirical adjustments were made whenever a test of reasonableness failed. Data Transcription Errors Detected: 03/2013.  Data Corrected and Certified: 03/2013.</Comments>
    <KeyWord>Select</KeyWord>
    <KeyWord>Insured Lives Mortality</KeyWord>
    <KeyWord>United States of America</KeyWord>
  </ContentClassification>
  <Table>
    <MetaData>
      <ScalingFactor>0</ScalingFactor>
      <DataType tc="2">Floating Point</DataType>
      <Nation tc="1">United States of America</Nation>
      <TableDescription>1965-70 Modified Basic Table – Female. Basis: Age Nearest Birthday. Minimum Select Age: 0. Maximum Select Age: 70.</TableDescription>
      <AxisDef id="Age">
        <ScaleType tc="3">Age</ScaleType>
        <AxisName>Age</AxisName>
        <MinScaleValue>0</MinScaleValue>
        <MaxScaleValue>70</MaxScaleValue>
        <Increment>1</Increment>
      </AxisDef>
      <AxisDef id="Duration">
        <ScaleType tc="2">Ordinal Date</ScaleType>
        <AxisName>Duration</AxisName>
        <MinScaleValue>1</MinScaleValue>
        <MaxScaleValue>15</MaxScaleValue>
        <Increment>1</Increment>
      </AxisDef>
    </MetaData>
    <Values>
      <Axis t="0">
        <Axis>
          <Y t="1">0.00480</Y>
          <Y t="2">0.00122</Y>
          <Y t="3">0.00072</Y>
          <Y t="4">0.00055</Y>
          <Y t="5">0.00048</Y>
          <Y t="6">0.00042</Y>
          <Y t="7">0.00037</Y>
          <Y t="8">0.00033</Y>
          <Y t="9">0.00029</Y>
          <Y t="10">0.00027</Y>
          <Y t="11">0.00025</Y>
          <Y t="12">0.00026</Y>
          <Y t="13">0.00027</Y>
          <Y t="14">0.00029</Y>
          <Y t="15">0.00033</Y>
        </Axis>
      </Axis>
      <Axis t="1">
        <Axis>
          <Y t="1">0.00122</Y>
          <Y t="2">0.00072</Y>
          <Y t="3">0.00055</Y>
          <Y t="4">0.00048</Y>
          <Y t="5">0.00042</Y>
          <Y t="6">0.00037</Y>
          <Y t="7">0.00033</Y>
          <Y t="8">0.00029</Y>
          <Y t="9">0.00027</Y>
          <Y t="10">0.00025</Y>
          <Y t="11">0.00026</Y>
          <Y t="12">0.00027</Y>
          <Y t="13">0.00029</Y>
          <Y t="14">0.00033</Y>
          <Y t="15">0.00036</Y>
        </Axis>
      </Axis>
      <Axis t="2">
        <Axis>
          <Y t="1">0.00072</Y>
          <Y t="2">0.00055</Y>
          <Y t="3">0.00048</Y>
          <Y t="4">0.00042</Y>
          <Y t="5">0.00037</Y>
          <Y t="6">0.00033</Y>
          <Y t="7">0.00029</Y>
          <Y t="8">0.00027</Y>
          <Y t="9">0.00025</Y>
          <Y t="10">0.00026</Y>
          <Y t="11">0.00027</Y>
          <Y t="12">0.00029</Y>
          <Y t="13">0.00033</Y>
          <Y t="14">0.00036</Y>
          <Y t="15">0.00041</Y>
        </Axis>
      </Axis>
      <Axis t="3">
        <Axis>
          <Y t="1">0.00055</Y>
          <Y t="2">0.00048</Y>
          <Y t="3">0.00042</Y>
          <Y t="4">0.00037</Y>
          <Y t="5">0.00033</Y>
          <Y t="6">0.00029</Y>
          <Y t="7">0.00027</Y>
          <Y t="8">0.00025</Y>
          <Y t="9">0.00026</Y>
          <Y t="10">0.00027</Y>
          <Y t="11">0.00029</Y>
          <Y t="12">0.00033</Y>
          <Y t="13">0.00036</Y>
          <Y t="14">0.00041</Y>
          <Y t="15">0.00047</Y>
        </Axis>
      </Axis>
      <Axis t="4">
        <Axis>
          <Y t="1">0.00048</Y>
          <Y t="2">0.00042</Y>
          <Y t="3">0.00037</Y>
          <Y t="4">0.00033</Y>
          <Y t="5">0.00029</Y>
          <Y t="6">0.00027</Y>
          <Y t="7">0.00025</Y>
          <Y t="8">0.00026</Y>
          <Y t="9">0.00027</Y>
          <Y t="10">0.00029</Y>
          <Y t="11">0.00033</Y>
          <Y t="12">0.00036</Y>
          <Y t="13">0.00041</Y>
          <Y t="14">0.00047</Y>
          <Y t="15">0.00053</Y>
        </Axis>
      </Axis>
      <Axis t="5">
        <Axis>
          <Y t="1">0.00042</Y>
          <Y t="2">0.00037</Y>
          <Y t="3">0.00033</Y>
          <Y t="4">0.00029</Y>
          <Y t="5">0.00027</Y>
          <Y t="6">0.00025</Y>
          <Y t="7">0.00026</Y>
          <Y t="8">0.00027</Y>
          <Y t="9">0.00029</Y>
          <Y t="10">0.00033</Y>
          <Y t="11">0.00036</Y>
          <Y t="12">0.00041</Y>
          <Y t="13">0.00047</Y>
          <Y t="14">0.00053</Y>
          <Y t="15">0.00057</Y>
        </Axis>
      </Axis>
      <Axis t="6">
        <Axis>
          <Y t="1">0.00037</Y>
          <Y t="2">0.00033</Y>
          <Y t="3">0.00029</Y>
          <Y t="4">0.00027</Y>
          <Y t="5">0.00025</Y>
          <Y t="6">0.00026</Y>
          <Y t="7">0.00027</Y>
          <Y t="8">0.00029</Y>
          <Y t="9">0.00033</Y>
          <Y t="10">0.00036</Y>
          <Y t="11">0.00041</Y>
          <Y t="12">0.00047</Y>
          <Y t="13">0.00053</Y>
          <Y t="14">0.00057</Y>
          <Y t="15">0.00059</Y>
        </Axis>
      </Axis>
      <Axis t="7">
        <Axis>
          <Y t="1">0.00033</Y>
          <Y t="2">0.00029</Y>
          <Y t="3">0.00027</Y>
          <Y t="4">0.00025</Y>
          <Y t="5">0.00026</Y>
          <Y t="6">0.00027</Y>
          <Y t="7">0.00029</Y>
          <Y t="8">0.00033</Y>
          <Y t="9">0.00036</Y>
          <Y t="10">0.00041</Y>
          <Y t="11">0.00047</Y>
          <Y t="12">0.00053</Y>
          <Y t="13">0.00057</Y>
          <Y t="14">0.00059</Y>
          <Y t="15">0.00058</Y>
        </Axis>
      </Axis>
      <Axis t="8">
        <Axis>
          <Y t="1">0.00029</Y>
          <Y t="2">0.00027</Y>
          <Y t="3">0.00025</Y>
          <Y t="4">0.00026</Y>
          <Y t="5">0.00027</Y>
          <Y t="6">0.00029</Y>
          <Y t="7">0.00033</Y>
          <Y t="8">0.00036</Y>
          <Y t="9">0.00041</Y>
          <Y t="10">0.00047</Y>
          <Y t="11">0.00053</Y>
          <Y t="12">0.00057</Y>
          <Y t="13">0.00059</Y>
          <Y t="14">0.00058</Y>
          <Y t="15">0.00056</Y>
        </Axis>
      </Axis>
      <Axis t="9">
        <Axis>
          <Y t="1">0.00027</Y>
          <Y t="2">0.00025</Y>
          <Y t="3">0.00026</Y>
          <Y t="4">0.00027</Y>
          <Y t="5">0.00029</Y>
          <Y t="6">0.00033</Y>
          <Y t="7">0.00036</Y>
          <Y t="8">0.00041</Y>
          <Y t="9">0.00047</Y>
          <Y t="10">0.00053</Y>
          <Y t="11">0.00057</Y>
          <Y t="12">0.00059</Y>
          <Y t="13">0.00058</Y>
          <Y t="14">0.00056</Y>
          <Y t="15">0.00055</Y>
        </Axis>
      </Axis>
      <Axis t="10">
        <Axis>
          <Y t="1">0.00025</Y>
          <Y t="2">0.00026</Y>
          <Y t="3">0.00027</Y>
          <Y t="4">0.00029</Y>
          <Y t="5">0.00033</Y>
          <Y t="6">0.00036</Y>
          <Y t="7">0.00041</Y>
          <Y t="8">0.00047</Y>
          <Y t="9">0.00053</Y>
          <Y t="10">0.00057</Y>
          <Y t="11">0.00059</Y>
          <Y t="12">0.00058</Y>
          <Y t="13">0.00056</Y>
          <Y t="14">0.00055</Y>
          <Y t="15">0.00054</Y>
        </Axis>
      </Axis>
      <Axis t="11">
        <Axis>
          <Y t="1">0.00026</Y>
          <Y t="2">0.00027</Y>
          <Y t="3">0.00029</Y>
          <Y t="4">0.00033</Y>
          <Y t="5">0.00036</Y>
          <Y t="6">0.00041</Y>
          <Y t="7">0.00047</Y>
          <Y t="8">0.00053</Y>
          <Y t="9">0.00057</Y>
          <Y t="10">0.00059</Y>
          <Y t="11">0.00058</Y>
          <Y t="12">0.00056</Y>
          <Y t="13">0.00055</Y>
          <Y t="14">0.00054</Y>
          <Y t="15">0.00053</Y>
        </Axis>
      </Axis>
      <Axis t="12">
        <Axis>
          <Y t="1">0.00027</Y>
          <Y t="2">0.00029</Y>
          <Y t="3">0.00033</Y>
          <Y t="4">0.00036</Y>
          <Y t="5">0.00041</Y>
          <Y t="6">0.00047</Y>
          <Y t="7">0.00053</Y>
          <Y t="8">0.00057</Y>
          <Y t="9">0.00059</Y>
          <Y t="10">0.00058</Y>
          <Y t="11">0.00056</Y>
          <Y t="12">0.00055</Y>
          <Y t="13">0.00054</Y>
          <Y t="14">0.00053</Y>
          <Y t="15">0.00054</Y>
        </Axis>
      </Axis>
      <Axis t="13">
        <Axis>
          <Y t="1">0.00029</Y>
          <Y t="2">0.00033</Y>
          <Y t="3">0.00036</Y>
          <Y t="4">0.00041</Y>
          <Y t="5">0.00047</Y>
          <Y t="6">0.00053</Y>
          <Y t="7">0.00057</Y>
          <Y t="8">0.00059</Y>
          <Y t="9">0.00058</Y>
          <Y t="10">0.00056</Y>
          <Y t="11">0.00055</Y>
          <Y t="12">0.00054</Y>
          <Y t="13">0.00053</Y>
          <Y t="14">0.00054</Y>
          <Y t="15">0.00057</Y>
        </Axis>
      </Axis>
      <Axis t="14">
        <Axis>
          <Y t="1">0.00033</Y>
          <Y t="2">0.00036</Y>
          <Y t="3">0.00041</Y>
          <Y t="4">0.00047</Y>
          <Y t="5">0.00053</Y>
          <Y t="6">0.00057</Y>
          <Y t="7">0.00059</Y>
          <Y t="8">0.00058</Y>
          <Y t="9">0.00056</Y>
          <Y t="10">0.00055</Y>
          <Y t="11">0.00054</Y>
          <Y t="12">0.00053</Y>
          <Y t="13">0.00054</Y>
          <Y t="14">0.00057</Y>
          <Y t="15">0.00060</Y>
        </Axis>
      </Axis>
      <Axis t="15">
        <Axis>
          <Y t="1">0.00035</Y>
          <Y t="2">0.00040</Y>
          <Y t="3">0.00046</Y>
          <Y t="4">0.00050</Y>
          <Y t="5">0.00053</Y>
          <Y t="6">0.00059</Y>
          <Y t="7">0.00058</Y>
          <Y t="8">0.00056</Y>
          <Y t="9">0.00055</Y>
          <Y t="10">0.00054</Y>
          <Y t="11">0.00053</Y>
          <Y t="12">0.00054</Y>
          <Y t="13">0.00057</Y>
          <Y t="14">0.00060</Y>
          <Y t="15">0.00063</Y>
        </Axis>
      </Axis>
      <Axis t="16">
        <Axis>
          <Y t="1">0.00039</Y>
          <Y t="2">0.00046</Y>
          <Y t="3">0.00050</Y>
          <Y t="4">0.00051</Y>
          <Y t="5">0.00053</Y>
          <Y t="6">0.00058</Y>
          <Y t="7">0.00056</Y>
          <Y t="8">0.00055</Y>
          <Y t="9">0.00054</Y>
          <Y t="10">0.00053</Y>
          <Y t="11">0.00054</Y>
          <Y t="12">0.00057</Y>
          <Y t="13">0.00060</Y>
          <Y t="14">0.00063</Y>
          <Y t="15">0.00066</Y>
        </Axis>
      </Axis>
      <Axis t="17">
        <Axis>
          <Y t="1">0.00045</Y>
          <Y t="2">0.00049</Y>
          <Y t="3">0.00050</Y>
          <Y t="4">0.00051</Y>
          <Y t="5">0.00053</Y>
          <Y t="6">0.00056</Y>
          <Y t="7">0.00055</Y>
          <Y t="8">0.00054</Y>
          <Y t="9">0.00053</Y>
          <Y t="10">0.00054</Y>
          <Y t="11">0.00057</Y>
          <Y t="12">0.00060</Y>
          <Y t="13">0.00063</Y>
          <Y t="14">0.00066</Y>
          <Y t="15">0.00067</Y>
        </Axis>
      </Axis>
      <Axis t="18">
        <Axis>
          <Y t="1">0.00047</Y>
          <Y t="2">0.00049</Y>
          <Y t="3">0.00050</Y>
          <Y t="4">0.00052</Y>
          <Y t="5">0.00054</Y>
          <Y t="6">0.00055</Y>
          <Y t="7">0.00054</Y>
          <Y t="8">0.00053</Y>
          <Y t="9">0.00054</Y>
          <Y t="10">0.00057</Y>
          <Y t="11">0.00060</Y>
          <Y t="12">0.00063</Y>
          <Y t="13">0.00066</Y>
          <Y t="14">0.00067</Y>
          <Y t="15">0.00070</Y>
        </Axis>
      </Axis>
      <Axis t="19">
        <Axis>
          <Y t="1">0.00048</Y>
          <Y t="2">0.00049</Y>
          <Y t="3">0.00051</Y>
          <Y t="4">0.00054</Y>
          <Y t="5">0.00055</Y>
          <Y t="6">0.00054</Y>
          <Y t="7">0.00053</Y>
          <Y t="8">0.00054</Y>
          <Y t="9">0.00057</Y>
          <Y t="10">0.00060</Y>
          <Y t="11">0.00063</Y>
          <Y t="12">0.00066</Y>
          <Y t="13">0.00067</Y>
          <Y t="14">0.00070</Y>
          <Y t="15">0.00076</Y>
        </Axis>
      </Axis>
      <Axis t="20">
        <Axis>
          <Y t="1">0.00048</Y>
          <Y t="2">0.00050</Y>
          <Y t="3">0.00052</Y>
          <Y t="4">0.00054</Y>
          <Y t="5">0.00054</Y>
          <Y t="6">0.00053</Y>
          <Y t="7">0.00054</Y>
          <Y t="8">0.00057</Y>
          <Y t="9">0.00060</Y>
          <Y t="10">0.00063</Y>
          <Y t="11">0.00066</Y>
          <Y t="12">0.00067</Y>
          <Y t="13">0.00070</Y>
          <Y t="14">0.00076</Y>
          <Y t="15">0.00083</Y>
        </Axis>
      </Axis>
      <Axis t="21">
        <Axis>
          <Y t="1">0.00049</Y>
          <Y t="2">0.00051</Y>
          <Y t="3">0.00054</Y>
          <Y t="4">0.00053</Y>
          <Y t="5">0.00053</Y>
          <Y t="6">0.00054</Y>
          <Y t="7">0.00057</Y>
          <Y t="8">0.00060</Y>
          <Y t="9">0.00063</Y>
          <Y t="10">0.00066</Y>
          <Y t="11">0.00067</Y>
          <Y t="12">0.00070</Y>
          <Y t="13">0.00076</Y>
          <Y t="14">0.00083</Y>
          <Y t="15">0.00092</Y>
        </Axis>
      </Axis>
      <Axis t="22">
        <Axis>
          <Y t="1">0.00050</Y>
          <Y t="2">0.00054</Y>
          <Y t="3">0.00052</Y>
          <Y t="4">0.00053</Y>
          <Y t="5">0.00054</Y>
          <Y t="6">0.00057</Y>
          <Y t="7">0.00060</Y>
          <Y t="8">0.00063</Y>
          <Y t="9">0.00066</Y>
          <Y t="10">0.00067</Y>
          <Y t="11">0.00070</Y>
          <Y t="12">0.00076</Y>
          <Y t="13">0.00083</Y>
          <Y t="14">0.00092</Y>
          <Y t="15">0.00102</Y>
        </Axis>
      </Axis>
      <Axis t="23">
        <Axis>
          <Y t="1">0.00051</Y>
          <Y t="2">0.00052</Y>
          <Y t="3">0.00052</Y>
          <Y t="4">0.00054</Y>
          <Y t="5">0.00057</Y>
          <Y t="6">0.00060</Y>
          <Y t="7">0.00063</Y>
          <Y t="8">0.00066</Y>
          <Y t="9">0.00067</Y>
          <Y t="10">0.00070</Y>
          <Y t="11">0.00076</Y>
          <Y t="12">0.00083</Y>
          <Y t="13">0.00092</Y>
          <Y t="14">0.00102</Y>
          <Y t="15">0.00116</Y>
        </Axis>
      </Axis>
      <Axis t="24">
        <Axis>
          <Y t="1">0.00051</Y>
          <Y t="2">0.00052</Y>
          <Y t="3">0.00053</Y>
          <Y t="4">0.00057</Y>
          <Y t="5">0.00060</Y>
          <Y t="6">0.00063</Y>
          <Y t="7">0.00066</Y>
          <Y t="8">0.00067</Y>
          <Y t="9">0.00070</Y>
          <Y t="10">0.00076</Y>
          <Y t="11">0.00083</Y>
          <Y t="12">0.00092</Y>
          <Y t="13">0.00102</Y>
          <Y t="14">0.00116</Y>
          <Y t="15">0.00131</Y>
        </Axis>
      </Axis>
      <Axis t="25">
        <Axis>
          <Y t="1">0.00052</Y>
          <Y t="2">0.00053</Y>
          <Y t="3">0.00056</Y>
          <Y t="4">0.00060</Y>
          <Y t="5">0.00063</Y>
          <Y t="6">0.00066</Y>
          <Y t="7">0.00067</Y>
          <Y t="8">0.00070</Y>
          <Y t="9">0.00076</Y>
          <Y t="10">0.00083</Y>
          <Y t="11">0.00092</Y>
          <Y t="12">0.00102</Y>
          <Y t="13">0.00116</Y>
          <Y t="14">0.00131</Y>
          <Y t="15">0.00145</Y>
        </Axis>
      </Axis>
      <Axis t="26">
        <Axis>
          <Y t="1">0.00053</Y>
          <Y t="2">0.00055</Y>
          <Y t="3">0.00060</Y>
          <Y t="4">0.00063</Y>
          <Y t="5">0.00066</Y>
          <Y t="6">0.00067</Y>
          <Y t="7">0.00070</Y>
          <Y t="8">0.00076</Y>
          <Y t="9">0.00083</Y>
          <Y t="10">0.00092</Y>
          <Y t="11">0.00102</Y>
          <Y t="12">0.00116</Y>
          <Y t="13">0.00131</Y>
          <Y t="14">0.00145</Y>
          <Y t="15">0.00160</Y>
        </Axis>
      </Axis>
      <Axis t="27">
        <Axis>
          <Y t="1">0.00054</Y>
          <Y t="2">0.00059</Y>
          <Y t="3">0.00063</Y>
          <Y t="4">0.00066</Y>
          <Y t="5">0.00067</Y>
          <Y t="6">0.00070</Y>
          <Y t="7">0.00076</Y>
          <Y t="8">0.00083</Y>
          <Y t="9">0.00092</Y>
          <Y t="10">0.00102</Y>
          <Y t="11">0.00116</Y>
          <Y t="12">0.00131</Y>
          <Y t="13">0.00145</Y>
          <Y t="14">0.00160</Y>
          <Y t="15">0.00176</Y>
        </Axis>
      </Axis>
      <Axis t="28">
        <Axis>
          <Y t="1">0.00057</Y>
          <Y t="2">0.00062</Y>
          <Y t="3">0.00066</Y>
          <Y t="4">0.00067</Y>
          <Y t="5">0.00070</Y>
          <Y t="6">0.00076</Y>
          <Y t="7">0.00083</Y>
          <Y t="8">0.00092</Y>
          <Y t="9">0.00102</Y>
          <Y t="10">0.00116</Y>
          <Y t="11">0.00131</Y>
          <Y t="12">0.00145</Y>
          <Y t="13">0.00160</Y>
          <Y t="14">0.00176</Y>
          <Y t="15">0.00191</Y>
        </Axis>
      </Axis>
      <Axis t="29">
        <Axis>
          <Y t="1">0.00060</Y>
          <Y t="2">0.00065</Y>
          <Y t="3">0.00067</Y>
          <Y t="4">0.00070</Y>
          <Y t="5">0.00076</Y>
          <Y t="6">0.00083</Y>
          <Y t="7">0.00092</Y>
          <Y t="8">0.00102</Y>
          <Y t="9">0.00116</Y>
          <Y t="10">0.00131</Y>
          <Y t="11">0.00145</Y>
          <Y t="12">0.00160</Y>
          <Y t="13">0.00176</Y>
          <Y t="14">0.00191</Y>
          <Y t="15">0.00207</Y>
        </Axis>
      </Axis>
      <Axis t="30">
        <Axis>
          <Y t="1">0.00064</Y>
          <Y t="2">0.00067</Y>
          <Y t="3">0.00070</Y>
          <Y t="4">0.00076</Y>
          <Y t="5">0.00083</Y>
          <Y t="6">0.00092</Y>
          <Y t="7">0.00102</Y>
          <Y t="8">0.00116</Y>
          <Y t="9">0.00131</Y>
          <Y t="10">0.00145</Y>
          <Y t="11">0.00160</Y>
          <Y t="12">0.00176</Y>
          <Y t="13">0.00191</Y>
          <Y t="14">0.00207</Y>
          <Y t="15">0.00226</Y>
        </Axis>
      </Axis>
      <Axis t="31">
        <Axis>
          <Y t="1">0.00067</Y>
          <Y t="2">0.00070</Y>
          <Y t="3">0.00076</Y>
          <Y t="4">0.00083</Y>
          <Y t="5">0.00092</Y>
          <Y t="6">0.00102</Y>
          <Y t="7">0.00116</Y>
          <Y t="8">0.00131</Y>
          <Y t="9">0.00145</Y>
          <Y t="10">0.00160</Y>
          <Y t="11">0.00176</Y>
          <Y t="12">0.00191</Y>
          <Y t="13">0.00207</Y>
          <Y t="14">0.00226</Y>
          <Y t="15">0.00248</Y>
        </Axis>
      </Axis>
      <Axis t="32">
        <Axis>
          <Y t="1">0.00070</Y>
          <Y t="2">0.00076</Y>
          <Y t="3">0.00083</Y>
          <Y t="4">0.00092</Y>
          <Y t="5">0.00102</Y>
          <Y t="6">0.00116</Y>
          <Y t="7">0.00131</Y>
          <Y t="8">0.00145</Y>
          <Y t="9">0.00160</Y>
          <Y t="10">0.00176</Y>
          <Y t="11">0.00191</Y>
          <Y t="12">0.00207</Y>
          <Y t="13">0.00226</Y>
          <Y t="14">0.00248</Y>
          <Y t="15">0.00270</Y>
        </Axis>
      </Axis>
      <Axis t="33">
        <Axis>
          <Y t="1">0.00072</Y>
          <Y t="2">0.00081</Y>
          <Y t="3">0.00090</Y>
          <Y t="4">0.00101</Y>
          <Y t="5">0.00113</Y>
          <Y t="6">0.00129</Y>
          <Y t="7">0.00145</Y>
          <Y t="8">0.00159</Y>
          <Y t="9">0.00176</Y>
          <Y t="10">0.00191</Y>
          <Y t="11">0.00207</Y>
          <Y t="12">0.00226</Y>
          <Y t="13">0.00247</Y>
          <Y t="14">0.00270</Y>
          <Y t="15">0.00292</Y>
        </Axis>
      </Axis>
      <Axis t="34">
        <Axis>
          <Y t="1">0.00074</Y>
          <Y t="2">0.00085</Y>
          <Y t="3">0.00097</Y>
          <Y t="4">0.00110</Y>
          <Y t="5">0.00124</Y>
          <Y t="6">0.00141</Y>
          <Y t="7">0.00158</Y>
          <Y t="8">0.00174</Y>
          <Y t="9">0.00191</Y>
          <Y t="10">0.00207</Y>
          <Y t="11">0.00226</Y>
          <Y t="12">0.00247</Y>
          <Y t="13">0.00269</Y>
          <Y t="14">0.00292</Y>
          <Y t="15">0.00317</Y>
        </Axis>
      </Axis>
      <Axis t="35">
        <Axis>
          <Y t="1">0.00075</Y>
          <Y t="2">0.00089</Y>
          <Y t="3">0.00104</Y>
          <Y t="4">0.00119</Y>
          <Y t="5">0.00136</Y>
          <Y t="6">0.00153</Y>
          <Y t="7">0.00170</Y>
          <Y t="8">0.00188</Y>
          <Y t="9">0.00207</Y>
          <Y t="10">0.00226</Y>
          <Y t="11">0.00247</Y>
          <Y t="12">0.00267</Y>
          <Y t="13">0.00292</Y>
          <Y t="14">0.00317</Y>
          <Y t="15">0.00344</Y>
        </Axis>
      </Axis>
      <Axis t="36">
        <Axis>
          <Y t="1">0.00076</Y>
          <Y t="2">0.00094</Y>
          <Y t="3">0.00111</Y>
          <Y t="4">0.00129</Y>
          <Y t="5">0.00147</Y>
          <Y t="6">0.00165</Y>
          <Y t="7">0.00183</Y>
          <Y t="8">0.00203</Y>
          <Y t="9">0.00225</Y>
          <Y t="10">0.00246</Y>
          <Y t="11">0.00266</Y>
          <Y t="12">0.00288</Y>
          <Y t="13">0.00315</Y>
          <Y t="14">0.00341</Y>
          <Y t="15">0.00371</Y>
        </Axis>
      </Axis>
      <Axis t="37">
        <Axis>
          <Y t="1">0.00077</Y>
          <Y t="2">0.00098</Y>
          <Y t="3">0.00118</Y>
          <Y t="4">0.00138</Y>
          <Y t="5">0.00159</Y>
          <Y t="6">0.00178</Y>
          <Y t="7">0.00197</Y>
          <Y t="8">0.00218</Y>
          <Y t="9">0.00241</Y>
          <Y t="10">0.00263</Y>
          <Y t="11">0.00285</Y>
          <Y t="12">0.00309</Y>
          <Y t="13">0.00338</Y>
          <Y t="14">0.00366</Y>
          <Y t="15">0.00400</Y>
        </Axis>
      </Axis>
      <Axis t="38">
        <Axis>
          <Y t="1">0.00079</Y>
          <Y t="2">0.00102</Y>
          <Y t="3">0.00125</Y>
          <Y t="4">0.00148</Y>
          <Y t="5">0.00171</Y>
          <Y t="6">0.00192</Y>
          <Y t="7">0.00212</Y>
          <Y t="8">0.00233</Y>
          <Y t="9">0.00256</Y>
          <Y t="10">0.00278</Y>
          <Y t="11">0.00302</Y>
          <Y t="12">0.00329</Y>
          <Y t="13">0.00360</Y>
          <Y t="14">0.00391</Y>
          <Y t="15">0.00429</Y>
        </Axis>
      </Axis>
      <Axis t="39">
        <Axis>
          <Y t="1">0.00080</Y>
          <Y t="2">0.00106</Y>
          <Y t="3">0.00132</Y>
          <Y t="4">0.00158</Y>
          <Y t="5">0.00184</Y>
          <Y t="6">0.00206</Y>
          <Y t="7">0.00227</Y>
          <Y t="8">0.00248</Y>
          <Y t="9">0.00271</Y>
          <Y t="10">0.00293</Y>
          <Y t="11">0.00318</Y>
          <Y t="12">0.00348</Y>
          <Y t="13">0.00382</Y>
          <Y t="14">0.00416</Y>
          <Y t="15">0.00460</Y>
        </Axis>
      </Axis>
      <Axis t="40">
        <Axis>
          <Y t="1">0.00082</Y>
          <Y t="2">0.00110</Y>
          <Y t="3">0.00139</Y>
          <Y t="4">0.00168</Y>
          <Y t="5">0.00196</Y>
          <Y t="6">0.00220</Y>
          <Y t="7">0.00242</Y>
          <Y t="8">0.00264</Y>
          <Y t="9">0.00286</Y>
          <Y t="10">0.00308</Y>
          <Y t="11">0.00333</Y>
          <Y t="12">0.00367</Y>
          <Y t="13">0.00404</Y>
          <Y t="14">0.00443</Y>
          <Y t="15">0.00493</Y>
        </Axis>
      </Axis>
      <Axis t="41">
        <Axis>
          <Y t="1">0.00084</Y>
          <Y t="2">0.00114</Y>
          <Y t="3">0.00146</Y>
          <Y t="4">0.00179</Y>
          <Y t="5">0.00209</Y>
          <Y t="6">0.00234</Y>
          <Y t="7">0.00257</Y>
          <Y t="8">0.00280</Y>
          <Y t="9">0.00301</Y>
          <Y t="10">0.00324</Y>
          <Y t="11">0.00351</Y>
          <Y t="12">0.00387</Y>
          <Y t="13">0.00428</Y>
          <Y t="14">0.00475</Y>
          <Y t="15">0.00531</Y>
        </Axis>
      </Axis>
      <Axis t="42">
        <Axis>
          <Y t="1">0.00087</Y>
          <Y t="2">0.00119</Y>
          <Y t="3">0.00154</Y>
          <Y t="4">0.00189</Y>
          <Y t="5">0.00221</Y>
          <Y t="6">0.00248</Y>
          <Y t="7">0.00273</Y>
          <Y t="8">0.00297</Y>
          <Y t="9">0.00318</Y>
          <Y t="10">0.00342</Y>
          <Y t="11">0.00371</Y>
          <Y t="12">0.00409</Y>
          <Y t="13">0.00456</Y>
          <Y t="14">0.00512</Y>
          <Y t="15">0.00576</Y>
        </Axis>
      </Axis>
      <Axis t="43">
        <Axis>
          <Y t="1">0.00090</Y>
          <Y t="2">0.00125</Y>
          <Y t="3">0.00162</Y>
          <Y t="4">0.00199</Y>
          <Y t="5">0.00233</Y>
          <Y t="6">0.00262</Y>
          <Y t="7">0.00289</Y>
          <Y t="8">0.00314</Y>
          <Y t="9">0.00337</Y>
          <Y t="10">0.00364</Y>
          <Y t="11">0.00396</Y>
          <Y t="12">0.00436</Y>
          <Y t="13">0.00491</Y>
          <Y t="14">0.00558</Y>
          <Y t="15">0.00630</Y>
        </Axis>
      </Axis>
      <Axis t="44">
        <Axis>
          <Y t="1">0.00095</Y>
          <Y t="2">0.00131</Y>
          <Y t="3">0.00171</Y>
          <Y t="4">0.00209</Y>
          <Y t="5">0.00244</Y>
          <Y t="6">0.00276</Y>
          <Y t="7">0.00304</Y>
          <Y t="8">0.00332</Y>
          <Y t="9">0.00359</Y>
          <Y t="10">0.00391</Y>
          <Y t="11">0.00426</Y>
          <Y t="12">0.00471</Y>
          <Y t="13">0.00535</Y>
          <Y t="14">0.00611</Y>
          <Y t="15">0.00692</Y>
        </Axis>
      </Axis>
      <Axis t="45">
        <Axis>
          <Y t="1">0.00100</Y>
          <Y t="2">0.00139</Y>
          <Y t="3">0.00180</Y>
          <Y t="4">0.00220</Y>
          <Y t="5">0.00255</Y>
          <Y t="6">0.00290</Y>
          <Y t="7">0.00320</Y>
          <Y t="8">0.00352</Y>
          <Y t="9">0.00382</Y>
          <Y t="10">0.00420</Y>
          <Y t="11">0.00460</Y>
          <Y t="12">0.00511</Y>
          <Y t="13">0.00585</Y>
          <Y t="14">0.00669</Y>
          <Y t="15">0.00759</Y>
        </Axis>
      </Axis>
      <Axis t="46">
        <Axis>
          <Y t="1">0.00105</Y>
          <Y t="2">0.00148</Y>
          <Y t="3">0.00190</Y>
          <Y t="4">0.00231</Y>
          <Y t="5">0.00267</Y>
          <Y t="6">0.00304</Y>
          <Y t="7">0.00338</Y>
          <Y t="8">0.00372</Y>
          <Y t="9">0.00408</Y>
          <Y t="10">0.00450</Y>
          <Y t="11">0.00496</Y>
          <Y t="12">0.00555</Y>
          <Y t="13">0.00637</Y>
          <Y t="14">0.00730</Y>
          <Y t="15">0.00829</Y>
        </Axis>
      </Axis>
      <Axis t="47">
        <Axis>
          <Y t="1">0.00112</Y>
          <Y t="2">0.00158</Y>
          <Y t="3">0.00202</Y>
          <Y t="4">0.00242</Y>
          <Y t="5">0.00280</Y>
          <Y t="6">0.00318</Y>
          <Y t="7">0.00356</Y>
          <Y t="8">0.00395</Y>
          <Y t="9">0.00435</Y>
          <Y t="10">0.00480</Y>
          <Y t="11">0.00534</Y>
          <Y t="12">0.00603</Y>
          <Y t="13">0.00690</Y>
          <Y t="14">0.00791</Y>
          <Y t="15">0.00900</Y>
        </Axis>
      </Axis>
      <Axis t="48">
        <Axis>
          <Y t="1">0.00123</Y>
          <Y t="2">0.00174</Y>
          <Y t="3">0.00223</Y>
          <Y t="4">0.00264</Y>
          <Y t="5">0.00304</Y>
          <Y t="6">0.00343</Y>
          <Y t="7">0.00385</Y>
          <Y t="8">0.00427</Y>
          <Y t="9">0.00471</Y>
          <Y t="10">0.00519</Y>
          <Y t="11">0.00578</Y>
          <Y t="12">0.00654</Y>
          <Y t="13">0.00742</Y>
          <Y t="14">0.00850</Y>
          <Y t="15">0.00969</Y>
        </Axis>
      </Axis>
      <Axis t="49">
        <Axis>
          <Y t="1">0.00139</Y>
          <Y t="2">0.00199</Y>
          <Y t="3">0.00256</Y>
          <Y t="4">0.00301</Y>
          <Y t="5">0.00343</Y>
          <Y t="6">0.00380</Y>
          <Y t="7">0.00427</Y>
          <Y t="8">0.00471</Y>
          <Y t="9">0.00518</Y>
          <Y t="10">0.00570</Y>
          <Y t="11">0.00631</Y>
          <Y t="12">0.00707</Y>
          <Y t="13">0.00796</Y>
          <Y t="14">0.00909</Y>
          <Y t="15">0.01037</Y>
        </Axis>
      </Axis>
      <Axis t="50">
        <Axis>
          <Y t="1">0.00158</Y>
          <Y t="2">0.00227</Y>
          <Y t="3">0.00293</Y>
          <Y t="4">0.00343</Y>
          <Y t="5">0.00378</Y>
          <Y t="6">0.00427</Y>
          <Y t="7">0.00470</Y>
          <Y t="8">0.00518</Y>
          <Y t="9">0.00569</Y>
          <Y t="10">0.00626</Y>
          <Y t="11">0.00687</Y>
          <Y t="12">0.00763</Y>
          <Y t="13">0.00853</Y>
          <Y t="14">0.00972</Y>
          <Y t="15">0.01109</Y>
        </Axis>
      </Axis>
      <Axis t="51">
        <Axis>
          <Y t="1">0.00175</Y>
          <Y t="2">0.00252</Y>
          <Y t="3">0.00328</Y>
          <Y t="4">0.00371</Y>
          <Y t="5">0.00427</Y>
          <Y t="6">0.00468</Y>
          <Y t="7">0.00511</Y>
          <Y t="8">0.00561</Y>
          <Y t="9">0.00615</Y>
          <Y t="10">0.00678</Y>
          <Y t="11">0.00741</Y>
          <Y t="12">0.00819</Y>
          <Y t="13">0.00913</Y>
          <Y t="14">0.01040</Y>
          <Y t="15">0.01191</Y>
        </Axis>
      </Axis>
      <Axis t="52">
        <Axis>
          <Y t="1">0.00188</Y>
          <Y t="2">0.00270</Y>
          <Y t="3">0.00351</Y>
          <Y t="4">0.00408</Y>
          <Y t="5">0.00454</Y>
          <Y t="6">0.00496</Y>
          <Y t="7">0.00540</Y>
          <Y t="8">0.00592</Y>
          <Y t="9">0.00651</Y>
          <Y t="10">0.00717</Y>
          <Y t="11">0.00789</Y>
          <Y t="12">0.00875</Y>
          <Y t="13">0.00979</Y>
          <Y t="14">0.01117</Y>
          <Y t="15">0.01286</Y>
        </Axis>
      </Axis>
      <Axis t="53">
        <Axis>
          <Y t="1">0.00190</Y>
          <Y t="2">0.00274</Y>
          <Y t="3">0.00354</Y>
          <Y t="4">0.00412</Y>
          <Y t="5">0.00459</Y>
          <Y t="6">0.00501</Y>
          <Y t="7">0.00544</Y>
          <Y t="8">0.00597</Y>
          <Y t="9">0.00667</Y>
          <Y t="10">0.00740</Y>
          <Y t="11">0.00825</Y>
          <Y t="12">0.00928</Y>
          <Y t="13">0.01046</Y>
          <Y t="14">0.01202</Y>
          <Y t="15">0.01396</Y>
        </Axis>
      </Axis>
      <Axis t="54">
        <Axis>
          <Y t="1">0.00192</Y>
          <Y t="2">0.00278</Y>
          <Y t="3">0.00358</Y>
          <Y t="4">0.00417</Y>
          <Y t="5">0.00464</Y>
          <Y t="6">0.00506</Y>
          <Y t="7">0.00548</Y>
          <Y t="8">0.00602</Y>
          <Y t="9">0.00683</Y>
          <Y t="10">0.00755</Y>
          <Y t="11">0.00852</Y>
          <Y t="12">0.00978</Y>
          <Y t="13">0.01114</Y>
          <Y t="14">0.01297</Y>
          <Y t="15">0.01527</Y>
        </Axis>
      </Axis>
      <Axis t="55">
        <Axis>
          <Y t="1">0.00194</Y>
          <Y t="2">0.00283</Y>
          <Y t="3">0.00361</Y>
          <Y t="4">0.00421</Y>
          <Y t="5">0.00470</Y>
          <Y t="6">0.00510</Y>
          <Y t="7">0.00553</Y>
          <Y t="8">0.00607</Y>
          <Y t="9">0.00699</Y>
          <Y t="10">0.00772</Y>
          <Y t="11">0.00880</Y>
          <Y t="12">0.01031</Y>
          <Y t="13">0.01193</Y>
          <Y t="14">0.01412</Y>
          <Y t="15">0.01686</Y>
        </Axis>
      </Axis>
      <Axis t="56">
        <Axis>
          <Y t="1">0.00196</Y>
          <Y t="2">0.00287</Y>
          <Y t="3">0.00365</Y>
          <Y t="4">0.00426</Y>
          <Y t="5">0.00475</Y>
          <Y t="6">0.00515</Y>
          <Y t="7">0.00557</Y>
          <Y t="8">0.00612</Y>
          <Y t="9">0.00715</Y>
          <Y t="10">0.00802</Y>
          <Y t="11">0.00920</Y>
          <Y t="12">0.01090</Y>
          <Y t="13">0.01291</Y>
          <Y t="14">0.01555</Y>
          <Y t="15">0.01883</Y>
        </Axis>
      </Axis>
      <Axis t="57">
        <Axis>
          <Y t="1">0.00198</Y>
          <Y t="2">0.00291</Y>
          <Y t="3">0.00368</Y>
          <Y t="4">0.00430</Y>
          <Y t="5">0.00480</Y>
          <Y t="6">0.00520</Y>
          <Y t="7">0.00561</Y>
          <Y t="8">0.00617</Y>
          <Y t="9">0.00731</Y>
          <Y t="10">0.00853</Y>
          <Y t="11">0.00980</Y>
          <Y t="12">0.01160</Y>
          <Y t="13">0.01417</Y>
          <Y t="14">0.01737</Y>
          <Y t="15">0.02128</Y>
        </Axis>
      </Axis>
      <Axis t="58">
        <Axis>
          <Y t="1">0.00213</Y>
          <Y t="2">0.00318</Y>
          <Y t="3">0.00409</Y>
          <Y t="4">0.00479</Y>
          <Y t="5">0.00520</Y>
          <Y t="6">0.00561</Y>
          <Y t="7">0.00617</Y>
          <Y t="8">0.00731</Y>
          <Y t="9">0.00853</Y>
          <Y t="10">0.00980</Y>
          <Y t="11">0.01097</Y>
          <Y t="12">0.01265</Y>
          <Y t="13">0.01584</Y>
          <Y t="14">0.01969</Y>
          <Y t="15">0.02431</Y>
        </Axis>
      </Axis>
      <Axis t="59">
        <Axis>
          <Y t="1">0.00229</Y>
          <Y t="2">0.00349</Y>
          <Y t="3">0.00457</Y>
          <Y t="4">0.00520</Y>
          <Y t="5">0.00561</Y>
          <Y t="6">0.00617</Y>
          <Y t="7">0.00731</Y>
          <Y t="8">0.00853</Y>
          <Y t="9">0.00980</Y>
          <Y t="10">0.01097</Y>
          <Y t="11">0.01189</Y>
          <Y t="12">0.01418</Y>
          <Y t="13">0.01793</Y>
          <Y t="14">0.02249</Y>
          <Y t="15">0.02790</Y>
        </Axis>
      </Axis>
      <Axis t="60">
        <Axis>
          <Y t="1">0.00247</Y>
          <Y t="2">0.00383</Y>
          <Y t="3">0.00508</Y>
          <Y t="4">0.00561</Y>
          <Y t="5">0.00617</Y>
          <Y t="6">0.00731</Y>
          <Y t="7">0.00853</Y>
          <Y t="8">0.00980</Y>
          <Y t="9">0.01097</Y>
          <Y t="10">0.01182</Y>
          <Y t="11">0.01336</Y>
          <Y t="12">0.01610</Y>
          <Y t="13">0.02039</Y>
          <Y t="14">0.02568</Y>
          <Y t="15">0.03190</Y>
        </Axis>
      </Axis>
      <Axis t="61">
        <Axis>
          <Y t="1">0.00266</Y>
          <Y t="2">0.00420</Y>
          <Y t="3">0.00561</Y>
          <Y t="4">0.00617</Y>
          <Y t="5">0.00731</Y>
          <Y t="6">0.00853</Y>
          <Y t="7">0.00980</Y>
          <Y t="8">0.01097</Y>
          <Y t="9">0.01182</Y>
          <Y t="10">0.01286</Y>
          <Y t="11">0.01505</Y>
          <Y t="12">0.01831</Y>
          <Y t="13">0.02314</Y>
          <Y t="14">0.02917</Y>
          <Y t="15">0.03621</Y>
        </Axis>
      </Axis>
      <Axis t="62">
        <Axis>
          <Y t="1">0.00286</Y>
          <Y t="2">0.00458</Y>
          <Y t="3">0.00617</Y>
          <Y t="4">0.00731</Y>
          <Y t="5">0.00853</Y>
          <Y t="6">0.00980</Y>
          <Y t="7">0.01097</Y>
          <Y t="8">0.01182</Y>
          <Y t="9">0.01285</Y>
          <Y t="10">0.01440</Y>
          <Y t="11">0.01695</Y>
          <Y t="12">0.02073</Y>
          <Y t="13">0.02612</Y>
          <Y t="14">0.03285</Y>
          <Y t="15">0.04068</Y>
        </Axis>
      </Axis>
      <Axis t="63">
        <Axis>
          <Y t="1">0.00307</Y>
          <Y t="2">0.00500</Y>
          <Y t="3">0.00673</Y>
          <Y t="4">0.00797</Y>
          <Y t="5">0.00928</Y>
          <Y t="6">0.01071</Y>
          <Y t="7">0.01182</Y>
          <Y t="8">0.01285</Y>
          <Y t="9">0.01421</Y>
          <Y t="10">0.01602</Y>
          <Y t="11">0.01899</Y>
          <Y t="12">0.02331</Y>
          <Y t="13">0.02927</Y>
          <Y t="14">0.03666</Y>
          <Y t="15">0.04526</Y>
        </Axis>
      </Axis>
      <Axis t="64">
        <Axis>
          <Y t="1">0.00329</Y>
          <Y t="2">0.00546</Y>
          <Y t="3">0.00730</Y>
          <Y t="4">0.00865</Y>
          <Y t="5">0.01002</Y>
          <Y t="6">0.01160</Y>
          <Y t="7">0.01285</Y>
          <Y t="8">0.01417</Y>
          <Y t="9">0.01559</Y>
          <Y t="10">0.01776</Y>
          <Y t="11">0.02122</Y>
          <Y t="12">0.02614</Y>
          <Y t="13">0.03266</Y>
          <Y t="14">0.04068</Y>
          <Y t="15">0.05002</Y>
        </Axis>
      </Axis>
      <Axis t="65">
        <Axis>
          <Y t="1">0.00352</Y>
          <Y t="2">0.00595</Y>
          <Y t="3">0.00789</Y>
          <Y t="4">0.00935</Y>
          <Y t="5">0.01079</Y>
          <Y t="6">0.01250</Y>
          <Y t="7">0.01417</Y>
          <Y t="8">0.01538</Y>
          <Y t="9">0.01717</Y>
          <Y t="10">0.01976</Y>
          <Y t="11">0.02376</Y>
          <Y t="12">0.02931</Y>
          <Y t="13">0.03639</Y>
          <Y t="14">0.04500</Y>
          <Y t="15">0.05508</Y>
        </Axis>
      </Axis>
      <Axis t="66">
        <Axis>
          <Y t="1">0.00378</Y>
          <Y t="2">0.00642</Y>
          <Y t="3">0.00849</Y>
          <Y t="4">0.01011</Y>
          <Y t="5">0.01163</Y>
          <Y t="6">0.01343</Y>
          <Y t="7">0.01526</Y>
          <Y t="8">0.01685</Y>
          <Y t="9">0.01908</Y>
          <Y t="10">0.02217</Y>
          <Y t="11">0.02674</Y>
          <Y t="12">0.03290</Y>
          <Y t="13">0.04056</Y>
          <Y t="14">0.04976</Y>
          <Y t="15">0.06054</Y>
        </Axis>
      </Axis>
      <Axis t="67">
        <Axis>
          <Y t="1">0.00408</Y>
          <Y t="2">0.00686</Y>
          <Y t="3">0.00909</Y>
          <Y t="4">0.01093</Y>
          <Y t="5">0.01259</Y>
          <Y t="6">0.01439</Y>
          <Y t="7">0.01633</Y>
          <Y t="8">0.01870</Y>
          <Y t="9">0.02150</Y>
          <Y t="10">0.02514</Y>
          <Y t="11">0.03027</Y>
          <Y t="12">0.03702</Y>
          <Y t="13">0.04527</Y>
          <Y t="14">0.05505</Y>
          <Y t="15">0.06652</Y>
        </Axis>
      </Axis>
      <Axis t="68">
        <Axis>
          <Y t="1">0.00442</Y>
          <Y t="2">0.00727</Y>
          <Y t="3">0.00970</Y>
          <Y t="4">0.01183</Y>
          <Y t="5">0.01377</Y>
          <Y t="6">0.01573</Y>
          <Y t="7">0.01795</Y>
          <Y t="8">0.02117</Y>
          <Y t="9">0.02459</Y>
          <Y t="10">0.02879</Y>
          <Y t="11">0.03444</Y>
          <Y t="12">0.04171</Y>
          <Y t="13">0.05059</Y>
          <Y t="14">0.06095</Y>
          <Y t="15">0.07307</Y>
        </Axis>
      </Axis>
      <Axis t="69">
        <Axis>
          <Y t="1">0.00480</Y>
          <Y t="2">0.00767</Y>
          <Y t="3">0.01032</Y>
          <Y t="4">0.01282</Y>
          <Y t="5">0.01521</Y>
          <Y t="6">0.01769</Y>
          <Y t="7">0.02049</Y>
          <Y t="8">0.02436</Y>
          <Y t="9">0.02836</Y>
          <Y t="10">0.03310</Y>
          <Y t="11">0.03923</Y>
          <Y t="12">0.04696</Y>
          <Y t="13">0.05648</Y>
          <Y t="14">0.06742</Y>
          <Y t="15">0.08018</Y>
        </Axis>
      </Axis>
      <Axis t="70">
        <Axis>
          <Y t="1">0.00521</Y>
          <Y t="2">0.00806</Y>
          <Y t="3">0.01094</Y>
          <Y t="4">0.01388</Y>
          <Y t="5">0.01687</Y>
          <Y t="6">0.02012</Y>
          <Y t="7">0.02374</Y>
          <Y t="8">0.02816</Y>
          <Y t="9">0.03274</Y>
          <Y t="10">0.03804</Y>
          <Y t="11">0.04460</Y>
          <Y t="12">0.05275</Y>
          <Y t="13">0.06293</Y>
          <Y t="14">0.07444</Y>
          <Y t="15">0.08780</Y>
        </Axis>
      </Axis>
    </Values>
  </Table>
  <Table>
    <MetaData>
      <ScalingFactor>0</ScalingFactor>
      <DataType tc="2">Floating Point</DataType>
      <Nation tc="1">United States of America</Nation>
      <TableDescription>1965-70 Modified Basic Table – Female. Basis: Age Nearest Birthday. Minimum Ultimate Age: 15. Maximum Ultimate Age: 99.</TableDescription>
      <AxisDef id="Age">
        <ScaleType tc="3">Age</ScaleType>
        <AxisName>Age</AxisName>
        <MinScaleValue>15</MinScaleValue>
        <MaxScaleValue>99</MaxScaleValue>
        <Increment>1</Increment>
      </AxisDef>
    </MetaData>
    <Values>
      <Axis>
        <Y t="15">0.00036</Y>
        <Y t="16">0.00041</Y>
        <Y t="17">0.00047</Y>
        <Y t="18">0.00053</Y>
        <Y t="19">0.00057</Y>
        <Y t="20">0.00059</Y>
        <Y t="21">0.00058</Y>
        <Y t="22">0.00056</Y>
        <Y t="23">0.00055</Y>
        <Y t="24">0.00054</Y>
        <Y t="25">0.00053</Y>
        <Y t="26">0.00054</Y>
        <Y t="27">0.00057</Y>
        <Y t="28">0.00060</Y>
        <Y t="29">0.00063</Y>
        <Y t="30">0.00066</Y>
        <Y t="31">0.00067</Y>
        <Y t="32">0.00070</Y>
        <Y t="33">0.00076</Y>
        <Y t="34">0.00083</Y>
        <Y t="35">0.00092</Y>
        <Y t="36">0.00102</Y>
        <Y t="37">0.00116</Y>
        <Y t="38">0.00131</Y>
        <Y t="39">0.00145</Y>
        <Y t="40">0.00160</Y>
        <Y t="41">0.00176</Y>
        <Y t="42">0.00191</Y>
        <Y t="43">0.00207</Y>
        <Y t="44">0.00226</Y>
        <Y t="45">0.00248</Y>
        <Y t="46">0.00270</Y>
        <Y t="47">0.00292</Y>
        <Y t="48">0.00317</Y>
        <Y t="49">0.00346</Y>
        <Y t="50">0.00374</Y>
        <Y t="51">0.00405</Y>
        <Y t="52">0.00439</Y>
        <Y t="53">0.00476</Y>
        <Y t="54">0.00513</Y>
        <Y t="55">0.00552</Y>
        <Y t="56">0.00594</Y>
        <Y t="57">0.00643</Y>
        <Y t="58">0.00704</Y>
        <Y t="59">0.00778</Y>
        <Y t="60">0.00858</Y>
        <Y t="61">0.00937</Y>
        <Y t="62">0.01009</Y>
        <Y t="63">0.01079</Y>
        <Y t="64">0.01152</Y>
        <Y t="65">0.01244</Y>
        <Y t="66">0.01354</Y>
        <Y t="67">0.01477</Y>
        <Y t="68">0.01627</Y>
        <Y t="69">0.01798</Y>
        <Y t="70">0.02005</Y>
        <Y t="71">0.02264</Y>
        <Y t="72">0.02604</Y>
        <Y t="73">0.02998</Y>
        <Y t="74">0.03451</Y>
        <Y t="75">0.03906</Y>
        <Y t="76">0.04374</Y>
        <Y t="77">0.04909</Y>
        <Y t="78">0.05479</Y>
        <Y t="79">0.06039</Y>
        <Y t="80">0.06605</Y>
        <Y t="81">0.07230</Y>
        <Y t="82">0.07936</Y>
        <Y t="83">0.08755</Y>
        <Y t="84">0.09773</Y>
        <Y t="85">0.10682</Y>
        <Y t="86">0.11483</Y>
        <Y t="87">0.12627</Y>
        <Y t="88">0.13982</Y>
        <Y t="89">0.15031</Y>
        <Y t="90">0.16659</Y>
        <Y t="91">0.19070</Y>
        <Y t="92">0.21042</Y>
        <Y t="93">0.22459</Y>
        <Y t="94">0.23421</Y>
        <Y t="95">0.23833</Y>
        <Y t="96">0.27696</Y>
        <Y t="97">0.39011</Y>
        <Y t="98">0.61779</Y>
        <Y t="99">1.00000</Y>
      </Axis>
    </Values>
  </Table>
</XTbML>