﻿<?xml version="1.0" encoding="utf-8"?>
<XTbML>
  <ContentClassification>
    <TableIdentity>1945</TableIdentity>
    <ProviderDomain>http://www.censtatd.gov.hk/hkstat/sub/sp190.jsp?productCode=D5320184</ProviderDomain>
    <ProviderName>Census and Statistics Department of the Government of Hong Kong Special Administrative Region</ProviderName>
    <TableReference>Census and Statistics Department of the Government of Hong Kong Special Administrative Region web site</TableReference>
    <ContentType tc="84">Population Mortality</ContentType>
    <TableName>Hong Kong Life Tables 1971-2012</TableName>
    <TableDescription>Hong Kong Life Tables 1971-2012</TableDescription>
    <KeyWord>Aggregate</KeyWord>
    <KeyWord>Population</KeyWord>
    <KeyWord>Hong Kong</KeyWord>
  </ContentClassification>
  <Table>
    <MetaData>
      <ScalingFactor>0</ScalingFactor>
      <DataType tc="2">Floating Point</DataType>
      <Nation tc="852">Hong Kong</Nation>
      <TableDescription>Hong Kong Life Table 1981, probability of dying between exact age x and age x + 1, Female</TableDescription>
      <AxisDef id="Age">
        <ScaleType tc="3">Age</ScaleType>
        <AxisName>Age</AxisName>
        <MinScaleValue>0</MinScaleValue>
        <MaxScaleValue>100</MaxScaleValue>
        <Increment>1</Increment>
      </AxisDef>
    </MetaData>
    <Values>
      <Axis>
        <Y t="0">0.00899731</Y>
        <Y t="1">0.00070423</Y>
        <Y t="2">0.00039294</Y>
        <Y t="3">0.00026304</Y>
        <Y t="4">0.00020884</Y>
        <Y t="5">0.00018622</Y>
        <Y t="6">0.00017678</Y>
        <Y t="7">0.00017284</Y>
        <Y t="8">0.00017119</Y>
        <Y t="9">0.00017051</Y>
        <Y t="10">0.00027201</Y>
        <Y t="11">0.00027762</Y>
        <Y t="12">0.00027563</Y>
        <Y t="13">0.00026842</Y>
        <Y t="14">0.00025926</Y>
        <Y t="15">0.0002515</Y>
        <Y t="16">0.00024879</Y>
        <Y t="17">0.00025443</Y>
        <Y t="18">0.00026992</Y>
        <Y t="19">0.00029514</Y>
        <Y t="20">0.00032862</Y>
        <Y t="21">0.00036721</Y>
        <Y t="22">0.0004061</Y>
        <Y t="23">0.00044333</Y>
        <Y t="24">0.0004776</Y>
        <Y t="25">0.00050643</Y>
        <Y t="26">0.0005298</Y>
        <Y t="27">0.00055021</Y>
        <Y t="28">0.00056914</Y>
        <Y t="29">0.00058876</Y>
        <Y t="30">0.00061249</Y>
        <Y t="31">0.00064319</Y>
        <Y t="32">0.00068308</Y>
        <Y t="33">0.00073371</Y>
        <Y t="34">0.00079558</Y>
        <Y t="35">0.00086521</Y>
        <Y t="36">0.00093995</Y>
        <Y t="37">0.00101797</Y>
        <Y t="38">0.0011007</Y>
        <Y t="39">0.00119107</Y>
        <Y t="40">0.00129617</Y>
        <Y t="41">0.00142148</Y>
        <Y t="42">0.00157087</Y>
        <Y t="43">0.00174545</Y>
        <Y t="44">0.00194397</Y>
        <Y t="45">0.00215412</Y>
        <Y t="46">0.00236779</Y>
        <Y t="47">0.00258106</Y>
        <Y t="48">0.00279729</Y>
        <Y t="49">0.00302461</Y>
        <Y t="50">0.00328159</Y>
        <Y t="51">0.00358405</Y>
        <Y t="52">0.003945</Y>
        <Y t="53">0.00436944</Y>
        <Y t="54">0.00485612</Y>
        <Y t="55">0.00537753</Y>
        <Y t="56">0.00591444</Y>
        <Y t="57">0.00645589</Y>
        <Y t="58">0.00700983</Y>
        <Y t="59">0.00759506</Y>
        <Y t="60">0.00825409</Y>
        <Y t="61">0.00902328</Y>
        <Y t="62">0.00993279</Y>
        <Y t="63">0.01099457</Y>
        <Y t="64">0.01220625</Y>
        <Y t="65">0.01350466</Y>
        <Y t="66">0.01484593</Y>
        <Y t="67">0.01620557</Y>
        <Y t="68">0.01760269</Y>
        <Y t="69">0.01908145</Y>
        <Y t="70">0.02068169</Y>
        <Y t="71">0.02246949</Y>
        <Y t="72">0.02453721</Y>
        <Y t="73">0.02695817</Y>
        <Y t="74">0.02979528</Y>
        <Y t="75">0.03456055</Y>
        <Y t="76">0.0381722</Y>
        <Y t="77">0.04217562</Y>
        <Y t="78">0.04661377</Y>
        <Y t="79">0.05153413</Y>
        <Y t="80">0.05698905</Y>
        <Y t="81">0.06303619</Y>
        <Y t="82">0.06973888</Y>
        <Y t="83">0.07716653</Y>
        <Y t="84">0.0853949</Y>
        <Y t="85">0.09450645</Y>
        <Y t="86">0.10459046</Y>
        <Y t="87">0.1157431</Y>
        <Y t="88">0.12806733</Y>
        <Y t="89">0.14167243</Y>
        <Y t="90">0.15667338</Y>
        <Y t="91">0.17318968</Y>
        <Y t="92">0.19134369</Y>
        <Y t="93">0.21125836</Y>
        <Y t="94">0.23305406</Y>
        <Y t="95">0.25684457</Y>
        <Y t="96">0.28273189</Y>
        <Y t="97">0.3107999</Y>
        <Y t="98">0.34110658</Y>
        <Y t="99">0.37367491</Y>
        <Y t="100">1</Y>
      </Axis>
    </Values>
  </Table>
</XTbML>