﻿<?xml version="1.0" encoding="utf-8"?>
<XTbML>
  <ContentClassification>
    <TableIdentity>1943</TableIdentity>
    <ProviderDomain>http://www.censtatd.gov.hk/hkstat/sub/sp190.jsp?productCode=D5320184</ProviderDomain>
    <ProviderName>Census and Statistics Department of the Government of Hong Kong Special Administrative Region</ProviderName>
    <TableReference>Census and Statistics Department of the Government of Hong Kong Special Administrative Region web site</TableReference>
    <ContentType tc="84">Population Mortality</ContentType>
    <TableName>Hong Kong Life Tables 1971-2012</TableName>
    <TableDescription>Hong Kong Life Tables 1971-2012</TableDescription>
    <KeyWord>Aggregate</KeyWord>
    <KeyWord>Population</KeyWord>
    <KeyWord>Hong Kong</KeyWord>
  </ContentClassification>
  <Table>
    <MetaData>
      <ScalingFactor>0</ScalingFactor>
      <DataType tc="2">Floating Point</DataType>
      <Nation tc="852">Hong Kong</Nation>
      <TableDescription>Hong Kong Life Table 1980, probability of dying between exact age x and age x + 1, Female</TableDescription>
      <AxisDef id="Age">
        <ScaleType tc="3">Age</ScaleType>
        <AxisName>Age</AxisName>
        <MinScaleValue>0</MinScaleValue>
        <MaxScaleValue>100</MaxScaleValue>
        <Increment>1</Increment>
      </AxisDef>
    </MetaData>
    <Values>
      <Axis>
        <Y t="0">0.01010304</Y>
        <Y t="1">0.00098117</Y>
        <Y t="2">0.00060797</Y>
        <Y t="3">0.00040211</Y>
        <Y t="4">0.00028854</Y>
        <Y t="5">0.0002259</Y>
        <Y t="6">0.00019135</Y>
        <Y t="7">0.00017228</Y>
        <Y t="8">0.00016177</Y>
        <Y t="9">0.00015597</Y>
        <Y t="10">0.00018011</Y>
        <Y t="11">0.00019194</Y>
        <Y t="12">0.00020572</Y>
        <Y t="13">0.00022134</Y>
        <Y t="14">0.00023857</Y>
        <Y t="15">0.00025716</Y>
        <Y t="16">0.00027673</Y>
        <Y t="17">0.00029684</Y>
        <Y t="18">0.000317</Y>
        <Y t="19">0.00033673</Y>
        <Y t="20">0.00035426</Y>
        <Y t="21">0.00036895</Y>
        <Y t="22">0.00038131</Y>
        <Y t="23">0.00039213</Y>
        <Y t="24">0.00040282</Y>
        <Y t="25">0.00041521</Y>
        <Y t="26">0.00043123</Y>
        <Y t="27">0.00045301</Y>
        <Y t="28">0.00048212</Y>
        <Y t="29">0.00051959</Y>
        <Y t="30">0.00056565</Y>
        <Y t="31">0.00061979</Y>
        <Y t="32">0.00068074</Y>
        <Y t="33">0.00074872</Y>
        <Y t="34">0.00082407</Y>
        <Y t="35">0.0009075</Y>
        <Y t="36">0.00099951</Y>
        <Y t="37">0.0011004</Y>
        <Y t="38">0.00121026</Y>
        <Y t="39">0.00132896</Y>
        <Y t="40">0.00145213</Y>
        <Y t="41">0.00157799</Y>
        <Y t="42">0.00170739</Y>
        <Y t="43">0.00184306</Y>
        <Y t="44">0.00198945</Y>
        <Y t="45">0.00214929</Y>
        <Y t="46">0.00232744</Y>
        <Y t="47">0.00253088</Y>
        <Y t="48">0.00276639</Y>
        <Y t="49">0.00304027</Y>
        <Y t="50">0.00336185</Y>
        <Y t="51">0.0037349</Y>
        <Y t="52">0.00415767</Y>
        <Y t="53">0.00463027</Y>
        <Y t="54">0.00515027</Y>
        <Y t="55">0.00569233</Y>
        <Y t="56">0.00624369</Y>
        <Y t="57">0.00680415</Y>
        <Y t="58">0.00738523</Y>
        <Y t="59">0.00800799</Y>
        <Y t="60">0.00870827</Y>
        <Y t="61">0.00951882</Y>
        <Y t="62">0.01046929</Y>
        <Y t="63">0.01157732</Y>
        <Y t="64">0.01284928</Y>
        <Y t="65">0.01426742</Y>
        <Y t="66">0.0158093</Y>
        <Y t="67">0.01744781</Y>
        <Y t="68">0.01918408</Y>
        <Y t="69">0.02102793</Y>
        <Y t="70">0.02294271</Y>
        <Y t="71">0.02493427</Y>
        <Y t="72">0.02705095</Y>
        <Y t="73">0.02934979</Y>
        <Y t="74">0.03190278</Y>
        <Y t="75">0.03681128</Y>
        <Y t="76">0.04061445</Y>
        <Y t="77">0.04482364</Y>
        <Y t="78">0.04948241</Y>
        <Y t="79">0.05463872</Y>
        <Y t="80">0.06034535</Y>
        <Y t="81">0.06666018</Y>
        <Y t="82">0.07364658</Y>
        <Y t="83">0.08137371</Y>
        <Y t="84">0.08991679</Y>
        <Y t="85">0.0993573</Y>
        <Y t="86">0.10978307</Y>
        <Y t="87">0.12128822</Y>
        <Y t="88">0.13397295</Y>
        <Y t="89">0.14794301</Y>
        <Y t="90">0.16330887</Y>
        <Y t="91">0.18018451</Y>
        <Y t="92">0.19868557</Y>
        <Y t="93">0.21892705</Y>
        <Y t="94">0.24102006</Y>
        <Y t="95">0.2650678</Y>
        <Y t="96">0.29116049</Y>
        <Y t="97">0.31936915</Y>
        <Y t="98">0.3497382</Y>
        <Y t="99">0.38227687</Y>
        <Y t="100">1</Y>
      </Axis>
    </Values>
  </Table>
</XTbML>