﻿<?xml version="1.0" encoding="utf-8"?>
<XTbML>
  <ContentClassification>
    <TableIdentity>1954</TableIdentity>
    <ProviderDomain>http://www.censtatd.gov.hk/hkstat/sub/sp190.jsp?productCode=D5320184</ProviderDomain>
    <ProviderName>Census and Statistics Department of the Government of Hong Kong Special Administrative Region</ProviderName>
    <TableReference>Census and Statistics Department of the Government of Hong Kong Special Administrative Region web site</TableReference>
    <ContentType tc="84">Population Mortality</ContentType>
    <TableName>Hong Kong Life Tables 1971-2012</TableName>
    <TableDescription>Hong Kong Life Tables 1971-2012</TableDescription>
    <KeyWord>Aggregate</KeyWord>
    <KeyWord>Population</KeyWord>
    <KeyWord>Hong Kong</KeyWord>
  </ContentClassification>
  <Table>
    <MetaData>
      <ScalingFactor>0</ScalingFactor>
      <DataType tc="2">Floating Point</DataType>
      <Nation tc="852">Hong Kong</Nation>
      <TableDescription>Hong Kong Life Table 1986, probability of dying between exact age x and age x + 1, Male</TableDescription>
      <AxisDef id="Age">
        <ScaleType tc="3">Age</ScaleType>
        <AxisName>Age</AxisName>
        <MinScaleValue>0</MinScaleValue>
        <MaxScaleValue>100</MaxScaleValue>
        <Increment>1</Increment>
      </AxisDef>
    </MetaData>
    <Values>
      <Axis>
        <Y t="0">0.00791297</Y>
        <Y t="1">0.00065712</Y>
        <Y t="2">0.00030769</Y>
        <Y t="3">0.00021867</Y>
        <Y t="4">0.000196</Y>
        <Y t="5">0.00019022</Y>
        <Y t="6">0.00018875</Y>
        <Y t="7">0.00018838</Y>
        <Y t="8">0.00018828</Y>
        <Y t="9">0.00018826</Y>
        <Y t="10">0.00019856</Y>
        <Y t="11">0.00020905</Y>
        <Y t="12">0.00022287</Y>
        <Y t="13">0.00024068</Y>
        <Y t="14">0.00026318</Y>
        <Y t="15">0.00029087</Y>
        <Y t="16">0.00032403</Y>
        <Y t="17">0.00036239</Y>
        <Y t="18">0.00040457</Y>
        <Y t="19">0.00044856</Y>
        <Y t="20">0.00048889</Y>
        <Y t="21">0.0005222</Y>
        <Y t="22">0.00054722</Y>
        <Y t="23">0.00056428</Y>
        <Y t="24">0.00057551</Y>
        <Y t="25">0.00058581</Y>
        <Y t="26">0.00060032</Y>
        <Y t="27">0.00062449</Y>
        <Y t="28">0.00066077</Y>
        <Y t="29">0.00070992</Y>
        <Y t="30">0.00076745</Y>
        <Y t="31">0.00082936</Y>
        <Y t="32">0.0008922</Y>
        <Y t="33">0.00095735</Y>
        <Y t="34">0.00102813</Y>
        <Y t="35">0.00111271</Y>
        <Y t="36">0.00121784</Y>
        <Y t="37">0.00134881</Y>
        <Y t="38">0.00150737</Y>
        <Y t="39">0.0016925</Y>
        <Y t="40">0.00188969</Y>
        <Y t="41">0.00208957</Y>
        <Y t="42">0.00228792</Y>
        <Y t="43">0.00248942</Y>
        <Y t="44">0.00270439</Y>
        <Y t="45">0.00295558</Y>
        <Y t="46">0.00326218</Y>
        <Y t="47">0.00363991</Y>
        <Y t="48">0.00409519</Y>
        <Y t="49">0.00462685</Y>
        <Y t="50">0.00520969</Y>
        <Y t="51">0.00582303</Y>
        <Y t="52">0.0064507</Y>
        <Y t="53">0.00709655</Y>
        <Y t="54">0.00777453</Y>
        <Y t="55">0.00850699</Y>
        <Y t="56">0.00932145</Y>
        <Y t="57">0.0102506</Y>
        <Y t="58">0.01131409</Y>
        <Y t="59">0.01252438</Y>
        <Y t="60">0.01387676</Y>
        <Y t="61">0.01536121</Y>
        <Y t="62">0.0169624</Y>
        <Y t="63">0.01868687</Y>
        <Y t="64">0.02054542</Y>
        <Y t="65">0.02253543</Y>
        <Y t="66">0.02466617</Y>
        <Y t="67">0.02695887</Y>
        <Y t="68">0.02943761</Y>
        <Y t="69">0.03212883</Y>
        <Y t="70">0.03510451</Y>
        <Y t="71">0.03839803</Y>
        <Y t="72">0.04200417</Y>
        <Y t="73">0.04590643</Y>
        <Y t="74">0.05006454</Y>
        <Y t="75">0.05616199</Y>
        <Y t="76">0.06149894</Y>
        <Y t="77">0.06731948</Y>
        <Y t="78">0.07366521</Y>
        <Y t="79">0.08058112</Y>
        <Y t="80">0.08811581</Y>
        <Y t="81">0.09632182</Y>
        <Y t="82">0.1052559</Y>
        <Y t="83">0.11497929</Y>
        <Y t="84">0.12555813</Y>
        <Y t="85">0.13706376</Y>
        <Y t="86">0.14957314</Y>
        <Y t="87">0.16316925</Y>
        <Y t="88">0.17794152</Y>
        <Y t="89">0.19398634</Y>
        <Y t="90">0.21140752</Y>
        <Y t="91">0.23031683</Y>
        <Y t="92">0.2508346</Y>
        <Y t="93">0.27309031</Y>
        <Y t="94">0.29722325</Y>
        <Y t="95">0.3233832</Y>
        <Y t="96">0.35173117</Y>
        <Y t="97">0.3824402</Y>
        <Y t="98">0.41569617</Y>
        <Y t="99">0.45169874</Y>
        <Y t="100">1</Y>
      </Axis>
    </Values>
  </Table>
</XTbML>