﻿<?xml version="1.0" encoding="utf-8"?>
<XTbML>
  <ContentClassification>
    <TableIdentity>1956</TableIdentity>
    <ProviderDomain>http://www.censtatd.gov.hk/hkstat/sub/sp190.jsp?productCode=D5320184</ProviderDomain>
    <ProviderName>Census and Statistics Department of the Government of Hong Kong Special Administrative Region</ProviderName>
    <TableReference>Census and Statistics Department of the Government of Hong Kong Special Administrative Region web site</TableReference>
    <ContentType tc="84">Population Mortality</ContentType>
    <TableName>Hong Kong Life Tables 1971-2012</TableName>
    <TableDescription>Hong Kong Life Tables 1971-2012</TableDescription>
    <KeyWord>Aggregate</KeyWord>
    <KeyWord>Population</KeyWord>
    <KeyWord>Hong Kong</KeyWord>
  </ContentClassification>
  <Table>
    <MetaData>
      <ScalingFactor>0</ScalingFactor>
      <DataType tc="2">Floating Point</DataType>
      <Nation tc="852">Hong Kong</Nation>
      <TableDescription>Hong Kong Life Table 1987, probability of dying between exact age x and age x + 1, Male</TableDescription>
      <AxisDef id="Age">
        <ScaleType tc="3">Age</ScaleType>
        <AxisName>Age</AxisName>
        <MinScaleValue>0</MinScaleValue>
        <MaxScaleValue>100</MaxScaleValue>
        <Increment>1</Increment>
      </AxisDef>
    </MetaData>
    <Values>
      <Axis>
        <Y t="0">0.0078603</Y>
        <Y t="1">0.00064717</Y>
        <Y t="2">0.00042556</Y>
        <Y t="3">0.00030616</Y>
        <Y t="4">0.00024184</Y>
        <Y t="5">0.00020718</Y>
        <Y t="6">0.00018851</Y>
        <Y t="7">0.00017845</Y>
        <Y t="8">0.00017303</Y>
        <Y t="9">0.00017011</Y>
        <Y t="10">0.00018068</Y>
        <Y t="11">0.00019467</Y>
        <Y t="12">0.00021423</Y>
        <Y t="13">0.0002384</Y>
        <Y t="14">0.00026586</Y>
        <Y t="15">0.00029522</Y>
        <Y t="16">0.00032493</Y>
        <Y t="17">0.00035353</Y>
        <Y t="18">0.0003802</Y>
        <Y t="19">0.00040474</Y>
        <Y t="20">0.00042725</Y>
        <Y t="21">0.00044869</Y>
        <Y t="22">0.00047095</Y>
        <Y t="23">0.00049482</Y>
        <Y t="24">0.00052097</Y>
        <Y t="25">0.00054984</Y>
        <Y t="26">0.00058156</Y>
        <Y t="27">0.00061596</Y>
        <Y t="28">0.00065338</Y>
        <Y t="29">0.00069407</Y>
        <Y t="30">0.00073568</Y>
        <Y t="31">0.00077743</Y>
        <Y t="32">0.00082021</Y>
        <Y t="33">0.00086611</Y>
        <Y t="34">0.00091816</Y>
        <Y t="35">0.00097496</Y>
        <Y t="36">0.00103854</Y>
        <Y t="37">0.0011143</Y>
        <Y t="38">0.0012091</Y>
        <Y t="39">0.0013307</Y>
        <Y t="40">0.0014919</Y>
        <Y t="41">0.00170036</Y>
        <Y t="42">0.00195854</Y>
        <Y t="43">0.00226851</Y>
        <Y t="44">0.00262851</Y>
        <Y t="45">0.00302855</Y>
        <Y t="46">0.00345878</Y>
        <Y t="47">0.00390942</Y>
        <Y t="48">0.00437886</Y>
        <Y t="49">0.00486931</Y>
        <Y t="50">0.00538191</Y>
        <Y t="51">0.00592404</Y>
        <Y t="52">0.00650932</Y>
        <Y t="53">0.00714691</Y>
        <Y t="54">0.0078456</Y>
        <Y t="55">0.00858844</Y>
        <Y t="56">0.00937202</Y>
        <Y t="57">0.0102064</Y>
        <Y t="58">0.01111535</Y>
        <Y t="59">0.01213052</Y>
        <Y t="60">0.01331298</Y>
        <Y t="61">0.01470339</Y>
        <Y t="62">0.01632202</Y>
        <Y t="63">0.01817783</Y>
        <Y t="64">0.02026061</Y>
        <Y t="65">0.02247589</Y>
        <Y t="66">0.02475987</Y>
        <Y t="67">0.0270793</Y>
        <Y t="68">0.02945793</Y>
        <Y t="69">0.03195576</Y>
        <Y t="70">0.03475722</Y>
        <Y t="71">0.0379959</Y>
        <Y t="72">0.04175443</Y>
        <Y t="73">0.04603621</Y>
        <Y t="74">0.05078016</Y>
        <Y t="75">0.05579014</Y>
        <Y t="76">0.06113446</Y>
        <Y t="77">0.06696803</Y>
        <Y t="78">0.07333193</Y>
        <Y t="79">0.08026992</Y>
        <Y t="80">0.08782846</Y>
        <Y t="81">0.09605671</Y>
        <Y t="82">0.10500638</Y>
        <Y t="83">0.11473168</Y>
        <Y t="84">0.125289</Y>
        <Y t="85">0.13673666</Y>
        <Y t="86">0.14913444</Y>
        <Y t="87">0.16254301</Y>
        <Y t="88">0.17702322</Y>
        <Y t="89">0.1926352</Y>
        <Y t="90">0.20943723</Y>
        <Y t="91">0.22748446</Y>
        <Y t="92">0.24682728</Y>
        <Y t="93">0.26750953</Y>
        <Y t="94">0.28956637</Y>
        <Y t="95">0.31302191</Y>
        <Y t="96">0.33788657</Y>
        <Y t="97">0.36415415</Y>
        <Y t="98">0.39179885</Y>
        <Y t="99">0.42077204</Y>
        <Y t="100">1</Y>
      </Axis>
    </Values>
  </Table>
</XTbML>