﻿<?xml version="1.0" encoding="utf-8"?>
<XTbML>
  <ContentClassification>
    <TableIdentity>1955</TableIdentity>
    <ProviderDomain>http://www.censtatd.gov.hk/hkstat/sub/sp190.jsp?productCode=D5320184</ProviderDomain>
    <ProviderName>Census and Statistics Department of the Government of Hong Kong Special Administrative Region</ProviderName>
    <TableReference>Census and Statistics Department of the Government of Hong Kong Special Administrative Region web site</TableReference>
    <ContentType tc="84">Population Mortality</ContentType>
    <TableName>Hong Kong Life Tables 1971-2012</TableName>
    <TableDescription>Hong Kong Life Tables 1971-2012</TableDescription>
    <KeyWord>Aggregate</KeyWord>
    <KeyWord>Population</KeyWord>
    <KeyWord>Hong Kong</KeyWord>
  </ContentClassification>
  <Table>
    <MetaData>
      <ScalingFactor>0</ScalingFactor>
      <DataType tc="2">Floating Point</DataType>
      <Nation tc="852">Hong Kong</Nation>
      <TableDescription>Hong Kong Life Table 1986, probability of dying between exact age x and age x + 1, Female</TableDescription>
      <AxisDef id="Age">
        <ScaleType tc="3">Age</ScaleType>
        <AxisName>Age</AxisName>
        <MinScaleValue>0</MinScaleValue>
        <MaxScaleValue>100</MaxScaleValue>
        <Increment>1</Increment>
      </AxisDef>
    </MetaData>
    <Values>
      <Axis>
        <Y t="0">0.00742891</Y>
        <Y t="1">0.00079529</Y>
        <Y t="2">0.00032356</Y>
        <Y t="3">0.00021736</Y>
        <Y t="4">0.00019345</Y>
        <Y t="5">0.00018807</Y>
        <Y t="6">0.00018686</Y>
        <Y t="7">0.00018659</Y>
        <Y t="8">0.00018652</Y>
        <Y t="9">0.00018651</Y>
        <Y t="10">0.00020698</Y>
        <Y t="11">0.00021912</Y>
        <Y t="12">0.00023211</Y>
        <Y t="13">0.00024532</Y>
        <Y t="14">0.00025791</Y>
        <Y t="15">0.00026908</Y>
        <Y t="16">0.00027806</Y>
        <Y t="17">0.00028433</Y>
        <Y t="18">0.00028805</Y>
        <Y t="19">0.00028989</Y>
        <Y t="20">0.0002909</Y>
        <Y t="21">0.00029243</Y>
        <Y t="22">0.00029617</Y>
        <Y t="23">0.00030316</Y>
        <Y t="24">0.00031408</Y>
        <Y t="25">0.00032896</Y>
        <Y t="26">0.00034746</Y>
        <Y t="27">0.00036882</Y>
        <Y t="28">0.00039327</Y>
        <Y t="29">0.00042118</Y>
        <Y t="30">0.00045297</Y>
        <Y t="31">0.00048905</Y>
        <Y t="32">0.00052985</Y>
        <Y t="33">0.00057575</Y>
        <Y t="34">0.00062701</Y>
        <Y t="35">0.00068317</Y>
        <Y t="36">0.00074398</Y>
        <Y t="37">0.0008094</Y>
        <Y t="38">0.0008799</Y>
        <Y t="39">0.00095618</Y>
        <Y t="40">0.00103366</Y>
        <Y t="41">0.00111147</Y>
        <Y t="42">0.0011925</Y>
        <Y t="43">0.00128164</Y>
        <Y t="44">0.00138559</Y>
        <Y t="45">0.00151968</Y>
        <Y t="46">0.00169355</Y>
        <Y t="47">0.00191123</Y>
        <Y t="48">0.00217317</Y>
        <Y t="49">0.00247482</Y>
        <Y t="50">0.00279456</Y>
        <Y t="51">0.00311617</Y>
        <Y t="52">0.00342884</Y>
        <Y t="53">0.00373407</Y>
        <Y t="54">0.00404132</Y>
        <Y t="55">0.00436199</Y>
        <Y t="56">0.00471551</Y>
        <Y t="57">0.00512936</Y>
        <Y t="58">0.00562195</Y>
        <Y t="59">0.00620816</Y>
        <Y t="60">0.00689546</Y>
        <Y t="61">0.0076844</Y>
        <Y t="62">0.00856856</Y>
        <Y t="63">0.00955514</Y>
        <Y t="64">0.01065097</Y>
        <Y t="65">0.01183591</Y>
        <Y t="66">0.01310513</Y>
        <Y t="67">0.01446913</Y>
        <Y t="68">0.0159518</Y>
        <Y t="69">0.01758588</Y>
        <Y t="70">0.01948303</Y>
        <Y t="71">0.02170136</Y>
        <Y t="72">0.02424539</Y>
        <Y t="73">0.0270883</Y>
        <Y t="74">0.03016465</Y>
        <Y t="75">0.03318889</Y>
        <Y t="76">0.03690951</Y>
        <Y t="77">0.04105943</Y>
        <Y t="78">0.04568837</Y>
        <Y t="79">0.05085147</Y>
        <Y t="80">0.05660988</Y>
        <Y t="81">0.06303114</Y>
        <Y t="82">0.07018974</Y>
        <Y t="83">0.07816752</Y>
        <Y t="84">0.08705409</Y>
        <Y t="85">0.09694709</Y>
        <Y t="86">0.10795237</Y>
        <Y t="87">0.12018392</Y>
        <Y t="88">0.13376352</Y>
        <Y t="89">0.14882006</Y>
        <Y t="90">0.16548827</Y>
        <Y t="91">0.18390695</Y>
        <Y t="92">0.20421629</Y>
        <Y t="93">0.22655426</Y>
        <Y t="94">0.25105184</Y>
        <Y t="95">0.27782687</Y>
        <Y t="96">0.30697631</Y>
        <Y t="97">0.33856691</Y>
        <Y t="98">0.372624</Y>
        <Y t="99">0.40911884</Y>
        <Y t="100">1</Y>
      </Axis>
    </Values>
  </Table>
</XTbML>