﻿<?xml version="1.0" encoding="utf-8"?>
<XTbML>
  <ContentClassification>
    <TableIdentity>1968</TableIdentity>
    <ProviderDomain>http://www.censtatd.gov.hk/hkstat/sub/sp190.jsp?productCode=D5320184</ProviderDomain>
    <ProviderName>Census and Statistics Department of the Government of Hong Kong Special Administrative Region</ProviderName>
    <TableReference>Census and Statistics Department of the Government of Hong Kong Special Administrative Region web site</TableReference>
    <ContentType tc="84">Population Mortality</ContentType>
    <TableName>Hong Kong Life Tables 1971-2012</TableName>
    <TableDescription>Hong Kong Life Tables 1971-2012</TableDescription>
    <KeyWord>Aggregate</KeyWord>
    <KeyWord>Population</KeyWord>
    <KeyWord>Hong Kong</KeyWord>
  </ContentClassification>
  <Table>
    <MetaData>
      <ScalingFactor>0</ScalingFactor>
      <DataType tc="2">Floating Point</DataType>
      <Nation tc="852">Hong Kong</Nation>
      <TableDescription>Hong Kong Life Table 1993, probability of dying between exact age x and age x + 1, Male</TableDescription>
      <AxisDef id="Age">
        <ScaleType tc="3">Age</ScaleType>
        <AxisName>Age</AxisName>
        <MinScaleValue>0</MinScaleValue>
        <MaxScaleValue>100</MaxScaleValue>
        <Increment>1</Increment>
      </AxisDef>
    </MetaData>
    <Values>
      <Axis>
        <Y t="0">0.00489907</Y>
        <Y t="1">0.00038073</Y>
        <Y t="2">0.00031038</Y>
        <Y t="3">0.00025743</Y>
        <Y t="4">0.00021758</Y>
        <Y t="5">0.00018759</Y>
        <Y t="6">0.00016501</Y>
        <Y t="7">0.00014802</Y>
        <Y t="8">0.00013523</Y>
        <Y t="9">0.00012561</Y>
        <Y t="10">0.00013773</Y>
        <Y t="11">0.00015615</Y>
        <Y t="12">0.00018396</Y>
        <Y t="13">0.0002201</Y>
        <Y t="14">0.00026283</Y>
        <Y t="15">0.00031027</Y>
        <Y t="16">0.00036016</Y>
        <Y t="17">0.00041002</Y>
        <Y t="18">0.00045778</Y>
        <Y t="19">0.00050196</Y>
        <Y t="20">0.00054137</Y>
        <Y t="21">0.00057619</Y>
        <Y t="22">0.00060795</Y>
        <Y t="23">0.00063665</Y>
        <Y t="24">0.00066249</Y>
        <Y t="25">0.0006829</Y>
        <Y t="26">0.00069743</Y>
        <Y t="27">0.00070778</Y>
        <Y t="28">0.00071652</Y>
        <Y t="29">0.00072722</Y>
        <Y t="30">0.00074464</Y>
        <Y t="31">0.0007729</Y>
        <Y t="32">0.00081549</Y>
        <Y t="33">0.0008753</Y>
        <Y t="34">0.00095385</Y>
        <Y t="35">0.00105246</Y>
        <Y t="36">0.00116971</Y>
        <Y t="37">0.00130143</Y>
        <Y t="38">0.0014461</Y>
        <Y t="39">0.00160201</Y>
        <Y t="40">0.00176085</Y>
        <Y t="41">0.00191928</Y>
        <Y t="42">0.00207902</Y>
        <Y t="43">0.00224393</Y>
        <Y t="44">0.00242083</Y>
        <Y t="45">0.00261717</Y>
        <Y t="46">0.00284201</Y>
        <Y t="47">0.00310612</Y>
        <Y t="48">0.00341816</Y>
        <Y t="49">0.00378477</Y>
        <Y t="50">0.00419781</Y>
        <Y t="51">0.00465322</Y>
        <Y t="52">0.00515107</Y>
        <Y t="53">0.00570255</Y>
        <Y t="54">0.00632319</Y>
        <Y t="55">0.00703737</Y>
        <Y t="56">0.00786403</Y>
        <Y t="57">0.00881675</Y>
        <Y t="58">0.00990503</Y>
        <Y t="59">0.01113104</Y>
        <Y t="60">0.0124621</Y>
        <Y t="61">0.01387657</Y>
        <Y t="62">0.01536393</Y>
        <Y t="63">0.01693868</Y>
        <Y t="64">0.01862881</Y>
        <Y t="65">0.020511</Y>
        <Y t="66">0.02263899</Y>
        <Y t="67">0.02504358</Y>
        <Y t="68">0.02772726</Y>
        <Y t="69">0.03066631</Y>
        <Y t="70">0.03367083</Y>
        <Y t="71">0.03663223</Y>
        <Y t="72">0.03952327</Y>
        <Y t="73">0.04241057</Y>
        <Y t="74">0.04543219</Y>
        <Y t="75">0.05149556</Y>
        <Y t="76">0.05651056</Y>
        <Y t="77">0.06198832</Y>
        <Y t="78">0.0679682</Y>
        <Y t="79">0.07449222</Y>
        <Y t="80">0.08160508</Y>
        <Y t="81">0.08935417</Y>
        <Y t="82">0.09778954</Y>
        <Y t="83">0.10696373</Y>
        <Y t="84">0.11693167</Y>
        <Y t="85">0.12775032</Y>
        <Y t="86">0.13947837</Y>
        <Y t="87">0.1521757</Y>
        <Y t="88">0.16590275</Y>
        <Y t="89">0.1807197</Y>
        <Y t="90">0.19668549</Y>
        <Y t="91">0.21385657</Y>
        <Y t="92">0.23228547</Y>
        <Y t="93">0.2520191</Y>
        <Y t="94">0.27309674</Y>
        <Y t="95">0.29554779</Y>
        <Y t="96">0.31938931</Y>
        <Y t="97">0.34462312</Y>
        <Y t="98">0.37123291</Y>
        <Y t="99">0.39918108</Y>
        <Y t="100">1</Y>
      </Axis>
    </Values>
  </Table>
</XTbML>