﻿<?xml version="1.0" encoding="utf-8"?>
<XTbML>
  <ContentClassification>
    <TableIdentity>1983</TableIdentity>
    <ProviderDomain>http://www.censtatd.gov.hk/hkstat/sub/sp190.jsp?productCode=D5320184</ProviderDomain>
    <ProviderName>Census and Statistics Department of the Government of Hong Kong Special Administrative Region</ProviderName>
    <TableReference>Census and Statistics Department of the Government of Hong Kong Special Administrative Region web site</TableReference>
    <ContentType tc="84">Population Mortality</ContentType>
    <TableName>Hong Kong Life Tables 1971-2012</TableName>
    <TableDescription>Hong Kong Life Tables 1971-2012</TableDescription>
    <KeyWord>Aggregate</KeyWord>
    <KeyWord>Population</KeyWord>
    <KeyWord>Hong Kong</KeyWord>
  </ContentClassification>
  <Table>
    <MetaData>
      <ScalingFactor>0</ScalingFactor>
      <DataType tc="2">Floating Point</DataType>
      <Nation tc="852">Hong Kong</Nation>
      <TableDescription>Hong Kong Life Table 2000, probability of dying between exact age x and age x + 1, Female</TableDescription>
      <AxisDef id="Age">
        <ScaleType tc="3">Age</ScaleType>
        <AxisName>Age</AxisName>
        <MinScaleValue>0</MinScaleValue>
        <MaxScaleValue>100</MaxScaleValue>
        <Increment>1</Increment>
      </AxisDef>
    </MetaData>
    <Values>
      <Axis>
        <Y t="0">0.00281521</Y>
        <Y t="1">0.00032082</Y>
        <Y t="2">0.00025674</Y>
        <Y t="3">0.00020204</Y>
        <Y t="4">0.00015672</Y>
        <Y t="5">0.00012073</Y>
        <Y t="6">9.397E-05</Y>
        <Y t="7">7.6E-05</Y>
        <Y t="8">6.636E-05</Y>
        <Y t="9">6.417E-05</Y>
        <Y t="10">6.842E-05</Y>
        <Y t="11">7.779E-05</Y>
        <Y t="12">9.067E-05</Y>
        <Y t="13">0.00010543</Y>
        <Y t="14">0.00012061</Y>
        <Y t="15">0.00013421</Y>
        <Y t="16">0.0001455</Y>
        <Y t="17">0.00015499</Y>
        <Y t="18">0.00016258</Y>
        <Y t="19">0.00016873</Y>
        <Y t="20">0.00017511</Y>
        <Y t="21">0.00018324</Y>
        <Y t="22">0.00019446</Y>
        <Y t="23">0.00020904</Y>
        <Y t="24">0.00022658</Y>
        <Y t="25">0.00024515</Y>
        <Y t="26">0.00026298</Y>
        <Y t="27">0.00027859</Y>
        <Y t="28">0.00029188</Y>
        <Y t="29">0.00030349</Y>
        <Y t="30">0.00031416</Y>
        <Y t="31">0.00032552</Y>
        <Y t="32">0.00034015</Y>
        <Y t="33">0.00035976</Y>
        <Y t="34">0.0003858</Y>
        <Y t="35">0.00041993</Y>
        <Y t="36">0.0004627</Y>
        <Y t="37">0.00051351</Y>
        <Y t="38">0.00057253</Y>
        <Y t="39">0.00063957</Y>
        <Y t="40">0.0007137</Y>
        <Y t="41">0.0007939</Y>
        <Y t="42">0.0008791</Y>
        <Y t="43">0.000969</Y>
        <Y t="44">0.00106367</Y>
        <Y t="45">0.00115984</Y>
        <Y t="46">0.00125708</Y>
        <Y t="47">0.0013579</Y>
        <Y t="48">0.00146558</Y>
        <Y t="49">0.0015846</Y>
        <Y t="50">0.00172429</Y>
        <Y t="51">0.00189082</Y>
        <Y t="52">0.00208721</Y>
        <Y t="53">0.00231452</Y>
        <Y t="54">0.00257078</Y>
        <Y t="55">0.00283396</Y>
        <Y t="56">0.0030918</Y>
        <Y t="57">0.00334183</Y>
        <Y t="58">0.00359298</Y>
        <Y t="59">0.00386259</Y>
        <Y t="60">0.00417218</Y>
        <Y t="61">0.0045471</Y>
        <Y t="62">0.00501645</Y>
        <Y t="63">0.00560161</Y>
        <Y t="64">0.00631764</Y>
        <Y t="65">0.00715481</Y>
        <Y t="66">0.00810372</Y>
        <Y t="67">0.0091554</Y>
        <Y t="68">0.01032512</Y>
        <Y t="69">0.01163451</Y>
        <Y t="70">0.01309142</Y>
        <Y t="71">0.01471455</Y>
        <Y t="72">0.01653327</Y>
        <Y t="73">0.01858049</Y>
        <Y t="74">0.02088839</Y>
        <Y t="75">0.02348281</Y>
        <Y t="76">0.02638229</Y>
        <Y t="77">0.02959822</Y>
        <Y t="78">0.03313881</Y>
        <Y t="79">0.03700535</Y>
        <Y t="80">0.04120038</Y>
        <Y t="81">0.04572075</Y>
        <Y t="82">0.05056177</Y>
        <Y t="83">0.05571853</Y>
        <Y t="84">0.06118583</Y>
        <Y t="85">0.06716689</Y>
        <Y t="86">0.07370581</Y>
        <Y t="87">0.0808497</Y>
        <Y t="88">0.08864868</Y>
        <Y t="89">0.09715595</Y>
        <Y t="90">0.10642767</Y>
        <Y t="91">0.11652296</Y>
        <Y t="92">0.12750367</Y>
        <Y t="93">0.13943422</Y>
        <Y t="94">0.15238119</Y>
        <Y t="95">0.166413</Y>
        <Y t="96">0.18159926</Y>
        <Y t="97">0.19801022</Y>
        <Y t="98">0.2157159</Y>
        <Y t="99">0.23478517</Y>
        <Y t="100">1</Y>
      </Axis>
    </Values>
  </Table>
</XTbML>