﻿<?xml version="1.0" encoding="utf-8"?>
<XTbML>
  <ContentClassification>
    <TableIdentity>1981</TableIdentity>
    <ProviderDomain>http://www.censtatd.gov.hk/hkstat/sub/sp190.jsp?productCode=D5320184</ProviderDomain>
    <ProviderName>Census and Statistics Department of the Government of Hong Kong Special Administrative Region</ProviderName>
    <TableReference>Census and Statistics Department of the Government of Hong Kong Special Administrative Region web site</TableReference>
    <ContentType tc="84">Population Mortality</ContentType>
    <TableName>Hong Kong Life Tables 1971-2012</TableName>
    <TableDescription>Hong Kong Life Tables 1971-2012</TableDescription>
    <KeyWord>Aggregate</KeyWord>
    <KeyWord>Population</KeyWord>
    <KeyWord>Hong Kong</KeyWord>
  </ContentClassification>
  <Table>
    <MetaData>
      <ScalingFactor>0</ScalingFactor>
      <DataType tc="2">Floating Point</DataType>
      <Nation tc="852">Hong Kong</Nation>
      <TableDescription>Hong Kong Life Table 1999, probability of dying between exact age x and age x + 1, Female</TableDescription>
      <AxisDef id="Age">
        <ScaleType tc="3">Age</ScaleType>
        <AxisName>Age</AxisName>
        <MinScaleValue>0</MinScaleValue>
        <MaxScaleValue>100</MaxScaleValue>
        <Increment>1</Increment>
      </AxisDef>
    </MetaData>
    <Values>
      <Axis>
        <Y t="0">0.00275104</Y>
        <Y t="1">0.00086713</Y>
        <Y t="2">0.00067543</Y>
        <Y t="3">0.00051013</Y>
        <Y t="4">0.00037122</Y>
        <Y t="5">0.00025853</Y>
        <Y t="6">0.0001714</Y>
        <Y t="7">0.00010869</Y>
        <Y t="8">6.846E-05</Y>
        <Y t="9">4.757E-05</Y>
        <Y t="10">4.266E-05</Y>
        <Y t="11">4.958E-05</Y>
        <Y t="12">6.385E-05</Y>
        <Y t="13">8.171E-05</Y>
        <Y t="14">0.00010039</Y>
        <Y t="15">0.00011938</Y>
        <Y t="16">0.00013943</Y>
        <Y t="17">0.00016264</Y>
        <Y t="18">0.0001877</Y>
        <Y t="19">0.00021306</Y>
        <Y t="20">0.00023528</Y>
        <Y t="21">0.00025238</Y>
        <Y t="22">0.00026384</Y>
        <Y t="23">0.00026966</Y>
        <Y t="24">0.00027099</Y>
        <Y t="25">0.0002706</Y>
        <Y t="26">0.00027146</Y>
        <Y t="27">0.00027678</Y>
        <Y t="28">0.00028792</Y>
        <Y t="29">0.00030526</Y>
        <Y t="30">0.00032745</Y>
        <Y t="31">0.00035253</Y>
        <Y t="32">0.00037799</Y>
        <Y t="33">0.00040359</Y>
        <Y t="34">0.00042974</Y>
        <Y t="35">0.00045528</Y>
        <Y t="36">0.00048107</Y>
        <Y t="37">0.00050998</Y>
        <Y t="38">0.00054465</Y>
        <Y t="39">0.00058818</Y>
        <Y t="40">0.00064917</Y>
        <Y t="41">0.00073188</Y>
        <Y t="42">0.00083624</Y>
        <Y t="43">0.0009605</Y>
        <Y t="44">0.00110006</Y>
        <Y t="45">0.00123859</Y>
        <Y t="46">0.00136504</Y>
        <Y t="47">0.00147358</Y>
        <Y t="48">0.00156551</Y>
        <Y t="49">0.00164785</Y>
        <Y t="50">0.00173795</Y>
        <Y t="51">0.00185269</Y>
        <Y t="52">0.00200854</Y>
        <Y t="53">0.00221204</Y>
        <Y t="54">0.00246366</Y>
        <Y t="55">0.00274288</Y>
        <Y t="56">0.0030335</Y>
        <Y t="57">0.00332368</Y>
        <Y t="58">0.00361875</Y>
        <Y t="59">0.00393245</Y>
        <Y t="60">0.0042762</Y>
        <Y t="61">0.00467126</Y>
        <Y t="62">0.00514875</Y>
        <Y t="63">0.00573323</Y>
        <Y t="64">0.00644625</Y>
        <Y t="65">0.00729541</Y>
        <Y t="66">0.00828396</Y>
        <Y t="67">0.00941078</Y>
        <Y t="68">0.01069229</Y>
        <Y t="69">0.0121453</Y>
        <Y t="70">0.01375179</Y>
        <Y t="71">0.0155114</Y>
        <Y t="72">0.01744127</Y>
        <Y t="73">0.01957717</Y>
        <Y t="74">0.02196361</Y>
        <Y t="75">0.02464892</Y>
        <Y t="76">0.0276752</Y>
        <Y t="77">0.03107457</Y>
        <Y t="78">0.03487503</Y>
        <Y t="79">0.039091</Y>
        <Y t="80">0.04372964</Y>
        <Y t="81">0.04879087</Y>
        <Y t="82">0.0542698</Y>
        <Y t="83">0.06015915</Y>
        <Y t="84">0.06645121</Y>
        <Y t="85">0.0733241</Y>
        <Y t="86">0.0808206</Y>
        <Y t="87">0.08898508</Y>
        <Y t="88">0.09786323</Y>
        <Y t="89">0.10750189</Y>
        <Y t="90">0.11794868</Y>
        <Y t="91">0.12925164</Y>
        <Y t="92">0.14145884</Y>
        <Y t="93">0.15461783</Y>
        <Y t="94">0.16877512</Y>
        <Y t="95">0.18397553</Y>
        <Y t="96">0.20026152</Y>
        <Y t="97">0.21767247</Y>
        <Y t="98">0.23624388</Y>
        <Y t="99">0.25600652</Y>
        <Y t="100">1</Y>
      </Axis>
    </Values>
  </Table>
</XTbML>