﻿<?xml version="1.0" encoding="utf-8"?>
<XTbML>
  <ContentClassification>
    <TableIdentity>1986</TableIdentity>
    <ProviderDomain>http://www.censtatd.gov.hk/hkstat/sub/sp190.jsp?productCode=D5320184</ProviderDomain>
    <ProviderName>Census and Statistics Department of the Government of Hong Kong Special Administrative Region</ProviderName>
    <TableReference>Census and Statistics Department of the Government of Hong Kong Special Administrative Region web site</TableReference>
    <ContentType tc="84">Population Mortality</ContentType>
    <TableName>Hong Kong Life Tables 1971-2012</TableName>
    <TableDescription>Hong Kong Life Tables 1971-2012</TableDescription>
    <KeyWord>Aggregate</KeyWord>
    <KeyWord>Population</KeyWord>
    <KeyWord>Hong Kong</KeyWord>
  </ContentClassification>
  <Table>
    <MetaData>
      <ScalingFactor>0</ScalingFactor>
      <DataType tc="2">Floating Point</DataType>
      <Nation tc="852">Hong Kong</Nation>
      <TableDescription>Hong Kong Life Table 2002, probability of dying between exact age x and age x + 1, Male</TableDescription>
      <AxisDef id="Age">
        <ScaleType tc="3">Age</ScaleType>
        <AxisName>Age</AxisName>
        <MinScaleValue>0</MinScaleValue>
        <MaxScaleValue>100</MaxScaleValue>
        <Increment>1</Increment>
      </AxisDef>
    </MetaData>
    <Values>
      <Axis>
        <Y t="0">0.00244081</Y>
        <Y t="1">0.00040336</Y>
        <Y t="2">0.00031942</Y>
        <Y t="3">0.00024977</Y>
        <Y t="4">0.00019443</Y>
        <Y t="5">0.00015313</Y>
        <Y t="6">0.00012521</Y>
        <Y t="7">0.00011001</Y>
        <Y t="8">0.00010569</Y>
        <Y t="9">0.00010974</Y>
        <Y t="10">0.00011965</Y>
        <Y t="11">0.00013278</Y>
        <Y t="12">0.00014689</Y>
        <Y t="13">0.00016131</Y>
        <Y t="14">0.00017667</Y>
        <Y t="15">0.000198</Y>
        <Y t="16">0.00022918</Y>
        <Y t="17">0.00027304</Y>
        <Y t="18">0.00032904</Y>
        <Y t="19">0.00039466</Y>
        <Y t="20">0.00046509</Y>
        <Y t="21">0.00053495</Y>
        <Y t="22">0.00059834</Y>
        <Y t="23">0.0006522</Y>
        <Y t="24">0.0006951</Y>
        <Y t="25">0.00072529</Y>
        <Y t="26">0.00074451</Y>
        <Y t="27">0.00075807</Y>
        <Y t="28">0.00076846</Y>
        <Y t="29">0.00077849</Y>
        <Y t="30">0.00079148</Y>
        <Y t="31">0.00080979</Y>
        <Y t="32">0.0008348</Y>
        <Y t="33">0.00086823</Y>
        <Y t="34">0.00091094</Y>
        <Y t="35">0.00096006</Y>
        <Y t="36">0.00101348</Y>
        <Y t="37">0.00106988</Y>
        <Y t="38">0.00113098</Y>
        <Y t="39">0.0011998</Y>
        <Y t="40">0.0012808</Y>
        <Y t="41">0.00137838</Y>
        <Y t="42">0.00149681</Y>
        <Y t="43">0.00163898</Y>
        <Y t="44">0.00180642</Y>
        <Y t="45">0.00199516</Y>
        <Y t="46">0.00220212</Y>
        <Y t="47">0.00242518</Y>
        <Y t="48">0.00266688</Y>
        <Y t="49">0.00293167</Y>
        <Y t="50">0.00322296</Y>
        <Y t="51">0.0035461</Y>
        <Y t="52">0.00390844</Y>
        <Y t="53">0.0043165</Y>
        <Y t="54">0.00477608</Y>
        <Y t="55">0.00528561</Y>
        <Y t="56">0.00584488</Y>
        <Y t="57">0.00645501</Y>
        <Y t="58">0.00712316</Y>
        <Y t="59">0.00785804</Y>
        <Y t="60">0.00864691</Y>
        <Y t="61">0.00949074</Y>
        <Y t="62">0.01040408</Y>
        <Y t="63">0.01141067</Y>
        <Y t="64">0.01254015</Y>
        <Y t="65">0.0138197</Y>
        <Y t="66">0.01527553</Y>
        <Y t="67">0.0169328</Y>
        <Y t="68">0.01881931</Y>
        <Y t="69">0.0209561</Y>
        <Y t="70">0.02332421</Y>
        <Y t="71">0.02591215</Y>
        <Y t="72">0.02871583</Y>
        <Y t="73">0.03176371</Y>
        <Y t="74">0.03509417</Y>
        <Y t="75">0.03875166</Y>
        <Y t="76">0.04277574</Y>
        <Y t="77">0.04719686</Y>
        <Y t="78">0.0520416</Y>
        <Y t="79">0.05732336</Y>
        <Y t="80">0.06304683</Y>
        <Y t="81">0.06921037</Y>
        <Y t="82">0.07580729</Y>
        <Y t="83">0.08282833</Y>
        <Y t="84">0.09026371</Y>
        <Y t="85">0.09832799</Y>
        <Y t="86">0.10706763</Y>
        <Y t="87">0.11653139</Y>
        <Y t="88">0.12677012</Y>
        <Y t="89">0.13783666</Y>
        <Y t="90">0.14978559</Y>
        <Y t="91">0.16267293</Y>
        <Y t="92">0.17655581</Y>
        <Y t="93">0.19149196</Y>
        <Y t="94">0.20753922</Y>
        <Y t="95">0.22475487</Y>
        <Y t="96">0.24319491</Y>
        <Y t="97">0.2629132</Y>
        <Y t="98">0.28396053</Y>
        <Y t="99">0.30638355</Y>
        <Y t="100">1</Y>
      </Axis>
    </Values>
  </Table>
</XTbML>