﻿<?xml version="1.0" encoding="utf-8"?>
<XTbML>
  <ContentClassification>
    <TableIdentity>1982</TableIdentity>
    <ProviderDomain>http://www.censtatd.gov.hk/hkstat/sub/sp190.jsp?productCode=D5320184</ProviderDomain>
    <ProviderName>Census and Statistics Department of the Government of Hong Kong Special Administrative Region</ProviderName>
    <TableReference>Census and Statistics Department of the Government of Hong Kong Special Administrative Region web site</TableReference>
    <ContentType tc="84">Population Mortality</ContentType>
    <TableName>Hong Kong Life Tables 1971-2012</TableName>
    <TableDescription>Hong Kong Life Tables 1971-2012</TableDescription>
    <KeyWord>Aggregate</KeyWord>
    <KeyWord>Population</KeyWord>
    <KeyWord>Hong Kong</KeyWord>
  </ContentClassification>
  <Table>
    <MetaData>
      <ScalingFactor>0</ScalingFactor>
      <DataType tc="2">Floating Point</DataType>
      <Nation tc="852">Hong Kong</Nation>
      <TableDescription>Hong Kong Life Table 2000, probability of dying between exact age x and age x + 1, Male</TableDescription>
      <AxisDef id="Age">
        <ScaleType tc="3">Age</ScaleType>
        <AxisName>Age</AxisName>
        <MinScaleValue>0</MinScaleValue>
        <MaxScaleValue>100</MaxScaleValue>
        <Increment>1</Increment>
      </AxisDef>
    </MetaData>
    <Values>
      <Axis>
        <Y t="0">0.00320737</Y>
        <Y t="1">0.00028257</Y>
        <Y t="2">0.00023596</Y>
        <Y t="3">0.00019738</Y>
        <Y t="4">0.00016682</Y>
        <Y t="5">0.00014408</Y>
        <Y t="6">0.00012869</Y>
        <Y t="7">0.00012029</Y>
        <Y t="8">0.0001176</Y>
        <Y t="9">0.00011895</Y>
        <Y t="10">0.00012276</Y>
        <Y t="11">0.00012748</Y>
        <Y t="12">0.00013198</Y>
        <Y t="13">0.00013647</Y>
        <Y t="14">0.00014215</Y>
        <Y t="15">0.00015322</Y>
        <Y t="16">0.00017294</Y>
        <Y t="17">0.00020371</Y>
        <Y t="18">0.00024573</Y>
        <Y t="19">0.0002977</Y>
        <Y t="20">0.00035821</Y>
        <Y t="21">0.00042396</Y>
        <Y t="22">0.00048979</Y>
        <Y t="23">0.00055232</Y>
        <Y t="24">0.00060861</Y>
        <Y t="25">0.00065282</Y>
        <Y t="26">0.00068308</Y>
        <Y t="27">0.00070155</Y>
        <Y t="28">0.00070976</Y>
        <Y t="29">0.00071097</Y>
        <Y t="30">0.00070978</Y>
        <Y t="31">0.00071146</Y>
        <Y t="32">0.00072192</Y>
        <Y t="33">0.00074517</Y>
        <Y t="34">0.00078381</Y>
        <Y t="35">0.00083808</Y>
        <Y t="36">0.00090645</Y>
        <Y t="37">0.0009856</Y>
        <Y t="38">0.00107618</Y>
        <Y t="39">0.00117925</Y>
        <Y t="40">0.00129571</Y>
        <Y t="41">0.00142683</Y>
        <Y t="42">0.00157422</Y>
        <Y t="43">0.00173932</Y>
        <Y t="44">0.00192335</Y>
        <Y t="45">0.00212067</Y>
        <Y t="46">0.00232952</Y>
        <Y t="47">0.00255199</Y>
        <Y t="48">0.00279359</Y>
        <Y t="49">0.00306219</Y>
        <Y t="50">0.00337001</Y>
        <Y t="51">0.00372687</Y>
        <Y t="52">0.00414026</Y>
        <Y t="53">0.00461535</Y>
        <Y t="54">0.00515365</Y>
        <Y t="55">0.00573728</Y>
        <Y t="56">0.00635506</Y>
        <Y t="57">0.00700246</Y>
        <Y t="58">0.00768836</Y>
        <Y t="59">0.00842899</Y>
        <Y t="60">0.00923973</Y>
        <Y t="61">0.01014184</Y>
        <Y t="62">0.01116245</Y>
        <Y t="63">0.01232402</Y>
        <Y t="64">0.01364482</Y>
        <Y t="65">0.01511056</Y>
        <Y t="66">0.01671491</Y>
        <Y t="67">0.01845955</Y>
        <Y t="68">0.02037127</Y>
        <Y t="69">0.02248494</Y>
        <Y t="70">0.02481848</Y>
        <Y t="71">0.02739999</Y>
        <Y t="72">0.03026751</Y>
        <Y t="73">0.03346557</Y>
        <Y t="74">0.03703529</Y>
        <Y t="75">0.04100651</Y>
        <Y t="76">0.04539828</Y>
        <Y t="77">0.05021996</Y>
        <Y t="78">0.05547651</Y>
        <Y t="79">0.0611644</Y>
        <Y t="80">0.06728348</Y>
        <Y t="81">0.07382584</Y>
        <Y t="82">0.08078203</Y>
        <Y t="83">0.08814262</Y>
        <Y t="84">0.09589774</Y>
        <Y t="85">0.1042852</Y>
        <Y t="86">0.11334877</Y>
        <Y t="87">0.12313396</Y>
        <Y t="88">0.13368791</Y>
        <Y t="89">0.14505916</Y>
        <Y t="90">0.15729738</Y>
        <Y t="91">0.17045307</Y>
        <Y t="92">0.18457718</Y>
        <Y t="93">0.19972066</Y>
        <Y t="94">0.2159339</Y>
        <Y t="95">0.23326615</Y>
        <Y t="96">0.25176482</Y>
        <Y t="97">0.27147475</Y>
        <Y t="98">0.29243733</Y>
        <Y t="99">0.31468962</Y>
        <Y t="100">1</Y>
      </Axis>
    </Values>
  </Table>
</XTbML>