﻿<?xml version="1.0" encoding="utf-8"?>
<XTbML>
  <ContentClassification>
    <TableIdentity>1994</TableIdentity>
    <ProviderDomain>http://www.censtatd.gov.hk/hkstat/sub/sp190.jsp?productCode=D5320184</ProviderDomain>
    <ProviderName>Census and Statistics Department of the Government of Hong Kong Special Administrative Region</ProviderName>
    <TableReference>Census and Statistics Department of the Government of Hong Kong Special Administrative Region web site</TableReference>
    <ContentType tc="84">Population Mortality</ContentType>
    <TableName>Hong Kong Life Tables 1971-2012</TableName>
    <TableDescription>Hong Kong Life Tables 1971-2012</TableDescription>
    <KeyWord>Aggregate</KeyWord>
    <KeyWord>Population</KeyWord>
    <KeyWord>Hong Kong</KeyWord>
  </ContentClassification>
  <Table>
    <MetaData>
      <ScalingFactor>0</ScalingFactor>
      <DataType tc="2">Floating Point</DataType>
      <Nation tc="852">Hong Kong</Nation>
      <TableDescription>Hong Kong Life Table 2006, probability of dying between exact age x and age x + 1, Male</TableDescription>
      <AxisDef id="Age">
        <ScaleType tc="3">Age</ScaleType>
        <AxisName>Age</AxisName>
        <MinScaleValue>0</MinScaleValue>
        <MaxScaleValue>100</MaxScaleValue>
        <Increment>1</Increment>
      </AxisDef>
    </MetaData>
    <Values>
      <Axis>
        <Y t="0">0.00191537</Y>
        <Y t="1">0.00034475</Y>
        <Y t="2">0.00028918</Y>
        <Y t="3">0.00024107</Y>
        <Y t="4">0.00020042</Y>
        <Y t="5">0.00016716</Y>
        <Y t="6">0.0001411</Y>
        <Y t="7">0.00012205</Y>
        <Y t="8">0.00010948</Y>
        <Y t="9">0.00010269</Y>
        <Y t="10">0.00010092</Y>
        <Y t="11">0.00010335</Y>
        <Y t="12">0.00010921</Y>
        <Y t="13">0.00011809</Y>
        <Y t="14">0.00012993</Y>
        <Y t="15">0.00014526</Y>
        <Y t="16">0.0001648</Y>
        <Y t="17">0.00018939</Y>
        <Y t="18">0.00021917</Y>
        <Y t="19">0.00025398</Y>
        <Y t="20">0.00029578</Y>
        <Y t="21">0.00034472</Y>
        <Y t="22">0.00039917</Y>
        <Y t="23">0.00045699</Y>
        <Y t="24">0.00051531</Y>
        <Y t="25">0.00056722</Y>
        <Y t="26">0.00060854</Y>
        <Y t="27">0.00063787</Y>
        <Y t="28">0.00065536</Y>
        <Y t="29">0.00066345</Y>
        <Y t="30">0.00066708</Y>
        <Y t="31">0.00067221</Y>
        <Y t="32">0.00068586</Y>
        <Y t="33">0.00071161</Y>
        <Y t="34">0.00075135</Y>
        <Y t="35">0.00080541</Y>
        <Y t="36">0.0008716</Y>
        <Y t="37">0.00094519</Y>
        <Y t="38">0.00102526</Y>
        <Y t="39">0.00111116</Y>
        <Y t="40">0.00119674</Y>
        <Y t="41">0.00128043</Y>
        <Y t="42">0.00136518</Y>
        <Y t="43">0.00145542</Y>
        <Y t="44">0.00155782</Y>
        <Y t="45">0.00168509</Y>
        <Y t="46">0.00184671</Y>
        <Y t="47">0.0020489</Y>
        <Y t="48">0.0022947</Y>
        <Y t="49">0.00258311</Y>
        <Y t="50">0.0028965</Y>
        <Y t="51">0.00322247</Y>
        <Y t="52">0.00355381</Y>
        <Y t="53">0.00389532</Y>
        <Y t="54">0.00425868</Y>
        <Y t="55">0.00466953</Y>
        <Y t="56">0.00515042</Y>
        <Y t="57">0.00572081</Y>
        <Y t="58">0.00638883</Y>
        <Y t="59">0.007154</Y>
        <Y t="60">0.00797497</Y>
        <Y t="61">0.00882466</Y>
        <Y t="62">0.00969017</Y>
        <Y t="63">0.01058685</Y>
        <Y t="64">0.01154635</Y>
        <Y t="65">0.01260758</Y>
        <Y t="66">0.01381813</Y>
        <Y t="67">0.01523417</Y>
        <Y t="68">0.01689626</Y>
        <Y t="69">0.01883316</Y>
        <Y t="70">0.02101459</Y>
        <Y t="71">0.02341963</Y>
        <Y t="72">0.02603671</Y>
        <Y t="73">0.02890414</Y>
        <Y t="74">0.03207589</Y>
        <Y t="75">0.03561686</Y>
        <Y t="76">0.03958589</Y>
        <Y t="77">0.04402925</Y>
        <Y t="78">0.04898786</Y>
        <Y t="79">0.05448358</Y>
        <Y t="80">0.06052442</Y>
        <Y t="81">0.06710964</Y>
        <Y t="82">0.07423096</Y>
        <Y t="83">0.08187604</Y>
        <Y t="84">0.09003182</Y>
        <Y t="85">0.0988904</Y>
        <Y t="86">0.10849715</Y>
        <Y t="87">0.11889821</Y>
        <Y t="88">0.13014009</Y>
        <Y t="89">0.14226927</Y>
        <Y t="90">0.15533175</Y>
        <Y t="91">0.1693725</Y>
        <Y t="92">0.18443487</Y>
        <Y t="93">0.20055993</Y>
        <Y t="94">0.21778581</Y>
        <Y t="95">0.23614693</Y>
        <Y t="96">0.25567324</Y>
        <Y t="97">0.27638942</Y>
        <Y t="98">0.29831413</Y>
        <Y t="99">0.32145917</Y>
        <Y t="100">1</Y>
      </Axis>
    </Values>
  </Table>
</XTbML>