﻿<?xml version="1.0" encoding="utf-8"?>
<XTbML>
  <ContentClassification>
    <TableIdentity>1992</TableIdentity>
    <ProviderDomain>http://www.censtatd.gov.hk/hkstat/sub/sp190.jsp?productCode=D5320184</ProviderDomain>
    <ProviderName>Census and Statistics Department of the Government of Hong Kong Special Administrative Region</ProviderName>
    <TableReference>Census and Statistics Department of the Government of Hong Kong Special Administrative Region web site</TableReference>
    <ContentType tc="84">Population Mortality</ContentType>
    <TableName>Hong Kong Life Tables 1971-2012</TableName>
    <TableDescription>Hong Kong Life Tables 1971-2012</TableDescription>
    <KeyWord>Aggregate</KeyWord>
    <KeyWord>Population</KeyWord>
    <KeyWord>Hong Kong</KeyWord>
  </ContentClassification>
  <Table>
    <MetaData>
      <ScalingFactor>0</ScalingFactor>
      <DataType tc="2">Floating Point</DataType>
      <Nation tc="852">Hong Kong</Nation>
      <TableDescription>Hong Kong Life Table 2005, probability of dying between exact age x and age x + 1, Male</TableDescription>
      <AxisDef id="Age">
        <ScaleType tc="3">Age</ScaleType>
        <AxisName>Age</AxisName>
        <MinScaleValue>0</MinScaleValue>
        <MaxScaleValue>100</MaxScaleValue>
        <Increment>1</Increment>
      </AxisDef>
    </MetaData>
    <Values>
      <Axis>
        <Y t="0">0.00266821</Y>
        <Y t="1">0.00023036</Y>
        <Y t="2">0.00019708</Y>
        <Y t="3">0.00016764</Y>
        <Y t="4">0.00014202</Y>
        <Y t="5">0.00012034</Y>
        <Y t="6">0.00010278</Y>
        <Y t="7">8.947E-05</Y>
        <Y t="8">8.091E-05</Y>
        <Y t="9">7.775E-05</Y>
        <Y t="10">8.056E-05</Y>
        <Y t="11">8.981E-05</Y>
        <Y t="12">0.00010569</Y>
        <Y t="13">0.0001277</Y>
        <Y t="14">0.00015486</Y>
        <Y t="15">0.00018567</Y>
        <Y t="16">0.00021864</Y>
        <Y t="17">0.0002522</Y>
        <Y t="18">0.00028539</Y>
        <Y t="19">0.00031767</Y>
        <Y t="20">0.00034915</Y>
        <Y t="21">0.00038048</Y>
        <Y t="22">0.00041285</Y>
        <Y t="23">0.00044639</Y>
        <Y t="24">0.000481</Y>
        <Y t="25">0.0005155</Y>
        <Y t="26">0.00054924</Y>
        <Y t="27">0.00058213</Y>
        <Y t="28">0.00061471</Y>
        <Y t="29">0.00064797</Y>
        <Y t="30">0.00068422</Y>
        <Y t="31">0.00072517</Y>
        <Y t="32">0.00077204</Y>
        <Y t="33">0.00082523</Y>
        <Y t="34">0.00088439</Y>
        <Y t="35">0.00094516</Y>
        <Y t="36">0.00100484</Y>
        <Y t="37">0.00106241</Y>
        <Y t="38">0.00111931</Y>
        <Y t="39">0.00117875</Y>
        <Y t="40">0.00124505</Y>
        <Y t="41">0.00132322</Y>
        <Y t="42">0.00141892</Y>
        <Y t="43">0.00153603</Y>
        <Y t="44">0.00167713</Y>
        <Y t="45">0.00183945</Y>
        <Y t="46">0.00202065</Y>
        <Y t="47">0.00221886</Y>
        <Y t="48">0.00243717</Y>
        <Y t="49">0.0026802</Y>
        <Y t="50">0.00295126</Y>
        <Y t="51">0.00325522</Y>
        <Y t="52">0.00359854</Y>
        <Y t="53">0.00398758</Y>
        <Y t="54">0.00442803</Y>
        <Y t="55">0.0049148</Y>
        <Y t="56">0.00544678</Y>
        <Y t="57">0.00602668</Y>
        <Y t="58">0.00666453</Y>
        <Y t="59">0.00737307</Y>
        <Y t="60">0.00815811</Y>
        <Y t="61">0.00902955</Y>
        <Y t="62">0.01000146</Y>
        <Y t="63">0.01109104</Y>
        <Y t="64">0.01231486</Y>
        <Y t="65">0.01365306</Y>
        <Y t="66">0.01510305</Y>
        <Y t="67">0.01667943</Y>
        <Y t="68">0.01841747</Y>
        <Y t="69">0.0203622</Y>
        <Y t="70">0.0225433</Y>
        <Y t="71">0.02499791</Y>
        <Y t="72">0.02777037</Y>
        <Y t="73">0.03091206</Y>
        <Y t="74">0.0344677</Y>
        <Y t="75">0.03846608</Y>
        <Y t="76">0.04292311</Y>
        <Y t="77">0.0478442</Y>
        <Y t="78">0.05322986</Y>
        <Y t="79">0.05907264</Y>
        <Y t="80">0.06537123</Y>
        <Y t="81">0.07211573</Y>
        <Y t="82">0.07929536</Y>
        <Y t="83">0.08689988</Y>
        <Y t="84">0.09491859</Y>
        <Y t="85">0.10359705</Y>
        <Y t="86">0.11297842</Y>
        <Y t="87">0.12310701</Y>
        <Y t="88">0.13402809</Y>
        <Y t="89">0.14578756</Y>
        <Y t="90">0.15843161</Y>
        <Y t="91">0.17200636</Y>
        <Y t="92">0.18655732</Y>
        <Y t="93">0.2021289</Y>
        <Y t="94">0.21876386</Y>
        <Y t="95">0.2365026</Y>
        <Y t="96">0.25538249</Y>
        <Y t="97">0.27543715</Y>
        <Y t="98">0.29669563</Y>
        <Y t="99">0.31918161</Y>
        <Y t="100">1</Y>
      </Axis>
    </Values>
  </Table>
</XTbML>