﻿<?xml version="1.0" encoding="utf-8"?>
<XTbML>
  <ContentClassification>
    <TableIdentity>1997</TableIdentity>
    <ProviderDomain>http://www.censtatd.gov.hk/hkstat/sub/sp190.jsp?productCode=D5320184</ProviderDomain>
    <ProviderName>Census and Statistics Department of the Government of Hong Kong Special Administrative Region</ProviderName>
    <TableReference>Census and Statistics Department of the Government of Hong Kong Special Administrative Region web site</TableReference>
    <ContentType tc="84">Population Mortality</ContentType>
    <TableName>Hong Kong Life Tables 1971-2012</TableName>
    <TableDescription>Hong Kong Life Tables 1971-2012</TableDescription>
    <KeyWord>Aggregate</KeyWord>
    <KeyWord>Population</KeyWord>
    <KeyWord>Hong Kong</KeyWord>
  </ContentClassification>
  <Table>
    <MetaData>
      <ScalingFactor>0</ScalingFactor>
      <DataType tc="2">Floating Point</DataType>
      <Nation tc="852">Hong Kong</Nation>
      <TableDescription>Hong Kong Life Table 2007, probability of dying between exact age x and age x + 1, Female</TableDescription>
      <AxisDef id="Age">
        <ScaleType tc="3">Age</ScaleType>
        <AxisName>Age</AxisName>
        <MinScaleValue>0</MinScaleValue>
        <MaxScaleValue>100</MaxScaleValue>
        <Increment>1</Increment>
      </AxisDef>
    </MetaData>
    <Values>
      <Axis>
        <Y t="0">0.00171907</Y>
        <Y t="1">0.00054052</Y>
        <Y t="2">0.00042779</Y>
        <Y t="3">0.00033054</Y>
        <Y t="4">0.00024876</Y>
        <Y t="5">0.00018232</Y>
        <Y t="6">0.00013074</Y>
        <Y t="7">9.335E-05</Y>
        <Y t="8">6.875E-05</Y>
        <Y t="9">5.49E-05</Y>
        <Y t="10">4.962E-05</Y>
        <Y t="11">5.039E-05</Y>
        <Y t="12">5.463E-05</Y>
        <Y t="13">6.054E-05</Y>
        <Y t="14">6.713E-05</Y>
        <Y t="15">7.57E-05</Y>
        <Y t="16">8.773E-05</Y>
        <Y t="17">0.0001049</Y>
        <Y t="18">0.00012646</Y>
        <Y t="19">0.00015093</Y>
        <Y t="20">0.0001748</Y>
        <Y t="21">0.00019545</Y>
        <Y t="22">0.00021101</Y>
        <Y t="23">0.00022094</Y>
        <Y t="24">0.00022584</Y>
        <Y t="25">0.00022787</Y>
        <Y t="26">0.00022981</Y>
        <Y t="27">0.00023506</Y>
        <Y t="28">0.00024491</Y>
        <Y t="29">0.00025985</Y>
        <Y t="30">0.00027911</Y>
        <Y t="31">0.00030124</Y>
        <Y t="32">0.00032406</Y>
        <Y t="33">0.00034723</Y>
        <Y t="34">0.00037085</Y>
        <Y t="35">0.00039422</Y>
        <Y t="36">0.00041786</Y>
        <Y t="37">0.0004435</Y>
        <Y t="38">0.00047259</Y>
        <Y t="39">0.00050683</Y>
        <Y t="40">0.00054782</Y>
        <Y t="41">0.00059693</Y>
        <Y t="42">0.00065535</Y>
        <Y t="43">0.00072453</Y>
        <Y t="44">0.0008056</Y>
        <Y t="45">0.0009018</Y>
        <Y t="46">0.00101384</Y>
        <Y t="47">0.00113985</Y>
        <Y t="48">0.00127809</Y>
        <Y t="49">0.00142579</Y>
        <Y t="50">0.00157093</Y>
        <Y t="51">0.00170728</Y>
        <Y t="52">0.00183444</Y>
        <Y t="53">0.00195605</Y>
        <Y t="54">0.00208002</Y>
        <Y t="55">0.00222604</Y>
        <Y t="56">0.00240938</Y>
        <Y t="57">0.00264106</Y>
        <Y t="58">0.00292414</Y>
        <Y t="59">0.00325502</Y>
        <Y t="60">0.00359135</Y>
        <Y t="61">0.00390804</Y>
        <Y t="62">0.00419731</Y>
        <Y t="63">0.00447479</Y>
        <Y t="64">0.0047723</Y>
        <Y t="65">0.00513804</Y>
        <Y t="66">0.00562248</Y>
        <Y t="67">0.00627839</Y>
        <Y t="68">0.00713982</Y>
        <Y t="69">0.00822579</Y>
        <Y t="70">0.0095019</Y>
        <Y t="71">0.01093789</Y>
        <Y t="72">0.01250764</Y>
        <Y t="73">0.01423438</Y>
        <Y t="74">0.01615809</Y>
        <Y t="75">0.01833353</Y>
        <Y t="76">0.02081337</Y>
        <Y t="77">0.02364142</Y>
        <Y t="78">0.02685807</Y>
        <Y t="79">0.03048801</Y>
        <Y t="80">0.03454128</Y>
        <Y t="81">0.03902214</Y>
        <Y t="82">0.04392791</Y>
        <Y t="83">0.04925211</Y>
        <Y t="84">0.05498769</Y>
        <Y t="85">0.06131219</Y>
        <Y t="86">0.06827423</Y>
        <Y t="87">0.07592456</Y>
        <Y t="88">0.08431589</Y>
        <Y t="89">0.09350259</Y>
        <Y t="90">0.10354029</Y>
        <Y t="91">0.1144855</Y>
        <Y t="92">0.12639502</Y>
        <Y t="93">0.13932537</Y>
        <Y t="94">0.15333204</Y>
        <Y t="95">0.16846872</Y>
        <Y t="96">0.1847864</Y>
        <Y t="97">0.20233242</Y>
        <Y t="98">0.22114945</Y>
        <Y t="99">0.24127442</Y>
        <Y t="100">1</Y>
      </Axis>
    </Values>
  </Table>
</XTbML>