﻿<?xml version="1.0" encoding="utf-8"?>
<XTbML>
  <ContentClassification>
    <TableIdentity>1995</TableIdentity>
    <ProviderDomain>http://www.censtatd.gov.hk/hkstat/sub/sp190.jsp?productCode=D5320184</ProviderDomain>
    <ProviderName>Census and Statistics Department of the Government of Hong Kong Special Administrative Region</ProviderName>
    <TableReference>Census and Statistics Department of the Government of Hong Kong Special Administrative Region web site</TableReference>
    <ContentType tc="84">Population Mortality</ContentType>
    <TableName>Hong Kong Life Tables 1971-2012</TableName>
    <TableDescription>Hong Kong Life Tables 1971-2012</TableDescription>
    <KeyWord>Aggregate</KeyWord>
    <KeyWord>Population</KeyWord>
    <KeyWord>Hong Kong</KeyWord>
  </ContentClassification>
  <Table>
    <MetaData>
      <ScalingFactor>0</ScalingFactor>
      <DataType tc="2">Floating Point</DataType>
      <Nation tc="852">Hong Kong</Nation>
      <TableDescription>Hong Kong Life Table 2006, probability of dying between exact age x and age x + 1, Female</TableDescription>
      <AxisDef id="Age">
        <ScaleType tc="3">Age</ScaleType>
        <AxisName>Age</AxisName>
        <MinScaleValue>0</MinScaleValue>
        <MaxScaleValue>100</MaxScaleValue>
        <Increment>1</Increment>
      </AxisDef>
    </MetaData>
    <Values>
      <Axis>
        <Y t="0">0.00174409</Y>
        <Y t="1">0.00023872</Y>
        <Y t="2">0.00019353</Y>
        <Y t="3">0.00015588</Y>
        <Y t="4">0.00012576</Y>
        <Y t="5">0.00010309</Y>
        <Y t="6">8.761E-05</Y>
        <Y t="7">7.889E-05</Y>
        <Y t="8">7.613E-05</Y>
        <Y t="9">7.812E-05</Y>
        <Y t="10">8.359E-05</Y>
        <Y t="11">9.101E-05</Y>
        <Y t="12">9.884E-05</Y>
        <Y t="13">0.00010595</Y>
        <Y t="14">0.0001117</Y>
        <Y t="15">0.00011548</Y>
        <Y t="16">0.00011772</Y>
        <Y t="17">0.00011984</Y>
        <Y t="18">0.00012228</Y>
        <Y t="19">0.0001256</Y>
        <Y t="20">0.00013045</Y>
        <Y t="21">0.00013734</Y>
        <Y t="22">0.00014659</Y>
        <Y t="23">0.00015856</Y>
        <Y t="24">0.00017342</Y>
        <Y t="25">0.00019153</Y>
        <Y t="26">0.00021273</Y>
        <Y t="27">0.00023638</Y>
        <Y t="28">0.00026215</Y>
        <Y t="29">0.00028959</Y>
        <Y t="30">0.00031759</Y>
        <Y t="31">0.00034556</Y>
        <Y t="32">0.00037338</Y>
        <Y t="33">0.00040118</Y>
        <Y t="34">0.00042943</Y>
        <Y t="35">0.00045852</Y>
        <Y t="36">0.00048933</Y>
        <Y t="37">0.00052317</Y>
        <Y t="38">0.00056104</Y>
        <Y t="39">0.00060382</Y>
        <Y t="40">0.0006502</Y>
        <Y t="41">0.00069984</Y>
        <Y t="42">0.00075337</Y>
        <Y t="43">0.00081275</Y>
        <Y t="44">0.00088059</Y>
        <Y t="45">0.00096395</Y>
        <Y t="46">0.00106677</Y>
        <Y t="47">0.00118994</Y>
        <Y t="48">0.00133266</Y>
        <Y t="49">0.00149175</Y>
        <Y t="50">0.00165442</Y>
        <Y t="51">0.00181197</Y>
        <Y t="52">0.00195973</Y>
        <Y t="53">0.00209905</Y>
        <Y t="54">0.00223588</Y>
        <Y t="55">0.0023822</Y>
        <Y t="56">0.00255097</Y>
        <Y t="57">0.00275618</Y>
        <Y t="58">0.00300483</Y>
        <Y t="59">0.0032999</Y>
        <Y t="60">0.00361911</Y>
        <Y t="61">0.00394974</Y>
        <Y t="62">0.00428855</Y>
        <Y t="63">0.00464905</Y>
        <Y t="64">0.00505405</Y>
        <Y t="65">0.00552851</Y>
        <Y t="66">0.00610179</Y>
        <Y t="67">0.00680758</Y>
        <Y t="68">0.00767331</Y>
        <Y t="69">0.00871939</Y>
        <Y t="70">0.00992972</Y>
        <Y t="71">0.01129342</Y>
        <Y t="72">0.01280475</Y>
        <Y t="73">0.01448958</Y>
        <Y t="74">0.01638311</Y>
        <Y t="75">0.01852672</Y>
        <Y t="76">0.0209579</Y>
        <Y t="77">0.02370636</Y>
        <Y t="78">0.02679873</Y>
        <Y t="79">0.03024997</Y>
        <Y t="80">0.03406716</Y>
        <Y t="81">0.03825191</Y>
        <Y t="82">0.04280132</Y>
        <Y t="83">0.0477102</Y>
        <Y t="84">0.052973</Y>
        <Y t="85">0.05877312</Y>
        <Y t="86">0.06515863</Y>
        <Y t="87">0.07218073</Y>
        <Y t="88">0.07989377</Y>
        <Y t="89">0.08835515</Y>
        <Y t="90">0.09762521</Y>
        <Y t="91">0.10776706</Y>
        <Y t="92">0.11884627</Y>
        <Y t="93">0.13093049</Y>
        <Y t="94">0.14408901</Y>
        <Y t="95">0.1583921</Y>
        <Y t="96">0.17391033</Y>
        <Y t="97">0.19071366</Y>
        <Y t="98">0.20887044</Y>
        <Y t="99">0.22844627</Y>
        <Y t="100">1</Y>
      </Axis>
    </Values>
  </Table>
</XTbML>