﻿<?xml version="1.0" encoding="utf-8"?>
<XTbML>
  <ContentClassification>
    <TableIdentity>2040</TableIdentity>
    <ProviderDomain>soa.org</ProviderDomain>
    <ProviderName>Susie Lee</ProviderName>
    <TableReference>Minister of Commerce, “Life Tables for Canada and Regions – 1941 and 1931”, Federal Bureau of Statistics (Ottawa, 1947). Accessed: July, 2013 from http://www.prdh.umontreal.ca/BDLC/data/pdfs/84-515.pdf</TableReference>
    <ContentType tc="84">Population Mortality</ContentType>
    <TableName>Canadian Life Table No. 2 - Males, ANB</TableName>
    <TableDescription>Canadian Life Table No. 2 (1940-42) – Males. Basis: Age Nearest Birthday. Minimum Age: 0 Maximum Age: 105</TableDescription>
    <Comments>Study Data: The population used is that of the decennial census and the deaths are those of the three-year period surrounding the census. At the youngest ages, birth and death statistics are used in the place of census data to obtain the numbers at each age. Methodology: Based on the conventions usually adopted in the construction of life tables for insurance and population purposes. Essentially, an artificial stationary population in which (1) births are equal to deaths; (2) no immigration or emigration occurs; and (3) age specific death rates are those of the years to which the life table applies. An arbitrary number of births (100,000) of each sex is take as the starting point. Probability of dying, denoted q(x), is obtained by dividing the average annual number of deaths at each age by the number of the population plus one half the deaths at that age. In practice, five-year totals of population and deaths are graduated to obtain figures by single years of age. Data Transcription Errors: None. Data Certified: 07/2013</Comments>
    <KeyWord>Aggregate</KeyWord>
    <KeyWord>Population</KeyWord>
    <KeyWord>Canada</KeyWord>
  </ContentClassification>
  <Table>
    <MetaData>
      <ScalingFactor>0</ScalingFactor>
      <DataType tc="2">Floating Point</DataType>
      <Nation tc="2">Canada</Nation>
      <TableDescription>Canadian Life Table No. 2 (1940-42) – Males. Basis: Age Nearest Birthday. Minimum Age: 0 Maximum Age: 105</TableDescription>
      <AxisDef id="Age">
        <ScaleType tc="3">Age</ScaleType>
        <AxisName>Age</AxisName>
        <MinScaleValue>0</MinScaleValue>
        <MaxScaleValue>105</MaxScaleValue>
        <Increment>1</Increment>
      </AxisDef>
    </MetaData>
    <Values>
      <Axis>
        <Y t="0">0.06250</Y>
        <Y t="1">0.00721</Y>
        <Y t="2">0.00398</Y>
        <Y t="3">0.00294</Y>
        <Y t="4">0.00234</Y>
        <Y t="5">0.00198</Y>
        <Y t="6">0.00172</Y>
        <Y t="7">0.00154</Y>
        <Y t="8">0.00139</Y>
        <Y t="9">0.00130</Y>
        <Y t="10">0.00122</Y>
        <Y t="11">0.00119</Y>
        <Y t="12">0.00123</Y>
        <Y t="13">0.00131</Y>
        <Y t="14">0.00146</Y>
        <Y t="15">0.00163</Y>
        <Y t="16">0.00181</Y>
        <Y t="17">0.00197</Y>
        <Y t="18">0.00212</Y>
        <Y t="19">0.00227</Y>
        <Y t="20">0.00241</Y>
        <Y t="21">0.00253</Y>
        <Y t="22">0.00261</Y>
        <Y t="23">0.00264</Y>
        <Y t="24">0.00262</Y>
        <Y t="25">0.00257</Y>
        <Y t="26">0.00254</Y>
        <Y t="27">0.00253</Y>
        <Y t="28">0.00254</Y>
        <Y t="29">0.00256</Y>
        <Y t="30">0.00260</Y>
        <Y t="31">0.00265</Y>
        <Y t="32">0.00274</Y>
        <Y t="33">0.00286</Y>
        <Y t="34">0.00300</Y>
        <Y t="35">0.00317</Y>
        <Y t="36">0.00336</Y>
        <Y t="37">0.00357</Y>
        <Y t="38">0.00379</Y>
        <Y t="39">0.00403</Y>
        <Y t="40">0.00428</Y>
        <Y t="41">0.00457</Y>
        <Y t="42">0.00489</Y>
        <Y t="43">0.00523</Y>
        <Y t="44">0.00559</Y>
        <Y t="45">0.00598</Y>
        <Y t="46">0.00643</Y>
        <Y t="47">0.00696</Y>
        <Y t="48">0.00756</Y>
        <Y t="49">0.00822</Y>
        <Y t="50">0.00895</Y>
        <Y t="51">0.00973</Y>
        <Y t="52">0.01059</Y>
        <Y t="53">0.01149</Y>
        <Y t="54">0.01244</Y>
        <Y t="55">0.01346</Y>
        <Y t="56">0.01459</Y>
        <Y t="57">0.01585</Y>
        <Y t="58">0.01723</Y>
        <Y t="59">0.01869</Y>
        <Y t="60">0.02029</Y>
        <Y t="61">0.02206</Y>
        <Y t="62">0.02403</Y>
        <Y t="63">0.02616</Y>
        <Y t="64">0.02843</Y>
        <Y t="65">0.03090</Y>
        <Y t="66">0.03365</Y>
        <Y t="67">0.03675</Y>
        <Y t="68">0.04011</Y>
        <Y t="69">0.04367</Y>
        <Y t="70">0.04759</Y>
        <Y t="71">0.05199</Y>
        <Y t="72">0.05701</Y>
        <Y t="73">0.06264</Y>
        <Y t="74">0.06879</Y>
        <Y t="75">0.07547</Y>
        <Y t="76">0.08272</Y>
        <Y t="77">0.09055</Y>
        <Y t="78">0.09894</Y>
        <Y t="79">0.10787</Y>
        <Y t="80">0.11738</Y>
        <Y t="81">0.12751</Y>
        <Y t="82">0.13830</Y>
        <Y t="83">0.14964</Y>
        <Y t="84">0.16149</Y>
        <Y t="85">0.17404</Y>
        <Y t="86">0.18742</Y>
        <Y t="87">0.20181</Y>
        <Y t="88">0.21708</Y>
        <Y t="89">0.23328</Y>
        <Y t="90">0.25042</Y>
        <Y t="91">0.26856</Y>
        <Y t="92">0.28771</Y>
        <Y t="93">0.30793</Y>
        <Y t="94">0.32924</Y>
        <Y t="95">0.35167</Y>
        <Y t="96">0.37527</Y>
        <Y t="97">0.40006</Y>
        <Y t="98">0.42609</Y>
        <Y t="99">0.45338</Y>
        <Y t="100">0.48197</Y>
        <Y t="101">0.51190</Y>
        <Y t="102">0.54321</Y>
        <Y t="103">0.57591</Y>
        <Y t="104">0.61006</Y>
        <Y t="105">0.64568</Y>
      </Axis>
    </Values>
  </Table>
</XTbML>