﻿<?xml version="1.0" encoding="utf-8"?>
<XTbML>
  <ContentClassification>
    <TableIdentity>2078</TableIdentity>
    <ProviderDomain>limra.com</ProviderDomain>
    <ProviderName>LIMRA International, Inc.</ProviderName>
    <TableReference>Cathy Ho and Nancy S. Muise, “U.S. Individual Life Persistency: A Joint Study Sponsored by the Society of Actuaries and LIMRA”, SOA and LL Global, Inc., (2011). Accessed: February, 2013 from http://www.soa.org/research/experience-study/ind-life/persistency/2005-2007-ind-life-persistency.aspx</TableReference>
    <ContentType tc="5">Termination Voluntary</ContentType>
    <TableName>2005-2007 Individual Life Persistency Study – Term Insurance, 10 YLT Ages 60-69</TableName>
    <TableDescription>2005-2007 Individual Life Persistency Study – Term Insurance by Number of Policies AND by Face Amounts. Basis: 10 Year Level Term Ages 60-69. Minimum Policy Duration: 1. Maximum Policy Duration: 11</TableDescription>
    <Comments>Study Data: Experience based on data provided by 31 individual life insurance writers and represents lapse experience for whole life, term life, universal life and variable universal life plans issued between 1910 and 2007. For consistency with prior studies, lapse is defined as termination for nonpayment of premium, insufficient cash value or full surrender of a policy, transfer to reduced paid-up or extended term status, and terminations for unknown reason. The data underlying this report was collected on a policy-level, seriatim basis as this allows for a more detailed analysis of the factors influencing lapse results than studies conducted on an aggregated data basis. The number of policies exposed to lapse is based on the length of time the policy is exposed to the risk of lapse during the year. Lapses contribute exposure for the full 12 months. Terminations due to death, expiry, maturity, or conversion are not included in the amounts lapsing and contribute to exposure for only the fraction of the policy year they were in-force. For lapse by face amount, data collected represented just under $11 trillion in face amount exposed; the average face amount exposed was $37,000. Methodology: Lapse rates calculated by the following formula: Annualized Policy Lapse Rate = 100% * (Number of Policies Lapsed During the Year / Number of Policies Exposed to Lapse During the Year). Industry lapse rates are calculated as a weighted average of the experience of all contributing companies; companies with larger in-force blocks will affect the overall results more than companies with smaller in-force blocks. Thus, results for each policy factor analyzed are also examined at the company level to ensure that reported experience is not overly affected by one or more large participant blocks. Lapse rates are not reported for any data cell for which there were fewer than three companies or less than 1,000 policies exposed. Experience was reported exactly as calculated. No attempts were made to level or smooth results. As lapse rates resulting from the formula were multiplied by 100, the rates loaded to this table have been divided by 100. Data Transcription Errors: None. Data Certified: 08/2013</Comments>
    <KeyWord>Duration</KeyWord>
    <KeyWord>Termination Voluntary</KeyWord>
    <KeyWord>United States of America</KeyWord>
  </ContentClassification>
  <Table>
    <MetaData>
      <ScalingFactor>0</ScalingFactor>
      <DataType tc="2">Floating Point</DataType>
      <Nation tc="1">United States of America</Nation>
      <TableDescription>2005-2007 Individual Life Persistency Study – Term Insurance by Number of Policies. Basis: 10 Year Level Term Ages 60-69. Minimum Policy Duration: 1. Maximum Policy Duration: 11</TableDescription>
      <AxisDef id="Duration">
        <ScaleType tc="2">Ordinal Date</ScaleType>
        <AxisName>Duration</AxisName>
        <MinScaleValue>1</MinScaleValue>
        <MaxScaleValue>11</MaxScaleValue>
        <Increment>1</Increment>
      </AxisDef>
    </MetaData>
    <Values>
      <Axis>
        <Y t="1">0.068</Y>
        <Y t="2">0.063</Y>
        <Y t="3">0.059</Y>
        <Y t="4">0.051</Y>
        <Y t="5">0.047</Y>
        <Y t="6">0.047</Y>
        <Y t="7">0.046</Y>
        <Y t="8">0.055</Y>
        <Y t="9">0.058</Y>
        <Y t="10">0.445</Y>
        <Y t="11">0.728</Y>
      </Axis>
    </Values>
  </Table>
  <Table>
    <MetaData>
      <ScalingFactor>0</ScalingFactor>
      <DataType tc="2">Floating Point</DataType>
      <Nation tc="1">United States of America</Nation>
      <TableDescription>2005-2007 Individual Life Persistency Study – Term Insurance by Face Amounts. Basis: 10 Year Level Term Ages 60-69. Minimum Policy Duration: 1. Maximum Policy Duration: 11</TableDescription>
      <AxisDef id="Duration">
        <ScaleType tc="2">Ordinal Date</ScaleType>
        <AxisName>Duration</AxisName>
        <MinScaleValue>1</MinScaleValue>
        <MaxScaleValue>11</MaxScaleValue>
        <Increment>1</Increment>
      </AxisDef>
    </MetaData>
    <Values>
      <Axis>
        <Y t="1">0.064</Y>
        <Y t="2">0.075</Y>
        <Y t="3">0.069</Y>
        <Y t="4">0.054</Y>
        <Y t="5">0.065</Y>
        <Y t="6">0.055</Y>
        <Y t="7">0.06</Y>
        <Y t="8">0.091</Y>
        <Y t="9">0.07</Y>
        <Y t="10">0.42</Y>
        <Y t="11">0.706</Y>
      </Axis>
    </Values>
  </Table>
</XTbML>