﻿<?xml version="1.0" encoding="utf-8"?>
<XTbML>
  <ContentClassification>
    <TableIdentity>2253</TableIdentity>
    <ProviderDomain>limra.com</ProviderDomain>
    <ProviderName>LIMRA International, Inc.</ProviderName>
    <TableReference>LIMRA and The Society of Actuaries “U.S. Individual Life Insurance Persistency Update”, LIMRA and The Society of Actuaries, (2008). Accessed: August, 2013 from http://www.soa.org/Research/Experience-Study/ind-life/persistency/2003-us-life-update.aspx</TableReference>
    <ContentType tc="5">Termination Voluntary</ContentType>
    <TableName>2003-2004 Individual Life Persistency Study – 10 YLT on an Attained Age Basis</TableName>
    <TableDescription>2003-2004 Individual Life Persistency Study – 10 Year Level Term Insurance by Number of Policies AND by Face Amounts. Basis: Attained Age. Minimum Attained Age: 19. Maximum Attained Age: 80</TableDescription>
    <Comments>Study Data: The observation period for the study is calendar years 2003 and 2004. The study is based on data provided by 43 individual life insurance writers and it presents lapse experience for whole life, term life, universal life, and variable universal life plans issued between 1902 and 2004. Lapse includes termination for nonpayment of premium, insufficient cashvalue, or full surrender of a policy, transfer to reduced paid-up or extended term status, and in most cases, terminations for unknown reason. Methodology: Lapse rates are calculated as follows: Annualized Policy Lapse Rate = 100 x Number of Policies Lapsed During the Year / Number of Policies Exposed to Lapse During the Year. The number of policies exposed to lapse is based on the length of time the policy is exposed to the risk of lapsation during the year. Lapses contribute exposure for the full 12 months. Terminations due to death, expiry, maturity or conversion are not included in the amounts lapsing and contribute to exposure for only the fraction of the year they were in force. Experience is reported exactly as calculated. No attempt was made to graduate or smooth results. Data Transcription Errors: None. Data Certified: 09/2013</Comments>
    <KeyWord>Duration</KeyWord>
    <KeyWord>Termination Voluntary</KeyWord>
    <KeyWord>United States of America</KeyWord>
  </ContentClassification>
  <Table>
    <MetaData>
      <ScalingFactor>0</ScalingFactor>
      <DataType tc="2">Floating Point</DataType>
      <Nation tc="1">United States of America</Nation>
      <TableDescription>2003-2004 Individual Life Persistency Study – 10 Year Level Term Insurance by Number of Policies. Basis: Attained Age. Minimum Attained Age: 19. Maximum Attained Age: 80</TableDescription>
      <AxisDef id="Duration">
        <ScaleType tc="2">Ordinal Date</ScaleType>
        <AxisName>Duration</AxisName>
        <MinScaleValue>19</MinScaleValue>
        <MaxScaleValue>80</MaxScaleValue>
        <Increment>1</Increment>
      </AxisDef>
    </MetaData>
    <Values>
      <Axis>
        <Y t="19">0.081</Y>
        <Y t="20">0.084</Y>
        <Y t="21">0.094</Y>
        <Y t="22">0.107</Y>
        <Y t="23">0.118</Y>
        <Y t="24">0.118</Y>
        <Y t="25">0.12</Y>
        <Y t="26">0.118</Y>
        <Y t="27">0.114</Y>
        <Y t="28">0.111</Y>
        <Y t="29">0.106</Y>
        <Y t="30">0.105</Y>
        <Y t="31">0.101</Y>
        <Y t="32">0.097</Y>
        <Y t="33">0.094</Y>
        <Y t="34">0.091</Y>
        <Y t="35">0.092</Y>
        <Y t="36">0.087</Y>
        <Y t="37">0.086</Y>
        <Y t="38">0.085</Y>
        <Y t="39">0.084</Y>
        <Y t="40">0.083</Y>
        <Y t="41">0.084</Y>
        <Y t="42">0.083</Y>
        <Y t="43">0.083</Y>
        <Y t="44">0.085</Y>
        <Y t="45">0.086</Y>
        <Y t="46">0.085</Y>
        <Y t="47">0.084</Y>
        <Y t="48">0.083</Y>
        <Y t="49">0.084</Y>
        <Y t="50">0.083</Y>
        <Y t="51">0.081</Y>
        <Y t="52">0.083</Y>
        <Y t="53">0.082</Y>
        <Y t="54">0.082</Y>
        <Y t="55">0.085</Y>
        <Y t="56">0.082</Y>
        <Y t="57">0.082</Y>
        <Y t="58">0.079</Y>
        <Y t="59">0.081</Y>
        <Y t="60">0.079</Y>
        <Y t="61">0.081</Y>
        <Y t="62">0.083</Y>
        <Y t="63">0.082</Y>
        <Y t="64">0.081</Y>
        <Y t="65">0.09</Y>
        <Y t="66">0.085</Y>
        <Y t="67">0.084</Y>
        <Y t="68">0.084</Y>
        <Y t="69">0.087</Y>
        <Y t="70">0.088</Y>
        <Y t="71">0.078</Y>
        <Y t="72">0.073</Y>
        <Y t="73">0.075</Y>
        <Y t="74">0.077</Y>
        <Y t="75">0.085</Y>
        <Y t="76">0.096</Y>
        <Y t="77">0.1</Y>
        <Y t="78">0.097</Y>
        <Y t="79">0.118</Y>
        <Y t="80">0.122</Y>
      </Axis>
    </Values>
  </Table>
  <Table>
    <MetaData>
      <ScalingFactor>0</ScalingFactor>
      <DataType tc="2">Floating Point</DataType>
      <Nation tc="1">United States of America</Nation>
      <TableDescription>2003-2004 Individual Life Persistency Study – 10 Year Level Term Insurance by Face Amounts. Basis: Attained Age. Minimum Attained Age: 19. Maximum Attained Age: 80</TableDescription>
      <AxisDef id="Duration">
        <ScaleType tc="2">Ordinal Date</ScaleType>
        <AxisName>Duration</AxisName>
        <MinScaleValue>19</MinScaleValue>
        <MaxScaleValue>80</MaxScaleValue>
        <Increment>1</Increment>
      </AxisDef>
    </MetaData>
    <Values>
      <Axis>
        <Y t="19">0.065</Y>
        <Y t="20">0.079</Y>
        <Y t="21">0.085</Y>
        <Y t="22">0.103</Y>
        <Y t="23">0.113</Y>
        <Y t="24">0.096</Y>
        <Y t="25">0.098</Y>
        <Y t="26">0.096</Y>
        <Y t="27">0.097</Y>
        <Y t="28">0.088</Y>
        <Y t="29">0.081</Y>
        <Y t="30">0.086</Y>
        <Y t="31">0.085</Y>
        <Y t="32">0.077</Y>
        <Y t="33">0.076</Y>
        <Y t="34">0.077</Y>
        <Y t="35">0.079</Y>
        <Y t="36">0.075</Y>
        <Y t="37">0.073</Y>
        <Y t="38">0.07</Y>
        <Y t="39">0.07</Y>
        <Y t="40">0.071</Y>
        <Y t="41">0.072</Y>
        <Y t="42">0.073</Y>
        <Y t="43">0.073</Y>
        <Y t="44">0.077</Y>
        <Y t="45">0.076</Y>
        <Y t="46">0.076</Y>
        <Y t="47">0.073</Y>
        <Y t="48">0.075</Y>
        <Y t="49">0.08</Y>
        <Y t="50">0.076</Y>
        <Y t="51">0.074</Y>
        <Y t="52">0.076</Y>
        <Y t="53">0.078</Y>
        <Y t="54">0.077</Y>
        <Y t="55">0.08</Y>
        <Y t="56">0.08</Y>
        <Y t="57">0.078</Y>
        <Y t="58">0.078</Y>
        <Y t="59">0.081</Y>
        <Y t="60">0.077</Y>
        <Y t="61">0.078</Y>
        <Y t="62">0.077</Y>
        <Y t="63">0.079</Y>
        <Y t="64">0.082</Y>
        <Y t="65">0.091</Y>
        <Y t="66">0.078</Y>
        <Y t="67">0.085</Y>
        <Y t="68">0.079</Y>
        <Y t="69">0.095</Y>
        <Y t="70">0.093</Y>
        <Y t="71">0.088</Y>
        <Y t="72">0.083</Y>
        <Y t="73">0.081</Y>
        <Y t="74">0.086</Y>
        <Y t="75">0.102</Y>
        <Y t="76">0.086</Y>
        <Y t="77">0.099</Y>
        <Y t="78">0.086</Y>
        <Y t="79">0.151</Y>
        <Y t="80">0.086</Y>
      </Axis>
    </Values>
  </Table>
</XTbML>