﻿<?xml version="1.0" encoding="utf-8"?>
<XTbML>
  <ContentClassification>
    <TableIdentity>2325</TableIdentity>
    <ProviderDomain>www.actuaries.org.uk</ProviderDomain>
    <ProviderName>Continuous Mortality Investigation</ProviderName>
    <TableReference>Continuous Mortality Investigation, “Continuous Mortality Investigation Reports Number 23”, Institute of Actuaries and Faculty of Actuaries (2009). Accessed: September, 2013 from http://www.actuaries.org.uk/research-and-resources/pages/00-series-mortality-tables-assured-lives-annuitants-and-pensioners</TableReference>
    <ContentType tc="4">Insured Lives Mortality</ContentType>
    <TableName>TMC00</TableName>
    <TableDescription>Temporary Assurances – Males (TMC00) Basis: Age Exact. Minimum Select Age: 17. Maximum Select Age: 90. Minimum Ultimate Age: 22. Maximum Ultimate Age: 120.</TableDescription>
    <Comments>Study Data: Based on 1999-2002 life office experience known as the “00” Series. The “00” Series tables were exposed to the profession in a consultation process via a series of Working Papers and public meetings. Data are collected separately for permanent (whole life and endowment) assurances and temporary assurances. Two-year select rates for the Permanents and five-year select rates for the Temporaries were produced.  Methodology: As for both the 1979-1982 or “80” Series graduations and 1991-1994, or “92” Series graduations (See SOA Table Identities 261-264 and 2360-2377 respectively), the methodology employed in construction of the “00” Series was to use central exposed to risk, fit a formula of the μx = GM(r,s) class, and in the first place choose the parameters by maximum likelihood, taking account also of the usual diagnostic tests (numbers of positive and negative deviations, runs, Kolmogorov-Smirnov, serial correlations). In order to maintain sensible relationships between the different sections of the data it was also necessary to make some ad hoc adjustments to the resulting fitted rates, particularly at the extremes of age where there was very little data. Finally, values of q(x) were derived from the (adjusted as necessary) values of μ(x)  by using the formula: q(x) = 1 – e ^(- integral from 0 t- 1 of µ(x+t)) where the integral was approximated by the formula: [7µ(x) + 32(µ(x+ .25)) + 12(µ(x+ .5)) + 32(µ(x+ .75)) + 7(µ(x+ 1))] / 90 .  The age definition is age exact – not age last, age nearest, or age next. The rates for smokers and non-smokers were constrained to ensure the following relationship held at all ages, separately for males and females: µ(x)[smoker] &gt;= µ(x)[combined] &gt;= µ(x)[non-smoker]. A fourth order polynomial was used to graduate the select data to be consistent with the graduated ultimate rates. Data Transcription Errors: None. Data Certified: 09/2013.</Comments>
    <KeyWord>Select</KeyWord>
    <KeyWord>Insured Lives Mortality</KeyWord>
    <KeyWord>United Kingdom</KeyWord>
  </ContentClassification>
  <Table>
    <MetaData>
      <ScalingFactor>0</ScalingFactor>
      <DataType tc="2">Floating Point</DataType>
      <Nation tc="44">United Kingdom</Nation>
      <TableDescription>Temporary Assurances – Males (TMC00) Basis: Age Exact. Minimum Select Age: 17. Maximum Select Age: 90.</TableDescription>
      <AxisDef id="Age">
        <ScaleType tc="3">Age</ScaleType>
        <AxisName>Age</AxisName>
        <MinScaleValue>17</MinScaleValue>
        <MaxScaleValue>90</MaxScaleValue>
        <Increment>1</Increment>
      </AxisDef>
      <AxisDef id="Duration">
        <ScaleType tc="2">Ordinal Date</ScaleType>
        <AxisName>Duration</AxisName>
        <MinScaleValue>1</MinScaleValue>
        <MaxScaleValue>5</MaxScaleValue>
        <Increment>1</Increment>
      </AxisDef>
    </MetaData>
    <Values>
      <Axis t="17">
        <Axis>
          <Y t="1">0.000193</Y>
          <Y t="2">0.000251</Y>
          <Y t="3">0.000297</Y>
          <Y t="4">0.000342</Y>
          <Y t="5">0.000388</Y>
        </Axis>
      </Axis>
      <Axis t="18">
        <Axis>
          <Y t="1">0.000194</Y>
          <Y t="2">0.000253</Y>
          <Y t="3">0.000298</Y>
          <Y t="4">0.000344</Y>
          <Y t="5">0.000391</Y>
        </Axis>
      </Axis>
      <Axis t="19">
        <Axis>
          <Y t="1">0.000195</Y>
          <Y t="2">0.000254</Y>
          <Y t="3">0.0003</Y>
          <Y t="4">0.000347</Y>
          <Y t="5">0.000395</Y>
        </Axis>
      </Axis>
      <Axis t="20">
        <Axis>
          <Y t="1">0.000196</Y>
          <Y t="2">0.000256</Y>
          <Y t="3">0.000302</Y>
          <Y t="4">0.00035</Y>
          <Y t="5">0.000399</Y>
        </Axis>
      </Axis>
      <Axis t="21">
        <Axis>
          <Y t="1">0.000197</Y>
          <Y t="2">0.000258</Y>
          <Y t="3">0.000305</Y>
          <Y t="4">0.000353</Y>
          <Y t="5">0.000403</Y>
        </Axis>
      </Axis>
      <Axis t="22">
        <Axis>
          <Y t="1">0.000199</Y>
          <Y t="2">0.00026</Y>
          <Y t="3">0.000308</Y>
          <Y t="4">0.000357</Y>
          <Y t="5">0.000409</Y>
        </Axis>
      </Axis>
      <Axis t="23">
        <Axis>
          <Y t="1">0.0002</Y>
          <Y t="2">0.000263</Y>
          <Y t="3">0.000311</Y>
          <Y t="4">0.000362</Y>
          <Y t="5">0.000415</Y>
        </Axis>
      </Axis>
      <Axis t="24">
        <Axis>
          <Y t="1">0.000202</Y>
          <Y t="2">0.000265</Y>
          <Y t="3">0.000316</Y>
          <Y t="4">0.000368</Y>
          <Y t="5">0.000422</Y>
        </Axis>
      </Axis>
      <Axis t="25">
        <Axis>
          <Y t="1">0.000204</Y>
          <Y t="2">0.000269</Y>
          <Y t="3">0.000321</Y>
          <Y t="4">0.000374</Y>
          <Y t="5">0.000432</Y>
        </Axis>
      </Axis>
      <Axis t="26">
        <Axis>
          <Y t="1">0.000207</Y>
          <Y t="2">0.000274</Y>
          <Y t="3">0.000326</Y>
          <Y t="4">0.000383</Y>
          <Y t="5">0.000444</Y>
        </Axis>
      </Axis>
      <Axis t="27">
        <Axis>
          <Y t="1">0.000211</Y>
          <Y t="2">0.000278</Y>
          <Y t="3">0.000334</Y>
          <Y t="4">0.000394</Y>
          <Y t="5">0.00046</Y>
        </Axis>
      </Axis>
      <Axis t="28">
        <Axis>
          <Y t="1">0.000214</Y>
          <Y t="2">0.000285</Y>
          <Y t="3">0.000344</Y>
          <Y t="4">0.000409</Y>
          <Y t="5">0.000479</Y>
        </Axis>
      </Axis>
      <Axis t="29">
        <Axis>
          <Y t="1">0.00022</Y>
          <Y t="2">0.000294</Y>
          <Y t="3">0.000357</Y>
          <Y t="4">0.000426</Y>
          <Y t="5">0.000501</Y>
        </Axis>
      </Axis>
      <Axis t="30">
        <Axis>
          <Y t="1">0.000227</Y>
          <Y t="2">0.000306</Y>
          <Y t="3">0.000373</Y>
          <Y t="4">0.000446</Y>
          <Y t="5">0.000526</Y>
        </Axis>
      </Axis>
      <Axis t="31">
        <Axis>
          <Y t="1">0.000237</Y>
          <Y t="2">0.00032</Y>
          <Y t="3">0.000391</Y>
          <Y t="4">0.000469</Y>
          <Y t="5">0.000553</Y>
        </Axis>
      </Axis>
      <Axis t="32">
        <Axis>
          <Y t="1">0.00025</Y>
          <Y t="2">0.000337</Y>
          <Y t="3">0.000412</Y>
          <Y t="4">0.000494</Y>
          <Y t="5">0.000583</Y>
        </Axis>
      </Axis>
      <Axis t="33">
        <Axis>
          <Y t="1">0.000264</Y>
          <Y t="2">0.000355</Y>
          <Y t="3">0.000435</Y>
          <Y t="4">0.000521</Y>
          <Y t="5">0.000617</Y>
        </Axis>
      </Axis>
      <Axis t="34">
        <Axis>
          <Y t="1">0.00028</Y>
          <Y t="2">0.000376</Y>
          <Y t="3">0.000459</Y>
          <Y t="4">0.000552</Y>
          <Y t="5">0.000657</Y>
        </Axis>
      </Axis>
      <Axis t="35">
        <Axis>
          <Y t="1">0.000297</Y>
          <Y t="2">0.000398</Y>
          <Y t="3">0.000487</Y>
          <Y t="4">0.000588</Y>
          <Y t="5">0.000699</Y>
        </Axis>
      </Axis>
      <Axis t="36">
        <Axis>
          <Y t="1">0.000315</Y>
          <Y t="2">0.000422</Y>
          <Y t="3">0.000519</Y>
          <Y t="4">0.000627</Y>
          <Y t="5">0.000749</Y>
        </Axis>
      </Axis>
      <Axis t="37">
        <Axis>
          <Y t="1">0.000336</Y>
          <Y t="2">0.000451</Y>
          <Y t="3">0.000554</Y>
          <Y t="4">0.000672</Y>
          <Y t="5">0.000805</Y>
        </Axis>
      </Axis>
      <Axis t="38">
        <Axis>
          <Y t="1">0.000359</Y>
          <Y t="2">0.000481</Y>
          <Y t="3">0.000594</Y>
          <Y t="4">0.000722</Y>
          <Y t="5">0.000867</Y>
        </Axis>
      </Axis>
      <Axis t="39">
        <Axis>
          <Y t="1">0.000385</Y>
          <Y t="2">0.000517</Y>
          <Y t="3">0.000639</Y>
          <Y t="4">0.000778</Y>
          <Y t="5">0.000939</Y>
        </Axis>
      </Axis>
      <Axis t="40">
        <Axis>
          <Y t="1">0.000413</Y>
          <Y t="2">0.000556</Y>
          <Y t="3">0.000689</Y>
          <Y t="4">0.000843</Y>
          <Y t="5">0.001019</Y>
        </Axis>
      </Axis>
      <Axis t="41">
        <Axis>
          <Y t="1">0.000445</Y>
          <Y t="2">0.0006</Y>
          <Y t="3">0.000746</Y>
          <Y t="4">0.000915</Y>
          <Y t="5">0.001111</Y>
        </Axis>
      </Axis>
      <Axis t="42">
        <Axis>
          <Y t="1">0.000481</Y>
          <Y t="2">0.00065</Y>
          <Y t="3">0.00081</Y>
          <Y t="4">0.000996</Y>
          <Y t="5">0.001213</Y>
        </Axis>
      </Axis>
      <Axis t="43">
        <Axis>
          <Y t="1">0.000521</Y>
          <Y t="2">0.000705</Y>
          <Y t="3">0.000882</Y>
          <Y t="4">0.001088</Y>
          <Y t="5">0.001329</Y>
        </Axis>
      </Axis>
      <Axis t="44">
        <Axis>
          <Y t="1">0.000566</Y>
          <Y t="2">0.000768</Y>
          <Y t="3">0.000963</Y>
          <Y t="4">0.001192</Y>
          <Y t="5">0.00146</Y>
        </Axis>
      </Axis>
      <Axis t="45">
        <Axis>
          <Y t="1">0.000616</Y>
          <Y t="2">0.000838</Y>
          <Y t="3">0.001054</Y>
          <Y t="4">0.001308</Y>
          <Y t="5">0.001606</Y>
        </Axis>
      </Axis>
      <Axis t="46">
        <Axis>
          <Y t="1">0.000672</Y>
          <Y t="2">0.000917</Y>
          <Y t="3">0.001157</Y>
          <Y t="4">0.001439</Y>
          <Y t="5">0.001772</Y>
        </Axis>
      </Axis>
      <Axis t="47">
        <Axis>
          <Y t="1">0.000735</Y>
          <Y t="2">0.001006</Y>
          <Y t="3">0.001272</Y>
          <Y t="4">0.001586</Y>
          <Y t="5">0.001958</Y>
        </Axis>
      </Axis>
      <Axis t="48">
        <Axis>
          <Y t="1">0.000804</Y>
          <Y t="2">0.001105</Y>
          <Y t="3">0.001401</Y>
          <Y t="4">0.001751</Y>
          <Y t="5">0.002165</Y>
        </Axis>
      </Axis>
      <Axis t="49">
        <Axis>
          <Y t="1">0.000882</Y>
          <Y t="2">0.001215</Y>
          <Y t="3">0.001545</Y>
          <Y t="4">0.001935</Y>
          <Y t="5">0.002398</Y>
        </Axis>
      </Axis>
      <Axis t="50">
        <Axis>
          <Y t="1">0.000968</Y>
          <Y t="2">0.001339</Y>
          <Y t="3">0.001706</Y>
          <Y t="4">0.002141</Y>
          <Y t="5">0.002658</Y>
        </Axis>
      </Axis>
      <Axis t="51">
        <Axis>
          <Y t="1">0.001064</Y>
          <Y t="2">0.001476</Y>
          <Y t="3">0.001885</Y>
          <Y t="4">0.002371</Y>
          <Y t="5">0.002949</Y>
        </Axis>
      </Axis>
      <Axis t="52">
        <Axis>
          <Y t="1">0.00117</Y>
          <Y t="2">0.001628</Y>
          <Y t="3">0.002084</Y>
          <Y t="4">0.002627</Y>
          <Y t="5">0.003273</Y>
        </Axis>
      </Axis>
      <Axis t="53">
        <Axis>
          <Y t="1">0.001287</Y>
          <Y t="2">0.001797</Y>
          <Y t="3">0.002306</Y>
          <Y t="4">0.002913</Y>
          <Y t="5">0.003633</Y>
        </Axis>
      </Axis>
      <Axis t="54">
        <Axis>
          <Y t="1">0.001415</Y>
          <Y t="2">0.001985</Y>
          <Y t="3">0.002552</Y>
          <Y t="4">0.003229</Y>
          <Y t="5">0.004034</Y>
        </Axis>
      </Axis>
      <Axis t="55">
        <Axis>
          <Y t="1">0.001557</Y>
          <Y t="2">0.002192</Y>
          <Y t="3">0.002825</Y>
          <Y t="4">0.00358</Y>
          <Y t="5">0.004479</Y>
        </Axis>
      </Axis>
      <Axis t="56">
        <Axis>
          <Y t="1">0.001713</Y>
          <Y t="2">0.002421</Y>
          <Y t="3">0.003126</Y>
          <Y t="4">0.00397</Y>
          <Y t="5">0.004975</Y>
        </Axis>
      </Axis>
      <Axis t="57">
        <Axis>
          <Y t="1">0.001882</Y>
          <Y t="2">0.002672</Y>
          <Y t="3">0.00346</Y>
          <Y t="4">0.004402</Y>
          <Y t="5">0.005524</Y>
        </Axis>
      </Axis>
      <Axis t="58">
        <Axis>
          <Y t="1">0.002068</Y>
          <Y t="2">0.00295</Y>
          <Y t="3">0.003829</Y>
          <Y t="4">0.00488</Y>
          <Y t="5">0.006133</Y>
        </Axis>
      </Axis>
      <Axis t="59">
        <Axis>
          <Y t="1">0.002271</Y>
          <Y t="2">0.003256</Y>
          <Y t="3">0.004235</Y>
          <Y t="4">0.005409</Y>
          <Y t="5">0.006808</Y>
        </Axis>
      </Axis>
      <Axis t="60">
        <Axis>
          <Y t="1">0.002493</Y>
          <Y t="2">0.003591</Y>
          <Y t="3">0.004685</Y>
          <Y t="4">0.005995</Y>
          <Y t="5">0.007557</Y>
        </Axis>
      </Axis>
      <Axis t="61">
        <Axis>
          <Y t="1">0.002734</Y>
          <Y t="2">0.00396</Y>
          <Y t="3">0.005181</Y>
          <Y t="4">0.006642</Y>
          <Y t="5">0.008388</Y>
        </Axis>
      </Axis>
      <Axis t="62">
        <Axis>
          <Y t="1">0.002997</Y>
          <Y t="2">0.004367</Y>
          <Y t="3">0.005728</Y>
          <Y t="4">0.00736</Y>
          <Y t="5">0.00931</Y>
        </Axis>
      </Axis>
      <Axis t="63">
        <Axis>
          <Y t="1">0.003283</Y>
          <Y t="2">0.004813</Y>
          <Y t="3">0.006332</Y>
          <Y t="4">0.008156</Y>
          <Y t="5">0.010334</Y>
        </Axis>
      </Axis>
      <Axis t="64">
        <Axis>
          <Y t="1">0.003595</Y>
          <Y t="2">0.005305</Y>
          <Y t="3">0.007001</Y>
          <Y t="4">0.009038</Y>
          <Y t="5">0.011472</Y>
        </Axis>
      </Axis>
      <Axis t="65">
        <Axis>
          <Y t="1">0.003937</Y>
          <Y t="2">0.005847</Y>
          <Y t="3">0.007742</Y>
          <Y t="4">0.010018</Y>
          <Y t="5">0.012739</Y>
        </Axis>
      </Axis>
      <Axis t="66">
        <Axis>
          <Y t="1">0.004311</Y>
          <Y t="2">0.006447</Y>
          <Y t="3">0.008564</Y>
          <Y t="4">0.011109</Y>
          <Y t="5">0.014152</Y>
        </Axis>
      </Axis>
      <Axis t="67">
        <Axis>
          <Y t="1">0.004722</Y>
          <Y t="2">0.007111</Y>
          <Y t="3">0.009479</Y>
          <Y t="4">0.012325</Y>
          <Y t="5">0.01573</Y>
        </Axis>
      </Axis>
      <Axis t="68">
        <Axis>
          <Y t="1">0.005175</Y>
          <Y t="2">0.007848</Y>
          <Y t="3">0.010498</Y>
          <Y t="4">0.013684</Y>
          <Y t="5">0.017496</Y>
        </Axis>
      </Axis>
      <Axis t="69">
        <Axis>
          <Y t="1">0.005678</Y>
          <Y t="2">0.008671</Y>
          <Y t="3">0.011638</Y>
          <Y t="4">0.015206</Y>
          <Y t="5">0.019477</Y>
        </Axis>
      </Axis>
      <Axis t="70">
        <Axis>
          <Y t="1">0.006239</Y>
          <Y t="2">0.009592</Y>
          <Y t="3">0.012917</Y>
          <Y t="4">0.016918</Y>
          <Y t="5">0.021705</Y>
        </Axis>
      </Axis>
      <Axis t="71">
        <Axis>
          <Y t="1">0.006869</Y>
          <Y t="2">0.010628</Y>
          <Y t="3">0.014358</Y>
          <Y t="4">0.018846</Y>
          <Y t="5">0.024217</Y>
        </Axis>
      </Axis>
      <Axis t="72">
        <Axis>
          <Y t="1">0.007581</Y>
          <Y t="2">0.011799</Y>
          <Y t="3">0.015987</Y>
          <Y t="4">0.021026</Y>
          <Y t="5">0.027058</Y>
        </Axis>
      </Axis>
      <Axis t="73">
        <Axis>
          <Y t="1">0.008392</Y>
          <Y t="2">0.013128</Y>
          <Y t="3">0.017835</Y>
          <Y t="4">0.0235</Y>
          <Y t="5">0.030277</Y>
        </Axis>
      </Axis>
      <Axis t="74">
        <Axis>
          <Y t="1">0.009322</Y>
          <Y t="2">0.014644</Y>
          <Y t="3">0.019941</Y>
          <Y t="4">0.026313</Y>
          <Y t="5">0.033935</Y>
        </Axis>
      </Axis>
      <Axis t="75">
        <Axis>
          <Y t="1">0.010396</Y>
          <Y t="2">0.016383</Y>
          <Y t="3">0.02235</Y>
          <Y t="4">0.029524</Y>
          <Y t="5">0.038034</Y>
        </Axis>
      </Axis>
      <Axis t="76">
        <Axis>
          <Y t="1">0.011647</Y>
          <Y t="2">0.018386</Y>
          <Y t="3">0.025114</Y>
          <Y t="4">0.033132</Y>
          <Y t="5">0.042542</Y>
        </Axis>
      </Axis>
      <Axis t="77">
        <Axis>
          <Y t="1">0.01311</Y>
          <Y t="2">0.020703</Y>
          <Y t="3">0.028229</Y>
          <Y t="4">0.037097</Y>
          <Y t="5">0.04737</Y>
        </Axis>
      </Axis>
      <Axis t="78">
        <Axis>
          <Y t="1">0.014832</Y>
          <Y t="2">0.023326</Y>
          <Y t="3">0.031653</Y>
          <Y t="4">0.041332</Y>
          <Y t="5">0.052553</Y>
        </Axis>
      </Axis>
      <Axis t="79">
        <Axis>
          <Y t="1">0.016799</Y>
          <Y t="2">0.026209</Y>
          <Y t="3">0.035294</Y>
          <Y t="4">0.045864</Y>
          <Y t="5">0.05815</Y>
        </Axis>
      </Axis>
      <Axis t="80">
        <Axis>
          <Y t="1">0.018962</Y>
          <Y t="2">0.029256</Y>
          <Y t="3">0.039174</Y>
          <Y t="4">0.050748</Y>
          <Y t="5">0.06426</Y>
        </Axis>
      </Axis>
      <Axis t="81">
        <Axis>
          <Y t="1">0.021217</Y>
          <Y t="2">0.032485</Y>
          <Y t="3">0.043346</Y>
          <Y t="4">0.056081</Y>
          <Y t="5">0.070922</Y>
        </Axis>
      </Axis>
      <Axis t="82">
        <Axis>
          <Y t="1">0.02358</Y>
          <Y t="2">0.035944</Y>
          <Y t="3">0.047901</Y>
          <Y t="4">0.061895</Y>
          <Y t="5">0.078169</Y>
        </Axis>
      </Axis>
      <Axis t="83">
        <Axis>
          <Y t="1">0.026091</Y>
          <Y t="2">0.039722</Y>
          <Y t="3">0.052867</Y>
          <Y t="4">0.068219</Y>
          <Y t="5">0.086037</Y>
        </Axis>
      </Axis>
      <Axis t="84">
        <Axis>
          <Y t="1">0.028833</Y>
          <Y t="2">0.04384</Y>
          <Y t="3">0.058269</Y>
          <Y t="4">0.075085</Y>
          <Y t="5">0.094561</Y>
        </Axis>
      </Axis>
      <Axis t="85">
        <Axis>
          <Y t="1">0.031822</Y>
          <Y t="2">0.048319</Y>
          <Y t="3">0.064134</Y>
          <Y t="4">0.082525</Y>
          <Y t="5">0.103776</Y>
        </Axis>
      </Axis>
      <Axis t="86">
        <Axis>
          <Y t="1">0.035074</Y>
          <Y t="2">0.053183</Y>
          <Y t="3">0.070488</Y>
          <Y t="4">0.090567</Y>
          <Y t="5">0.113714</Y>
        </Axis>
      </Axis>
      <Axis t="87">
        <Axis>
          <Y t="1">0.038604</Y>
          <Y t="2">0.058452</Y>
          <Y t="3">0.077357</Y>
          <Y t="4">0.09924</Y>
          <Y t="5">0.124407</Y>
        </Axis>
      </Axis>
      <Axis t="88">
        <Axis>
          <Y t="1">0.042429</Y>
          <Y t="2">0.064148</Y>
          <Y t="3">0.084765</Y>
          <Y t="4">0.108572</Y>
          <Y t="5">0.135883</Y>
        </Axis>
      </Axis>
      <Axis t="89">
        <Axis>
          <Y t="1">0.046563</Y>
          <Y t="2">0.070291</Y>
          <Y t="3">0.092736</Y>
          <Y t="4">0.118587</Y>
          <Y t="5">0.148166</Y>
        </Axis>
      </Axis>
      <Axis t="90">
        <Axis>
          <Y t="1">0.051022</Y>
          <Y t="2">0.076901</Y>
          <Y t="3">0.101291</Y>
          <Y t="4">0.129306</Y>
          <Y t="5">0.161276</Y>
        </Axis>
      </Axis>
    </Values>
  </Table>
  <Table>
    <MetaData>
      <ScalingFactor>0</ScalingFactor>
      <DataType tc="2">Floating Point</DataType>
      <Nation tc="44">United Kingdom</Nation>
      <TableDescription>Temporary Assurances – Males (TMC00) Basis: Age Exact. Minimum Ultimate Age: 22. Maximum Ultimate Age: 120.</TableDescription>
      <AxisDef id="Age">
        <ScaleType tc="3">Age</ScaleType>
        <AxisName>Age</AxisName>
        <MinScaleValue>22</MinScaleValue>
        <MaxScaleValue>120</MaxScaleValue>
        <Increment>1</Increment>
      </AxisDef>
      <AxisDef id="Duration">
        <ScaleType tc="2">Ordinal Date</ScaleType>
        <AxisName>Duration</AxisName>
        <MinScaleValue>6</MinScaleValue>
        <MaxScaleValue>6</MaxScaleValue>
        <Increment>0</Increment>
      </AxisDef>
    </MetaData>
    <Values>
      <Axis>
        <Y t="22">0.000471</Y>
        <Y t="23">0.000475</Y>
        <Y t="24">0.00048</Y>
        <Y t="25">0.000485</Y>
        <Y t="26">0.000492</Y>
        <Y t="27">0.0005</Y>
        <Y t="28">0.000508</Y>
        <Y t="29">0.000519</Y>
        <Y t="30">0.000531</Y>
        <Y t="31">0.000545</Y>
        <Y t="32">0.000561</Y>
        <Y t="33">0.000579</Y>
        <Y t="34">0.000601</Y>
        <Y t="35">0.000626</Y>
        <Y t="36">0.000654</Y>
        <Y t="37">0.000687</Y>
        <Y t="38">0.000726</Y>
        <Y t="39">0.000769</Y>
        <Y t="40">0.00082</Y>
        <Y t="41">0.000878</Y>
        <Y t="42">0.000944</Y>
        <Y t="43">0.001021</Y>
        <Y t="44">0.001108</Y>
        <Y t="45">0.001208</Y>
        <Y t="46">0.001322</Y>
        <Y t="47">0.001452</Y>
        <Y t="48">0.001601</Y>
        <Y t="49">0.00177</Y>
        <Y t="50">0.001963</Y>
        <Y t="51">0.002183</Y>
        <Y t="52">0.002432</Y>
        <Y t="53">0.002715</Y>
        <Y t="54">0.003036</Y>
        <Y t="55">0.0034</Y>
        <Y t="56">0.003812</Y>
        <Y t="57">0.004277</Y>
        <Y t="58">0.004802</Y>
        <Y t="59">0.005395</Y>
        <Y t="60">0.006064</Y>
        <Y t="61">0.006816</Y>
        <Y t="62">0.007662</Y>
        <Y t="63">0.008613</Y>
        <Y t="64">0.009679</Y>
        <Y t="65">0.010875</Y>
        <Y t="66">0.012214</Y>
        <Y t="67">0.013712</Y>
        <Y t="68">0.015385</Y>
        <Y t="69">0.017252</Y>
        <Y t="70">0.019333</Y>
        <Y t="71">0.021649</Y>
        <Y t="72">0.024224</Y>
        <Y t="73">0.027084</Y>
        <Y t="74">0.030255</Y>
        <Y t="75">0.033767</Y>
        <Y t="76">0.037652</Y>
        <Y t="77">0.041942</Y>
        <Y t="78">0.046672</Y>
        <Y t="79">0.051882</Y>
        <Y t="80">0.05761</Y>
        <Y t="81">0.063897</Y>
        <Y t="82">0.070787</Y>
        <Y t="83">0.078325</Y>
        <Y t="84">0.086556</Y>
        <Y t="85">0.095529</Y>
        <Y t="86">0.10529</Y>
        <Y t="87">0.115888</Y>
        <Y t="88">0.12737</Y>
        <Y t="89">0.139782</Y>
        <Y t="90">0.153168</Y>
        <Y t="91">0.167571</Y>
        <Y t="92">0.183029</Y>
        <Y t="93">0.199573</Y>
        <Y t="94">0.217232</Y>
        <Y t="95">0.236024</Y>
        <Y t="96">0.255963</Y>
        <Y t="97">0.277048</Y>
        <Y t="98">0.299269</Y>
        <Y t="99">0.322606</Y>
        <Y t="100">0.346759</Y>
        <Y t="101">0.370214</Y>
        <Y t="102">0.392528</Y>
        <Y t="103">0.413752</Y>
        <Y t="104">0.433932</Y>
        <Y t="105">0.45311</Y>
        <Y t="106">0.471326</Y>
        <Y t="107">0.488618</Y>
        <Y t="108">0.505018</Y>
        <Y t="109">0.520556</Y>
        <Y t="110">0.535256</Y>
        <Y t="111">0.549141</Y>
        <Y t="112">0.562225</Y>
        <Y t="113">0.574517</Y>
        <Y t="114">0.586017</Y>
        <Y t="115">0.596712</Y>
        <Y t="116">0.606569</Y>
        <Y t="117">0.615519</Y>
        <Y t="118">0.623412</Y>
        <Y t="119">0.62982</Y>
        <Y t="120">1</Y>
      </Axis>
    </Values>
  </Table>
</XTbML>