﻿<?xml version="1.0" encoding="utf-8"?>
<XTbML>
  <ContentClassification>
    <TableIdentity>2327</TableIdentity>
    <ProviderDomain>www.actuaries.org.uk</ProviderDomain>
    <ProviderName>Continuous Mortality Investigation</ProviderName>
    <TableReference>Continuous Mortality Investigation, “Continuous Mortality Investigation Reports Number 23”, Institute of Actuaries and Faculty of Actuaries (2009). Accessed: September, 2013 from http://www.actuaries.org.uk/research-and-resources/pages/00-series-mortality-tables-assured-lives-annuitants-and-pensioners</TableReference>
    <ContentType tc="4">Insured Lives Mortality</ContentType>
    <TableName>TMN00</TableName>
    <TableDescription>Temporary Assurances – Male Non-Smokers (TMN00) Basis: Age Exact. Minimum Select Age: 17. Maximum Select Age: 90. Minimum Ultimate Age: 22. Maximum Ultimate Age: 120.</TableDescription>
    <Comments>Study Data: Based on 1999-2002 life office experience known as the “00” Series. The “00” Series tables were exposed to the profession in a consultation process via a series of Working Papers and public meetings. Data are collected separately for permanent (whole life and endowment) assurances and temporary assurances. Two-year select rates for the Permanents and five-year select rates for the Temporaries were produced.  Methodology: As for both the 1979-1982 or “80” Series graduations and 1991-1994, or “92” Series graduations (See SOA Table Identities 261-264 and 2360-2377 respectively), the methodology employed in construction of the “00” Series was to use central exposed to risk, fit a formula of the μx = GM(r,s) class, and in the first place choose the parameters by maximum likelihood, taking account also of the usual diagnostic tests (numbers of positive and negative deviations, runs, Kolmogorov-Smirnov, serial correlations). In order to maintain sensible relationships between the different sections of the data it was also necessary to make some ad hoc adjustments to the resulting fitted rates, particularly at the extremes of age where there was very little data. Finally, values of q(x) were derived from the (adjusted as necessary) values of μ(x)  by using the formula: q(x) = 1 – e ^(- integral from 0 t- 1 of µ(x+t)) where the integral was approximated by the formula: [7µ(x) + 32(µ(x+ .25)) + 12(µ(x+ .5)) + 32(µ(x+ .75)) + 7(µ(x+ 1))] / 90 .  The age definition is age exact – not age last, age nearest, or age next. The rates for smokers and non-smokers were constrained to ensure the following relationship held at all ages, separately for males and females: µ(x)[smoker] &gt;= µ(x)[combined] &gt;= µ(x)[non-smoker]. A fourth order polynomial was used to graduate the select data to be consistent with the graduated ultimate rates. Data Transcription Errors: None. Data Certified: 09/2013.</Comments>
    <KeyWord>Select</KeyWord>
    <KeyWord>Insured Lives Mortality</KeyWord>
    <KeyWord>United Kingdom</KeyWord>
  </ContentClassification>
  <Table>
    <MetaData>
      <ScalingFactor>0</ScalingFactor>
      <DataType tc="2">Floating Point</DataType>
      <Nation tc="44">United Kingdom</Nation>
      <TableDescription>Temporary Assurances – Male Non-Smokers (TMN00) Basis: Age Exact. Minimum Select Age: 17. Maximum Select Age: 90.</TableDescription>
      <AxisDef id="Age">
        <ScaleType tc="3">Age</ScaleType>
        <AxisName>Age</AxisName>
        <MinScaleValue>17</MinScaleValue>
        <MaxScaleValue>90</MaxScaleValue>
        <Increment>1</Increment>
      </AxisDef>
      <AxisDef id="Duration">
        <ScaleType tc="2">Ordinal Date</ScaleType>
        <AxisName>Duration</AxisName>
        <MinScaleValue>1</MinScaleValue>
        <MaxScaleValue>5</MaxScaleValue>
        <Increment>1</Increment>
      </AxisDef>
    </MetaData>
    <Values>
      <Axis t="17">
        <Axis>
          <Y t="1">0.000159</Y>
          <Y t="2">0.000207</Y>
          <Y t="3">0.000245</Y>
          <Y t="4">0.000284</Y>
          <Y t="5">0.000323</Y>
        </Axis>
      </Axis>
      <Axis t="18">
        <Axis>
          <Y t="1">0.00016</Y>
          <Y t="2">0.000209</Y>
          <Y t="3">0.000248</Y>
          <Y t="4">0.000286</Y>
          <Y t="5">0.000327</Y>
        </Axis>
      </Axis>
      <Axis t="19">
        <Axis>
          <Y t="1">0.000161</Y>
          <Y t="2">0.000211</Y>
          <Y t="3">0.00025</Y>
          <Y t="4">0.00029</Y>
          <Y t="5">0.000331</Y>
        </Axis>
      </Axis>
      <Axis t="20">
        <Axis>
          <Y t="1">0.000163</Y>
          <Y t="2">0.000213</Y>
          <Y t="3">0.000253</Y>
          <Y t="4">0.000293</Y>
          <Y t="5">0.000336</Y>
        </Axis>
      </Axis>
      <Axis t="21">
        <Axis>
          <Y t="1">0.000164</Y>
          <Y t="2">0.000216</Y>
          <Y t="3">0.000256</Y>
          <Y t="4">0.000298</Y>
          <Y t="5">0.000341</Y>
        </Axis>
      </Axis>
      <Axis t="22">
        <Axis>
          <Y t="1">0.000166</Y>
          <Y t="2">0.000218</Y>
          <Y t="3">0.00026</Y>
          <Y t="4">0.000302</Y>
          <Y t="5">0.000347</Y>
        </Axis>
      </Axis>
      <Axis t="23">
        <Axis>
          <Y t="1">0.000168</Y>
          <Y t="2">0.000221</Y>
          <Y t="3">0.000264</Y>
          <Y t="4">0.000308</Y>
          <Y t="5">0.000354</Y>
        </Axis>
      </Axis>
      <Axis t="24">
        <Axis>
          <Y t="1">0.00017</Y>
          <Y t="2">0.000225</Y>
          <Y t="3">0.000268</Y>
          <Y t="4">0.000314</Y>
          <Y t="5">0.000363</Y>
        </Axis>
      </Axis>
      <Axis t="25">
        <Axis>
          <Y t="1">0.000173</Y>
          <Y t="2">0.000229</Y>
          <Y t="3">0.000274</Y>
          <Y t="4">0.000321</Y>
          <Y t="5">0.000372</Y>
        </Axis>
      </Axis>
      <Axis t="26">
        <Axis>
          <Y t="1">0.000176</Y>
          <Y t="2">0.000233</Y>
          <Y t="3">0.00028</Y>
          <Y t="4">0.00033</Y>
          <Y t="5">0.000384</Y>
        </Axis>
      </Axis>
      <Axis t="27">
        <Axis>
          <Y t="1">0.00018</Y>
          <Y t="2">0.000239</Y>
          <Y t="3">0.000287</Y>
          <Y t="4">0.000341</Y>
          <Y t="5">0.000399</Y>
        </Axis>
      </Axis>
      <Axis t="28">
        <Axis>
          <Y t="1">0.000184</Y>
          <Y t="2">0.000245</Y>
          <Y t="3">0.000297</Y>
          <Y t="4">0.000354</Y>
          <Y t="5">0.000417</Y>
        </Axis>
      </Axis>
      <Axis t="29">
        <Axis>
          <Y t="1">0.000189</Y>
          <Y t="2">0.000254</Y>
          <Y t="3">0.00031</Y>
          <Y t="4">0.000371</Y>
          <Y t="5">0.000439</Y>
        </Axis>
      </Axis>
      <Axis t="30">
        <Axis>
          <Y t="1">0.000196</Y>
          <Y t="2">0.000265</Y>
          <Y t="3">0.000325</Y>
          <Y t="4">0.000391</Y>
          <Y t="5">0.000461</Y>
        </Axis>
      </Axis>
      <Axis t="31">
        <Axis>
          <Y t="1">0.000206</Y>
          <Y t="2">0.000279</Y>
          <Y t="3">0.000343</Y>
          <Y t="4">0.000411</Y>
          <Y t="5">0.000486</Y>
        </Axis>
      </Axis>
      <Axis t="32">
        <Axis>
          <Y t="1">0.000217</Y>
          <Y t="2">0.000295</Y>
          <Y t="3">0.000361</Y>
          <Y t="4">0.000434</Y>
          <Y t="5">0.000514</Y>
        </Axis>
      </Axis>
      <Axis t="33">
        <Axis>
          <Y t="1">0.000231</Y>
          <Y t="2">0.000311</Y>
          <Y t="3">0.000382</Y>
          <Y t="4">0.000459</Y>
          <Y t="5">0.000545</Y>
        </Axis>
      </Axis>
      <Axis t="34">
        <Axis>
          <Y t="1">0.000245</Y>
          <Y t="2">0.00033</Y>
          <Y t="3">0.000405</Y>
          <Y t="4">0.000488</Y>
          <Y t="5">0.000579</Y>
        </Axis>
      </Axis>
      <Axis t="35">
        <Axis>
          <Y t="1">0.000261</Y>
          <Y t="2">0.00035</Y>
          <Y t="3">0.00043</Y>
          <Y t="4">0.000518</Y>
          <Y t="5">0.000617</Y>
        </Axis>
      </Axis>
      <Axis t="36">
        <Axis>
          <Y t="1">0.000278</Y>
          <Y t="2">0.000373</Y>
          <Y t="3">0.000458</Y>
          <Y t="4">0.000553</Y>
          <Y t="5">0.000659</Y>
        </Axis>
      </Axis>
      <Axis t="37">
        <Axis>
          <Y t="1">0.000297</Y>
          <Y t="2">0.000397</Y>
          <Y t="3">0.000489</Y>
          <Y t="4">0.000591</Y>
          <Y t="5">0.000707</Y>
        </Axis>
      </Axis>
      <Axis t="38">
        <Axis>
          <Y t="1">0.000317</Y>
          <Y t="2">0.000424</Y>
          <Y t="3">0.000523</Y>
          <Y t="4">0.000634</Y>
          <Y t="5">0.00076</Y>
        </Axis>
      </Axis>
      <Axis t="39">
        <Axis>
          <Y t="1">0.000339</Y>
          <Y t="2">0.000455</Y>
          <Y t="3">0.000561</Y>
          <Y t="4">0.000682</Y>
          <Y t="5">0.00082</Y>
        </Axis>
      </Axis>
      <Axis t="40">
        <Axis>
          <Y t="1">0.000364</Y>
          <Y t="2">0.000488</Y>
          <Y t="3">0.000604</Y>
          <Y t="4">0.000736</Y>
          <Y t="5">0.000886</Y>
        </Axis>
      </Axis>
      <Axis t="41">
        <Axis>
          <Y t="1">0.000391</Y>
          <Y t="2">0.000526</Y>
          <Y t="3">0.000652</Y>
          <Y t="4">0.000795</Y>
          <Y t="5">0.000961</Y>
        </Axis>
      </Axis>
      <Axis t="42">
        <Axis>
          <Y t="1">0.000422</Y>
          <Y t="2">0.000567</Y>
          <Y t="3">0.000704</Y>
          <Y t="4">0.000862</Y>
          <Y t="5">0.001045</Y>
        </Axis>
      </Axis>
      <Axis t="43">
        <Axis>
          <Y t="1">0.000455</Y>
          <Y t="2">0.000613</Y>
          <Y t="3">0.000763</Y>
          <Y t="4">0.000937</Y>
          <Y t="5">0.001139</Y>
        </Axis>
      </Axis>
      <Axis t="44">
        <Axis>
          <Y t="1">0.000492</Y>
          <Y t="2">0.000665</Y>
          <Y t="3">0.00083</Y>
          <Y t="4">0.001021</Y>
          <Y t="5">0.001243</Y>
        </Axis>
      </Axis>
      <Axis t="45">
        <Axis>
          <Y t="1">0.000533</Y>
          <Y t="2">0.000722</Y>
          <Y t="3">0.000903</Y>
          <Y t="4">0.001114</Y>
          <Y t="5">0.001362</Y>
        </Axis>
      </Axis>
      <Axis t="46">
        <Axis>
          <Y t="1">0.000579</Y>
          <Y t="2">0.000786</Y>
          <Y t="3">0.000985</Y>
          <Y t="4">0.00122</Y>
          <Y t="5">0.001493</Y>
        </Axis>
      </Axis>
      <Axis t="47">
        <Axis>
          <Y t="1">0.000629</Y>
          <Y t="2">0.000857</Y>
          <Y t="3">0.001078</Y>
          <Y t="4">0.001336</Y>
          <Y t="5">0.00164</Y>
        </Axis>
      </Axis>
      <Axis t="48">
        <Axis>
          <Y t="1">0.000685</Y>
          <Y t="2">0.000936</Y>
          <Y t="3">0.00118</Y>
          <Y t="4">0.001467</Y>
          <Y t="5">0.001805</Y>
        </Axis>
      </Axis>
      <Axis t="49">
        <Axis>
          <Y t="1">0.000747</Y>
          <Y t="2">0.001024</Y>
          <Y t="3">0.001294</Y>
          <Y t="4">0.001613</Y>
          <Y t="5">0.001989</Y>
        </Axis>
      </Axis>
      <Axis t="50">
        <Axis>
          <Y t="1">0.000816</Y>
          <Y t="2">0.001122</Y>
          <Y t="3">0.001422</Y>
          <Y t="4">0.001776</Y>
          <Y t="5">0.002195</Y>
        </Axis>
      </Axis>
      <Axis t="51">
        <Axis>
          <Y t="1">0.000892</Y>
          <Y t="2">0.00123</Y>
          <Y t="3">0.001563</Y>
          <Y t="4">0.001958</Y>
          <Y t="5">0.002425</Y>
        </Axis>
      </Axis>
      <Axis t="52">
        <Axis>
          <Y t="1">0.000975</Y>
          <Y t="2">0.00135</Y>
          <Y t="3">0.001721</Y>
          <Y t="4">0.002161</Y>
          <Y t="5">0.002682</Y>
        </Axis>
      </Axis>
      <Axis t="53">
        <Axis>
          <Y t="1">0.001067</Y>
          <Y t="2">0.001484</Y>
          <Y t="3">0.001897</Y>
          <Y t="4">0.002387</Y>
          <Y t="5">0.002969</Y>
        </Axis>
      </Axis>
      <Axis t="54">
        <Axis>
          <Y t="1">0.001169</Y>
          <Y t="2">0.001632</Y>
          <Y t="3">0.002092</Y>
          <Y t="4">0.002639</Y>
          <Y t="5">0.00329</Y>
        </Axis>
      </Axis>
      <Axis t="55">
        <Axis>
          <Y t="1">0.001281</Y>
          <Y t="2">0.001796</Y>
          <Y t="3">0.002308</Y>
          <Y t="4">0.00292</Y>
          <Y t="5">0.003648</Y>
        </Axis>
      </Axis>
      <Axis t="56">
        <Axis>
          <Y t="1">0.001403</Y>
          <Y t="2">0.001978</Y>
          <Y t="3">0.00255</Y>
          <Y t="4">0.003233</Y>
          <Y t="5">0.004049</Y>
        </Axis>
      </Axis>
      <Axis t="57">
        <Axis>
          <Y t="1">0.001538</Y>
          <Y t="2">0.00218</Y>
          <Y t="3">0.002818</Y>
          <Y t="4">0.003582</Y>
          <Y t="5">0.004496</Y>
        </Axis>
      </Axis>
      <Axis t="58">
        <Axis>
          <Y t="1">0.001687</Y>
          <Y t="2">0.002403</Y>
          <Y t="3">0.003116</Y>
          <Y t="4">0.003972</Y>
          <Y t="5">0.004997</Y>
        </Axis>
      </Axis>
      <Axis t="59">
        <Axis>
          <Y t="1">0.00185</Y>
          <Y t="2">0.00265</Y>
          <Y t="3">0.003447</Y>
          <Y t="4">0.004407</Y>
          <Y t="5">0.005558</Y>
        </Axis>
      </Axis>
      <Axis t="60">
        <Axis>
          <Y t="1">0.002029</Y>
          <Y t="2">0.002923</Y>
          <Y t="3">0.003817</Y>
          <Y t="4">0.004893</Y>
          <Y t="5">0.006184</Y>
        </Axis>
      </Axis>
      <Axis t="61">
        <Axis>
          <Y t="1">0.002225</Y>
          <Y t="2">0.003227</Y>
          <Y t="3">0.004229</Y>
          <Y t="4">0.005436</Y>
          <Y t="5">0.006888</Y>
        </Axis>
      </Axis>
      <Axis t="62">
        <Axis>
          <Y t="1">0.002441</Y>
          <Y t="2">0.003564</Y>
          <Y t="3">0.004687</Y>
          <Y t="4">0.006044</Y>
          <Y t="5">0.007679</Y>
        </Axis>
      </Axis>
      <Axis t="63">
        <Axis>
          <Y t="1">0.00268</Y>
          <Y t="2">0.003939</Y>
          <Y t="3">0.0052</Y>
          <Y t="4">0.006727</Y>
          <Y t="5">0.008568</Y>
        </Axis>
      </Axis>
      <Axis t="64">
        <Axis>
          <Y t="1">0.002942</Y>
          <Y t="2">0.004356</Y>
          <Y t="3">0.005775</Y>
          <Y t="4">0.007493</Y>
          <Y t="5">0.00957</Y>
        </Axis>
      </Axis>
      <Axis t="65">
        <Axis>
          <Y t="1">0.003233</Y>
          <Y t="2">0.004823</Y>
          <Y t="3">0.006419</Y>
          <Y t="4">0.008357</Y>
          <Y t="5">0.010701</Y>
        </Axis>
      </Axis>
      <Axis t="66">
        <Axis>
          <Y t="1">0.003556</Y>
          <Y t="2">0.005345</Y>
          <Y t="3">0.007144</Y>
          <Y t="4">0.009331</Y>
          <Y t="5">0.011981</Y>
        </Axis>
      </Axis>
      <Axis t="67">
        <Axis>
          <Y t="1">0.003915</Y>
          <Y t="2">0.005931</Y>
          <Y t="3">0.007962</Y>
          <Y t="4">0.010434</Y>
          <Y t="5">0.013433</Y>
        </Axis>
      </Axis>
      <Axis t="68">
        <Axis>
          <Y t="1">0.004317</Y>
          <Y t="2">0.006592</Y>
          <Y t="3">0.008888</Y>
          <Y t="4">0.011686</Y>
          <Y t="5">0.015085</Y>
        </Axis>
      </Axis>
      <Axis t="69">
        <Axis>
          <Y t="1">0.004769</Y>
          <Y t="2">0.007341</Y>
          <Y t="3">0.009939</Y>
          <Y t="4">0.013111</Y>
          <Y t="5">0.016969</Y>
        </Axis>
      </Axis>
      <Axis t="70">
        <Axis>
          <Y t="1">0.005282</Y>
          <Y t="2">0.008192</Y>
          <Y t="3">0.011138</Y>
          <Y t="4">0.014739</Y>
          <Y t="5">0.019125</Y>
        </Axis>
      </Axis>
      <Axis t="71">
        <Axis>
          <Y t="1">0.005866</Y>
          <Y t="2">0.009164</Y>
          <Y t="3">0.012509</Y>
          <Y t="4">0.016606</Y>
          <Y t="5">0.021599</Y>
        </Axis>
      </Axis>
      <Axis t="72">
        <Axis>
          <Y t="1">0.006536</Y>
          <Y t="2">0.01028</Y>
          <Y t="3">0.014086</Y>
          <Y t="4">0.018753</Y>
          <Y t="5">0.024448</Y>
        </Axis>
      </Axis>
      <Axis t="73">
        <Axis>
          <Y t="1">0.007311</Y>
          <Y t="2">0.011567</Y>
          <Y t="3">0.015907</Y>
          <Y t="4">0.021233</Y>
          <Y t="5">0.027737</Y>
        </Axis>
      </Axis>
      <Axis t="74">
        <Axis>
          <Y t="1">0.008214</Y>
          <Y t="2">0.013061</Y>
          <Y t="3">0.018018</Y>
          <Y t="4">0.024106</Y>
          <Y t="5">0.031548</Y>
        </Axis>
      </Axis>
      <Axis t="75">
        <Axis>
          <Y t="1">0.009273</Y>
          <Y t="2">0.014803</Y>
          <Y t="3">0.020475</Y>
          <Y t="4">0.027447</Y>
          <Y t="5">0.03591</Y>
        </Axis>
      </Axis>
      <Axis t="76">
        <Axis>
          <Y t="1">0.010523</Y>
          <Y t="2">0.016844</Y>
          <Y t="3">0.023347</Y>
          <Y t="4">0.031281</Y>
          <Y t="5">0.040822</Y>
        </Axis>
      </Axis>
      <Axis t="77">
        <Axis>
          <Y t="1">0.01201</Y>
          <Y t="2">0.019247</Y>
          <Y t="3">0.026652</Y>
          <Y t="4">0.035598</Y>
          <Y t="5">0.046236</Y>
        </Axis>
      </Axis>
      <Axis t="78">
        <Axis>
          <Y t="1">0.013789</Y>
          <Y t="2">0.022023</Y>
          <Y t="3">0.030374</Y>
          <Y t="4">0.040342</Y>
          <Y t="5">0.052213</Y>
        </Axis>
      </Axis>
      <Axis t="79">
        <Axis>
          <Y t="1">0.015861</Y>
          <Y t="2">0.02515</Y>
          <Y t="3">0.034449</Y>
          <Y t="4">0.045567</Y>
          <Y t="5">0.05815</Y>
        </Axis>
      </Axis>
      <Axis t="80">
        <Axis>
          <Y t="1">0.018195</Y>
          <Y t="2">0.028555</Y>
          <Y t="3">0.038921</Y>
          <Y t="4">0.050748</Y>
          <Y t="5">0.06426</Y>
        </Axis>
      </Axis>
      <Axis t="81">
        <Axis>
          <Y t="1">0.020709</Y>
          <Y t="2">0.032275</Y>
          <Y t="3">0.043346</Y>
          <Y t="4">0.056081</Y>
          <Y t="5">0.070922</Y>
        </Axis>
      </Axis>
      <Axis t="82">
        <Axis>
          <Y t="1">0.023428</Y>
          <Y t="2">0.035944</Y>
          <Y t="3">0.047901</Y>
          <Y t="4">0.061895</Y>
          <Y t="5">0.078169</Y>
        </Axis>
      </Axis>
      <Axis t="83">
        <Axis>
          <Y t="1">0.026091</Y>
          <Y t="2">0.039722</Y>
          <Y t="3">0.052867</Y>
          <Y t="4">0.068219</Y>
          <Y t="5">0.086037</Y>
        </Axis>
      </Axis>
      <Axis t="84">
        <Axis>
          <Y t="1">0.028833</Y>
          <Y t="2">0.04384</Y>
          <Y t="3">0.058269</Y>
          <Y t="4">0.075085</Y>
          <Y t="5">0.094561</Y>
        </Axis>
      </Axis>
      <Axis t="85">
        <Axis>
          <Y t="1">0.031822</Y>
          <Y t="2">0.048319</Y>
          <Y t="3">0.064134</Y>
          <Y t="4">0.082525</Y>
          <Y t="5">0.103776</Y>
        </Axis>
      </Axis>
      <Axis t="86">
        <Axis>
          <Y t="1">0.035074</Y>
          <Y t="2">0.053183</Y>
          <Y t="3">0.070488</Y>
          <Y t="4">0.090567</Y>
          <Y t="5">0.113714</Y>
        </Axis>
      </Axis>
      <Axis t="87">
        <Axis>
          <Y t="1">0.038604</Y>
          <Y t="2">0.058452</Y>
          <Y t="3">0.077357</Y>
          <Y t="4">0.09924</Y>
          <Y t="5">0.124407</Y>
        </Axis>
      </Axis>
      <Axis t="88">
        <Axis>
          <Y t="1">0.042429</Y>
          <Y t="2">0.064148</Y>
          <Y t="3">0.084765</Y>
          <Y t="4">0.108572</Y>
          <Y t="5">0.135883</Y>
        </Axis>
      </Axis>
      <Axis t="89">
        <Axis>
          <Y t="1">0.046563</Y>
          <Y t="2">0.070291</Y>
          <Y t="3">0.092736</Y>
          <Y t="4">0.118587</Y>
          <Y t="5">0.148166</Y>
        </Axis>
      </Axis>
      <Axis t="90">
        <Axis>
          <Y t="1">0.051022</Y>
          <Y t="2">0.076901</Y>
          <Y t="3">0.101291</Y>
          <Y t="4">0.129306</Y>
          <Y t="5">0.161276</Y>
        </Axis>
      </Axis>
    </Values>
  </Table>
  <Table>
    <MetaData>
      <ScalingFactor>0</ScalingFactor>
      <DataType tc="2">Floating Point</DataType>
      <Nation tc="44">United Kingdom</Nation>
      <TableDescription>Temporary Assurances – Male Non-Smokers (TMN00) Basis: Age Exact. Minimum Ultimate Age: 22. Maximum Ultimate Age: 120</TableDescription>
      <AxisDef id="Age">
        <ScaleType tc="3">Age</ScaleType>
        <AxisName>Age</AxisName>
        <MinScaleValue>22</MinScaleValue>
        <MaxScaleValue>120</MaxScaleValue>
        <Increment>1</Increment>
      </AxisDef>
      <AxisDef id="Duration">
        <ScaleType tc="2">Ordinal Date</ScaleType>
        <AxisName>Duration</AxisName>
        <MinScaleValue>6</MinScaleValue>
        <MaxScaleValue>6</MaxScaleValue>
        <Increment>0</Increment>
      </AxisDef>
    </MetaData>
    <Values>
      <Axis>
        <Y t="22">0.00038</Y>
        <Y t="23">0.000384</Y>
        <Y t="24">0.00039</Y>
        <Y t="25">0.000396</Y>
        <Y t="26">0.000403</Y>
        <Y t="27">0.000411</Y>
        <Y t="28">0.000421</Y>
        <Y t="29">0.000431</Y>
        <Y t="30">0.000443</Y>
        <Y t="31">0.000456</Y>
        <Y t="32">0.000471</Y>
        <Y t="33">0.000489</Y>
        <Y t="34">0.000508</Y>
        <Y t="35">0.000531</Y>
        <Y t="36">0.000556</Y>
        <Y t="37">0.000585</Y>
        <Y t="38">0.000617</Y>
        <Y t="39">0.000654</Y>
        <Y t="40">0.000696</Y>
        <Y t="41">0.000744</Y>
        <Y t="42">0.000798</Y>
        <Y t="43">0.00086</Y>
        <Y t="44">0.000929</Y>
        <Y t="45">0.001008</Y>
        <Y t="46">0.001098</Y>
        <Y t="47">0.0012</Y>
        <Y t="48">0.001315</Y>
        <Y t="49">0.001447</Y>
        <Y t="50">0.001595</Y>
        <Y t="51">0.001764</Y>
        <Y t="52">0.001955</Y>
        <Y t="53">0.002172</Y>
        <Y t="54">0.002418</Y>
        <Y t="55">0.002697</Y>
        <Y t="56">0.003013</Y>
        <Y t="57">0.003371</Y>
        <Y t="58">0.003778</Y>
        <Y t="59">0.004238</Y>
        <Y t="60">0.00476</Y>
        <Y t="61">0.005351</Y>
        <Y t="62">0.006021</Y>
        <Y t="63">0.006781</Y>
        <Y t="64">0.00764</Y>
        <Y t="65">0.008614</Y>
        <Y t="66">0.009717</Y>
        <Y t="67">0.010965</Y>
        <Y t="68">0.012378</Y>
        <Y t="69">0.013977</Y>
        <Y t="70">0.015786</Y>
        <Y t="71">0.017832</Y>
        <Y t="72">0.020145</Y>
        <Y t="73">0.022759</Y>
        <Y t="74">0.025712</Y>
        <Y t="75">0.029048</Y>
        <Y t="76">0.032813</Y>
        <Y t="77">0.03706</Y>
        <Y t="78">0.041849</Y>
        <Y t="79">0.047245</Y>
        <Y t="80">0.053319</Y>
        <Y t="81">0.060153</Y>
        <Y t="82">0.067833</Y>
        <Y t="83">0.076454</Y>
        <Y t="84">0.086088</Y>
        <Y t="85">0.095529</Y>
        <Y t="86">0.10529</Y>
        <Y t="87">0.115888</Y>
        <Y t="88">0.12737</Y>
        <Y t="89">0.139782</Y>
        <Y t="90">0.153168</Y>
        <Y t="91">0.167571</Y>
        <Y t="92">0.183029</Y>
        <Y t="93">0.199573</Y>
        <Y t="94">0.217232</Y>
        <Y t="95">0.236024</Y>
        <Y t="96">0.255963</Y>
        <Y t="97">0.277048</Y>
        <Y t="98">0.299269</Y>
        <Y t="99">0.322606</Y>
        <Y t="100">0.346759</Y>
        <Y t="101">0.370214</Y>
        <Y t="102">0.392528</Y>
        <Y t="103">0.413752</Y>
        <Y t="104">0.433932</Y>
        <Y t="105">0.45311</Y>
        <Y t="106">0.471326</Y>
        <Y t="107">0.488618</Y>
        <Y t="108">0.505018</Y>
        <Y t="109">0.520556</Y>
        <Y t="110">0.535256</Y>
        <Y t="111">0.549141</Y>
        <Y t="112">0.562225</Y>
        <Y t="113">0.574517</Y>
        <Y t="114">0.586017</Y>
        <Y t="115">0.596712</Y>
        <Y t="116">0.606569</Y>
        <Y t="117">0.615519</Y>
        <Y t="118">0.623412</Y>
        <Y t="119">0.62982</Y>
        <Y t="120">1</Y>
      </Axis>
    </Values>
  </Table>
</XTbML>