﻿<?xml version="1.0" encoding="utf-8"?>
<XTbML>
  <ContentClassification>
    <TableIdentity>2337</TableIdentity>
    <ProviderDomain>www.actuaries.org.uk</ProviderDomain>
    <ProviderName>Continuous Mortality Investigation</ProviderName>
    <TableReference>Continuous Mortality Investigation, “Continuous Mortality Investigation Reports Number 23”, Institute of Actuaries and Faculty of Actuaries (2009). Accessed: September, 2013 from http://www.actuaries.org.uk/research-and-resources/pages/00-series-mortality-tables-assured-lives-annuitants-and-pensioners</TableReference>
    <ContentType tc="78">Annuitant Mortality</ContentType>
    <TableName>PCML00</TableName>
    <TableDescription>Pensioners Combined Early and Normal Retirements – Males by Lives  (PCML00) Basis: Age Exact. Minimum Age: 50. Maximum Age: 120.</TableDescription>
    <Comments>Study Data: Based on 1999-2002 life office experience known as the “00” Series. The “00” Series tables were exposed to the profession in a consultation process via a series of Working Papers and public meetings. Data covers the mortality experience of life office pensioners, i.e. retirements from occupational schemes where the benefits have been insured. Data is further sub-divided into those who retired at or after the normal retirement age for their scheme (referred to as ‘Normal’ retirements) and those who retired before their normal retirement age (referred to as ‘Early’ retirements). In previous studies, only tables produced from the ‘Normal’ experience were officially adopted. For the “00” Series it was decided to expand the range of life office pensioner tables to also include graduations of the ‘Early’ experience, and an aggregated ‘Normal’ and ‘Early’ experience, designated ‘Combined’ retirements. Methodology: Separate graduations were carried out for lives and amounts, as was the case with the “92” Series. For the amounts experience, exposures and deaths were divided by a ‘scaling factor’ based on the average pension size. This does not affect the crude or graduated mortality rates, but does allow more meaningful statistical tests to be carried out. Very little data exists at younger ages but it was recognized that rates would likely be needed.  The method adopted was to find a GM(1,2) formula that satisfied the following: (1) μ20 = μ20 from AMC00 (males) or AFC00 (females);(2) Dμ20 = Dμ20 from AMC00 (males) or AFC00 (females); and (3) μ65 = μ65 from graduated pensioner table for ‘Normals’ where Dμ20 represents the derivative of the curve at age 20. The choice of a GM(1,2) function was arbitrary in order to generate the appropriate shape. As some of the resultant curves crossed over in undesirable ways, generally at the younger or older ages and these crossings tended to be features of the curves, rather than the actual data, a number of constraints were therefore applied to ensure that the relativities of the different tables remained sensible. Some further adjustments were made, for example to ensure that female rates did not exceed equivalent male rates and that amounts rates did not exceed equivalent lives rates. Data Transcription Errors: None. Data Certified: 09/2013.</Comments>
    <KeyWord>Aggregate</KeyWord>
    <KeyWord>Annuitant Mortality</KeyWord>
    <KeyWord>United Kingdom</KeyWord>
  </ContentClassification>
  <Table>
    <MetaData>
      <ScalingFactor>0</ScalingFactor>
      <DataType tc="2">Floating Point</DataType>
      <Nation tc="44">United Kingdom</Nation>
      <TableDescription>Pensioners Combined Early and Normal Retirements – Males by Lives  (PCML00) Basis: Age Exact. Minimum Age: 50. Maximum Age: 120</TableDescription>
      <AxisDef id="Age">
        <ScaleType tc="3">Age</ScaleType>
        <AxisName>Age</AxisName>
        <MinScaleValue>50</MinScaleValue>
        <MaxScaleValue>120</MaxScaleValue>
        <Increment>1</Increment>
      </AxisDef>
    </MetaData>
    <Values>
      <Axis>
        <Y t="50">0.007398</Y>
        <Y t="51">0.007429</Y>
        <Y t="52">0.007473</Y>
        <Y t="53">0.007535</Y>
        <Y t="54">0.00762</Y>
        <Y t="55">0.007734</Y>
        <Y t="56">0.007888</Y>
        <Y t="57">0.00809</Y>
        <Y t="58">0.008355</Y>
        <Y t="59">0.008695</Y>
        <Y t="60">0.009129</Y>
        <Y t="61">0.009674</Y>
        <Y t="62">0.010352</Y>
        <Y t="63">0.011186</Y>
        <Y t="64">0.012201</Y>
        <Y t="65">0.013423</Y>
        <Y t="66">0.014879</Y>
        <Y t="67">0.016596</Y>
        <Y t="68">0.018603</Y>
        <Y t="69">0.020925</Y>
        <Y t="70">0.023589</Y>
        <Y t="71">0.026617</Y>
        <Y t="72">0.03003</Y>
        <Y t="73">0.033846</Y>
        <Y t="74">0.038079</Y>
        <Y t="75">0.04274</Y>
        <Y t="76">0.047836</Y>
        <Y t="77">0.053371</Y>
        <Y t="78">0.059345</Y>
        <Y t="79">0.065754</Y>
        <Y t="80">0.072594</Y>
        <Y t="81">0.079857</Y>
        <Y t="82">0.087535</Y>
        <Y t="83">0.095619</Y>
        <Y t="84">0.104102</Y>
        <Y t="85">0.112976</Y>
        <Y t="86">0.122239</Y>
        <Y t="87">0.131889</Y>
        <Y t="88">0.141929</Y>
        <Y t="89">0.152411</Y>
        <Y t="90">0.164961</Y>
        <Y t="91">0.178655</Y>
        <Y t="92">0.19277</Y>
        <Y t="93">0.207228</Y>
        <Y t="94">0.221944</Y>
        <Y t="95">0.236827</Y>
        <Y t="96">0.251782</Y>
        <Y t="97">0.268234</Y>
        <Y t="98">0.28599</Y>
        <Y t="99">0.303475</Y>
        <Y t="100">0.320697</Y>
        <Y t="101">0.337664</Y>
        <Y t="102">0.354385</Y>
        <Y t="103">0.370869</Y>
        <Y t="104">0.387125</Y>
        <Y t="105">0.403165</Y>
        <Y t="106">0.418999</Y>
        <Y t="107">0.434641</Y>
        <Y t="108">0.450104</Y>
        <Y t="109">0.465405</Y>
        <Y t="110">0.480562</Y>
        <Y t="111">0.4956</Y>
        <Y t="112">0.510546</Y>
        <Y t="113">0.525437</Y>
        <Y t="114">0.540323</Y>
        <Y t="115">0.555271</Y>
        <Y t="116">0.570389</Y>
        <Y t="117">0.585858</Y>
        <Y t="118">0.602053</Y>
        <Y t="119">0.620322</Y>
        <Y t="120">1</Y>
      </Axis>
    </Values>
  </Table>
</XTbML>