﻿<?xml version="1.0" encoding="utf-8"?>
<XTbML>
  <ContentClassification>
    <TableIdentity>2495</TableIdentity>
    <ProviderDomain>limra.com</ProviderDomain>
    <ProviderName>LIMRA International, Inc.</ProviderName>
    <TableReference>Cathy Ho and Nancy Muise, “U.S. Individual Life Insurance Persistency, A Joint Study Sponsored by LIMRA International and the Society of Actuaries”, Society of Actuaries and LIMRA (2009) Accessed: October, 2013 from http://www.soa.org/Research/Experience-Study/ind-life/persistency/2004-2005-ind-life-persistency.aspx</TableReference>
    <ContentType tc="5">Termination Voluntary</ContentType>
    <TableName>2004-2005 U.S. Individual Life Persistency Study – Total Universal Life</TableName>
    <TableDescription>2004-2005 Individual Life Persistency Study – Universal Life Insurance by Number of Policies AND by Face Amounts. Basis: Total. Minimum Policy Duration: 1. Maximum Policy Duration: 30 and Over</TableDescription>
    <Comments>Study Data: The observation period for the study is calendar years 2004 and 2005. The study is based on data provided by 39 individual life insurance writers and it presents lapse experience for whole life, term life, universal life, and variable universal life plans issued between 1902 and 2004. Of these participants, 33 provided whole life data, 36 provided term data,32 provided universal life data, and 18 provided variable universal life data. Lapse includes termination for nonpayment of premium, insufficient cash value, or full surrender of a policy, transfer to reduced paid-up or extended term status, and in most cases, terminations for unknown reason. Methodology: Lapse rates are calculated as follows: Annualized Policy Lapse Rate = 100 x Number of Policies Lapsed During the Year / Number of Policies Exposed to Lapse During the Year. The number of policies exposed to lapse is based on the length of time the policy is exposed to the risk of lapsation during the year. Lapses contribute exposure for the full 12 months. Terminations due to death, expiry, maturity or conversion are not included in the amounts lapsing and contribute to exposure for only the fraction of the year they were in force. Experience is reported exactly as calculated. No attempt was made to graduate or smooth results. Rates for durations 30 and over set to the same value. Data Transcription Errors: None. Data Certified: 11/2013</Comments>
    <KeyWord>Duration</KeyWord>
    <KeyWord>Termination Voluntary</KeyWord>
    <KeyWord>United States of America</KeyWord>
  </ContentClassification>
  <Table>
    <MetaData>
      <ScalingFactor>0</ScalingFactor>
      <DataType tc="2">Floating Point</DataType>
      <Nation tc="1">United States of America</Nation>
      <TableDescription>2004-2005 U.S. Individual Life Persistency Study, Universal Life Insurance Lapse Experience by Underwriting Method (Experience Period 2004-2005), Universal Life, Policy Lapse Rates, Simplified Issue, Duration</TableDescription>
      <AxisDef id="Duration">
        <ScaleType tc="2">Ordinal Date</ScaleType>
        <AxisName>Duration</AxisName>
        <MinScaleValue>1</MinScaleValue>
        <MaxScaleValue>22</MaxScaleValue>
        <Increment>1</Increment>
      </AxisDef>
    </MetaData>
    <Values>
      <Axis>
        <Y t="1">0.118</Y>
        <Y t="2">0.127</Y>
        <Y t="3">0.096</Y>
        <Y t="4">0.082</Y>
        <Y t="5">0.063</Y>
        <Y t="6">0.068</Y>
        <Y t="7">0.066</Y>
        <Y t="8">0.05</Y>
        <Y t="9">0.053</Y>
        <Y t="10">0.063</Y>
        <Y t="11">0.05</Y>
        <Y t="12">0.056</Y>
        <Y t="13">0.048</Y>
        <Y t="14">0.042</Y>
        <Y t="15">0.044</Y>
        <Y t="16">0.039</Y>
        <Y t="17">0.041</Y>
        <Y t="18">0.038</Y>
        <Y t="19">0.036</Y>
        <Y t="20">0.042</Y>
        <Y t="21">0.042</Y>
        <Y t="22">0.049</Y>
      </Axis>
    </Values>
  </Table>
  <Table>
    <MetaData>
      <ScalingFactor>0</ScalingFactor>
      <DataType tc="2">Floating Point</DataType>
      <Nation tc="1">United States of America</Nation>
      <TableDescription>2004-2005 U.S. Individual Life Persistency Study, Universal Life Insurance Lapse Experience by Underwriting Method (Experience Period 2004-2005), Universal Life, Face Amount Lapse Rates, Simplified Issue, Duration</TableDescription>
      <AxisDef id="Duration">
        <ScaleType tc="2">Ordinal Date</ScaleType>
        <AxisName>Duration</AxisName>
        <MinScaleValue>1</MinScaleValue>
        <MaxScaleValue>22</MaxScaleValue>
        <Increment>1</Increment>
      </AxisDef>
    </MetaData>
    <Values>
      <Axis>
        <Y t="1">0.062</Y>
        <Y t="2">0.098</Y>
        <Y t="3">0.083</Y>
        <Y t="4">0.087</Y>
        <Y t="5">0.058</Y>
        <Y t="6">0.07</Y>
        <Y t="7">0.083</Y>
        <Y t="8">0.051</Y>
        <Y t="9">0.08</Y>
        <Y t="10">0.056</Y>
        <Y t="11">0.024</Y>
        <Y t="12">0.046</Y>
        <Y t="13">0.064</Y>
        <Y t="14">0.05</Y>
        <Y t="15">0.044</Y>
        <Y t="16">0.041</Y>
        <Y t="17">0.037</Y>
        <Y t="18">0.036</Y>
        <Y t="19">0.04</Y>
        <Y t="20">0.042</Y>
        <Y t="21">0.042</Y>
        <Y t="22">0.053</Y>
      </Axis>
    </Values>
  </Table>
</XTbML>