﻿<?xml version="1.0" encoding="utf-8"?>
<XTbML>
  <ContentClassification>
    <TableIdentity>2523</TableIdentity>
    <ProviderDomain>soa.org</ProviderDomain>
    <ProviderName>Susie Lee</ProviderName>
    <TableReference>SAS Mortality Study Work Group, “Singapore Actuarial Society: Mortality Investigation 1997-2002”, Singapore Actuarial Society (2004). Accessed November, 2013 from: http://www.actuaries.org.sg/?q=disknode/get/574/Singapore%2520-%2520Mortality%2520Study%2520Report%25202004.pdf&amp;download</TableReference>
    <ContentType tc="4">Insured Lives Mortality</ContentType>
    <TableName>S9702 – Male, ANB</TableName>
    <TableDescription>Singapore 1997-2002 Mortality (S9702) – Male. Basis: Age Nearest Birthday. Minimum Age: 15. Maximum Age: 99.</TableDescription>
    <Comments>Study Data: Mortality experience of insured lives in Singapore from 1997 to 2002. As the data from individual companies are confidential and are only available to the Monetary Authority of Singapore (MAS), the Mortality Work Group worked closely with the MAS on the compilation and processing of data to derive the necessary statistics for the mortality investigation and graduation. Data consisted of contracts of insurance under whole life and endowment policies and accepted at standard rates, comprising both medically underwritten and non-medically underwritten lives. Methodology: Unlike previous mortality studies (See SOA Table Identities 212-213 and 2520-2521), the Mortality Working Group made explicit adjustments to the insured lives data by removing from the analysis life insurance policies that offer a 100% acceleration of the death benefit upon the diagnosis of critical illness. After this adjustment, crude rates to be used for establishing graduated mortality tables for male and female lives separately were derived. The Free Cubic Spline (FCS) method was the primary method used for agesup to age 64 as it produced better smoothness than Whittaker-Henderson. Adjustments were made using other methods such as a 7-year moving average and hand polishing to ensure smoothness and goodness of fit. A Gompertz formula was used for ages 65 and above. Based on the data available, the Mortality Working Group was unable to derive credible mortality ratesfor children aged below 15. Data Transcription Errors: None. Data Certified: 11/2013</Comments>
    <KeyWord>Aggregate</KeyWord>
    <KeyWord>Insured Lives Mortality</KeyWord>
    <KeyWord>Singapore</KeyWord>
  </ContentClassification>
  <Table>
    <MetaData>
      <ScalingFactor>0</ScalingFactor>
      <DataType tc="2">Floating Point</DataType>
      <Nation tc="65">Singapore</Nation>
      <TableDescription>Singapore 1997-2002 Mortality (S9702) – Male. Basis: Age Nearest Birthday. Minimum Age: 15. Maximum Age: 99</TableDescription>
      <AxisDef id="Age">
        <ScaleType tc="3">Age</ScaleType>
        <AxisName>Age</AxisName>
        <MinScaleValue>15</MinScaleValue>
        <MaxScaleValue>99</MaxScaleValue>
        <Increment>1</Increment>
      </AxisDef>
    </MetaData>
    <Values>
      <Axis>
        <Y t="15">0.0001662</Y>
        <Y t="16">0.0002038</Y>
        <Y t="17">0.0002503</Y>
        <Y t="18">0.0002974</Y>
        <Y t="19">0.0003804</Y>
        <Y t="20">0.0004692</Y>
        <Y t="21">0.0005402</Y>
        <Y t="22">0.0005344</Y>
        <Y t="23">0.0005058</Y>
        <Y t="24">0.0004891</Y>
        <Y t="25">0.0004725</Y>
        <Y t="26">0.0004559</Y>
        <Y t="27">0.0004394</Y>
        <Y t="28">0.000423</Y>
        <Y t="29">0.0004067</Y>
        <Y t="30">0.0004066</Y>
        <Y t="31">0.0004011</Y>
        <Y t="32">0.000406</Y>
        <Y t="33">0.0004201</Y>
        <Y t="34">0.0004456</Y>
        <Y t="35">0.0004843</Y>
        <Y t="36">0.0005373</Y>
        <Y t="37">0.000602</Y>
        <Y t="38">0.0006743</Y>
        <Y t="39">0.0007505</Y>
        <Y t="40">0.0008269</Y>
        <Y t="41">0.0009007</Y>
        <Y t="42">0.0009741</Y>
        <Y t="43">0.0010504</Y>
        <Y t="44">0.001133</Y>
        <Y t="45">0.0012251</Y>
        <Y t="46">0.00133</Y>
        <Y t="47">0.0014511</Y>
        <Y t="48">0.0015916</Y>
        <Y t="49">0.0017549</Y>
        <Y t="50">0.0019443</Y>
        <Y t="51">0.0021588</Y>
        <Y t="52">0.0024098</Y>
        <Y t="53">0.0026968</Y>
        <Y t="54">0.003023</Y>
        <Y t="55">0.0033917</Y>
        <Y t="56">0.0038063</Y>
        <Y t="57">0.0042701</Y>
        <Y t="58">0.0047864</Y>
        <Y t="59">0.0053584</Y>
        <Y t="60">0.0059895</Y>
        <Y t="61">0.0066878</Y>
        <Y t="62">0.0074809</Y>
        <Y t="63">0.0084011</Y>
        <Y t="64">0.0094809</Y>
        <Y t="65">0.0107515</Y>
        <Y t="66">0.0122409</Y>
        <Y t="67">0.0139616</Y>
        <Y t="68">0.0158862</Y>
        <Y t="69">0.0179177</Y>
        <Y t="70">0.0198969</Y>
        <Y t="71">0.0216888</Y>
        <Y t="72">0.023306</Y>
        <Y t="73">0.024944</Y>
        <Y t="74">0.0268669</Y>
        <Y t="75">0.0292517</Y>
        <Y t="76">0.0317079</Y>
        <Y t="77">0.035364</Y>
        <Y t="78">0.0392543</Y>
        <Y t="79">0.0434614</Y>
        <Y t="80">0.0481079</Y>
        <Y t="81">0.0532372</Y>
        <Y t="82">0.0588964</Y>
        <Y t="83">0.0651361</Y>
        <Y t="84">0.0720112</Y>
        <Y t="85">0.0795806</Y>
        <Y t="86">0.0879073</Y>
        <Y t="87">0.0970583</Y>
        <Y t="88">0.1071048</Y>
        <Y t="89">0.1181215</Y>
        <Y t="90">0.1301866</Y>
        <Y t="91">0.1433807</Y>
        <Y t="92">0.1577866</Y>
        <Y t="93">0.1734879</Y>
        <Y t="94">0.1905676</Y>
        <Y t="95">0.2091062</Y>
        <Y t="96">0.2291799</Y>
        <Y t="97">0.2508578</Y>
        <Y t="98">0.2741985</Y>
        <Y t="99">0.299247</Y>
      </Axis>
    </Values>
  </Table>
</XTbML>