﻿<?xml version="1.0" encoding="utf-8"?>
<XTbML>
  <ContentClassification>
    <TableIdentity>261</TableIdentity>
    <ProviderDomain>soa.org</ProviderDomain>
    <ProviderName>Roger Scott Lumsden</ProviderName>
    <TableReference>The Executive Committee of the Continuous Mortality Improvement Bureau, “Mortality of Assured Lives, Pensioners and Annuitants 1979-82”, Continuous Mortality Improvement Reports Number 9, Institute of Actuaries and Faculty of Actuaries (1988). Accessed: August, 2013 from http://www.actuaries.org.uk/research-and-resources/documents/cmi-report-9-whole-volume AND http://www.actuaries.org.uk/sites/all/files/documents/xls/af80.xls</TableReference>
    <ContentType tc="4">Insured Lives Mortality</ContentType>
    <TableName>AF80</TableName>
    <TableDescription>Assured Lives – Females, 1979-82 (AF80). Minimum Select Age: 0. Maximum Select Age: 90. Minimum Ultimate Age: 2. Maximum Ultimate Age: 120.</TableDescription>
    <Comments>Study Data: Table is part of the "80" series of mortality tables for assured lives, annuitants and pensioners. Direct permanent standard individual assurances observed 1979-82; medical and non-medical issues combined. Aware that it has been common practice among life offices to calculate premium rates and possibly valuation reserves for female assured lives by using a male table with an age adjustment, the Committee, in preparing this table, contends that such an age adjustment at younger ages does not represent the female mortality rates correctly. Methodology: Experiences graduated by fitting µx to a Gompertz-Makeham formula. For the select periods 0 and 1, a GM(1,2) formula was satisfactory while for durations 2-4 and 1-4, a GM(1,2) formula did not fit satisfactorily, but GM(1,3) and GM(2,2) were about equally good. Comparison of parameters for durations 1, 2-4 and 1-4 were not significantly different from each other; this justified combining duration 1 with durations 2-4 to form duration 1-4 thereby resulting in adopting a two-year select period. Use of a two-year select period is also consistent with the predecessor female assurance table (See SOA Table Identity 260). In the ultimate data, for durations 2+ and 5+, the same feature was found as for the males (See SOA Table Identity 262), that is, the observed crude mortality rates at the highest ages appeared unrealistically low. The observed experience for ages above 90 was therefore omitted in the graduation process, as was done for the males. Data Transcription Errors: None. Data Certified: 08/2013</Comments>
    <KeyWord>Select</KeyWord>
    <KeyWord>Insured Lives Mortality</KeyWord>
    <KeyWord>United Kingdom</KeyWord>
  </ContentClassification>
  <Table>
    <MetaData>
      <ScalingFactor>0</ScalingFactor>
      <DataType tc="2">Floating Point</DataType>
      <Nation tc="44">United Kingdom</Nation>
      <TableDescription>Assured Lives – Females, 1979-82 (AF80). Minimum Select Age: 0. Maximum Select Age: 90.</TableDescription>
      <AxisDef id="Age">
        <ScaleType tc="3">Age</ScaleType>
        <AxisName>Age</AxisName>
        <MinScaleValue>0</MinScaleValue>
        <MaxScaleValue>90</MaxScaleValue>
        <Increment>1</Increment>
      </AxisDef>
      <AxisDef id="Duration">
        <ScaleType tc="2">Ordinal Date</ScaleType>
        <AxisName>Duration</AxisName>
        <MinScaleValue>1</MinScaleValue>
        <MaxScaleValue>2</MaxScaleValue>
        <Increment>1</Increment>
      </AxisDef>
    </MetaData>
    <Values>
      <Axis t="0">
        <Axis>
          <Y t="1">0.000938</Y>
          <Y t="2">0.000666</Y>
        </Axis>
      </Axis>
      <Axis t="1">
        <Axis>
          <Y t="1">0.000603</Y>
          <Y t="2">0.000416</Y>
        </Axis>
      </Axis>
      <Axis t="2">
        <Axis>
          <Y t="1">0.000377</Y>
          <Y t="2">0.000287</Y>
        </Axis>
      </Axis>
      <Axis t="3">
        <Axis>
          <Y t="1">0.000259</Y>
          <Y t="2">0.000231</Y>
        </Axis>
      </Axis>
      <Axis t="4">
        <Axis>
          <Y t="1">0.000209</Y>
          <Y t="2">0.000203</Y>
        </Axis>
      </Axis>
      <Axis t="5">
        <Axis>
          <Y t="1">0.000184</Y>
          <Y t="2">0.000185</Y>
        </Axis>
      </Axis>
      <Axis t="6">
        <Axis>
          <Y t="1">0.000167</Y>
          <Y t="2">0.000176</Y>
        </Axis>
      </Axis>
      <Axis t="7">
        <Axis>
          <Y t="1">0.000159</Y>
          <Y t="2">0.000176</Y>
        </Axis>
      </Axis>
      <Axis t="8">
        <Axis>
          <Y t="1">0.000159</Y>
          <Y t="2">0.000166</Y>
        </Axis>
      </Axis>
      <Axis t="9">
        <Axis>
          <Y t="1">0.000151</Y>
          <Y t="2">0.000166</Y>
        </Axis>
      </Axis>
      <Axis t="10">
        <Axis>
          <Y t="1">0.000151</Y>
          <Y t="2">0.000166</Y>
        </Axis>
      </Axis>
      <Axis t="11">
        <Axis>
          <Y t="1">0.000151</Y>
          <Y t="2">0.000166</Y>
        </Axis>
      </Axis>
      <Axis t="12">
        <Axis>
          <Y t="1">0.000151</Y>
          <Y t="2">0.000176</Y>
        </Axis>
      </Axis>
      <Axis t="13">
        <Axis>
          <Y t="1">0.000159</Y>
          <Y t="2">0.000203</Y>
        </Axis>
      </Axis>
      <Axis t="14">
        <Axis>
          <Y t="1">0.000184</Y>
          <Y t="2">0.000240</Y>
        </Axis>
      </Axis>
      <Axis t="15">
        <Axis>
          <Y t="1">0.000218</Y>
          <Y t="2">0.000277</Y>
        </Axis>
      </Axis>
      <Axis t="16">
        <Axis>
          <Y t="1">0.000251</Y>
          <Y t="2">0.000283</Y>
        </Axis>
      </Axis>
      <Axis t="17">
        <Axis>
          <Y t="1">0.000256</Y>
          <Y t="2">0.000276</Y>
        </Axis>
      </Axis>
      <Axis t="18">
        <Axis>
          <Y t="1">0.000243</Y>
          <Y t="2">0.000270</Y>
        </Axis>
      </Axis>
      <Axis t="19">
        <Axis>
          <Y t="1">0.000232</Y>
          <Y t="2">0.000265</Y>
        </Axis>
      </Axis>
      <Axis t="20">
        <Axis>
          <Y t="1">0.000222</Y>
          <Y t="2">0.000262</Y>
        </Axis>
      </Axis>
      <Axis t="21">
        <Axis>
          <Y t="1">0.000214</Y>
          <Y t="2">0.000260</Y>
        </Axis>
      </Axis>
      <Axis t="22">
        <Axis>
          <Y t="1">0.000207</Y>
          <Y t="2">0.000259</Y>
        </Axis>
      </Axis>
      <Axis t="23">
        <Axis>
          <Y t="1">0.000202</Y>
          <Y t="2">0.000260</Y>
        </Axis>
      </Axis>
      <Axis t="24">
        <Axis>
          <Y t="1">0.000198</Y>
          <Y t="2">0.000263</Y>
        </Axis>
      </Axis>
      <Axis t="25">
        <Axis>
          <Y t="1">0.000196</Y>
          <Y t="2">0.000268</Y>
        </Axis>
      </Axis>
      <Axis t="26">
        <Axis>
          <Y t="1">0.000197</Y>
          <Y t="2">0.000275</Y>
        </Axis>
      </Axis>
      <Axis t="27">
        <Axis>
          <Y t="1">0.000199</Y>
          <Y t="2">0.000285</Y>
        </Axis>
      </Axis>
      <Axis t="28">
        <Axis>
          <Y t="1">0.000204</Y>
          <Y t="2">0.000297</Y>
        </Axis>
      </Axis>
      <Axis t="29">
        <Axis>
          <Y t="1">0.000212</Y>
          <Y t="2">0.000312</Y>
        </Axis>
      </Axis>
      <Axis t="30">
        <Axis>
          <Y t="1">0.000222</Y>
          <Y t="2">0.000330</Y>
        </Axis>
      </Axis>
      <Axis t="31">
        <Axis>
          <Y t="1">0.000234</Y>
          <Y t="2">0.000352</Y>
        </Axis>
      </Axis>
      <Axis t="32">
        <Axis>
          <Y t="1">0.000250</Y>
          <Y t="2">0.000377</Y>
        </Axis>
      </Axis>
      <Axis t="33">
        <Axis>
          <Y t="1">0.000269</Y>
          <Y t="2">0.000407</Y>
        </Axis>
      </Axis>
      <Axis t="34">
        <Axis>
          <Y t="1">0.000291</Y>
          <Y t="2">0.000441</Y>
        </Axis>
      </Axis>
      <Axis t="35">
        <Axis>
          <Y t="1">0.000317</Y>
          <Y t="2">0.000481</Y>
        </Axis>
      </Axis>
      <Axis t="36">
        <Axis>
          <Y t="1">0.000347</Y>
          <Y t="2">0.000525</Y>
        </Axis>
      </Axis>
      <Axis t="37">
        <Axis>
          <Y t="1">0.000381</Y>
          <Y t="2">0.000576</Y>
        </Axis>
      </Axis>
      <Axis t="38">
        <Axis>
          <Y t="1">0.000419</Y>
          <Y t="2">0.000634</Y>
        </Axis>
      </Axis>
      <Axis t="39">
        <Axis>
          <Y t="1">0.000462</Y>
          <Y t="2">0.000699</Y>
        </Axis>
      </Axis>
      <Axis t="40">
        <Axis>
          <Y t="1">0.000510</Y>
          <Y t="2">0.000771</Y>
        </Axis>
      </Axis>
      <Axis t="41">
        <Axis>
          <Y t="1">0.000564</Y>
          <Y t="2">0.000853</Y>
        </Axis>
      </Axis>
      <Axis t="42">
        <Axis>
          <Y t="1">0.000623</Y>
          <Y t="2">0.000944</Y>
        </Axis>
      </Axis>
      <Axis t="43">
        <Axis>
          <Y t="1">0.000688</Y>
          <Y t="2">0.001045</Y>
        </Axis>
      </Axis>
      <Axis t="44">
        <Axis>
          <Y t="1">0.000760</Y>
          <Y t="2">0.001158</Y>
        </Axis>
      </Axis>
      <Axis t="45">
        <Axis>
          <Y t="1">0.000838</Y>
          <Y t="2">0.001284</Y>
        </Axis>
      </Axis>
      <Axis t="46">
        <Axis>
          <Y t="1">0.000924</Y>
          <Y t="2">0.001423</Y>
        </Axis>
      </Axis>
      <Axis t="47">
        <Axis>
          <Y t="1">0.001018</Y>
          <Y t="2">0.001578</Y>
        </Axis>
      </Axis>
      <Axis t="48">
        <Axis>
          <Y t="1">0.001120</Y>
          <Y t="2">0.001749</Y>
        </Axis>
      </Axis>
      <Axis t="49">
        <Axis>
          <Y t="1">0.001231</Y>
          <Y t="2">0.001938</Y>
        </Axis>
      </Axis>
      <Axis t="50">
        <Axis>
          <Y t="1">0.001352</Y>
          <Y t="2">0.002148</Y>
        </Axis>
      </Axis>
      <Axis t="51">
        <Axis>
          <Y t="1">0.001483</Y>
          <Y t="2">0.002379</Y>
        </Axis>
      </Axis>
      <Axis t="52">
        <Axis>
          <Y t="1">0.001625</Y>
          <Y t="2">0.002634</Y>
        </Axis>
      </Axis>
      <Axis t="53">
        <Axis>
          <Y t="1">0.001778</Y>
          <Y t="2">0.002916</Y>
        </Axis>
      </Axis>
      <Axis t="54">
        <Axis>
          <Y t="1">0.001944</Y>
          <Y t="2">0.003226</Y>
        </Axis>
      </Axis>
      <Axis t="55">
        <Axis>
          <Y t="1">0.002123</Y>
          <Y t="2">0.003568</Y>
        </Axis>
      </Axis>
      <Axis t="56">
        <Axis>
          <Y t="1">0.002316</Y>
          <Y t="2">0.003944</Y>
        </Axis>
      </Axis>
      <Axis t="57">
        <Axis>
          <Y t="1">0.002524</Y>
          <Y t="2">0.004359</Y>
        </Axis>
      </Axis>
      <Axis t="58">
        <Axis>
          <Y t="1">0.002748</Y>
          <Y t="2">0.004815</Y>
        </Axis>
      </Axis>
      <Axis t="59">
        <Axis>
          <Y t="1">0.002989</Y>
          <Y t="2">0.005316</Y>
        </Axis>
      </Axis>
      <Axis t="60">
        <Axis>
          <Y t="1">0.003249</Y>
          <Y t="2">0.005867</Y>
        </Axis>
      </Axis>
      <Axis t="61">
        <Axis>
          <Y t="1">0.003527</Y>
          <Y t="2">0.006473</Y>
        </Axis>
      </Axis>
      <Axis t="62">
        <Axis>
          <Y t="1">0.003827</Y>
          <Y t="2">0.007138</Y>
        </Axis>
      </Axis>
      <Axis t="63">
        <Axis>
          <Y t="1">0.004149</Y>
          <Y t="2">0.007869</Y>
        </Axis>
      </Axis>
      <Axis t="64">
        <Axis>
          <Y t="1">0.004494</Y>
          <Y t="2">0.008672</Y>
        </Axis>
      </Axis>
      <Axis t="65">
        <Axis>
          <Y t="1">0.004864</Y>
          <Y t="2">0.009553</Y>
        </Axis>
      </Axis>
      <Axis t="66">
        <Axis>
          <Y t="1">0.005261</Y>
          <Y t="2">0.010520</Y>
        </Axis>
      </Axis>
      <Axis t="67">
        <Axis>
          <Y t="1">0.005687</Y>
          <Y t="2">0.011580</Y>
        </Axis>
      </Axis>
      <Axis t="68">
        <Axis>
          <Y t="1">0.006143</Y>
          <Y t="2">0.012744</Y>
        </Axis>
      </Axis>
      <Axis t="69">
        <Axis>
          <Y t="1">0.006632</Y>
          <Y t="2">0.014020</Y>
        </Axis>
      </Axis>
      <Axis t="70">
        <Axis>
          <Y t="1">0.007155</Y>
          <Y t="2">0.015419</Y>
        </Axis>
      </Axis>
      <Axis t="71">
        <Axis>
          <Y t="1">0.007715</Y>
          <Y t="2">0.016953</Y>
        </Axis>
      </Axis>
      <Axis t="72">
        <Axis>
          <Y t="1">0.008314</Y>
          <Y t="2">0.018633</Y>
        </Axis>
      </Axis>
      <Axis t="73">
        <Axis>
          <Y t="1">0.008955</Y>
          <Y t="2">0.020474</Y>
        </Axis>
      </Axis>
      <Axis t="74">
        <Axis>
          <Y t="1">0.009641</Y>
          <Y t="2">0.022491</Y>
        </Axis>
      </Axis>
      <Axis t="75">
        <Axis>
          <Y t="1">0.010487</Y>
          <Y t="2">0.024699</Y>
        </Axis>
      </Axis>
      <Axis t="76">
        <Axis>
          <Y t="1">0.011524</Y>
          <Y t="2">0.027116</Y>
        </Axis>
      </Axis>
      <Axis t="77">
        <Axis>
          <Y t="1">0.012660</Y>
          <Y t="2">0.029762</Y>
        </Axis>
      </Axis>
      <Axis t="78">
        <Axis>
          <Y t="1">0.013905</Y>
          <Y t="2">0.032656</Y>
        </Axis>
      </Axis>
      <Axis t="79">
        <Axis>
          <Y t="1">0.015269</Y>
          <Y t="2">0.035821</Y>
        </Axis>
      </Axis>
      <Axis t="80">
        <Axis>
          <Y t="1">0.016764</Y>
          <Y t="2">0.039282</Y>
        </Axis>
      </Axis>
      <Axis t="81">
        <Axis>
          <Y t="1">0.018401</Y>
          <Y t="2">0.043064</Y>
        </Axis>
      </Axis>
      <Axis t="82">
        <Axis>
          <Y t="1">0.020194</Y>
          <Y t="2">0.047196</Y>
        </Axis>
      </Axis>
      <Axis t="83">
        <Axis>
          <Y t="1">0.022157</Y>
          <Y t="2">0.051708</Y>
        </Axis>
      </Axis>
      <Axis t="84">
        <Axis>
          <Y t="1">0.024306</Y>
          <Y t="2">0.056632</Y>
        </Axis>
      </Axis>
      <Axis t="85">
        <Axis>
          <Y t="1">0.026657</Y>
          <Y t="2">0.062004</Y>
        </Axis>
      </Axis>
      <Axis t="86">
        <Axis>
          <Y t="1">0.029230</Y>
          <Y t="2">0.067861</Y>
        </Axis>
      </Axis>
      <Axis t="87">
        <Axis>
          <Y t="1">0.032044</Y>
          <Y t="2">0.074243</Y>
        </Axis>
      </Axis>
      <Axis t="88">
        <Axis>
          <Y t="1">0.035121</Y>
          <Y t="2">0.081193</Y>
        </Axis>
      </Axis>
      <Axis t="89">
        <Axis>
          <Y t="1">0.038485</Y>
          <Y t="2">0.088755</Y>
        </Axis>
      </Axis>
      <Axis t="90">
        <Axis>
          <Y t="1">0.042161</Y>
          <Y t="2">0.096978</Y>
        </Axis>
      </Axis>
    </Values>
  </Table>
  <Table>
    <MetaData>
      <ScalingFactor>0</ScalingFactor>
      <DataType tc="2">Floating Point</DataType>
      <Nation tc="44">United Kingdom</Nation>
      <TableDescription>Assured Lives – Females, 1979-82 (AF80). Minimum Ultimate Age: 2. Maximum Ultimate Age: 120</TableDescription>
      <AxisDef id="Age">
        <ScaleType tc="3">Age</ScaleType>
        <AxisName>Age</AxisName>
        <MinScaleValue>2</MinScaleValue>
        <MaxScaleValue>120</MaxScaleValue>
        <Increment>1</Increment>
      </AxisDef>
    </MetaData>
    <Values>
      <Axis>
        <Y t="2">0.000450</Y>
        <Y t="3">0.000310</Y>
        <Y t="4">0.000250</Y>
        <Y t="5">0.000220</Y>
        <Y t="6">0.000200</Y>
        <Y t="7">0.000190</Y>
        <Y t="8">0.000190</Y>
        <Y t="9">0.000180</Y>
        <Y t="10">0.000180</Y>
        <Y t="11">0.000180</Y>
        <Y t="12">0.000180</Y>
        <Y t="13">0.000190</Y>
        <Y t="14">0.000220</Y>
        <Y t="15">0.000260</Y>
        <Y t="16">0.000300</Y>
        <Y t="17">0.000306</Y>
        <Y t="18">0.000298</Y>
        <Y t="19">0.000292</Y>
        <Y t="20">0.000287</Y>
        <Y t="21">0.000283</Y>
        <Y t="22">0.000281</Y>
        <Y t="23">0.000280</Y>
        <Y t="24">0.000281</Y>
        <Y t="25">0.000285</Y>
        <Y t="26">0.000290</Y>
        <Y t="27">0.000298</Y>
        <Y t="28">0.000313</Y>
        <Y t="29">0.000335</Y>
        <Y t="30">0.000361</Y>
        <Y t="31">0.000390</Y>
        <Y t="32">0.000422</Y>
        <Y t="33">0.000459</Y>
        <Y t="34">0.000500</Y>
        <Y t="35">0.000545</Y>
        <Y t="36">0.000596</Y>
        <Y t="37">0.000653</Y>
        <Y t="38">0.000717</Y>
        <Y t="39">0.000788</Y>
        <Y t="40">0.000867</Y>
        <Y t="41">0.000955</Y>
        <Y t="42">0.001052</Y>
        <Y t="43">0.001161</Y>
        <Y t="44">0.001281</Y>
        <Y t="45">0.001415</Y>
        <Y t="46">0.001564</Y>
        <Y t="47">0.001729</Y>
        <Y t="48">0.001912</Y>
        <Y t="49">0.002115</Y>
        <Y t="50">0.002340</Y>
        <Y t="51">0.002589</Y>
        <Y t="52">0.002865</Y>
        <Y t="53">0.003171</Y>
        <Y t="54">0.003510</Y>
        <Y t="55">0.003885</Y>
        <Y t="56">0.004300</Y>
        <Y t="57">0.004760</Y>
        <Y t="58">0.005269</Y>
        <Y t="59">0.005832</Y>
        <Y t="60">0.006455</Y>
        <Y t="61">0.007144</Y>
        <Y t="62">0.007907</Y>
        <Y t="63">0.008750</Y>
        <Y t="64">0.009682</Y>
        <Y t="65">0.010713</Y>
        <Y t="66">0.011853</Y>
        <Y t="67">0.013112</Y>
        <Y t="68">0.014504</Y>
        <Y t="69">0.016042</Y>
        <Y t="70">0.017741</Y>
        <Y t="71">0.019617</Y>
        <Y t="72">0.021689</Y>
        <Y t="73">0.023976</Y>
        <Y t="74">0.026500</Y>
        <Y t="75">0.029285</Y>
        <Y t="76">0.032357</Y>
        <Y t="77">0.035744</Y>
        <Y t="78">0.039478</Y>
        <Y t="79">0.043591</Y>
        <Y t="80">0.048121</Y>
        <Y t="81">0.053107</Y>
        <Y t="82">0.058593</Y>
        <Y t="83">0.064625</Y>
        <Y t="84">0.071252</Y>
        <Y t="85">0.078529</Y>
        <Y t="86">0.086512</Y>
        <Y t="87">0.095262</Y>
        <Y t="88">0.104844</Y>
        <Y t="89">0.115326</Y>
        <Y t="90">0.126777</Y>
        <Y t="91">0.139273</Y>
        <Y t="92">0.152886</Y>
        <Y t="93">0.167695</Y>
        <Y t="94">0.183775</Y>
        <Y t="95">0.201200</Y>
        <Y t="96">0.220043</Y>
        <Y t="97">0.240368</Y>
        <Y t="98">0.262235</Y>
        <Y t="99">0.285691</Y>
        <Y t="100">0.310770</Y>
        <Y t="101">0.337487</Y>
        <Y t="102">0.365835</Y>
        <Y t="103">0.395782</Y>
        <Y t="104">0.427264</Y>
        <Y t="105">0.460180</Y>
        <Y t="106">0.494392</Y>
        <Y t="107">0.529716</Y>
        <Y t="108">0.565921</Y>
        <Y t="109">0.602733</Y>
        <Y t="110">0.639827</Y>
        <Y t="111">0.676837</Y>
        <Y t="112">0.713363</Y>
        <Y t="113">0.748977</Y>
        <Y t="114">0.783240</Y>
        <Y t="115">0.815720</Y>
        <Y t="116">0.846009</Y>
        <Y t="117">0.873750</Y>
        <Y t="118">0.898653</Y>
        <Y t="119">0.920519</Y>
        <Y t="120">1.0000</Y>
      </Axis>
    </Values>
  </Table>
</XTbML>