﻿<?xml version="1.0" encoding="utf-8"?>
<XTbML>
  <ContentClassification>
    <TableIdentity>2690</TableIdentity>
    <ProviderDomain>soa.org</ProviderDomain>
    <ProviderName>Ministry of Health</ProviderName>
    <TableReference>Statistics and Information Department “The 20th Life Tables”, Minister's Secretariat, Ministry of Health, Labor and Welfare (Tokyo, 2005). Accessed: January, 2014 from http://www.mhlw.go.jp/english/database/db-hw/lifetb20th/dl/data.pdf</TableReference>
    <ContentType tc="84">Population Mortality</ContentType>
    <TableName>JLT 20 – Female, ANB</TableName>
    <TableDescription>Japanese Life Table No. 20 (JLT20) – Female. Basis: Age Nearest Birthday. Minimum Age: 0 Maximum Age: 114</TableDescription>
    <Comments>Study Data: In Japan, The Ministry of Health, Labor and Welfare have prepared two series of life tables – the Complete and the Abridged. The former are constructed every five years based on the Annual Vital Statistics and the Population Census. The latter are based on Provisional Annual Vital Statistics and Population Estimates. The Japanese Institute of Actuaries does not produce select tables. Methodology: Mortality rates smoothed by using Greville’s formula (3rd order, 9 terms). In addition, mortality rates estimated and extrapolated by using a Gompertz-Makeham function for advanced ages (over 90 for males and over 95 for females). NOTE: The Japanese Mortality Database (JMD) is a database optimized for mortality research and consistent with the Human Mortality Database (HMD). As the JMD is designed to provide the life tables in a format compatible with HMD, the life tables do not necessarily exhibit the same values as ones, such as this table, by the official life tables prepared and released by the Statistics and Information Department, Minister's Secretariat, Ministry of Health, Labor and Welfare. Data Transcription Errors: None. Data Certified: 01/2014</Comments>
    <KeyWord>Aggregate</KeyWord>
    <KeyWord>Population mortality</KeyWord>
    <KeyWord>Japan</KeyWord>
  </ContentClassification>
  <Table>
    <MetaData>
      <ScalingFactor>0</ScalingFactor>
      <DataType tc="2">Floating Point</DataType>
      <Nation tc="81">Japan</Nation>
      <TableDescription>Japanese Life Table No. 20 (JLT20) – Female. Basis: Age Nearest Birthday. Minimum Age: 0 Maximum Age: 114</TableDescription>
      <AxisDef id="Age">
        <ScaleType tc="3">Age</ScaleType>
        <AxisName>Age</AxisName>
        <MinScaleValue>0</MinScaleValue>
        <MaxScaleValue>114</MaxScaleValue>
        <Increment>1</Increment>
      </AxisDef>
    </MetaData>
    <Values>
      <Axis>
        <Y t="0">0.00252</Y>
        <Y t="1">0.00034</Y>
        <Y t="2">0.00025</Y>
        <Y t="3">0.00018</Y>
        <Y t="4">0.00013</Y>
        <Y t="5">0.00011</Y>
        <Y t="6">0.00009</Y>
        <Y t="7">0.00009</Y>
        <Y t="8">0.00008</Y>
        <Y t="9">0.00007</Y>
        <Y t="10">0.00007</Y>
        <Y t="11">0.00006</Y>
        <Y t="12">0.00007</Y>
        <Y t="13">0.00008</Y>
        <Y t="14">0.00010</Y>
        <Y t="15">0.00012</Y>
        <Y t="16">0.00014</Y>
        <Y t="17">0.00017</Y>
        <Y t="18">0.00021</Y>
        <Y t="19">0.00024</Y>
        <Y t="20">0.00026</Y>
        <Y t="21">0.00029</Y>
        <Y t="22">0.00031</Y>
        <Y t="23">0.00033</Y>
        <Y t="24">0.00033</Y>
        <Y t="25">0.00032</Y>
        <Y t="26">0.00031</Y>
        <Y t="27">0.00031</Y>
        <Y t="28">0.00032</Y>
        <Y t="29">0.00035</Y>
        <Y t="30">0.00037</Y>
        <Y t="31">0.00040</Y>
        <Y t="32">0.00042</Y>
        <Y t="33">0.00046</Y>
        <Y t="34">0.00049</Y>
        <Y t="35">0.00053</Y>
        <Y t="36">0.00057</Y>
        <Y t="37">0.00060</Y>
        <Y t="38">0.00065</Y>
        <Y t="39">0.00070</Y>
        <Y t="40">0.00075</Y>
        <Y t="41">0.00081</Y>
        <Y t="42">0.00087</Y>
        <Y t="43">0.00094</Y>
        <Y t="44">0.00103</Y>
        <Y t="45">0.00113</Y>
        <Y t="46">0.00124</Y>
        <Y t="47">0.00135</Y>
        <Y t="48">0.00147</Y>
        <Y t="49">0.00161</Y>
        <Y t="50">0.00176</Y>
        <Y t="51">0.00192</Y>
        <Y t="52">0.00209</Y>
        <Y t="53">0.00226</Y>
        <Y t="54">0.00243</Y>
        <Y t="55">0.00265</Y>
        <Y t="56">0.00287</Y>
        <Y t="57">0.00306</Y>
        <Y t="58">0.00324</Y>
        <Y t="59">0.00343</Y>
        <Y t="60">0.00364</Y>
        <Y t="61">0.00391</Y>
        <Y t="62">0.00425</Y>
        <Y t="63">0.00458</Y>
        <Y t="64">0.00492</Y>
        <Y t="65">0.00536</Y>
        <Y t="66">0.00589</Y>
        <Y t="67">0.00648</Y>
        <Y t="68">0.00716</Y>
        <Y t="69">0.00797</Y>
        <Y t="70">0.00890</Y>
        <Y t="71">0.00999</Y>
        <Y t="72">0.01124</Y>
        <Y t="73">0.01260</Y>
        <Y t="74">0.01409</Y>
        <Y t="75">0.01574</Y>
        <Y t="76">0.01759</Y>
        <Y t="77">0.01970</Y>
        <Y t="78">0.02221</Y>
        <Y t="79">0.02528</Y>
        <Y t="80">0.02898</Y>
        <Y t="81">0.03332</Y>
        <Y t="82">0.03844</Y>
        <Y t="83">0.04410</Y>
        <Y t="84">0.05023</Y>
        <Y t="85">0.05696</Y>
        <Y t="86">0.06468</Y>
        <Y t="87">0.07353</Y>
        <Y t="88">0.08359</Y>
        <Y t="89">0.09431</Y>
        <Y t="90">0.10563</Y>
        <Y t="91">0.11800</Y>
        <Y t="92">0.13200</Y>
        <Y t="93">0.14747</Y>
        <Y t="94">0.16403</Y>
        <Y t="95">0.17947</Y>
        <Y t="96">0.19736</Y>
        <Y t="97">0.21641</Y>
        <Y t="98">0.23667</Y>
        <Y t="99">0.25815</Y>
        <Y t="100">0.28088</Y>
        <Y t="101">0.30487</Y>
        <Y t="102">0.33010</Y>
        <Y t="103">0.35656</Y>
        <Y t="104">0.38422</Y>
        <Y t="105">0.41302</Y>
        <Y t="106">0.44287</Y>
        <Y t="107">0.47369</Y>
        <Y t="108">0.50534</Y>
        <Y t="109">0.53768</Y>
        <Y t="110">0.57053</Y>
        <Y t="111">0.60369</Y>
        <Y t="112">0.63692</Y>
        <Y t="113">0.66997</Y>
        <Y t="114">0.70259</Y>
      </Axis>
    </Values>
  </Table>
</XTbML>