﻿<?xml version="1.0" encoding="utf-8"?>
<XTbML>
  <ContentClassification>
    <TableIdentity>2697</TableIdentity>
    <ProviderDomain>soa.org</ProviderDomain>
    <ProviderName>Susie Lee</ProviderName>
    <TableReference>Editor, “Tablas de Mortalidad Mexicanas: Editorial”, Revista Actuari@, (2011). Accessed: February, 2014 from http://www.revista-actuario.com/weff/sites/default/files/Tablas%20de%20Mortalidad%20Mexicanas_2.pdf</TableReference>
    <ContentType tc="78">Annuitant Mortality</ContentType>
    <TableName>EMSSAM97</TableName>
    <TableDescription>Experiencia Demográfica de Mortalidad para Activos 1997 (EMSSA97) – Mujeres (Females). Minimum Age: 15. Maximum Age: 110</TableDescription>
    <Comments>Study Data: Based on 1997 population mortality study by Consejo Nacional  de Población (CONAPO). Methodology: Constructed with Bayesian statistical techniques and graduated with laws of mortality permitting application of actuarial properties of the law of uniform aging. Built with margins to accommodate individual pension insurance reserves and Instituto Mexicano del Seguro Social (IMSS) social security pension reserves. Data Transcription Errors: None. Data Certified: 02/2014</Comments>
    <KeyWord>Aggregate</KeyWord>
    <KeyWord>Annuitant mortality</KeyWord>
    <KeyWord>Mexico</KeyWord>
  </ContentClassification>
  <Table>
    <MetaData>
      <ScalingFactor>0</ScalingFactor>
      <DataType tc="2">Floating Point</DataType>
      <Nation tc="52">Mexico</Nation>
      <TableDescription>Experiencia Demográfica de Mortalidad para Activos 1997 (EMSSA97) – Mujeres (Females). Minimum Age: 15. Maximum Age: 110</TableDescription>
      <AxisDef id="Age">
        <ScaleType tc="3">Age</ScaleType>
        <AxisName>Age</AxisName>
        <MinScaleValue>15</MinScaleValue>
        <MaxScaleValue>110</MaxScaleValue>
        <Increment>1</Increment>
      </AxisDef>
    </MetaData>
    <Values>
      <Axis>
        <Y t="15">0.00015</Y>
        <Y t="16">0.00015</Y>
        <Y t="17">0.00016</Y>
        <Y t="18">0.00017</Y>
        <Y t="19">0.00018</Y>
        <Y t="20">0.00019</Y>
        <Y t="21">0.00021</Y>
        <Y t="22">0.00022</Y>
        <Y t="23">0.00024</Y>
        <Y t="24">0.00025</Y>
        <Y t="25">0.00026</Y>
        <Y t="26">0.00027</Y>
        <Y t="27">0.00028</Y>
        <Y t="28">0.0003</Y>
        <Y t="29">0.00031</Y>
        <Y t="30">0.00033</Y>
        <Y t="31">0.00035</Y>
        <Y t="32">0.00038</Y>
        <Y t="33">0.00041</Y>
        <Y t="34">0.00044</Y>
        <Y t="35">0.00048</Y>
        <Y t="36">0.00053</Y>
        <Y t="37">0.0006</Y>
        <Y t="38">0.00067</Y>
        <Y t="39">0.00075</Y>
        <Y t="40">0.00085</Y>
        <Y t="41">0.00095</Y>
        <Y t="42">0.00107</Y>
        <Y t="43">0.00119</Y>
        <Y t="44">0.00134</Y>
        <Y t="45">0.00149</Y>
        <Y t="46">0.00166</Y>
        <Y t="47">0.00185</Y>
        <Y t="48">0.00206</Y>
        <Y t="49">0.00229</Y>
        <Y t="50">0.00254</Y>
        <Y t="51">0.00281</Y>
        <Y t="52">0.0031</Y>
        <Y t="53">0.00343</Y>
        <Y t="54">0.00378</Y>
        <Y t="55">0.00417</Y>
        <Y t="56">0.00459</Y>
        <Y t="57">0.00505</Y>
        <Y t="58">0.00555</Y>
        <Y t="59">0.0061</Y>
        <Y t="60">0.00672</Y>
        <Y t="61">0.0074</Y>
        <Y t="62">0.00815</Y>
        <Y t="63">0.00899</Y>
        <Y t="64">0.00991</Y>
        <Y t="65">0.01092</Y>
        <Y t="66">0.01205</Y>
        <Y t="67">0.01329</Y>
        <Y t="68">0.01467</Y>
        <Y t="69">0.01619</Y>
        <Y t="70">0.01787</Y>
        <Y t="71">0.01972</Y>
        <Y t="72">0.02177</Y>
        <Y t="73">0.02402</Y>
        <Y t="74">0.02652</Y>
        <Y t="75">0.02926</Y>
        <Y t="76">0.03228</Y>
        <Y t="77">0.03561</Y>
        <Y t="78">0.03927</Y>
        <Y t="79">0.0433</Y>
        <Y t="80">0.04772</Y>
        <Y t="81">0.05256</Y>
        <Y t="82">0.05787</Y>
        <Y t="83">0.06368</Y>
        <Y t="84">0.07003</Y>
        <Y t="85">0.077</Y>
        <Y t="86">0.08464</Y>
        <Y t="87">0.09303</Y>
        <Y t="88">0.10221</Y>
        <Y t="89">0.11226</Y>
        <Y t="90">0.12325</Y>
        <Y t="91">0.13526</Y>
        <Y t="92">0.14835</Y>
        <Y t="93">0.16262</Y>
        <Y t="94">0.17815</Y>
        <Y t="95">0.195</Y>
        <Y t="96">0.21327</Y>
        <Y t="97">0.23303</Y>
        <Y t="98">0.25435</Y>
        <Y t="99">0.27728</Y>
        <Y t="100">0.30188</Y>
        <Y t="101">0.32818</Y>
        <Y t="102">0.35619</Y>
        <Y t="103">0.38589</Y>
        <Y t="104">0.41723</Y>
        <Y t="105">0.45014</Y>
        <Y t="106">0.4845</Y>
        <Y t="107">0.52012</Y>
        <Y t="108">0.55679</Y>
        <Y t="109">0.59423</Y>
        <Y t="110">1</Y>
      </Axis>
    </Values>
  </Table>
</XTbML>