﻿<?xml version="1.0" encoding="utf-8"?>
<XTbML>
  <ContentClassification>
    <TableIdentity>2709</TableIdentity>
    <ProviderDomain>institutdesactuaires.com</ProviderDomain>
    <ProviderName>Bridget Browne</ProviderName>
    <TableReference>Institut des Actuaires , “Notice d’Utilisation Tables de Mortalité TH 00 – 02 et TF 00 – 02”, (Paris, 2005) p. 3-6. Accessed November, 2012 from http://www.ressources-actuarielles.net/EXT/ISFA/fp-isfa.nsf/0/762C8E624EE98A5EC12577C100566D11/$FILE/TF00-02_V.xls?OpenElement</TableReference>
    <ContentType tc="4">Insured Lives Mortality</ContentType>
    <TableName>THV 00-02</TableName>
    <TableDescription>Table Hommes Engagements en Cas de Vie (THV 00-02) - Men Commitments in Case of Life. Minimum Age: 0. Maximum Age: 113</TableDescription>
    <Comments>Study Data: The Decree of December, 2005 amended Article 335-1 by introducing tables TF 00-02 (femme / female) and TH 00-02 (homme / male) to replace the 88-90 TD and TV 88-90 tables. Décalé (i.e. “shifted”) tables are to be used for survival (“en cas de vie”) rather than death (“en case de deces”). These tables however are not for annuities; there are other tables for that purpose (such as TG F05 and TG H05 for females and males respectively). The 00-02 mortality tables are constructed on the basis of population data published by the Institut National de la Statistique et des Études Économiques (INSEE) for the period 2000-2002. Methodology:  The décalé (i.e. shifted) tables are to be used for life products, other than annuities, and have an age offset, presumably for conservatism to compensate for the gap between the general population and the insured population. In contrast, the “initial” tables are most widely used for term insurance (“assurances deces”). Data Transcription Errors: None.  Data Certified: 02/2014.</Comments>
    <KeyWord>Aggregate</KeyWord>
    <KeyWord>Insured Mortality</KeyWord>
    <KeyWord>France</KeyWord>
  </ContentClassification>
  <Table>
    <MetaData>
      <ScalingFactor>0</ScalingFactor>
      <DataType tc="2">Floating Point</DataType>
      <Nation tc="33">France</Nation>
      <TableDescription>Table Hommes Engagements en Cas de Vie (THV 00-02) - Men Commitments in Case of Life. Minimum Age: 0. Maximum Age: 113</TableDescription>
      <AxisDef id="Age">
        <ScaleType tc="3">Age</ScaleType>
        <AxisName>Age</AxisName>
        <MinScaleValue>0</MinScaleValue>
        <MaxScaleValue>113</MaxScaleValue>
        <Increment>1</Increment>
      </AxisDef>
    </MetaData>
    <Values>
      <Axis>
        <Y t="0">0.00489</Y>
        <Y t="1">0.000382</Y>
        <Y t="2">0.000271</Y>
        <Y t="3">0.000221</Y>
        <Y t="4">0.000181</Y>
        <Y t="5">0.000161</Y>
        <Y t="6">0.000141</Y>
        <Y t="7">0.000131</Y>
        <Y t="8">0.000131</Y>
        <Y t="9">0.000121</Y>
        <Y t="10">0.000131</Y>
        <Y t="11">0.000131</Y>
        <Y t="12">0.000161</Y>
        <Y t="13">0.000201</Y>
        <Y t="14">0.000262</Y>
        <Y t="15">0.000373</Y>
        <Y t="16">0.000221</Y>
        <Y t="17">0.000181</Y>
        <Y t="18">0.000161</Y>
        <Y t="19">0.000141</Y>
        <Y t="20">0.000131</Y>
        <Y t="21">0.000131</Y>
        <Y t="22">0.000121</Y>
        <Y t="23">0.000131</Y>
        <Y t="24">0.000131</Y>
        <Y t="25">0.000161</Y>
        <Y t="26">0.000201</Y>
        <Y t="27">0.000262</Y>
        <Y t="28">0.000373</Y>
        <Y t="29">0.000504</Y>
        <Y t="30">0.000666</Y>
        <Y t="31">0.000827</Y>
        <Y t="32">0.000949</Y>
        <Y t="33">0.001021</Y>
        <Y t="34">0.001052</Y>
        <Y t="35">0.001054</Y>
        <Y t="36">0.001044</Y>
        <Y t="37">0.001046</Y>
        <Y t="38">0.001047</Y>
        <Y t="39">0.00125</Y>
        <Y t="40">0.001323</Y>
        <Y t="41">0.001427</Y>
        <Y t="42">0.001532</Y>
        <Y t="43">0.001658</Y>
        <Y t="44">0.001795</Y>
        <Y t="45">0.001953</Y>
        <Y t="46">0.002143</Y>
        <Y t="47">0.002366</Y>
        <Y t="48">0.002642</Y>
        <Y t="49">0.002931</Y>
        <Y t="50">0.003253</Y>
        <Y t="51">0.003599</Y>
        <Y t="52">0.00397</Y>
        <Y t="53">0.004346</Y>
        <Y t="54">0.004715</Y>
        <Y t="55">0.005079</Y>
        <Y t="56">0.005448</Y>
        <Y t="57">0.005823</Y>
        <Y t="58">0.006237</Y>
        <Y t="59">0.00668</Y>
        <Y t="60">0.007153</Y>
        <Y t="61">0.007669</Y>
        <Y t="62">0.008208</Y>
        <Y t="63">0.009325</Y>
        <Y t="64">0.009951</Y>
        <Y t="65">0.012347</Y>
        <Y t="66">0.013351</Y>
        <Y t="67">0.014478</Y>
        <Y t="68">0.015762</Y>
        <Y t="69">0.017191</Y>
        <Y t="70">0.018765</Y>
        <Y t="71">0.02046</Y>
        <Y t="72">0.022318</Y>
        <Y t="73">0.024344</Y>
        <Y t="74">0.026576</Y>
        <Y t="75">0.031673</Y>
        <Y t="76">0.034545</Y>
        <Y t="77">0.037682</Y>
        <Y t="78">0.041167</Y>
        <Y t="79">0.045063</Y>
        <Y t="80">0.049383</Y>
        <Y t="81">0.054256</Y>
        <Y t="82">0.059927</Y>
        <Y t="83">0.066596</Y>
        <Y t="84">0.074332</Y>
        <Y t="85">0.083036</Y>
        <Y t="86">0.092527</Y>
        <Y t="87">0.102636</Y>
        <Y t="88">0.113524</Y>
        <Y t="89">0.125332</Y>
        <Y t="90">0.138018</Y>
        <Y t="91">0.151554</Y>
        <Y t="92">0.165763</Y>
        <Y t="93">0.180586</Y>
        <Y t="94">0.196254</Y>
        <Y t="95">0.212891</Y>
        <Y t="96">0.230595</Y>
        <Y t="97">0.249263</Y>
        <Y t="98">0.268991</Y>
        <Y t="99">0.28964</Y>
        <Y t="100">0.311249</Y>
        <Y t="101">0.333764</Y>
        <Y t="102">0.357558</Y>
        <Y t="103">0.381599</Y>
        <Y t="104">0.404878</Y>
        <Y t="105">0.430328</Y>
        <Y t="106">0.460432</Y>
        <Y t="107">0.48</Y>
        <Y t="108">0.512821</Y>
        <Y t="109">0.526316</Y>
        <Y t="110">0.555556</Y>
        <Y t="111">0.5</Y>
        <Y t="112">0.5</Y>
        <Y t="113">1</Y>
      </Axis>
    </Values>
  </Table>
</XTbML>