﻿<?xml version="1.0" encoding="utf-8"?>
<XTbML>
  <ContentClassification>
    <TableIdentity>2721</TableIdentity>
    <ProviderDomain>soa.org</ProviderDomain>
    <ProviderName>Susie Lee</ProviderName>
    <TableReference>George King, “Supplement to the Seventy-Fifth Annual Report of the Registrar-General of Births, Deaths, and Marriages in England and Wales. Part I – Life Tables”, T. Fisher Unwin (London, 1914). Reprinted James W. Glover, “United States Life Tables 1890,1901, 1910, and 1901-1910 with Explanatory Text, Mathematical Theory, Computations, Graphs and Original Statistics, also Tables of United States Life Annuities,  Life Tables of Foreign Countries, Mortality Tables of Life Insurance Companies”, Department of Commerce, Bureau of the Census (Washington, 1921). Accessed: March, 2014 from http://www.cdc.gov/nchs/data/lifetables/life1890-1910.pdf</TableReference>
    <ContentType tc="84">Population Mortality</ContentType>
    <TableName>ELT No. 7 (1901-1911) - Male</TableName>
    <TableDescription>English Life Tables (ELT) Number 7 (1901-11) – Male. Basis: Age Nearest Birthday. Minimum Age: 0. Maximum Age: 100</TableDescription>
    <Comments>Study Data: Foreign country tables, reprinted in tabular form, were taken from the published life tables or various countries, based on their official population and death statistics so that a comparison may be made as each age. 1000qx copied to the nearest second decimal. When only the first decimal was given, a cipher was added. Based on the censuses for England and Wales (i.e. not for all of the United Kingdom) for the period 1901 and 1910 and the deaths registered in those 10 years. Methodology: Tables for males and females prepared along identical lines, the mean population for quinquennial groups being determined in each case by the method of Mr. A. C. Waters. Mr. King’s construction A method is then followed to determine quinquennial pivotal values for the rates of mortality at ages 12 to 97, inclusive. Interpolated values for ages 17 to 92 inclusive by the use of logarithms. No assumption is made at the extreme old ages with respect to termination of the table at a definitive age but a fourth difference series of values for log px is determined from the values at ages 89, 90, 91, 92 and 97. The rates of mortality for ages 0 to 4 inclusive are determined from the death returns at individual ages and a readjusted average population.  Data Transcription Errors: None. Data Certified: 04/2014.</Comments>
    <KeyWord>Aggregate</KeyWord>
    <KeyWord>Population mortality</KeyWord>
    <KeyWord>United Kingdom</KeyWord>
  </ContentClassification>
  <Table>
    <MetaData>
      <ScalingFactor>0</ScalingFactor>
      <DataType tc="2">Floating Point</DataType>
      <Nation tc="44">United Kingdom</Nation>
      <TableDescription>English Life Tables (ELT) Number 7 (1901-11) – Male. Basis: Age Nearest Birthday. Minimum Age: 0. Maximum Age: 100</TableDescription>
      <AxisDef id="Age">
        <ScaleType tc="3">Age</ScaleType>
        <AxisName>Age</AxisName>
        <MinScaleValue>0</MinScaleValue>
        <MaxScaleValue>100</MaxScaleValue>
        <Increment>1</Increment>
      </AxisDef>
    </MetaData>
    <Values>
      <Axis>
        <Y t="0">0.14434</Y>
        <Y t="1">0.04039</Y>
        <Y t="2">0.01595</Y>
        <Y t="3">0.01002</Y>
        <Y t="4">0.00740</Y>
        <Y t="5">0.00542</Y>
        <Y t="6">0.00398</Y>
        <Y t="7">0.00297</Y>
        <Y t="8">0.00233</Y>
        <Y t="9">0.00196</Y>
        <Y t="10">0.00182</Y>
        <Y t="11">0.00183</Y>
        <Y t="12">0.00195</Y>
        <Y t="13">0.00214</Y>
        <Y t="14">0.00237</Y>
        <Y t="15">0.00261</Y>
        <Y t="16">0.00285</Y>
        <Y t="17">0.00309</Y>
        <Y t="18">0.00332</Y>
        <Y t="19">0.00355</Y>
        <Y t="20">0.00378</Y>
        <Y t="21">0.00400</Y>
        <Y t="22">0.00419</Y>
        <Y t="23">0.00434</Y>
        <Y t="24">0.00444</Y>
        <Y t="25">0.00454</Y>
        <Y t="26">0.00466</Y>
        <Y t="27">0.00483</Y>
        <Y t="28">0.00507</Y>
        <Y t="29">0.00535</Y>
        <Y t="30">0.00566</Y>
        <Y t="31">0.00599</Y>
        <Y t="32">0.00632</Y>
        <Y t="33">0.00664</Y>
        <Y t="34">0.00698</Y>
        <Y t="35">0.00732</Y>
        <Y t="36">0.00769</Y>
        <Y t="37">0.00807</Y>
        <Y t="38">0.00847</Y>
        <Y t="39">0.00888</Y>
        <Y t="40">0.00931</Y>
        <Y t="41">0.00979</Y>
        <Y t="42">0.01032</Y>
        <Y t="43">0.01091</Y>
        <Y t="44">0.01155</Y>
        <Y t="45">0.01223</Y>
        <Y t="46">0.01298</Y>
        <Y t="47">0.01379</Y>
        <Y t="48">0.01466</Y>
        <Y t="49">0.01558</Y>
        <Y t="50">0.01657</Y>
        <Y t="51">0.01766</Y>
        <Y t="52">0.01885</Y>
        <Y t="53">0.02016</Y>
        <Y t="54">0.02156</Y>
        <Y t="55">0.02308</Y>
        <Y t="56">0.02472</Y>
        <Y t="57">0.02649</Y>
        <Y t="58">0.02839</Y>
        <Y t="59">0.03044</Y>
        <Y t="60">0.03262</Y>
        <Y t="61">0.03496</Y>
        <Y t="62">0.03745</Y>
        <Y t="63">0.04003</Y>
        <Y t="64">0.04269</Y>
        <Y t="65">0.04557</Y>
        <Y t="66">0.04880</Y>
        <Y t="67">0.05253</Y>
        <Y t="68">0.05685</Y>
        <Y t="69">0.06172</Y>
        <Y t="70">0.06708</Y>
        <Y t="71">0.07287</Y>
        <Y t="72">0.07902</Y>
        <Y t="73">0.08566</Y>
        <Y t="74">0.09290</Y>
        <Y t="75">0.10062</Y>
        <Y t="76">0.10867</Y>
        <Y t="77">0.11688</Y>
        <Y t="78">0.12500</Y>
        <Y t="79">0.13312</Y>
        <Y t="80">0.14163</Y>
        <Y t="81">0.15095</Y>
        <Y t="82">0.16158</Y>
        <Y t="83">0.17392</Y>
        <Y t="84">0.18787</Y>
        <Y t="85">0.20315</Y>
        <Y t="86">0.21944</Y>
        <Y t="87">0.23632</Y>
        <Y t="88">0.25459</Y>
        <Y t="89">0.27475</Y>
        <Y t="90">0.29566</Y>
        <Y t="91">0.31591</Y>
        <Y t="92">0.33381</Y>
        <Y t="93">0.34860</Y>
        <Y t="94">0.36031</Y>
        <Y t="95">0.36966</Y>
        <Y t="96">0.37806</Y>
        <Y t="97">0.38750</Y>
        <Y t="98">0.40059</Y>
        <Y t="99">0.42031</Y>
        <Y t="100">0.44969</Y>
      </Axis>
    </Values>
  </Table>
</XTbML>