﻿<?xml version="1.0" encoding="utf-8"?>
<XTbML>
  <ContentClassification>
    <TableIdentity>2735</TableIdentity>
    <ProviderDomain>soa.org</ProviderDomain>
    <ProviderName>Susie Lee</ProviderName>
    <TableReference>James W. Glover, “United States Life Tables 1890,1901, 1910, and 1901-1910 with Explanatory Text, Mathematical Theory, Computations, Graphs and Original Statistics, also Tables of United States Life Annuities,  Life Tables of Foreign Countries, Mortality Tables of Life Insurance Companies”, Department of Commerce, Bureau of the Census (Washington, 1921). Accessed: March, 2014 from http://www.cdc.gov/nchs/data/lifetables/life1890-1910.pdf</TableReference>
    <ContentType tc="84">Population Mortality</ContentType>
    <TableName>1901-1910 Sweden – Male</TableName>
    <TableDescription>1901-1910 Sweden – Male. Minimum Age: 0. Maximum Age: 100</TableDescription>
    <Comments>Study Data: Foreign country tables, reprinted in tabular form, were taken from the published life tables or various countries, based on their official population and death statistics so that a comparison may be made as each age. 1000qx copied to the nearest second decimal. When only the first decimal was given, a cipher was added. Methodology: Not available at this time. Data Transcription Errors: None. Data Certified: 04/2014.</Comments>
    <KeyWord>Aggregate</KeyWord>
    <KeyWord>Population mortality</KeyWord>
    <KeyWord>Sweden</KeyWord>
  </ContentClassification>
  <Table>
    <MetaData>
      <ScalingFactor>0</ScalingFactor>
      <DataType tc="2">Floating Point</DataType>
      <Nation tc="46">Sweden</Nation>
      <TableDescription>1901-1910 Sweden – Male. Minimum Age: 0. Maximum Age: 100</TableDescription>
      <AxisDef id="Age">
        <ScaleType tc="3">Age</ScaleType>
        <AxisName>Age</AxisName>
        <MinScaleValue>0</MinScaleValue>
        <MaxScaleValue>100</MaxScaleValue>
        <Increment>1</Increment>
      </AxisDef>
    </MetaData>
    <Values>
      <Axis>
        <Y t="0">0.09255</Y>
        <Y t="1">0.02277</Y>
        <Y t="2">0.01090</Y>
        <Y t="3">0.00787</Y>
        <Y t="4">0.00610</Y>
        <Y t="5">0.00502</Y>
        <Y t="6">0.00435</Y>
        <Y t="7">0.00401</Y>
        <Y t="8">0.00354</Y>
        <Y t="9">0.00323</Y>
        <Y t="10">0.00322</Y>
        <Y t="11">0.00296</Y>
        <Y t="12">0.00280</Y>
        <Y t="13">0.00276</Y>
        <Y t="14">0.00285</Y>
        <Y t="15">0.00322</Y>
        <Y t="16">0.00388</Y>
        <Y t="17">0.00452</Y>
        <Y t="18">0.00533</Y>
        <Y t="19">0.00594</Y>
        <Y t="20">0.00641</Y>
        <Y t="21">0.00653</Y>
        <Y t="22">0.00646</Y>
        <Y t="23">0.00649</Y>
        <Y t="24">0.00638</Y>
        <Y t="25">0.00628</Y>
        <Y t="26">0.00628</Y>
        <Y t="27">0.00614</Y>
        <Y t="28">0.00614</Y>
        <Y t="29">0.00614</Y>
        <Y t="30">0.00604</Y>
        <Y t="31">0.00606</Y>
        <Y t="32">0.00605</Y>
        <Y t="33">0.00600</Y>
        <Y t="34">0.00607</Y>
        <Y t="35">0.00637</Y>
        <Y t="36">0.00639</Y>
        <Y t="37">0.00654</Y>
        <Y t="38">0.00674</Y>
        <Y t="39">0.00715</Y>
        <Y t="40">0.00757</Y>
        <Y t="41">0.00779</Y>
        <Y t="42">0.00803</Y>
        <Y t="43">0.00830</Y>
        <Y t="44">0.00854</Y>
        <Y t="45">0.00925</Y>
        <Y t="46">0.00942</Y>
        <Y t="47">0.01001</Y>
        <Y t="48">0.00986</Y>
        <Y t="49">0.01092</Y>
        <Y t="50">0.01124</Y>
        <Y t="51">0.01213</Y>
        <Y t="52">0.01275</Y>
        <Y t="53">0.01346</Y>
        <Y t="54">0.01445</Y>
        <Y t="55">0.01526</Y>
        <Y t="56">0.01569</Y>
        <Y t="57">0.01664</Y>
        <Y t="58">0.01789</Y>
        <Y t="59">0.01938</Y>
        <Y t="60">0.02066</Y>
        <Y t="61">0.02289</Y>
        <Y t="62">0.02313</Y>
        <Y t="63">0.02622</Y>
        <Y t="64">0.02787</Y>
        <Y t="65">0.03004</Y>
        <Y t="66">0.03221</Y>
        <Y t="67">0.03654</Y>
        <Y t="68">0.03869</Y>
        <Y t="69">0.04196</Y>
        <Y t="70">0.04640</Y>
        <Y t="71">0.05054</Y>
        <Y t="72">0.05549</Y>
        <Y t="73">0.06056</Y>
        <Y t="74">0.06743</Y>
        <Y t="75">0.07460</Y>
        <Y t="76">0.08130</Y>
        <Y t="77">0.08986</Y>
        <Y t="78">0.10120</Y>
        <Y t="79">0.10943</Y>
        <Y t="80">0.12081</Y>
        <Y t="81">0.13097</Y>
        <Y t="82">0.14567</Y>
        <Y t="83">0.15908</Y>
        <Y t="84">0.17699</Y>
        <Y t="85">0.19227</Y>
        <Y t="86">0.21076</Y>
        <Y t="87">0.22522</Y>
        <Y t="88">0.24496</Y>
        <Y t="89">0.26907</Y>
        <Y t="90">0.28699</Y>
        <Y t="91">0.30441</Y>
        <Y t="92">0.32543</Y>
        <Y t="93">0.34011</Y>
        <Y t="94">0.36910</Y>
        <Y t="95">0.39802</Y>
        <Y t="96">0.41698</Y>
        <Y t="97">0.41911</Y>
        <Y t="98">0.42893</Y>
        <Y t="99">0.48071</Y>
        <Y t="100">0.49500</Y>
      </Axis>
    </Values>
  </Table>
</XTbML>