﻿<?xml version="1.0" encoding="utf-8"?>
<XTbML>
  <ContentClassification>
    <TableIdentity>28</TableIdentity>
    <ProviderDomain>soa.org</ProviderDomain>
    <ProviderName>Robert J. Johansen</ProviderName>
    <TableReference>“Report of the Task Force on Smoker/Nonsmoker Mortality”, Transactions Society of Actuaries - 1982 Reports, Society of Actuaries (1982) p. 385. Accessed: February, 2013 from http://www.soa.org/library/research/transactions-reports-of-mortality-moribidity-and-experience/1980-89/1982/january/tsr8210.pdf, p. 43</TableReference>
    <ContentType tc="85">CSO/CET</ContentType>
    <TableName>1980 CET - Female Smoker, ANB</TableName>
    <TableDescription>1980 Commissioners Extended Term (CET) Table - Female Smoker. Basis: Age Nearest Birthday. Minimum Age: 15 Maximum Age: 99</TableDescription>
    <Comments>Study Data: The exposure period for the underlying data is from Society of Actuary (SOA) data submissions for 1970 through 1975 policy anniversaries. All war deaths were excluded. Unlike the 1958 Commissioners Standard Ordinary (CSO) table, policies issued on a nonmedical basis were included due to the trend in writing larger proportions of nonmedical business and to provide adequate data for a separate female table. Methodology: Derived from Smoker/Nonsmoker 1980 CSO Basic Tables (See SOA Table Identities 18 and 19) in the same way that the 1980 CET Basic Tables (See SOA Table Identities 24 and 30) were derived from the 1980 CSO Basic Tables (See SOA Table Identities 17 and 20). A loading of 0.75 deaths per 1,000 or 30 percent of the table mortality rates, whichever is greater, was added to the Smoker/Nonsmoker 1980 CSO Basic Tables. Data Transcription Errors: None. Data Certified: 02/2013</Comments>
    <KeyWord>Aggregate</KeyWord>
    <KeyWord>CSO/CET</KeyWord>
    <KeyWord>United States of America</KeyWord>
  </ContentClassification>
  <Table>
    <MetaData>
      <ScalingFactor>0</ScalingFactor>
      <DataType tc="2">Floating Point</DataType>
      <Nation tc="1">United States of America</Nation>
      <TableDescription>1980 US CET Female Smoker Age nearest-Aggregate</TableDescription>
      <AxisDef id="Age">
        <ScaleType tc="3">Age</ScaleType>
        <AxisName>Age</AxisName>
        <MinScaleValue>15</MinScaleValue>
        <MaxScaleValue>99</MaxScaleValue>
        <Increment>1</Increment>
      </AxisDef>
    </MetaData>
    <Values>
      <Axis>
        <Y t="15">0.00169</Y>
        <Y t="16">0.00174</Y>
        <Y t="17">0.00179</Y>
        <Y t="18">0.00184</Y>
        <Y t="19">0.00188</Y>
        <Y t="20">0.00191</Y>
        <Y t="21">0.00193</Y>
        <Y t="22">0.00196</Y>
        <Y t="23">0.00198</Y>
        <Y t="24">0.00202</Y>
        <Y t="25">0.00204</Y>
        <Y t="26">0.00209</Y>
        <Y t="27">0.00213</Y>
        <Y t="28">0.00217</Y>
        <Y t="29">0.00223</Y>
        <Y t="30">0.00230</Y>
        <Y t="31">0.00236</Y>
        <Y t="32">0.00243</Y>
        <Y t="33">0.00250</Y>
        <Y t="34">0.00261</Y>
        <Y t="35">0.00269</Y>
        <Y t="36">0.00284</Y>
        <Y t="37">0.00303</Y>
        <Y t="38">0.00324</Y>
        <Y t="39">0.00355</Y>
        <Y t="40">0.00390</Y>
        <Y t="41">0.00433</Y>
        <Y t="42">0.00473</Y>
        <Y t="43">0.00515</Y>
        <Y t="44">0.00556</Y>
        <Y t="45">0.00599</Y>
        <Y t="46">0.00644</Y>
        <Y t="47">0.00690</Y>
        <Y t="48">0.00738</Y>
        <Y t="49">0.00790</Y>
        <Y t="50">0.00850</Y>
        <Y t="51">0.00910</Y>
        <Y t="52">0.00978</Y>
        <Y t="53">0.01057</Y>
        <Y t="54">0.01138</Y>
        <Y t="55">0.01222</Y>
        <Y t="56">0.01307</Y>
        <Y t="57">0.01387</Y>
        <Y t="58">0.01463</Y>
        <Y t="59">0.01541</Y>
        <Y t="60">0.01626</Y>
        <Y t="61">0.01737</Y>
        <Y t="62">0.01871</Y>
        <Y t="63">0.02051</Y>
        <Y t="64">0.02253</Y>
        <Y t="65">0.02479</Y>
        <Y t="66">0.02703</Y>
        <Y t="67">0.02935</Y>
        <Y t="68">0.03146</Y>
        <Y t="69">0.03383</Y>
        <Y t="70">0.03634</Y>
        <Y t="71">0.03959</Y>
        <Y t="72">0.04362</Y>
        <Y t="73">0.04853</Y>
        <Y t="74">0.05426</Y>
        <Y t="75">0.06063</Y>
        <Y t="76">0.06750</Y>
        <Y t="77">0.07470</Y>
        <Y t="78">0.08220</Y>
        <Y t="79">0.09023</Y>
        <Y t="80">0.09914</Y>
        <Y t="81">0.10920</Y>
        <Y t="82">0.12069</Y>
        <Y t="83">0.13373</Y>
        <Y t="84">0.14905</Y>
        <Y t="85">0.16435</Y>
        <Y t="86">0.18173</Y>
        <Y t="87">0.19847</Y>
        <Y t="88">0.21740</Y>
        <Y t="89">0.23539</Y>
        <Y t="90">0.25611</Y>
        <Y t="91">0.27820</Y>
        <Y t="92">0.30230</Y>
        <Y t="93">0.32962</Y>
        <Y t="94">0.36310</Y>
        <Y t="95">0.41252</Y>
        <Y t="96">0.48846</Y>
        <Y t="97">0.61746</Y>
        <Y t="98">0.85261</Y>
        <Y t="99">1.00000</Y>
      </Axis>
    </Values>
  </Table>
</XTbML>