﻿<?xml version="1.0" encoding="utf-8"?>
<XTbML>
  <ContentClassification>
    <TableIdentity>2848</TableIdentity>
    <ProviderDomain>soa.org</ProviderDomain>
    <ProviderName>Susie Lee</ProviderName>
    <TableReference>Anthony J. Houghton and Ronald M. Wolf, "Development of the 1974 Medical Expense Tables", Transactions of the Society of Actuaries, Vol. 30 (1978) Accessed: July, 2014 from https://www.soa.org/Library/Research/Transactions-Of-Society-Of-Actuaries/1978/January/tsa78v303.aspx</TableReference>
    <ContentType tc="50">Claim Cost (in Disability)</ContentType>
    <TableName>1974 Medical Expense Tables: $200 Maximum Misc. Hospital Benefit - Female</TableName>
    <TableDescription>1974 Medical Expense Tables: $200 Maximum Misc. Hospital Benefit - Female. Minimum Age: 15. Maximum Age: 99</TableDescription>
    <Comments>Study Data: The sources of hospital frequency rates used in the 1974 Medical Expense Tables are the crude frequencies of hospitalization for individually underwritten lives for a daily hospital benefit with a 90-day maximum benefit period and no deductible. These frequencies, displayed in Transactions of the Society of Actuaries 1972 Reports and 1974 Reports, are based on the aggregate experience for all durations combined. Methodology: In order to eliminate the effects of selection and to bring the frequencies to an ultimate level of experience, each set of the crude frequencies were divided by ratios of aggregate experience for all durations to ultimate experience for durations 3 and later with one exception. The ratio of 100% for females in the 1972 Reports appeared to be illogical and was adjusted empirically to 98%. The two sets of crude frequency rates, adjusted to reflect experience in durations 3 and later, were combined into one set of crude frequency rates by weighting the two sets by the respective amounts of daily hospital benefits in force on claims in the two reports. For male lives the graduation method that gives a satisfactory combination of smoothness and fidelity to the crude data is to interpolate separately the crude frequency rates for every tenth attained age. Interpolations were then performed by passing a different cubic polynomial through each pair of consecutive points and then fitting these curves together to produce one smooth, continuous curve. The curve between each pair of consecutive points is determined by the three points on each side of the interval of interpolation. The exact method employed is taken from a paper written by Hiroshi Akima for
the Environmental Science Services Administration of the United States Department of Commerce, entitled "A Method of Smooth Curve Fitting". The results of these two interpolations were
then averaged to produce final graduated frequency rates. The resulting frequency rates at attained ages below 22 are lowered empirically by requiring that the rate at attained age 17 be 125 percent of the rate at attained age 22. For female lives, it was decided to modify these patterns in order to produce more conservative net premiums and reserves. A graphic graduation of the combined crude frequency rates was made, producing a smooth set of almost continuously increasing frequency rates. Hospital frequency rates above attained age 77 developed by formula. For ages 77 to 87 inclusive, F(x) = F(77) * (1 + 0.03 *(x - 77)) and for ages 87 to 99 inclusive, F(x) = F(87) * (1 + 0.02 *(x - 87)).Data Transcription Errors: None. Data Certified: 07/2014.</Comments>
    <KeyWord>Aggregate</KeyWord>
    <KeyWord>Claim Cost</KeyWord>
    <KeyWord>United States of America</KeyWord>
  </ContentClassification>
  <Table>
    <MetaData>
      <ScalingFactor>0</ScalingFactor>
      <DataType tc="2">Floating Point</DataType>
      <Nation tc="1">United States of America</Nation>
      <TableDescription>1974 Medical Expense Tables: $200 Maximum Misc. Hospital Benefit - Female. Minimum Age: 15. Maximum Age: 99</TableDescription>
      <AxisDef id="Age">
        <ScaleType tc="3">Age</ScaleType>
        <AxisName>Age</AxisName>
        <MinScaleValue>15</MinScaleValue>
        <MaxScaleValue>99</MaxScaleValue>
        <Increment>1</Increment>
      </AxisDef>
    </MetaData>
    <Values>
      <Axis>
        <Y t="15">18.45</Y>
        <Y t="16">18.45</Y>
        <Y t="17">18.45</Y>
        <Y t="18">18.74</Y>
        <Y t="19">19.02</Y>
        <Y t="20">19.29</Y>
        <Y t="21">19.56</Y>
        <Y t="22">19.82</Y>
        <Y t="23">20.08</Y>
        <Y t="24">20.33</Y>
        <Y t="25">20.59</Y>
        <Y t="26">20.85</Y>
        <Y t="27">21.14</Y>
        <Y t="28">21.43</Y>
        <Y t="29">21.73</Y>
        <Y t="30">22.05</Y>
        <Y t="31">22.4</Y>
        <Y t="32">22.75</Y>
        <Y t="33">23.14</Y>
        <Y t="34">23.56</Y>
        <Y t="35">23.98</Y>
        <Y t="36">24.4</Y>
        <Y t="37">24.82</Y>
        <Y t="38">25.24</Y>
        <Y t="39">25.64</Y>
        <Y t="40">26.05</Y>
        <Y t="41">26.45</Y>
        <Y t="42">26.84</Y>
        <Y t="43">27.24</Y>
        <Y t="44">27.64</Y>
        <Y t="45">28.02</Y>
        <Y t="46">28.42</Y>
        <Y t="47">28.81</Y>
        <Y t="48">29.22</Y>
        <Y t="49">29.61</Y>
        <Y t="50">29.99</Y>
        <Y t="51">30.38</Y>
        <Y t="52">30.8</Y>
        <Y t="53">31.23</Y>
        <Y t="54">31.64</Y>
        <Y t="55">32.09</Y>
        <Y t="56">32.53</Y>
        <Y t="57">32.98</Y>
        <Y t="58">33.45</Y>
        <Y t="59">33.92</Y>
        <Y t="60">34.4</Y>
        <Y t="61">34.91</Y>
        <Y t="62">35.41</Y>
        <Y t="63">35.92</Y>
        <Y t="64">36.42</Y>
        <Y t="65">36.92</Y>
        <Y t="66">37.48</Y>
        <Y t="67">38.03</Y>
        <Y t="68">38.58</Y>
        <Y t="69">39.08</Y>
        <Y t="70">39.69</Y>
        <Y t="71">40.43</Y>
        <Y t="72">41.43</Y>
        <Y t="73">42.73</Y>
        <Y t="74">44.26</Y>
        <Y t="75">45.91</Y>
        <Y t="76">47.54</Y>
        <Y t="77">49.1</Y>
        <Y t="78">50.57</Y>
        <Y t="79">52.04</Y>
        <Y t="80">53.51</Y>
        <Y t="81">54.99</Y>
        <Y t="82">56.46</Y>
        <Y t="83">57.93</Y>
        <Y t="84">59.4</Y>
        <Y t="85">60.87</Y>
        <Y t="86">62.34</Y>
        <Y t="87">63.83</Y>
        <Y t="88">65.11</Y>
        <Y t="89">66.38</Y>
        <Y t="90">67.66</Y>
        <Y t="91">68.95</Y>
        <Y t="92">70.22</Y>
        <Y t="93">71.5</Y>
        <Y t="94">72.77</Y>
        <Y t="95">74.05</Y>
        <Y t="96">75.32</Y>
        <Y t="97">76.59</Y>
        <Y t="98">77.89</Y>
        <Y t="99">79.16</Y>
      </Axis>
    </Values>
  </Table>
</XTbML>