﻿<?xml version="1.0" encoding="utf-8"?>
<XTbML>
  <ContentClassification>
    <TableIdentity>2859</TableIdentity>
    <ProviderDomain>www.cso.ie</ProviderDomain>
    <ProviderName>Kieren O’Shea</ProviderName>
    <TableReference>Department of Industry and Commerce, “Register of Population 1941”, The Stationary Office (Dublin, 1944)</TableReference>
    <ContentType tc="84">Population Mortality</ContentType>
    <TableName>Urban Districts Irish Life Table No. 3 (1940-42) Females</TableName>
    <TableDescription>Urban Districts Irish Life Table No. 3 (1940-42) Females. Minimum Age: 0. Maximum Age: 100</TableDescription>
    <Comments>Study Data: Special data collection taken in conjunction with the Emergency Powers Order of 1941 with the purpose of furnishing all persons in Érie with ration books. Statement of date of birth instead of age at time of the collection was an experimental innovation. The regrettable tendency to state ages in round numbers (e.g. 40, 50, 60, etc.) has often been the subject of comment in Census reports. This procedure seems to have brought about a substantial improvement. Deaths were taken for the years 1940-42. Methodology:  Data grouped by calendar year and then later the figures were adjusted to show numbers in the customary Census classes. As the data was collected November 17, it was necessary to adjust numbers in the first group by way of infantile mortality and birth statistics. There was a relatively small net movement outward for adult females; substantial emigration was nearly compensated for by large wartime immigration. Remaining methodology followed that employed in the construction of Irish Life Table 2 (See SOA Table Identities 2767 and 2768). In conjunction with the publication of the Life Table for Érie No. 3 (See SOA Table Identities 2856 and 2857), for the first time, statistics for the County Boroughs, Dún Laoghaire Borough, and Urban Districts has been made available. These areas account for 33.4% of the population of the State. Data Transcription Errors: None. Data Certified: 07/2014</Comments>
    <KeyWord>Aggregate</KeyWord>
    <KeyWord>Population mortality</KeyWord>
    <KeyWord>Ireland</KeyWord>
  </ContentClassification>
  <Table>
    <MetaData>
      <ScalingFactor>0</ScalingFactor>
      <DataType tc="2">Floating Point</DataType>
      <Nation tc="353">Ireland</Nation>
      <TableDescription>Urban Districts Irish Life Table No. 3 (1940-42) Females. Minimum Age: 0. Maximum Age: 100</TableDescription>
      <AxisDef id="Age">
        <ScaleType tc="3">Age</ScaleType>
        <AxisName>Age</AxisName>
        <MinScaleValue>0</MinScaleValue>
        <MaxScaleValue>100</MaxScaleValue>
        <Increment>1</Increment>
      </AxisDef>
    </MetaData>
    <Values>
      <Axis>
        <Y t="0">0.08312</Y>
        <Y t="1">0.01216</Y>
        <Y t="2">0.00579</Y>
        <Y t="3">0.00419</Y>
        <Y t="4">0.00293</Y>
        <Y t="5">0.00215</Y>
        <Y t="6">0.00175</Y>
        <Y t="7">0.00161</Y>
        <Y t="8">0.00153</Y>
        <Y t="9">0.00146</Y>
        <Y t="10">0.00140</Y>
        <Y t="11">0.00141</Y>
        <Y t="12">0.00159</Y>
        <Y t="13">0.00186</Y>
        <Y t="14">0.00217</Y>
        <Y t="15">0.00250</Y>
        <Y t="16">0.00283</Y>
        <Y t="17">0.00315</Y>
        <Y t="18">0.00336</Y>
        <Y t="19">0.00354</Y>
        <Y t="20">0.00368</Y>
        <Y t="21">0.00377</Y>
        <Y t="22">0.00379</Y>
        <Y t="23">0.00386</Y>
        <Y t="24">0.00390</Y>
        <Y t="25">0.00392</Y>
        <Y t="26">0.00395</Y>
        <Y t="27">0.00400</Y>
        <Y t="28">0.00406</Y>
        <Y t="29">0.00414</Y>
        <Y t="30">0.00421</Y>
        <Y t="31">0.00431</Y>
        <Y t="32">0.00441</Y>
        <Y t="33">0.00452</Y>
        <Y t="34">0.00464</Y>
        <Y t="35">0.00478</Y>
        <Y t="36">0.00494</Y>
        <Y t="37">0.00513</Y>
        <Y t="38">0.00537</Y>
        <Y t="39">0.00563</Y>
        <Y t="40">0.00592</Y>
        <Y t="41">0.00624</Y>
        <Y t="42">0.00657</Y>
        <Y t="43">0.00689</Y>
        <Y t="44">0.00718</Y>
        <Y t="45">0.00753</Y>
        <Y t="46">0.00796</Y>
        <Y t="47">0.00855</Y>
        <Y t="48">0.00933</Y>
        <Y t="49">0.01029</Y>
        <Y t="50">0.01134</Y>
        <Y t="51">0.01243</Y>
        <Y t="52">0.01348</Y>
        <Y t="53">0.01456</Y>
        <Y t="54">0.01564</Y>
        <Y t="55">0.01682</Y>
        <Y t="56">0.01822</Y>
        <Y t="57">0.01975</Y>
        <Y t="58">0.02142</Y>
        <Y t="59">0.02325</Y>
        <Y t="60">0.02524</Y>
        <Y t="61">0.02741</Y>
        <Y t="62">0.02975</Y>
        <Y t="63">0.03228</Y>
        <Y t="64">0.03498</Y>
        <Y t="65">0.03786</Y>
        <Y t="66">0.04093</Y>
        <Y t="67">0.04420</Y>
        <Y t="68">0.04765</Y>
        <Y t="69">0.05131</Y>
        <Y t="70">0.05516</Y>
        <Y t="71">0.05920</Y>
        <Y t="72">0.06341</Y>
        <Y t="73">0.06784</Y>
        <Y t="74">0.07252</Y>
        <Y t="75">0.07750</Y>
        <Y t="76">0.08281</Y>
        <Y t="77">0.08852</Y>
        <Y t="78">0.09467</Y>
        <Y t="79">0.10133</Y>
        <Y t="80">0.10858</Y>
        <Y t="81">0.11652</Y>
        <Y t="82">0.12507</Y>
        <Y t="83">0.13428</Y>
        <Y t="84">0.14417</Y>
        <Y t="85">0.15480</Y>
        <Y t="86">0.16620</Y>
        <Y t="87">0.17841</Y>
        <Y t="88">0.19149</Y>
        <Y t="89">0.20547</Y>
        <Y t="90">0.22039</Y>
        <Y t="91">0.23629</Y>
        <Y t="92">0.25321</Y>
        <Y t="93">0.27117</Y>
        <Y t="94">0.29021</Y>
        <Y t="95">0.31034</Y>
        <Y t="96">0.33157</Y>
        <Y t="97">0.35391</Y>
        <Y t="98">0.37735</Y>
        <Y t="99">0.40186</Y>
        <Y t="100">0.42741</Y>
      </Axis>
    </Values>
  </Table>
</XTbML>