﻿<?xml version="1.0" encoding="utf-8"?>
<XTbML>
  <ContentClassification>
    <TableIdentity>2864</TableIdentity>
    <ProviderDomain>soa.org</ProviderDomain>
    <ProviderName>Sandra Haaas</ProviderName>
    <TableReference>S. Jorgen, F.G. Liebmann,F.W. Pagler and W. Schachermayer,"Herleitung der Sterbetafel AVO 1996 R für Rentenversicherungen", Mitteilungen der Aktuarveriinigung Österreichs, 9:39-4 (1997). Accessed: July, 2014 from http://www.fam.tuwein.ac.at/lehre/data/avoe96r-1.xls</TableReference>
    <ContentType tc="78">Annuitant Mortality</ContentType>
    <TableName>AVÖ - 1996 R Einzel - Frauen</TableName>
    <TableDescription>Actuarial Association of Austria (AVÖ) - 1996 Rentenversicherungen  - Einzel (Individual Annuity Contracts) - Frauen (Female). Minimum Age: 0. Maximum Age: 113</TableDescription>
    <Comments>Study Data: The table is derived from census data of the Austrian population for 1991. There is no data available about Austrian annuitants, mainly because the total volume of annuity contracts is relatively small. Methodology: Not available at this time. Data Transcription Errors: None. Data Certified: 07/2014
</Comments>
    <KeyWord>Aggregate</KeyWord>
    <KeyWord>Annuitant mortality</KeyWord>
    <KeyWord>Austria</KeyWord>
  </ContentClassification>
  <Table>
    <MetaData>
      <ScalingFactor>0</ScalingFactor>
      <DataType tc="2">Floating Point</DataType>
      <Nation tc="43">Austria</Nation>
      <TableDescription>Actuarial Association of Austria (AVÖ) - 1996 Rentenversicherungen  - Einzel (Individual Annuity Contracts) - Frauen (Female). Minimum Age: 0. Maximum Age: 113</TableDescription>
      <AxisDef id="Age">
        <ScaleType tc="3">Age</ScaleType>
        <AxisName>Age</AxisName>
        <MinScaleValue>0</MinScaleValue>
        <MaxScaleValue>113</MaxScaleValue>
        <Increment>1</Increment>
      </AxisDef>
    </MetaData>
    <Values>
      <Axis>
        <Y t="0">0.044962</Y>
        <Y t="1">0.002846</Y>
        <Y t="2">0.002097</Y>
        <Y t="3">0.001476</Y>
        <Y t="4">0.001002</Y>
        <Y t="5">0.000689</Y>
        <Y t="6">0.000492</Y>
        <Y t="7">0.000378</Y>
        <Y t="8">0.000318</Y>
        <Y t="9">0.000283</Y>
        <Y t="10">0.000261</Y>
        <Y t="11">0.000248</Y>
        <Y t="12">0.000248</Y>
        <Y t="13">0.000263</Y>
        <Y t="14">0.000308</Y>
        <Y t="15">0.000405</Y>
        <Y t="16">0.000525</Y>
        <Y t="17">0.000589</Y>
        <Y t="18">0.000645</Y>
        <Y t="19">0.000669</Y>
        <Y t="20">0.00065</Y>
        <Y t="21">0.000605</Y>
        <Y t="22">0.000555</Y>
        <Y t="23">0.000517</Y>
        <Y t="24">0.000485</Y>
        <Y t="25">0.00046</Y>
        <Y t="26">0.00046</Y>
        <Y t="27">0.000476</Y>
        <Y t="28">0.000501</Y>
        <Y t="29">0.000524</Y>
        <Y t="30">0.000541</Y>
        <Y t="31">0.000564</Y>
        <Y t="32">0.000595</Y>
        <Y t="33">0.000626</Y>
        <Y t="34">0.000654</Y>
        <Y t="35">0.000689</Y>
        <Y t="36">0.000737</Y>
        <Y t="37">0.000793</Y>
        <Y t="38">0.000855</Y>
        <Y t="39">0.000923</Y>
        <Y t="40">0.000996</Y>
        <Y t="41">0.001081</Y>
        <Y t="42">0.001175</Y>
        <Y t="43">0.001269</Y>
        <Y t="44">0.001355</Y>
        <Y t="45">0.001432</Y>
        <Y t="46">0.001505</Y>
        <Y t="47">0.001576</Y>
        <Y t="48">0.001651</Y>
        <Y t="49">0.001732</Y>
        <Y t="50">0.001821</Y>
        <Y t="51">0.00187</Y>
        <Y t="52">0.001926</Y>
        <Y t="53">0.001987</Y>
        <Y t="54">0.002054</Y>
        <Y t="55">0.002125</Y>
        <Y t="56">0.002199</Y>
        <Y t="57">0.002275</Y>
        <Y t="58">0.002353</Y>
        <Y t="59">0.002437</Y>
        <Y t="60">0.002533</Y>
        <Y t="61">0.002746</Y>
        <Y t="62">0.002996</Y>
        <Y t="63">0.003285</Y>
        <Y t="64">0.003617</Y>
        <Y t="65">0.003997</Y>
        <Y t="66">0.004428</Y>
        <Y t="67">0.004917</Y>
        <Y t="68">0.005473</Y>
        <Y t="69">0.006106</Y>
        <Y t="70">0.006828</Y>
        <Y t="71">0.007657</Y>
        <Y t="72">0.00861</Y>
        <Y t="73">0.009712</Y>
        <Y t="74">0.01099</Y>
        <Y t="75">0.012474</Y>
        <Y t="76">0.014199</Y>
        <Y t="77">0.016207</Y>
        <Y t="78">0.018545</Y>
        <Y t="79">0.021269</Y>
        <Y t="80">0.024445</Y>
        <Y t="81">0.02815</Y>
        <Y t="82">0.032474</Y>
        <Y t="83">0.037525</Y>
        <Y t="84">0.043429</Y>
        <Y t="85">0.049935</Y>
        <Y t="86">0.05672</Y>
        <Y t="87">0.063912</Y>
        <Y t="88">0.071663</Y>
        <Y t="89">0.080101</Y>
        <Y t="90">0.089427</Y>
        <Y t="91">0.099843</Y>
        <Y t="92">0.111514</Y>
        <Y t="93">0.124498</Y>
        <Y t="94">0.138818</Y>
        <Y t="95">0.15445</Y>
        <Y t="96">0.171329</Y>
        <Y t="97">0.189459</Y>
        <Y t="98">0.208894</Y>
        <Y t="99">0.229717</Y>
        <Y t="100">0.252031</Y>
        <Y t="101">0.275957</Y>
        <Y t="102">0.301635</Y>
        <Y t="103">0.32922</Y>
        <Y t="104">0.358886</Y>
        <Y t="105">0.39082</Y>
        <Y t="106">0.425234</Y>
        <Y t="107">0.462359</Y>
        <Y t="108">0.502454</Y>
        <Y t="109">0.545803</Y>
        <Y t="110">0.57487</Y>
        <Y t="111">0.595587</Y>
        <Y t="112">0.616286</Y>
        <Y t="113">1</Y>
      </Axis>
    </Values>
  </Table>
</XTbML>