﻿<?xml version="1.0" encoding="utf-8"?>
<XTbML>
  <ContentClassification>
    <TableIdentity>29</TableIdentity>
    <ProviderDomain>soa.org</ProviderDomain>
    <ProviderName>Robert J. Johansen</ProviderName>
    <TableReference>Committee to Recommend New Mortality Tables for Valuation, “1980 CSO and 1980 CET Mortality Tables on an Age Last Birthday Basis”, Transactions Society of Actuaries Vol.  XXXIII, Society of Actuaries (1981) p. 674. Accessed: February, 2013 from http://www.soa.org/Library/Research/Transactions-Of-Society-Of-Actuaries/1981/January/tsa81v3324.pdf, p. 4</TableReference>
    <ContentType tc="85">CSO/CET</ContentType>
    <TableName>1980 CET – Male, ALB</TableName>
    <TableDescription>1980 Commissioners Extended Term (CET) Table – Male. Basis: Age Last Birthday.  Minimum Age: 0 Maximum Age: 99</TableDescription>
    <Comments>Study Data: Derived from corresponding age nearest birthday tables (See SOA Table Identities 24 and 30). Methodology: The following formula was employed to convert the age nearest birthday rates to an age last birthday basis:  [q(x) + (1-q(x))*q(x+1)]/[2-q(x)] . A uniform distribution of deaths is assumed. Data Transcription Errors: None. Data Certified: 02/2013</Comments>
    <KeyWord>Aggregate</KeyWord>
    <KeyWord>CSO/CET</KeyWord>
    <KeyWord>United States of America</KeyWord>
  </ContentClassification>
  <Table>
    <MetaData>
      <ScalingFactor>0</ScalingFactor>
      <DataType tc="2">Floating Point</DataType>
      <Nation tc="1">United States of America</Nation>
      <TableDescription>1980 Commissioners Extended Term (CET) Table – Male. Basis: Age Last Birthday.  Minimum Age: 0 Maximum Age: 99</TableDescription>
      <AxisDef id="Age">
        <ScaleType tc="3">Age</ScaleType>
        <AxisName>Age</AxisName>
        <MinScaleValue>0</MinScaleValue>
        <MaxScaleValue>99</MaxScaleValue>
        <Increment>1</Increment>
      </AxisDef>
    </MetaData>
    <Values>
      <Axis>
        <Y t="0">0.00342</Y>
        <Y t="1">0.00178</Y>
        <Y t="2">0.00174</Y>
        <Y t="3">0.00172</Y>
        <Y t="4">0.00168</Y>
        <Y t="5">0.00163</Y>
        <Y t="6">0.00158</Y>
        <Y t="7">0.00153</Y>
        <Y t="8">0.00150</Y>
        <Y t="9">0.00149</Y>
        <Y t="10">0.00150</Y>
        <Y t="11">0.00156</Y>
        <Y t="12">0.00167</Y>
        <Y t="13">0.00182</Y>
        <Y t="14">0.00199</Y>
        <Y t="15">0.00217</Y>
        <Y t="16">0.00234</Y>
        <Y t="17">0.00247</Y>
        <Y t="18">0.00257</Y>
        <Y t="19">0.00263</Y>
        <Y t="20">0.00265</Y>
        <Y t="21">0.00265</Y>
        <Y t="22">0.00263</Y>
        <Y t="23">0.00259</Y>
        <Y t="24">0.00255</Y>
        <Y t="25">0.00250</Y>
        <Y t="26">0.00247</Y>
        <Y t="27">0.00246</Y>
        <Y t="28">0.00245</Y>
        <Y t="29">0.00247</Y>
        <Y t="30">0.00250</Y>
        <Y t="31">0.00255</Y>
        <Y t="32">0.00262</Y>
        <Y t="33">0.00270</Y>
        <Y t="34">0.00280</Y>
        <Y t="35">0.00292</Y>
        <Y t="36">0.00307</Y>
        <Y t="37">0.00324</Y>
        <Y t="38">0.00348</Y>
        <Y t="39">0.00377</Y>
        <Y t="40">0.00410</Y>
        <Y t="41">0.00445</Y>
        <Y t="42">0.00482</Y>
        <Y t="43">0.00524</Y>
        <Y t="44">0.00568</Y>
        <Y t="45">0.00615</Y>
        <Y t="46">0.00666</Y>
        <Y t="47">0.00719</Y>
        <Y t="48">0.00776</Y>
        <Y t="49">0.00840</Y>
        <Y t="50">0.00910</Y>
        <Y t="51">0.00992</Y>
        <Y t="52">0.01083</Y>
        <Y t="53">0.01187</Y>
        <Y t="54">0.01301</Y>
        <Y t="55">0.01425</Y>
        <Y t="56">0.01556</Y>
        <Y t="57">0.01695</Y>
        <Y t="58">0.01843</Y>
        <Y t="59">0.02005</Y>
        <Y t="60">0.02184</Y>
        <Y t="61">0.02387</Y>
        <Y t="62">0.02616</Y>
        <Y t="63">0.02872</Y>
        <Y t="64">0.03155</Y>
        <Y t="65">0.03461</Y>
        <Y t="66">0.03787</Y>
        <Y t="67">0.04133</Y>
        <Y t="68">0.04505</Y>
        <Y t="69">0.04915</Y>
        <Y t="70">0.05378</Y>
        <Y t="71">0.05906</Y>
        <Y t="72">0.06510</Y>
        <Y t="73">0.07194</Y>
        <Y t="74">0.07943</Y>
        <Y t="75">0.08743</Y>
        <Y t="76">0.09581</Y>
        <Y t="77">0.10448</Y>
        <Y t="78">0.11352</Y>
        <Y t="79">0.12319</Y>
        <Y t="80">0.13382</Y>
        <Y t="81">0.14572</Y>
        <Y t="82">0.15913</Y>
        <Y t="83">0.17399</Y>
        <Y t="84">0.18996</Y>
        <Y t="85">0.20667</Y>
        <Y t="86">0.22387</Y>
        <Y t="87">0.24145</Y>
        <Y t="88">0.25939</Y>
        <Y t="89">0.27780</Y>
        <Y t="90">0.29696</Y>
        <Y t="91">0.31734</Y>
        <Y t="92">0.33986</Y>
        <Y t="93">0.36677</Y>
        <Y t="94">0.40296</Y>
        <Y t="95">0.45742</Y>
        <Y t="96">0.54729</Y>
        <Y t="97">0.70330</Y>
        <Y t="98">0.96870</Y>
        <Y t="99">1.00000</Y>
      </Axis>
    </Values>
  </Table>
</XTbML>