﻿<?xml version="1.0" encoding="utf-8"?>
<XTbML>
  <ContentClassification>
    <TableIdentity>2900</TableIdentity>
    <ProviderDomain>soa.org</ProviderDomain>
    <ProviderName>Sandra Haas</ProviderName>
    <TableReference>Statistik Austria, "Statistik des Bundesstaates Österreich, Heft 2/1985", Austrian Central Statistics Office (1965) Accessed: July, 2014 from http://www.statistik.at/web_de/static/sterbetafeln_186871_bis_201012_nach_dem_geschlecht_022541.xlsx</TableReference>
    <ContentType tc="84">Population Mortality</ContentType>
    <TableName>Sterbetafel 1980/82 - Weiblich</TableName>
    <TableDescription>Sterbetafel 1980/82 - Weiblich (Females) Minimum Age: 0. Maximum Age: 100</TableDescription>
    <Comments>Study Data: Life tables are compiled for the years around the population census by relating the deaths grouped according to age and sex to the corresponding structured population.  In order to compensate for chance fluctuations of the thus determined mortalities, they are submitted to a rounding procedure. Methodology: Based on vital statistics and census-adjusted population figures of the period 1980 to 1982. The age and sex-specific death probabilities q(x) were smoothed by cubic spline functions. Data Transcriptions Errors: None. Data Certified: 07/2014</Comments>
    <KeyWord>Aggregate</KeyWord>
    <KeyWord>Population mortality</KeyWord>
    <KeyWord>Austria</KeyWord>
  </ContentClassification>
  <Table>
    <MetaData>
      <ScalingFactor>0</ScalingFactor>
      <DataType tc="2">Floating Point</DataType>
      <Nation tc="43">Austria</Nation>
      <TableDescription>Sterbetafel 1980/82 - Weiblich (Females) Minimum Age: 0. Maximum Age: 100</TableDescription>
      <AxisDef id="Age">
        <ScaleType tc="3">Age</ScaleType>
        <AxisName>Age</AxisName>
        <MinScaleValue>0</MinScaleValue>
        <MaxScaleValue>100</MaxScaleValue>
        <Increment>1</Increment>
      </AxisDef>
    </MetaData>
    <Values>
      <Axis>
        <Y t="0">0.011066</Y>
        <Y t="1">0.000834</Y>
        <Y t="2">0.000488</Y>
        <Y t="3">0.000413</Y>
        <Y t="4">0.000349</Y>
        <Y t="5">0.000302</Y>
        <Y t="6">0.000273</Y>
        <Y t="7">0.000239</Y>
        <Y t="8">0.000198</Y>
        <Y t="9">0.000178</Y>
        <Y t="10">0.000175</Y>
        <Y t="11">0.000179</Y>
        <Y t="12">0.000194</Y>
        <Y t="13">0.000225</Y>
        <Y t="14">0.000287</Y>
        <Y t="15">0.000387</Y>
        <Y t="16">0.000478</Y>
        <Y t="17">0.000511</Y>
        <Y t="18">0.000518</Y>
        <Y t="19">0.000513</Y>
        <Y t="20">0.000498</Y>
        <Y t="21">0.000485</Y>
        <Y t="22">0.000484</Y>
        <Y t="23">0.000491</Y>
        <Y t="24">0.000498</Y>
        <Y t="25">0.000505</Y>
        <Y t="26">0.000518</Y>
        <Y t="27">0.000536</Y>
        <Y t="28">0.000562</Y>
        <Y t="29">0.000589</Y>
        <Y t="30">0.000624</Y>
        <Y t="31">0.000684</Y>
        <Y t="32">0.000768</Y>
        <Y t="33">0.000867</Y>
        <Y t="34">0.000968</Y>
        <Y t="35">0.001065</Y>
        <Y t="36">0.001155</Y>
        <Y t="37">0.001235</Y>
        <Y t="38">0.001306</Y>
        <Y t="39">0.00138</Y>
        <Y t="40">0.001472</Y>
        <Y t="41">0.001589</Y>
        <Y t="42">0.001736</Y>
        <Y t="43">0.00191</Y>
        <Y t="44">0.002109</Y>
        <Y t="45">0.002324</Y>
        <Y t="46">0.002552</Y>
        <Y t="47">0.002786</Y>
        <Y t="48">0.003032</Y>
        <Y t="49">0.003297</Y>
        <Y t="50">0.003581</Y>
        <Y t="51">0.003883</Y>
        <Y t="52">0.004207</Y>
        <Y t="53">0.004565</Y>
        <Y t="54">0.004967</Y>
        <Y t="55">0.005415</Y>
        <Y t="56">0.005942</Y>
        <Y t="57">0.006489</Y>
        <Y t="58">0.007076</Y>
        <Y t="59">0.007738</Y>
        <Y t="60">0.008496</Y>
        <Y t="61">0.009355</Y>
        <Y t="62">0.010294</Y>
        <Y t="63">0.011306</Y>
        <Y t="64">0.012423</Y>
        <Y t="65">0.013701</Y>
        <Y t="66">0.015184</Y>
        <Y t="67">0.016882</Y>
        <Y t="68">0.018828</Y>
        <Y t="69">0.021093</Y>
        <Y t="70">0.023751</Y>
        <Y t="71">0.027074</Y>
        <Y t="72">0.030682</Y>
        <Y t="73">0.034651</Y>
        <Y t="74">0.039249</Y>
        <Y t="75">0.044495</Y>
        <Y t="76">0.050389</Y>
        <Y t="77">0.057009</Y>
        <Y t="78">0.06445</Y>
        <Y t="79">0.072705</Y>
        <Y t="80">0.081854</Y>
        <Y t="81">0.091965</Y>
        <Y t="82">0.103075</Y>
        <Y t="83">0.115177</Y>
        <Y t="84">0.128059</Y>
        <Y t="85">0.141622</Y>
        <Y t="86">0.15584</Y>
        <Y t="87">0.170705</Y>
        <Y t="88">0.186321</Y>
        <Y t="89">0.202713</Y>
        <Y t="90">0.219895</Y>
        <Y t="91">0.23787</Y>
        <Y t="92">0.256563</Y>
        <Y t="93">0.275859</Y>
        <Y t="94">0.295637</Y>
        <Y t="95">0.315727</Y>
        <Y t="96">0.335996</Y>
        <Y t="97">0.356369</Y>
        <Y t="98">0.37678</Y>
        <Y t="99">0.397213</Y>
        <Y t="100">1</Y>
      </Axis>
    </Values>
  </Table>
</XTbML>