﻿<?xml version="1.0" encoding="utf-8"?>
<XTbML>
  <ContentClassification>
    <TableIdentity>2928</TableIdentity>
    <ProviderDomain>soa.org</ProviderDomain>
    <ProviderName>Susie Lee</ProviderName>
    <TableReference>Hermann Böhlau, “Mortality Statistics of the Gotha Life Insurance Cmpany for the 50 years 1829-1878”, Weimer (1880) reprinted Dr. A. Emminghaus, “The Condition and Progress of German Life Insurance Companies in the Year 1881”, Journal of the Institute of Actuaries, Volume 24, Charles and Edwin Layton (London, 1884)</TableReference>
    <ContentType tc="4">Insured Lives Mortality</ContentType>
    <TableName>Gotha Mortality Table – Zeitschrift Graduation</TableName>
    <TableDescription>Gotha Mortality Table – Zeitschrift Graduation. Minimum Age: 20 Maximum Age: 90</TableDescription>
    <Comments>Study Data: Experience of the Gotha Insurance Company of Germany first published in 1880 for the years 1829-1878. Methodology: This particular table was graduated by a German actuary and published in the German Insurance Times, “Zeitschrift fur Versicherungswesen” and is referred to as the Zeitschrift graduation. Another graduation of the data was performed by Dr. King (See SOA Table Identity 2927). The Zeitschrift table uses an initial lx of 100,000 at age 20 while the Karup table was adjusted such that the lx with a value of 100,000 occurs at age 25. The two tables are notable for demonstrating the superiority of Karup’s graduation method. Data Transcription Errors: None. Data Certified: 08/2014</Comments>
    <KeyWord>Aggregate</KeyWord>
    <KeyWord>Insured Lives Mortality</KeyWord>
    <KeyWord>Germany</KeyWord>
  </ContentClassification>
  <Table>
    <MetaData>
      <ScalingFactor>0</ScalingFactor>
      <DataType tc="2">Floating Point</DataType>
      <Nation tc="49">Germany</Nation>
      <TableDescription>Gotha Mortality Table – Zeitschrift Graduation. Minimum Age: 20 Maximum Age: 90</TableDescription>
      <AxisDef id="Age">
        <ScaleType tc="3">Age</ScaleType>
        <AxisName>Age</AxisName>
        <MinScaleValue>20</MinScaleValue>
        <MaxScaleValue>90</MaxScaleValue>
        <Increment>1</Increment>
      </AxisDef>
    </MetaData>
    <Values>
      <Axis>
        <Y t="20">0.01015</Y>
        <Y t="21">0.00907</Y>
        <Y t="22">0.00799</Y>
        <Y t="23">0.00682</Y>
        <Y t="24">0.00604</Y>
        <Y t="25">0.00534</Y>
        <Y t="26">0.00543</Y>
        <Y t="27">0.00560</Y>
        <Y t="28">0.00591</Y>
        <Y t="29">0.00611</Y>
        <Y t="30">0.00630</Y>
        <Y t="31">0.00641</Y>
        <Y t="32">0.00652</Y>
        <Y t="33">0.00666</Y>
        <Y t="34">0.00686</Y>
        <Y t="35">0.00709</Y>
        <Y t="36">0.00740</Y>
        <Y t="37">0.00775</Y>
        <Y t="38">0.00807</Y>
        <Y t="39">0.00838</Y>
        <Y t="40">0.00870</Y>
        <Y t="41">0.00908</Y>
        <Y t="42">0.00950</Y>
        <Y t="43">0.01002</Y>
        <Y t="44">0.01061</Y>
        <Y t="45">0.01131</Y>
        <Y t="46">0.01200</Y>
        <Y t="47">0.01274</Y>
        <Y t="48">0.01354</Y>
        <Y t="49">0.01441</Y>
        <Y t="50">0.01536</Y>
        <Y t="51">0.01643</Y>
        <Y t="52">0.01763</Y>
        <Y t="53">0.01892</Y>
        <Y t="54">0.02032</Y>
        <Y t="55">0.02190</Y>
        <Y t="56">0.02365</Y>
        <Y t="57">0.02558</Y>
        <Y t="58">0.02767</Y>
        <Y t="59">0.02995</Y>
        <Y t="60">0.03234</Y>
        <Y t="61">0.03498</Y>
        <Y t="62">0.03785</Y>
        <Y t="63">0.04118</Y>
        <Y t="64">0.04486</Y>
        <Y t="65">0.04931</Y>
        <Y t="66">0.05407</Y>
        <Y t="67">0.05901</Y>
        <Y t="68">0.06394</Y>
        <Y t="69">0.06912</Y>
        <Y t="70">0.07447</Y>
        <Y t="71">0.08026</Y>
        <Y t="72">0.08655</Y>
        <Y t="73">0.09347</Y>
        <Y t="74">0.10104</Y>
        <Y t="75">0.10892</Y>
        <Y t="76">0.11720</Y>
        <Y t="77">0.12599</Y>
        <Y t="78">0.13530</Y>
        <Y t="79">0.14495</Y>
        <Y t="80">0.16056</Y>
        <Y t="81">0.17619</Y>
        <Y t="82">0.19363</Y>
        <Y t="83">0.21408</Y>
        <Y t="84">0.23445</Y>
        <Y t="85">0.25388</Y>
        <Y t="86">0.27714</Y>
        <Y t="87">0.29791</Y>
        <Y t="88">0.31019</Y>
        <Y t="89">0.32828</Y>
        <Y t="90">0.34172</Y>
      </Axis>
    </Values>
  </Table>
</XTbML>