﻿<?xml version="1.0" encoding="utf-8"?>
<XTbML>
  <ContentClassification>
    <TableIdentity>2939</TableIdentity>
    <ProviderDomain>soa.org</ProviderDomain>
    <ProviderName>Susie Lee</ProviderName>
    <TableReference>Government Acutaries Department, "Scottish Decennial Life Tables", General Register Office for Scotland (Edinburgh, 2014). Accessed: August, 2014 from http://www.gro-scotland.gov.uk/files2/stats/life-expectancy-at-scotland-level/table3-scot-dlt-historical.xls</TableReference>
    <ContentType tc="84">Population Mortality</ContentType>
    <TableName>Scottish Decennial Life Tables 1930-32 Females</TableName>
    <TableDescription>Scottish Decennial Life Tables 1930-32 Females. Minimum Age: 0. Maximum Age: 106</TableDescription>
    <Comments>Study Data: Decennial life tables (also known as period, graduated or smoothed life tables) for males and females are constructed based on the mortality experience of the population of Scotland during the three years based around the Census year. Methodology: Crude rates of mortality for each year are obtained by dividing total deaths in each of the three calendar years by an exposed-to-risk population derived from the mid-year population estimates for the three years added together. These crude death rates are not suitable as the basis for a full life table because they tend to vary erratically from age to age owing to the small numbers of deaths involved. This is particularly so in childhood and at very advanced ages. The intention of smoothing is to replace the crude rates by a series of graduated rates which, while forming a smooth progression over the whole age range covered, still preserves the general shape of the mortality curve. Data Transcription Errors Detected: None.  Data Certified: 08/2014.</Comments>
    <KeyWord>Aggregate</KeyWord>
    <KeyWord>Population mortality</KeyWord>
    <KeyWord>United Kingdom</KeyWord>
  </ContentClassification>
  <Table>
    <MetaData>
      <ScalingFactor>0</ScalingFactor>
      <DataType tc="2">Floating Point</DataType>
      <Nation tc="44">United Kingdom</Nation>
      <TableDescription>Scottish Decennial Life Tables 1930-32 Females. Minimum Age: 0. Maximum Age: 106</TableDescription>
      <AxisDef id="Age">
        <ScaleType tc="3">Age</ScaleType>
        <AxisName>Age</AxisName>
        <MinScaleValue>0</MinScaleValue>
        <MaxScaleValue>106</MaxScaleValue>
        <Increment>1</Increment>
      </AxisDef>
    </MetaData>
    <Values>
      <Axis>
        <Y t="0">0.07304</Y>
        <Y t="1">0.02065</Y>
        <Y t="2">0.00826</Y>
        <Y t="3">0.0049</Y>
        <Y t="4">0.00382</Y>
        <Y t="5">0.00316</Y>
        <Y t="6">0.00268</Y>
        <Y t="7">0.00223</Y>
        <Y t="8">0.00189</Y>
        <Y t="9">0.00166</Y>
        <Y t="10">0.00153</Y>
        <Y t="11">0.00149</Y>
        <Y t="12">0.00155</Y>
        <Y t="13">0.00169</Y>
        <Y t="14">0.0019</Y>
        <Y t="15">0.00218</Y>
        <Y t="16">0.00245</Y>
        <Y t="17">0.00262</Y>
        <Y t="18">0.00275</Y>
        <Y t="19">0.00286</Y>
        <Y t="20">0.00293</Y>
        <Y t="21">0.00301</Y>
        <Y t="22">0.00309</Y>
        <Y t="23">0.00318</Y>
        <Y t="24">0.00325</Y>
        <Y t="25">0.00333</Y>
        <Y t="26">0.00342</Y>
        <Y t="27">0.00352</Y>
        <Y t="28">0.00364</Y>
        <Y t="29">0.00378</Y>
        <Y t="30">0.00392</Y>
        <Y t="31">0.00407</Y>
        <Y t="32">0.00422</Y>
        <Y t="33">0.00436</Y>
        <Y t="34">0.0045</Y>
        <Y t="35">0.00464</Y>
        <Y t="36">0.00479</Y>
        <Y t="37">0.00496</Y>
        <Y t="38">0.00513</Y>
        <Y t="39">0.00531</Y>
        <Y t="40">0.00551</Y>
        <Y t="41">0.00573</Y>
        <Y t="42">0.006</Y>
        <Y t="43">0.00632</Y>
        <Y t="44">0.00667</Y>
        <Y t="45">0.00706</Y>
        <Y t="46">0.00748</Y>
        <Y t="47">0.00794</Y>
        <Y t="48">0.00842</Y>
        <Y t="49">0.00891</Y>
        <Y t="50">0.00945</Y>
        <Y t="51">0.01006</Y>
        <Y t="52">0.01079</Y>
        <Y t="53">0.01163</Y>
        <Y t="54">0.01256</Y>
        <Y t="55">0.01358</Y>
        <Y t="56">0.01471</Y>
        <Y t="57">0.01594</Y>
        <Y t="58">0.01726</Y>
        <Y t="59">0.01867</Y>
        <Y t="60">0.02021</Y>
        <Y t="61">0.02189</Y>
        <Y t="62">0.02376</Y>
        <Y t="63">0.02575</Y>
        <Y t="64">0.02784</Y>
        <Y t="65">0.03015</Y>
        <Y t="66">0.03282</Y>
        <Y t="67">0.03597</Y>
        <Y t="68">0.03969</Y>
        <Y t="69">0.04393</Y>
        <Y t="70">0.04866</Y>
        <Y t="71">0.05387</Y>
        <Y t="72">0.0595</Y>
        <Y t="73">0.06564</Y>
        <Y t="74">0.07238</Y>
        <Y t="75">0.07971</Y>
        <Y t="76">0.08762</Y>
        <Y t="77">0.09609</Y>
        <Y t="78">0.10524</Y>
        <Y t="79">0.11516</Y>
        <Y t="80">0.12582</Y>
        <Y t="81">0.13718</Y>
        <Y t="82">0.14916</Y>
        <Y t="83">0.16203</Y>
        <Y t="84">0.17594</Y>
        <Y t="85">0.19063</Y>
        <Y t="86">0.20595</Y>
        <Y t="87">0.22078</Y>
        <Y t="88">0.23477</Y>
        <Y t="89">0.24952</Y>
        <Y t="90">0.265</Y>
        <Y t="91">0.28126</Y>
        <Y t="92">0.2983</Y>
        <Y t="93">0.31614</Y>
        <Y t="94">0.33476</Y>
        <Y t="95">0.35417</Y>
        <Y t="96">0.37435</Y>
        <Y t="97">0.39531</Y>
        <Y t="98">0.41701</Y>
        <Y t="99">0.43943</Y>
        <Y t="100">0.46251</Y>
        <Y t="101">0.48622</Y>
        <Y t="102">0.51048</Y>
        <Y t="103">0.53524</Y>
        <Y t="104">0.56041</Y>
        <Y t="105">0.5859</Y>
        <Y t="106">0.61159</Y>
      </Axis>
    </Values>
  </Table>
</XTbML>