﻿<?xml version="1.0" encoding="utf-8"?>
<XTbML>
  <ContentClassification>
    <TableIdentity>3</TableIdentity>
    <ProviderDomain>soa.org</ProviderDomain>
    <ProviderName>Stephen J. Strommen</ProviderName>
    <TableReference>Thomas A. Phillips et al., “Actuarial Tables. Commissioners 1941 Standard Ordinary Mortality Table”, The Actuarial Society of America and American Institute of Actuaries, Vol 2, (1945).  Accessed:  9/2012 from http://hdl.handle.net/2027/mdp.39015058966220, p. 2. Reprinted by Nelson and Warren, Inc, “Principal Mortality Tables, Old and New”, (St. Louis, MO, 1957) p. 2-3</TableReference>
    <ContentType tc="85">CSO/CET</ContentType>
    <TableName>1941 CSO Table with Davis’ Extension for Age 0, ANB</TableName>
    <TableDescription>1941 Commissioners Standard Ordinary (CSO) Table with Davis’s Extension for Age 0. Male &amp; Female Combined. Basis: Age Nearest Birthday. Minimum Age: 0 Maximum Age: 99</TableDescription>
    <Comments>Study Data: Experience of 16 principle life insurance companies in the United States and Canada from their policies between 1931 and 1940. This table was built in conjunction with the 1941 CSO Experience Table (SOA Table Identity 2). Additional information can be found by consulting that table. Methodology: The graduated annual rates of the 1941 CSO Experience Table (SOA Table Identity 2) were adjusted to incorporate a margin to the observed experience. The Committee felt the addition to the observed rates should increase in magnitude as the rate of mortality increased but that the ratio of the increase to the experience rate should show a tendency to decrease.  A margin of 5% of the reciprocal of the expectation of life was adopted as a suitable addition and then values were re-graduated to Makeham form. The values  at ages 13 and 14 were derived by passing a third-degree curve through the values at age 11, 12, 15, and 16.  At age 99, the value was taken to be 1.0 while mortality rates for ages 96, 97 and 98 were derived from the values at ages 93, 94, 95 and 99 by means of a third-degree curve. Extension to Age 0 was provided by Malvin E. Davis (Transactions Actuarial Society of America, Vol. 43, Part 1, No. 107, (May, 1942) p. 103. Data Transcription Errors: None.  Data Certified: 10/2012</Comments>
    <KeyWord>Aggregate</KeyWord>
    <KeyWord>CSO/CET</KeyWord>
    <KeyWord>United States of America</KeyWord>
  </ContentClassification>
  <Table>
    <MetaData>
      <ScalingFactor>0</ScalingFactor>
      <DataType tc="2">Floating Point</DataType>
      <Nation tc="1">United States of America</Nation>
      <TableDescription>1941 Commissioners Standard Ordinary (CSO) Table with Davis’s Extension for Age 0. Male &amp; Female Combined. Basis: Age Nearest Birthday. Minimum Age: 0 Maximum Age: 99</TableDescription>
      <AxisDef id="Age">
        <ScaleType tc="3">Age</ScaleType>
        <AxisName>Age</AxisName>
        <MinScaleValue>0</MinScaleValue>
        <MaxScaleValue>99</MaxScaleValue>
        <Increment>1</Increment>
      </AxisDef>
    </MetaData>
    <Values>
      <Axis>
        <Y t="0">0.02258</Y>
        <Y t="1">0.00577</Y>
        <Y t="2">0.00414</Y>
        <Y t="3">0.00338</Y>
        <Y t="4">0.00299</Y>
        <Y t="5">0.00276</Y>
        <Y t="6">0.00261</Y>
        <Y t="7">0.00247</Y>
        <Y t="8">0.00231</Y>
        <Y t="9">0.00212</Y>
        <Y t="10">0.00197</Y>
        <Y t="11">0.00191</Y>
        <Y t="12">0.00192</Y>
        <Y t="13">0.00198</Y>
        <Y t="14">0.00207</Y>
        <Y t="15">0.00215</Y>
        <Y t="16">0.00219</Y>
        <Y t="17">0.00225</Y>
        <Y t="18">0.00230</Y>
        <Y t="19">0.00237</Y>
        <Y t="20">0.00243</Y>
        <Y t="21">0.00251</Y>
        <Y t="22">0.00259</Y>
        <Y t="23">0.00268</Y>
        <Y t="24">0.00277</Y>
        <Y t="25">0.00288</Y>
        <Y t="26">0.00299</Y>
        <Y t="27">0.00311</Y>
        <Y t="28">0.00325</Y>
        <Y t="29">0.00340</Y>
        <Y t="30">0.00356</Y>
        <Y t="31">0.00373</Y>
        <Y t="32">0.00392</Y>
        <Y t="33">0.00412</Y>
        <Y t="34">0.00435</Y>
        <Y t="35">0.00459</Y>
        <Y t="36">0.00486</Y>
        <Y t="37">0.00515</Y>
        <Y t="38">0.00546</Y>
        <Y t="39">0.00581</Y>
        <Y t="40">0.00618</Y>
        <Y t="41">0.00659</Y>
        <Y t="42">0.00703</Y>
        <Y t="43">0.00751</Y>
        <Y t="44">0.00804</Y>
        <Y t="45">0.00861</Y>
        <Y t="46">0.00923</Y>
        <Y t="47">0.00991</Y>
        <Y t="48">0.01064</Y>
        <Y t="49">0.01145</Y>
        <Y t="50">0.01232</Y>
        <Y t="51">0.01327</Y>
        <Y t="52">0.01430</Y>
        <Y t="53">0.01543</Y>
        <Y t="54">0.01665</Y>
        <Y t="55">0.01798</Y>
        <Y t="56">0.01943</Y>
        <Y t="57">0.02100</Y>
        <Y t="58">0.02271</Y>
        <Y t="59">0.02457</Y>
        <Y t="60">0.02659</Y>
        <Y t="61">0.02878</Y>
        <Y t="62">0.03118</Y>
        <Y t="63">0.03376</Y>
        <Y t="64">0.03658</Y>
        <Y t="65">0.03964</Y>
        <Y t="66">0.04296</Y>
        <Y t="67">0.04656</Y>
        <Y t="68">0.05046</Y>
        <Y t="69">0.05470</Y>
        <Y t="70">0.05930</Y>
        <Y t="71">0.06427</Y>
        <Y t="72">0.06966</Y>
        <Y t="73">0.07550</Y>
        <Y t="74">0.08181</Y>
        <Y t="75">0.08864</Y>
        <Y t="76">0.09602</Y>
        <Y t="77">0.10399</Y>
        <Y t="78">0.11259</Y>
        <Y t="79">0.12186</Y>
        <Y t="80">0.13185</Y>
        <Y t="81">0.14260</Y>
        <Y t="82">0.15416</Y>
        <Y t="83">0.16657</Y>
        <Y t="84">0.17988</Y>
        <Y t="85">0.19413</Y>
        <Y t="86">0.20937</Y>
        <Y t="87">0.22563</Y>
        <Y t="88">0.24300</Y>
        <Y t="89">0.26144</Y>
        <Y t="90">0.28099</Y>
        <Y t="91">0.30173</Y>
        <Y t="92">0.32364</Y>
        <Y t="93">0.34666</Y>
        <Y t="94">0.37100</Y>
        <Y t="95">0.39621</Y>
        <Y t="96">0.44719</Y>
        <Y t="97">0.54826</Y>
        <Y t="98">0.72467</Y>
        <Y t="99">1.00000</Y>
      </Axis>
    </Values>
  </Table>
</XTbML>