﻿<?xml version="1.0" encoding="utf-8"?>
<XTbML>
  <ContentClassification>
    <TableIdentity>303</TableIdentity>
    <ProviderDomain>soa.org</ProviderDomain>
    <ProviderName>Roger Scott Lumsden</ProviderName>
    <TableReference>The Actuarial Society of America, “Actuarial Tables: 1941 Standard and Substandard Industrial Mortality Tables”,  American Life Convention (1947) reprinted Nelson and Warren, “Principal Mortality Tables OLD and NEW”, Nelson and Warren Consulting Actuaries (St. Louis 1957)</TableReference>
    <ContentType tc="4">Insured Lives Mortality</ContentType>
    <TableName>1941 Standard Industrial, ANB</TableName>
    <TableDescription>1941 Standard Industrial Mortality Table. Basis: Age Nearest Birthday. Minimum Age: 1 Maximum Age: 99</TableDescription>
    <Comments>Study Data: First published in 1941, table based on the 1930-39 experience of the Metropolitan Life Insurance Company on its weekly-premium Life Paid-Up at Age 75 plan. Data excluded first calendar year of experience. Methodology: Special treatment for ages 1-4 and ages above 74. The basis mortality rates were loaded to provide for a suitable contingency margin. The loading was such that for ages 35 to 65, the Metropolitan’s actual mortality rates were 80% of the tabular rates; for ages below 35 the loading was 1.315 deaths per 1000, and for ages above 65 it was 10.768 deaths per 1000. The loaded rates were then graduated by several formulas. Data Transcription Errors: None. Data Certified: 07/2013</Comments>
    <KeyWord>Aggregate</KeyWord>
    <KeyWord>Insured Lives Mortality</KeyWord>
    <KeyWord>United States of America</KeyWord>
  </ContentClassification>
  <Table>
    <MetaData>
      <ScalingFactor>0</ScalingFactor>
      <DataType tc="2">Floating Point</DataType>
      <Nation tc="1">United States of America</Nation>
      <TableDescription>1941 Standard Industrial Mortality Table. Basis: Age Nearest Birthday. Minimum Age: 1 Maximum Age: 99</TableDescription>
      <AxisDef id="Age">
        <ScaleType tc="3">Age</ScaleType>
        <AxisName>Age</AxisName>
        <MinScaleValue>1</MinScaleValue>
        <MaxScaleValue>99</MaxScaleValue>
        <Increment>1</Increment>
      </AxisDef>
    </MetaData>
    <Values>
      <Axis>
        <Y t="1">0.03154</Y>
        <Y t="2">0.00825</Y>
        <Y t="3">0.00520</Y>
        <Y t="4">0.00410</Y>
        <Y t="5">0.00363</Y>
        <Y t="6">0.00329</Y>
        <Y t="7">0.00307</Y>
        <Y t="8">0.00289</Y>
        <Y t="9">0.00273</Y>
        <Y t="10">0.00260</Y>
        <Y t="11">0.00251</Y>
        <Y t="12">0.00250</Y>
        <Y t="13">0.00255</Y>
        <Y t="14">0.00268</Y>
        <Y t="15">0.00286</Y>
        <Y t="16">0.00307</Y>
        <Y t="17">0.00328</Y>
        <Y t="18">0.00349</Y>
        <Y t="19">0.00371</Y>
        <Y t="20">0.00393</Y>
        <Y t="21">0.00413</Y>
        <Y t="22">0.00429</Y>
        <Y t="23">0.00445</Y>
        <Y t="24">0.00460</Y>
        <Y t="25">0.00473</Y>
        <Y t="26">0.00485</Y>
        <Y t="27">0.00497</Y>
        <Y t="28">0.00509</Y>
        <Y t="29">0.00523</Y>
        <Y t="30">0.00539</Y>
        <Y t="31">0.00557</Y>
        <Y t="32">0.00578</Y>
        <Y t="33">0.00602</Y>
        <Y t="34">0.00628</Y>
        <Y t="35">0.00658</Y>
        <Y t="36">0.00691</Y>
        <Y t="37">0.00729</Y>
        <Y t="38">0.00772</Y>
        <Y t="39">0.00819</Y>
        <Y t="40">0.00871</Y>
        <Y t="41">0.00929</Y>
        <Y t="42">0.00993</Y>
        <Y t="43">0.01064</Y>
        <Y t="44">0.01144</Y>
        <Y t="45">0.01232</Y>
        <Y t="46">0.01327</Y>
        <Y t="47">0.01427</Y>
        <Y t="48">0.01531</Y>
        <Y t="49">0.01640</Y>
        <Y t="50">0.01755</Y>
        <Y t="51">0.01877</Y>
        <Y t="52">0.02008</Y>
        <Y t="53">0.02151</Y>
        <Y t="54">0.02306</Y>
        <Y t="55">0.02475</Y>
        <Y t="56">0.02659</Y>
        <Y t="57">0.02861</Y>
        <Y t="58">0.03085</Y>
        <Y t="59">0.03333</Y>
        <Y t="60">0.03608</Y>
        <Y t="61">0.03910</Y>
        <Y t="62">0.04238</Y>
        <Y t="63">0.04588</Y>
        <Y t="64">0.04954</Y>
        <Y t="65">0.05333</Y>
        <Y t="66">0.05721</Y>
        <Y t="67">0.06120</Y>
        <Y t="68">0.06536</Y>
        <Y t="69">0.06979</Y>
        <Y t="70">0.07456</Y>
        <Y t="71">0.07978</Y>
        <Y t="72">0.08552</Y>
        <Y t="73">0.09183</Y>
        <Y t="74">0.09874</Y>
        <Y t="75">0.10626</Y>
        <Y t="76">0.11440</Y>
        <Y t="77">0.12316</Y>
        <Y t="78">0.13259</Y>
        <Y t="79">0.14274</Y>
        <Y t="80">0.15365</Y>
        <Y t="81">0.16540</Y>
        <Y t="82">0.17803</Y>
        <Y t="83">0.19160</Y>
        <Y t="84">0.20617</Y>
        <Y t="85">0.22179</Y>
        <Y t="86">0.23848</Y>
        <Y t="87">0.25630</Y>
        <Y t="88">0.27528</Y>
        <Y t="89">0.29545</Y>
        <Y t="90">0.31683</Y>
        <Y t="91">0.33945</Y>
        <Y t="92">0.36328</Y>
        <Y t="93">0.38834</Y>
        <Y t="94">0.41458</Y>
        <Y t="95">0.44195</Y>
        <Y t="96">0.47040</Y>
        <Y t="97">0.49983</Y>
        <Y t="98">0.53013</Y>
        <Y t="99">1.00000</Y>
      </Axis>
    </Values>
  </Table>
</XTbML>