<?xml version="1.0" encoding="UTF-8" standalone="no"?>
<XTbML><ContentClassification><TableIdentity>307</TableIdentity><ProviderDomain>soa.org</ProviderDomain><ProviderName>Roger Scott Lumsden</ProviderName><TableReference>William C. Brown, “A Proposed New Industrial Mortality Table”, Transaction of the Society of Actuaries, Vol. XIII (1961) Exhibit 4, p. 474. Accessed: April, 2013 from http://www.soa.org/Library/Research/Transactions-Of-Society-Of-Actuaries/1961/January/tsa61v13pt1n37ab27.aspx</TableReference><ContentType tc="4">Insured Lives Mortality</ContentType><TableName>1961 Standard Industrial Experience Table – Total White, AXB</TableName><TableDescription>1961 Standard Industrial Experience Table – Total White. Also known as 1954-1958 Industrial Experience Mortality Table. Basis: Age Next Birthday. Minimum Age: 1 Maximum Age: 100</TableDescription><Comments>Study Data: The National Association of Insurance Commissioners (NAIC) appointed an Advisory Committee to prepare a table to replace the 1941 Standard Industrial Table (See SOA Table Identity 303). The Committee collected data from 18 contributing companies with at least $50 million of Industrial life insurance in force for the period January 1, 1954 to December 31, 1958. Data collected was for white male and female lives only as non-white business was too small for homogeneity. Due to variations in practice among companies relating to graded benefits at juvenile ages, the table is based on number of policies for ages 1-9 and, for ages 10 and over, upon amounts of insurance. As the table is based on age next birthday, the material considered for age 1 includes issues for a full year of age, which differs from Ordinary mortality at age 0 where only six months of age would be included. Methodology: Unlike the 1941 Standard Industrial Table the use of experience of one of the larger companies and then adding sufficient margins to make it suitable for use by the industry in general was deemed unsatisfactory as the experience of no one company was sufficiently representative to be used for this purpose. Therefore it was decided to prepare an aggregate table combining the data on white lives from all the companies whose submissions appeared to be sufficiently homogeneous. From the combined data, raw calendar year death rates were calculated for ages 1-4 separately and in quinquennial age groups above that age centering on ages 7, 12, 17, etc., up to 72. Using the rates for the quinquennial age groups as pivotal values, they were graduated by Jenkins' Modified Osculatory Fifth Difference Formula, thus producing a smoothly graduated table of calendar year rates for ages 7 and over. These were adjusted to a policy year rate by interpolating halfway between the calendar year rates. Small adjustments were made in a few of the interpolated values to minimize third differences. For the very young ages, it was felt that, in addition to the halfway interpolation, a special adjustment was required to reflect the strongly upward concavity of the mortality curve at those ages. For ages 2 through 4, therefore, the interpolated rates were further adjusted. The final rates for ages 5, 6 and 7 were then determined by grading the rates for ages 1 through 4 into rates for ages 8 and over by inspection of differences. The Committee considered that the results from the combined data were unreliable at ages 75 and over, and it was decided, therefore, to use the 1949-1951 U.S. Life Table for Total Whites in order to extend the table to age 100. Data Transcription Errors: None. Data Certified: 04/2013</Comments><KeyWord>Aggregate</KeyWord><KeyWord>Insured Lives Mortality</KeyWord><KeyWord>United States of America</KeyWord></ContentClassification><Table><MetaData><ScalingFactor>0</ScalingFactor><DataType tc="2">Floating Point</DataType><Nation tc="1">United States of America</Nation><TableDescription>1961 Standard Industrial Experience Table– Total White, AXB</TableDescription><AxisDef id="Age"><ScaleType tc="3">Age</ScaleType><AxisName>Age</AxisName><MinScaleValue>1</MinScaleValue><MaxScaleValue>100</MaxScaleValue><Increment>1</Increment></AxisDef></MetaData><Values><Axis><Y t="1">0.00511</Y><Y t="2">0.00142</Y><Y t="3">0.00090</Y><Y t="4">0.00075</Y><Y t="5">0.00063</Y><Y t="6">0.00054</Y><Y t="7">0.00047</Y><Y t="8">0.00042</Y><Y t="9">0.00039</Y><Y t="10">0.00038</Y><Y t="11">0.00040</Y><Y t="12">0.00044</Y><Y t="13">0.00049</Y><Y t="14">0.00055</Y><Y t="15">0.00063</Y><Y t="16">0.00071</Y><Y t="17">0.00079</Y><Y t="18">0.00087</Y><Y t="19">0.00094</Y><Y t="20">0.00100</Y><Y t="21">0.00105</Y><Y t="22">0.00109</Y><Y t="23">0.00111</Y><Y t="24">0.00112</Y><Y t="25">0.00113</Y><Y t="26">0.00115</Y><Y t="27">0.00117</Y><Y t="28">0.00120</Y><Y t="29">0.00124</Y><Y t="30">0.00130</Y><Y t="31">0.00137</Y><Y t="32">0.00145</Y><Y t="33">0.00154</Y><Y t="34">0.00165</Y><Y t="35">0.00178</Y><Y t="36">0.00194</Y><Y t="37">0.00212</Y><Y t="38">0.00233</Y><Y t="39">0.00258</Y><Y t="40">0.00285</Y><Y t="41">0.00316</Y><Y t="42">0.00350</Y><Y t="43">0.00387</Y><Y t="44">0.00428</Y><Y t="45">0.00473</Y><Y t="46">0.00521</Y><Y t="47">0.00573</Y><Y t="48">0.00629</Y><Y t="49">0.00689</Y><Y t="50">0.00755</Y><Y t="51">0.00825</Y><Y t="52">0.00901</Y><Y t="53">0.00983</Y><Y t="54">0.01072</Y><Y t="55">0.01168</Y><Y t="56">0.01272</Y><Y t="57">0.01384</Y><Y t="58">0.01506</Y><Y t="59">0.01638</Y><Y t="60">0.01781</Y><Y t="61">0.01937</Y><Y t="62">0.02107</Y><Y t="63">0.02292</Y><Y t="64">0.02493</Y><Y t="65">0.02710</Y><Y t="66">0.02945</Y><Y t="67">0.03194</Y><Y t="68">0.03464</Y><Y t="69">0.03755</Y><Y t="70">0.04068</Y><Y t="71">0.04406</Y><Y t="72">0.04769</Y><Y t="73">0.05160</Y><Y t="74">0.05585</Y><Y t="75">0.06049</Y><Y t="76">0.06557</Y><Y t="77">0.07116</Y><Y t="78">0.07729</Y><Y t="79">0.08402</Y><Y t="80">0.09137</Y><Y t="81">0.09937</Y><Y t="82">0.10807</Y><Y t="83">0.11748</Y><Y t="84">0.12758</Y><Y t="85">0.13834</Y><Y t="86">0.14972</Y><Y t="87">0.16168</Y><Y t="88">0.17422</Y><Y t="89">0.18733</Y><Y t="90">0.20105</Y><Y t="91">0.21539</Y><Y t="92">0.23036</Y><Y t="93">0.24729</Y><Y t="94">0.27273</Y><Y t="95">0.31439</Y><Y t="96">0.38020</Y><Y t="97">0.47776</Y><Y t="98">0.61520</Y><Y t="99">0.80000</Y><Y t="100">1.00000</Y></Axis></Values></Table></XTbML>