﻿<?xml version="1.0" encoding="utf-8"?>
<XTbML>
  <ContentClassification>
    <TableIdentity>3159</TableIdentity>
    <ProviderDomain>irs.gov</ProviderDomain>
    <ProviderName>IRS</ProviderName>
    <TableReference>Updated Static Mortality Tables for Defined Benefit Pension Plans for 2016</TableReference>
    <ContentType tc="1">Healthy Lives Mortality</ContentType>
    <TableName>IRS 2016 Defined Benefit Static Mortality Tables</TableName>
    <TableDescription>IRS 2016 Defined Benefit Static Mortality Tables, Table for Distributions Subject to § 417(e)(3), Unisex </TableDescription>
    <Comments>IRS-prescribed Unisex mortality table for use in determining minimum present value under § 417(e)(3) of the Internal Revenue Code and § 205(g)(3) of the Employee Retirement Income Security Act of 1974 for distributions with annuity starting dates that occur during stability periods beginning in the 2016 calendar year. Data Certified: 07/2018.</Comments>
    <KeyWord>Aggregate</KeyWord>
    <KeyWord>Annuitant Mortality</KeyWord>
    <KeyWord>United States of America</KeyWord>
  </ContentClassification>
  <Table>
    <MetaData>
      <ScalingFactor>0</ScalingFactor>
      <DataType tc="2">Floating Point</DataType>
      <Nation tc="1">United States of America</Nation>
      <TableDescription>IRS 2016 Defined Benefit Static Mortality Tables, Table for Distributions Subject to § 417(e)(3), Unisex </TableDescription>
      <AxisDef id="Age">
        <ScaleType tc="3">Age</ScaleType>
        <AxisName>Age</AxisName>
        <MinScaleValue>1</MinScaleValue>
        <MaxScaleValue>120</MaxScaleValue>
        <Increment>1</Increment>
      </AxisDef>
    </MetaData>
    <Values>
      <Axis>
        <Y t="1">0.000323</Y>
        <Y t="2">0.000215</Y>
        <Y t="3">0.00017</Y>
        <Y t="4">0.00013</Y>
        <Y t="5">0.000119</Y>
        <Y t="6">0.000112</Y>
        <Y t="7">0.000107</Y>
        <Y t="8">9.7E-05</Y>
        <Y t="9">9.4E-05</Y>
        <Y t="10">9.4E-05</Y>
        <Y t="11">9.7E-05</Y>
        <Y t="12">0.000101</Y>
        <Y t="13">0.000106</Y>
        <Y t="14">0.000116</Y>
        <Y t="15">0.000126</Y>
        <Y t="16">0.000134</Y>
        <Y t="17">0.000143</Y>
        <Y t="18">0.000148</Y>
        <Y t="19">0.000151</Y>
        <Y t="20">0.000153</Y>
        <Y t="21">0.000158</Y>
        <Y t="22">0.000165</Y>
        <Y t="23">0.000176</Y>
        <Y t="24">0.000189</Y>
        <Y t="25">0.000205</Y>
        <Y t="26">0.000231</Y>
        <Y t="27">0.00024</Y>
        <Y t="28">0.000249</Y>
        <Y t="29">0.000262</Y>
        <Y t="30">0.000287</Y>
        <Y t="31">0.000333</Y>
        <Y t="32">0.000377</Y>
        <Y t="33">0.000419</Y>
        <Y t="34">0.00046</Y>
        <Y t="35">0.0005</Y>
        <Y t="36">0.000537</Y>
        <Y t="37">0.000572</Y>
        <Y t="38">0.000593</Y>
        <Y t="39">0.000614</Y>
        <Y t="40">0.000642</Y>
        <Y t="41">0.000674</Y>
        <Y t="42">0.000712</Y>
        <Y t="43">0.000756</Y>
        <Y t="44">0.000806</Y>
        <Y t="45">0.00085</Y>
        <Y t="46">0.000893</Y>
        <Y t="47">0.00094</Y>
        <Y t="48">0.001004</Y>
        <Y t="49">0.001075</Y>
        <Y t="50">0.001168</Y>
        <Y t="51">0.001256</Y>
        <Y t="52">0.001391</Y>
        <Y t="53">0.001574</Y>
        <Y t="54">0.001789</Y>
        <Y t="55">0.002131</Y>
        <Y t="56">0.002588</Y>
        <Y t="57">0.002999</Y>
        <Y t="58">0.003438</Y>
        <Y t="59">0.003903</Y>
        <Y t="60">0.004457</Y>
        <Y t="61">0.005191</Y>
        <Y t="62">0.005963</Y>
        <Y t="63">0.006953</Y>
        <Y t="64">0.007855</Y>
        <Y t="65">0.00888</Y>
        <Y t="66">0.010183</Y>
        <Y t="67">0.011345</Y>
        <Y t="68">0.012433</Y>
        <Y t="69">0.013765</Y>
        <Y t="70">0.015037</Y>
        <Y t="71">0.016507</Y>
        <Y t="72">0.018391</Y>
        <Y t="73">0.020297</Y>
        <Y t="74">0.022635</Y>
        <Y t="75">0.025235</Y>
        <Y t="76">0.028033</Y>
        <Y t="77">0.031814</Y>
        <Y t="78">0.035712</Y>
        <Y t="79">0.040109</Y>
        <Y t="80">0.045059</Y>
        <Y t="81">0.05086</Y>
        <Y t="82">0.057403</Y>
        <Y t="83">0.063883</Y>
        <Y t="84">0.07202</Y>
        <Y t="85">0.080834</Y>
        <Y t="86">0.090724</Y>
        <Y t="87">0.103156</Y>
        <Y t="88">0.116023</Y>
        <Y t="89">0.129748</Y>
        <Y t="90">0.145074</Y>
        <Y t="91">0.158563</Y>
        <Y t="92">0.174618</Y>
        <Y t="93">0.190412</Y>
        <Y t="94">0.204264</Y>
        <Y t="95">0.220605</Y>
        <Y t="96">0.233633</Y>
        <Y t="97">0.248351</Y>
        <Y t="98">0.263488</Y>
        <Y t="99">0.274409</Y>
        <Y t="100">0.284392</Y>
        <Y t="101">0.301731</Y>
        <Y t="102">0.313092</Y>
        <Y t="103">0.324542</Y>
        <Y t="104">0.335529</Y>
        <Y t="105">0.345501</Y>
        <Y t="106">0.353906</Y>
        <Y t="107">0.361363</Y>
        <Y t="108">0.368721</Y>
        <Y t="109">0.375772</Y>
        <Y t="110">0.382309</Y>
        <Y t="111">0.388123</Y>
        <Y t="112">0.393008</Y>
        <Y t="113">0.396754</Y>
        <Y t="114">0.399154</Y>
        <Y t="115">0.4</Y>
        <Y t="116">0.4</Y>
        <Y t="117">0.4</Y>
        <Y t="118">0.4</Y>
        <Y t="119">0.4</Y>
        <Y t="120">1</Y>
      </Axis>
    </Values>
  </Table>
</XTbML>