﻿<?xml version="1.0" encoding="utf-8"?>
<XTbML>
  <ContentClassification>
    <TableIdentity>3170</TableIdentity>
    <ProviderDomain>irs.gov</ProviderDomain>
    <ProviderName>IRS</ProviderName>
    <TableReference>Updated Static Mortality Tables for 2010</TableReference>
    <ContentType tc="1">Healthy Lives Mortality</ContentType>
    <TableName>IRS 2010 Static Mortality Tables</TableName>
    <TableDescription>IRS 2010 Static Mortality Table, Non-Annuitant, Female</TableDescription>
    <Comments>IRS-prescribed female non-annuitant mortality table to be used under § 430(h)(3)(A) of the Internal Revenue Code and  § 303(h)(3)(A) of the Employee Retirement Income Security Act of 1974.  This table applies for purposes of calculating the funding target and other items for valuation dates occurring during calendar year 2010. Data Certified: 07/2018.</Comments>
    <KeyWord>Aggregate</KeyWord>
    <KeyWord>Annuitant Mortality</KeyWord>
    <KeyWord>United States of America</KeyWord>
  </ContentClassification>
  <Table>
    <MetaData>
      <ScalingFactor>0</ScalingFactor>
      <DataType tc="2">Floating Point</DataType>
      <Nation tc="1">United States of America</Nation>
      <TableDescription>IRS 2010 Static Mortality Table, Non-Annuitant, Female</TableDescription>
      <AxisDef id="Age">
        <ScaleType tc="3">Age</ScaleType>
        <AxisName>Age</AxisName>
        <MinScaleValue>1</MinScaleValue>
        <MaxScaleValue>120</MaxScaleValue>
        <Increment>1</Increment>
      </AxisDef>
    </MetaData>
    <Values>
      <Axis>
        <Y t="1">0.000345</Y>
        <Y t="2">0.000224</Y>
        <Y t="3">0.000168</Y>
        <Y t="4">0.000126</Y>
        <Y t="5">0.000113</Y>
        <Y t="6">0.000106</Y>
        <Y t="7">0.0001</Y>
        <Y t="8">8.9E-05</Y>
        <Y t="9">8.4E-05</Y>
        <Y t="10">8.5E-05</Y>
        <Y t="11">8.6E-05</Y>
        <Y t="12">8.9E-05</Y>
        <Y t="13">9.4E-05</Y>
        <Y t="14">0.000103</Y>
        <Y t="15">0.000114</Y>
        <Y t="16">0.000121</Y>
        <Y t="17">0.000129</Y>
        <Y t="18">0.000132</Y>
        <Y t="19">0.00013</Y>
        <Y t="20">0.000128</Y>
        <Y t="21">0.000125</Y>
        <Y t="22">0.000126</Y>
        <Y t="23">0.000132</Y>
        <Y t="24">0.000138</Y>
        <Y t="25">0.000146</Y>
        <Y t="26">0.000158</Y>
        <Y t="27">0.000165</Y>
        <Y t="28">0.000174</Y>
        <Y t="29">0.000183</Y>
        <Y t="30">0.000205</Y>
        <Y t="31">0.000251</Y>
        <Y t="32">0.000286</Y>
        <Y t="33">0.000314</Y>
        <Y t="34">0.000338</Y>
        <Y t="35">0.00036</Y>
        <Y t="36">0.00038</Y>
        <Y t="37">0.000399</Y>
        <Y t="38">0.00042</Y>
        <Y t="39">0.000444</Y>
        <Y t="40">0.000484</Y>
        <Y t="41">0.00053</Y>
        <Y t="42">0.000584</Y>
        <Y t="43">0.000642</Y>
        <Y t="44">0.000705</Y>
        <Y t="45">0.000751</Y>
        <Y t="46">0.000797</Y>
        <Y t="47">0.000842</Y>
        <Y t="48">0.000911</Y>
        <Y t="49">0.000984</Y>
        <Y t="50">0.001092</Y>
        <Y t="51">0.001212</Y>
        <Y t="52">0.001383</Y>
        <Y t="53">0.001579</Y>
        <Y t="54">0.001805</Y>
        <Y t="55">0.002066</Y>
        <Y t="56">0.002371</Y>
        <Y t="57">0.002655</Y>
        <Y t="58">0.002903</Y>
        <Y t="59">0.003175</Y>
        <Y t="60">0.003468</Y>
        <Y t="61">0.00378</Y>
        <Y t="62">0.004108</Y>
        <Y t="63">0.004446</Y>
        <Y t="64">0.00479</Y>
        <Y t="65">0.005135</Y>
        <Y t="66">0.005476</Y>
        <Y t="67">0.005808</Y>
        <Y t="68">0.006127</Y>
        <Y t="69">0.006431</Y>
        <Y t="70">0.006716</Y>
        <Y t="71">0.007334</Y>
        <Y t="72">0.00857</Y>
        <Y t="73">0.010424</Y>
        <Y t="74">0.012897</Y>
        <Y t="75">0.015988</Y>
        <Y t="76">0.019697</Y>
        <Y t="77">0.024024</Y>
        <Y t="78">0.028969</Y>
        <Y t="79">0.034532</Y>
        <Y t="80">0.040715</Y>
        <Y t="81">0.045064</Y>
        <Y t="82">0.049957</Y>
        <Y t="83">0.05547</Y>
        <Y t="84">0.061692</Y>
        <Y t="85">0.069915</Y>
        <Y t="86">0.079321</Y>
        <Y t="87">0.089992</Y>
        <Y t="88">0.100235</Y>
        <Y t="89">0.113221</Y>
        <Y t="90">0.125125</Y>
        <Y t="91">0.137404</Y>
        <Y t="92">0.14977</Y>
        <Y t="93">0.16473</Y>
        <Y t="94">0.176682</Y>
        <Y t="95">0.188</Y>
        <Y t="96">0.198507</Y>
        <Y t="97">0.21161</Y>
        <Y t="98">0.22017</Y>
        <Y t="99">0.227485</Y>
        <Y t="100">0.233462</Y>
        <Y t="101">0.244834</Y>
        <Y t="102">0.254498</Y>
        <Y t="103">0.266044</Y>
        <Y t="104">0.279055</Y>
        <Y t="105">0.293116</Y>
        <Y t="106">0.307811</Y>
        <Y t="107">0.322725</Y>
        <Y t="108">0.337441</Y>
        <Y t="109">0.351544</Y>
        <Y t="110">0.364617</Y>
        <Y t="111">0.376246</Y>
        <Y t="112">0.386015</Y>
        <Y t="113">0.393507</Y>
        <Y t="114">0.398308</Y>
        <Y t="115">0.4</Y>
        <Y t="116">0.4</Y>
        <Y t="117">0.4</Y>
        <Y t="118">0.4</Y>
        <Y t="119">0.4</Y>
        <Y t="120">1</Y>
      </Axis>
    </Values>
  </Table>
</XTbML>