﻿<?xml version="1.0" encoding="utf-8"?>
<XTbML>
  <ContentClassification>
    <TableIdentity>3175</TableIdentity>
    <ProviderDomain>irs.gov</ProviderDomain>
    <ProviderName>IRS</ProviderName>
    <TableReference>Updated Static Mortality Tables for 2011</TableReference>
    <ContentType tc="1">Healthy Lives Mortality</ContentType>
    <TableName>IRS 2011 Static Mortality Tables</TableName>
    <TableDescription>IRS 2011 Static Mortality Table, Annuitant, Male</TableDescription>
    <Comments>IRS-prescribed male annuitant mortality table to be used under § 430(h)(3)(A) of the Internal Revenue Code and  § 303(h)(3)(A) of the Employee Retirement Income Security Act of 1974.  This table applies for purposes of calculating the funding target and other items for valuation dates occurring during calendar year 2011. Data Certified: 07/2018.</Comments>
    <KeyWord>Aggregate</KeyWord>
    <KeyWord>Annuitant Mortality</KeyWord>
    <KeyWord>United States of America</KeyWord>
  </ContentClassification>
  <Table>
    <MetaData>
      <ScalingFactor>0</ScalingFactor>
      <DataType tc="2">Floating Point</DataType>
      <Nation tc="1">United States of America</Nation>
      <TableDescription>IRS 2011 Static Mortality Table, Annuitant, Male</TableDescription>
      <AxisDef id="Age">
        <ScaleType tc="3">Age</ScaleType>
        <AxisName>Age</AxisName>
        <MinScaleValue>1</MinScaleValue>
        <MaxScaleValue>120</MaxScaleValue>
        <Increment>1</Increment>
      </AxisDef>
    </MetaData>
    <Values>
      <Axis>
        <Y t="1">0.000377</Y>
        <Y t="2">0.000254</Y>
        <Y t="3">0.000211</Y>
        <Y t="4">0.000164</Y>
        <Y t="5">0.000151</Y>
        <Y t="6">0.000144</Y>
        <Y t="7">0.000138</Y>
        <Y t="8">0.000128</Y>
        <Y t="9">0.000124</Y>
        <Y t="10">0.000125</Y>
        <Y t="11">0.00013</Y>
        <Y t="12">0.000135</Y>
        <Y t="13">0.000142</Y>
        <Y t="14">0.000154</Y>
        <Y t="15">0.000163</Y>
        <Y t="16">0.000172</Y>
        <Y t="17">0.000183</Y>
        <Y t="18">0.000192</Y>
        <Y t="19">0.000201</Y>
        <Y t="20">0.00021</Y>
        <Y t="21">0.000223</Y>
        <Y t="22">0.000234</Y>
        <Y t="23">0.000252</Y>
        <Y t="24">0.000268</Y>
        <Y t="25">0.00029</Y>
        <Y t="26">0.000323</Y>
        <Y t="27">0.000335</Y>
        <Y t="28">0.000345</Y>
        <Y t="29">0.000362</Y>
        <Y t="30">0.00039</Y>
        <Y t="31">0.000438</Y>
        <Y t="32">0.000493</Y>
        <Y t="33">0.000554</Y>
        <Y t="34">0.000616</Y>
        <Y t="35">0.000679</Y>
        <Y t="36">0.000738</Y>
        <Y t="37">0.000794</Y>
        <Y t="38">0.000824</Y>
        <Y t="39">0.000851</Y>
        <Y t="40">0.000876</Y>
        <Y t="41">0.00093</Y>
        <Y t="42">0.001038</Y>
        <Y t="43">0.001201</Y>
        <Y t="44">0.001418</Y>
        <Y t="45">0.001689</Y>
        <Y t="46">0.002014</Y>
        <Y t="47">0.002393</Y>
        <Y t="48">0.002826</Y>
        <Y t="49">0.003314</Y>
        <Y t="50">0.003856</Y>
        <Y t="51">0.003914</Y>
        <Y t="52">0.003923</Y>
        <Y t="53">0.003978</Y>
        <Y t="54">0.00403</Y>
        <Y t="55">0.004181</Y>
        <Y t="56">0.004416</Y>
        <Y t="57">0.004733</Y>
        <Y t="58">0.005158</Y>
        <Y t="59">0.005599</Y>
        <Y t="60">0.006131</Y>
        <Y t="61">0.006857</Y>
        <Y t="62">0.007553</Y>
        <Y t="63">0.008496</Y>
        <Y t="64">0.009401</Y>
        <Y t="65">0.010411</Y>
        <Y t="66">0.011748</Y>
        <Y t="67">0.013006</Y>
        <Y t="68">0.014121</Y>
        <Y t="69">0.015599</Y>
        <Y t="70">0.016917</Y>
        <Y t="71">0.018718</Y>
        <Y t="72">0.020783</Y>
        <Y t="73">0.023149</Y>
        <Y t="74">0.025826</Y>
        <Y t="75">0.029354</Y>
        <Y t="76">0.032717</Y>
        <Y t="77">0.037063</Y>
        <Y t="78">0.041943</Y>
        <Y t="79">0.047469</Y>
        <Y t="80">0.053716</Y>
        <Y t="81">0.061222</Y>
        <Y t="82">0.069651</Y>
        <Y t="83">0.077641</Y>
        <Y t="84">0.087928</Y>
        <Y t="85">0.097602</Y>
        <Y t="86">0.108212</Y>
        <Y t="87">0.122076</Y>
        <Y t="88">0.137598</Y>
        <Y t="89">0.152062</Y>
        <Y t="90">0.170642</Y>
        <Y t="91">0.185864</Y>
        <Y t="92">0.205202</Y>
        <Y t="93">0.221361</Y>
        <Y t="94">0.237495</Y>
        <Y t="95">0.258023</Y>
        <Y t="96">0.273856</Y>
        <Y t="97">0.289239</Y>
        <Y t="98">0.309669</Y>
        <Y t="99">0.324314</Y>
        <Y t="100">0.338406</Y>
        <Y t="101">0.358628</Y>
        <Y t="102">0.371685</Y>
        <Y t="103">0.38304</Y>
        <Y t="104">0.392003</Y>
        <Y t="105">0.397886</Y>
        <Y t="106">0.4</Y>
        <Y t="107">0.4</Y>
        <Y t="108">0.4</Y>
        <Y t="109">0.4</Y>
        <Y t="110">0.4</Y>
        <Y t="111">0.4</Y>
        <Y t="112">0.4</Y>
        <Y t="113">0.4</Y>
        <Y t="114">0.4</Y>
        <Y t="115">0.4</Y>
        <Y t="116">0.4</Y>
        <Y t="117">0.4</Y>
        <Y t="118">0.4</Y>
        <Y t="119">0.4</Y>
        <Y t="120">1</Y>
      </Axis>
    </Values>
  </Table>
</XTbML>