﻿<?xml version="1.0" encoding="utf-8"?>
<XTbML>
  <ContentClassification>
    <TableIdentity>3173</TableIdentity>
    <ProviderDomain>irs.gov</ProviderDomain>
    <ProviderName>IRS</ProviderName>
    <TableReference>Updated Static Mortality Tables for 2010</TableReference>
    <ContentType tc="1">Healthy Lives Mortality</ContentType>
    <TableName>IRS 2010 Static Mortality Tables</TableName>
    <TableDescription>IRS 2010 Static Mortality Table, Table for Distributions Subject to § 417(e)(3), Unisex</TableDescription>
    <Comments>IRS-prescribed Unisex mortality table for use in determining minimum present value under § 417(e)(3) of the Internal Revenue Code § 205(g)(3) of the Employee Retirement Income Security Act of 1974 for distributions with annuity starting dates that occur during stability periods beginning in the 2010 calendar year. Data Certified: 07/2018.</Comments>
    <KeyWord>Aggregate</KeyWord>
    <KeyWord>Annuitant Mortality</KeyWord>
    <KeyWord>United States of America</KeyWord>
  </ContentClassification>
  <Table>
    <MetaData>
      <ScalingFactor>0</ScalingFactor>
      <DataType tc="2">Floating Point</DataType>
      <Nation tc="1">United States of America</Nation>
      <TableDescription>IRS 2010 Static Mortality Table, Table for Distributions Subject to § 417(e)(3), Unisex</TableDescription>
      <AxisDef id="Age">
        <ScaleType tc="3">Age</ScaleType>
        <AxisName>Age</AxisName>
        <MinScaleValue>1</MinScaleValue>
        <MaxScaleValue>120</MaxScaleValue>
        <Increment>1</Increment>
      </AxisDef>
    </MetaData>
    <Values>
      <Axis>
        <Y t="1">0.000365</Y>
        <Y t="2">0.000242</Y>
        <Y t="3">0.000192</Y>
        <Y t="4">0.000147</Y>
        <Y t="5">0.000134</Y>
        <Y t="6">0.000127</Y>
        <Y t="7">0.000121</Y>
        <Y t="8">0.00011</Y>
        <Y t="9">0.000105</Y>
        <Y t="10">0.000107</Y>
        <Y t="11">0.000109</Y>
        <Y t="12">0.000114</Y>
        <Y t="13">0.00012</Y>
        <Y t="14">0.00013</Y>
        <Y t="15">0.000141</Y>
        <Y t="16">0.000149</Y>
        <Y t="17">0.000158</Y>
        <Y t="18">0.000164</Y>
        <Y t="19">0.000168</Y>
        <Y t="20">0.000171</Y>
        <Y t="21">0.000176</Y>
        <Y t="22">0.000182</Y>
        <Y t="23">0.000194</Y>
        <Y t="24">0.000205</Y>
        <Y t="25">0.000219</Y>
        <Y t="26">0.000242</Y>
        <Y t="27">0.000251</Y>
        <Y t="28">0.000261</Y>
        <Y t="29">0.000273</Y>
        <Y t="30">0.000299</Y>
        <Y t="31">0.000346</Y>
        <Y t="32">0.000391</Y>
        <Y t="33">0.000436</Y>
        <Y t="34">0.000479</Y>
        <Y t="35">0.000521</Y>
        <Y t="36">0.000561</Y>
        <Y t="37">0.000599</Y>
        <Y t="38">0.000625</Y>
        <Y t="39">0.000651</Y>
        <Y t="40">0.000684</Y>
        <Y t="41">0.000721</Y>
        <Y t="42">0.000765</Y>
        <Y t="43">0.000815</Y>
        <Y t="44">0.000873</Y>
        <Y t="45">0.000926</Y>
        <Y t="46">0.00098</Y>
        <Y t="47">0.001037</Y>
        <Y t="48">0.001112</Y>
        <Y t="49">0.001194</Y>
        <Y t="50">0.0013</Y>
        <Y t="51">0.001398</Y>
        <Y t="52">0.001543</Y>
        <Y t="53">0.001736</Y>
        <Y t="54">0.001959</Y>
        <Y t="55">0.002313</Y>
        <Y t="56">0.002783</Y>
        <Y t="57">0.003206</Y>
        <Y t="58">0.003666</Y>
        <Y t="59">0.004161</Y>
        <Y t="60">0.004752</Y>
        <Y t="61">0.005519</Y>
        <Y t="62">0.006339</Y>
        <Y t="63">0.007372</Y>
        <Y t="64">0.008328</Y>
        <Y t="65">0.009415</Y>
        <Y t="66">0.010766</Y>
        <Y t="67">0.011995</Y>
        <Y t="68">0.013185</Y>
        <Y t="69">0.014598</Y>
        <Y t="70">0.015993</Y>
        <Y t="71">0.017611</Y>
        <Y t="72">0.019619</Y>
        <Y t="73">0.02172</Y>
        <Y t="74">0.024223</Y>
        <Y t="75">0.027008</Y>
        <Y t="76">0.030005</Y>
        <Y t="77">0.033851</Y>
        <Y t="78">0.037881</Y>
        <Y t="79">0.042409</Y>
        <Y t="80">0.047487</Y>
        <Y t="81">0.053421</Y>
        <Y t="82">0.060085</Y>
        <Y t="83">0.066869</Y>
        <Y t="84">0.07512</Y>
        <Y t="85">0.084103</Y>
        <Y t="86">0.094148</Y>
        <Y t="87">0.106403</Y>
        <Y t="88">0.119262</Y>
        <Y t="89">0.133024</Y>
        <Y t="90">0.148226</Y>
        <Y t="91">0.162008</Y>
        <Y t="92">0.177795</Y>
        <Y t="93">0.193379</Y>
        <Y t="94">0.207446</Y>
        <Y t="95">0.22327</Y>
        <Y t="96">0.236456</Y>
        <Y t="97">0.250715</Y>
        <Y t="98">0.265075</Y>
        <Y t="99">0.276062</Y>
        <Y t="100">0.286104</Y>
        <Y t="101">0.301731</Y>
        <Y t="102">0.313092</Y>
        <Y t="103">0.324542</Y>
        <Y t="104">0.335529</Y>
        <Y t="105">0.345501</Y>
        <Y t="106">0.353906</Y>
        <Y t="107">0.361363</Y>
        <Y t="108">0.368721</Y>
        <Y t="109">0.375772</Y>
        <Y t="110">0.382309</Y>
        <Y t="111">0.388123</Y>
        <Y t="112">0.393008</Y>
        <Y t="113">0.396754</Y>
        <Y t="114">0.399154</Y>
        <Y t="115">0.4</Y>
        <Y t="116">0.4</Y>
        <Y t="117">0.4</Y>
        <Y t="118">0.4</Y>
        <Y t="119">0.4</Y>
        <Y t="120">1</Y>
      </Axis>
    </Values>
  </Table>
</XTbML>