﻿<?xml version="1.0" encoding="utf-8"?>
<XTbML>
  <ContentClassification>
    <TableIdentity>3198</TableIdentity>
    <ProviderDomain>irs.gov</ProviderDomain>
    <ProviderName>IRS</ProviderName>
    <TableReference>Updated Static Mortality Tables for 2014</TableReference>
    <ContentType tc="1">Healthy Lives Mortality</ContentType>
    <TableName>IRS 2014 Static Mortality Tables</TableName>
    <TableDescription>IRS 2014 Static Mortality Table, Non-Annuitant, Female</TableDescription>
    <Comments>IRS-prescribed female non-annuitant mortality table to be used under § 430(h)(3)(A) of the Internal Revenue Code and  § 303(h)(3)(A) of the Employee Retirement Income Security Act of 1974.  This table applies for purposes of calculating the funding target and other items for valuation dates occurring during calendar year 2014. Data Certified: 07/2018.</Comments>
    <KeyWord>Aggregate</KeyWord>
    <KeyWord>Annuitant Mortality</KeyWord>
    <KeyWord>United States of America</KeyWord>
  </ContentClassification>
  <Table>
    <MetaData>
      <ScalingFactor>0</ScalingFactor>
      <DataType tc="2">Floating Point</DataType>
      <Nation tc="1">United States of America</Nation>
      <TableDescription>IRS 2014 Static Mortality Table, Non-Annuitant, Female </TableDescription>
      <AxisDef id="Age">
        <ScaleType tc="3">Age</ScaleType>
        <AxisName>Age</AxisName>
        <MinScaleValue>1</MinScaleValue>
        <MaxScaleValue>120</MaxScaleValue>
        <Increment>1</Increment>
      </AxisDef>
    </MetaData>
    <Values>
      <Axis>
        <Y t="1">0.000318</Y>
        <Y t="2">0.000207</Y>
        <Y t="3">0.000155</Y>
        <Y t="4">0.000116</Y>
        <Y t="5">0.000105</Y>
        <Y t="6">9.8E-05</Y>
        <Y t="7">9.2E-05</Y>
        <Y t="8">8.2E-05</Y>
        <Y t="9">7.8E-05</Y>
        <Y t="10">7.8E-05</Y>
        <Y t="11">8E-05</Y>
        <Y t="12">8.2E-05</Y>
        <Y t="13">8.6E-05</Y>
        <Y t="14">9.6E-05</Y>
        <Y t="15">0.000106</Y>
        <Y t="16">0.000114</Y>
        <Y t="17">0.000122</Y>
        <Y t="18">0.000125</Y>
        <Y t="19">0.000123</Y>
        <Y t="20">0.00012</Y>
        <Y t="21">0.000117</Y>
        <Y t="22">0.000118</Y>
        <Y t="23">0.000123</Y>
        <Y t="24">0.00013</Y>
        <Y t="25">0.000138</Y>
        <Y t="26">0.000151</Y>
        <Y t="27">0.000157</Y>
        <Y t="28">0.000166</Y>
        <Y t="29">0.000175</Y>
        <Y t="30">0.000197</Y>
        <Y t="31">0.000243</Y>
        <Y t="32">0.000277</Y>
        <Y t="33">0.000303</Y>
        <Y t="34">0.000325</Y>
        <Y t="35">0.000345</Y>
        <Y t="36">0.000362</Y>
        <Y t="37">0.000379</Y>
        <Y t="38">0.000397</Y>
        <Y t="39">0.000418</Y>
        <Y t="40">0.000455</Y>
        <Y t="41">0.000499</Y>
        <Y t="42">0.00055</Y>
        <Y t="43">0.000604</Y>
        <Y t="44">0.000664</Y>
        <Y t="45">0.000704</Y>
        <Y t="46">0.000744</Y>
        <Y t="47">0.000783</Y>
        <Y t="48">0.000847</Y>
        <Y t="49">0.000915</Y>
        <Y t="50">0.001019</Y>
        <Y t="51">0.001136</Y>
        <Y t="52">0.001307</Y>
        <Y t="53">0.001504</Y>
        <Y t="54">0.001734</Y>
        <Y t="55">0.002001</Y>
        <Y t="56">0.002315</Y>
        <Y t="57">0.002603</Y>
        <Y t="58">0.002846</Y>
        <Y t="59">0.003112</Y>
        <Y t="60">0.003399</Y>
        <Y t="61">0.003705</Y>
        <Y t="62">0.004026</Y>
        <Y t="63">0.004357</Y>
        <Y t="64">0.004694</Y>
        <Y t="65">0.005033</Y>
        <Y t="66">0.005367</Y>
        <Y t="67">0.005692</Y>
        <Y t="68">0.006005</Y>
        <Y t="69">0.006303</Y>
        <Y t="70">0.006583</Y>
        <Y t="71">0.007183</Y>
        <Y t="72">0.008383</Y>
        <Y t="73">0.010183</Y>
        <Y t="74">0.012583</Y>
        <Y t="75">0.015583</Y>
        <Y t="76">0.019183</Y>
        <Y t="77">0.023384</Y>
        <Y t="78">0.028185</Y>
        <Y t="79">0.033586</Y>
        <Y t="80">0.039587</Y>
        <Y t="81">0.043815</Y>
        <Y t="82">0.048573</Y>
        <Y t="83">0.053933</Y>
        <Y t="84">0.059983</Y>
        <Y t="85">0.068252</Y>
        <Y t="86">0.077746</Y>
        <Y t="87">0.08856</Y>
        <Y t="88">0.098641</Y>
        <Y t="89">0.111868</Y>
        <Y t="90">0.12363</Y>
        <Y t="91">0.135762</Y>
        <Y t="92">0.14798</Y>
        <Y t="93">0.163416</Y>
        <Y t="94">0.175273</Y>
        <Y t="95">0.186501</Y>
        <Y t="96">0.196923</Y>
        <Y t="97">0.210765</Y>
        <Y t="98">0.219291</Y>
        <Y t="99">0.226576</Y>
        <Y t="100">0.23253</Y>
        <Y t="101">0.244834</Y>
        <Y t="102">0.254498</Y>
        <Y t="103">0.266044</Y>
        <Y t="104">0.279055</Y>
        <Y t="105">0.293116</Y>
        <Y t="106">0.307811</Y>
        <Y t="107">0.322725</Y>
        <Y t="108">0.337441</Y>
        <Y t="109">0.351544</Y>
        <Y t="110">0.364617</Y>
        <Y t="111">0.376246</Y>
        <Y t="112">0.386015</Y>
        <Y t="113">0.393507</Y>
        <Y t="114">0.398308</Y>
        <Y t="115">0.4</Y>
        <Y t="116">0.4</Y>
        <Y t="117">0.4</Y>
        <Y t="118">0.4</Y>
        <Y t="119">0.4</Y>
        <Y t="120">1</Y>
      </Axis>
    </Values>
  </Table>
</XTbML>