﻿<?xml version="1.0" encoding="utf-8"?>
<XTbML>
  <ContentClassification>
    <TableIdentity>3212</TableIdentity>
    <ProviderDomain>soa.org</ProviderDomain>
    <ProviderName>American Academy of Actuaries along with the Society of Actuaries</ProviderName>
    <TableReference>Society of Actuaries website, 2015 Valuation Basic Tables. Accessed: March, 2016 from https://www.soa.org/Research/Experience-Study/Ind-Life/Valuation/2015-valuation-basic-tables.aspx</TableReference>
    <ContentType tc="4">Insured Lives Mortality</ContentType>
    <TableName>2015 VBT Female Non-Smoker RR80 ALB</TableName>
    <TableDescription>2015 Valuation Basic Table (VBT) Relative Risk Table - Female, 80%, Non-Smoker, Age Last Birthday. Minimum Age: 18. Maximum Age: 95.</TableDescription>
    <Comments>Study Data: The 2015 VBT was developed based on the mortality experience from the SOA Individual Life Experience Committee studies from the 2002-2009 study period. Additional data from other sources was used to supplement the 2002-2009 experience at younger and older ages where industry experience was sparse.To develop the 2015 VBT table, the mortality was projected from March 1st, 2006 to July 1st, 2015, using recent mortality improvement trends. Data Certified: 07/2018.</Comments>
    <KeyWord>Select</KeyWord>
    <KeyWord>Insured Lives Mortality</KeyWord>
    <KeyWord>United States of America</KeyWord>
  </ContentClassification>
  <Table>
    <MetaData>
      <ScalingFactor>0</ScalingFactor>
      <DataType tc="2">Floating Point</DataType>
      <Nation tc="1">United States of America</Nation>
      <TableDescription>2015 VBT Relative Risk Table - Female, 80% Non-Smoker, Age Last Birthday, Select</TableDescription>
      <AxisDef id="Age">
        <ScaleType tc="3">Age</ScaleType>
        <AxisName>Age</AxisName>
        <MinScaleValue>18</MinScaleValue>
        <MaxScaleValue>95</MaxScaleValue>
        <Increment>1</Increment>
      </AxisDef>
      <AxisDef id="Duration">
        <ScaleType tc="2">Ordinal Date</ScaleType>
        <AxisName>Duration</AxisName>
        <MinScaleValue>1</MinScaleValue>
        <MaxScaleValue>25</MaxScaleValue>
        <Increment>1</Increment>
      </AxisDef>
    </MetaData>
    <Values>
      <Axis t="18">
        <Axis>
          <Y t="1">0.00024</Y>
          <Y t="2">0.00024</Y>
          <Y t="3">0.00023</Y>
          <Y t="4">0.00023</Y>
          <Y t="5">0.00023</Y>
          <Y t="6">0.00023</Y>
          <Y t="7">0.00023</Y>
          <Y t="8">0.00023</Y>
          <Y t="9">0.00023</Y>
          <Y t="10">0.00025</Y>
          <Y t="11">0.00026</Y>
          <Y t="12">0.00028</Y>
          <Y t="13">0.00029</Y>
          <Y t="14">0.00031</Y>
          <Y t="15">0.00035</Y>
          <Y t="16">0.00041</Y>
          <Y t="17">0.00047</Y>
          <Y t="18">0.00054</Y>
          <Y t="19">0.00061</Y>
          <Y t="20">0.00067</Y>
          <Y t="21">0.00072</Y>
          <Y t="22">0.00074</Y>
          <Y t="23">0.00075</Y>
          <Y t="24">0.00076</Y>
          <Y t="25">0.00076</Y>
        </Axis>
      </Axis>
      <Axis t="19">
        <Axis>
          <Y t="1">0.00022</Y>
          <Y t="2">0.00022</Y>
          <Y t="3">0.00021</Y>
          <Y t="4">0.00022</Y>
          <Y t="5">0.00022</Y>
          <Y t="6">0.00022</Y>
          <Y t="7">0.00021</Y>
          <Y t="8">0.00021</Y>
          <Y t="9">0.00022</Y>
          <Y t="10">0.00024</Y>
          <Y t="11">0.00026</Y>
          <Y t="12">0.00028</Y>
          <Y t="13">0.00029</Y>
          <Y t="14">0.00031</Y>
          <Y t="15">0.00036</Y>
          <Y t="16">0.00042</Y>
          <Y t="17">0.0005</Y>
          <Y t="18">0.00058</Y>
          <Y t="19">0.00065</Y>
          <Y t="20">0.00071</Y>
          <Y t="21">0.00074</Y>
          <Y t="22">0.00075</Y>
          <Y t="23">0.00076</Y>
          <Y t="24">0.00076</Y>
          <Y t="25">0.00076</Y>
        </Axis>
      </Axis>
      <Axis t="20">
        <Axis>
          <Y t="1">0.00018</Y>
          <Y t="2">0.00019</Y>
          <Y t="3">0.0002</Y>
          <Y t="4">0.00021</Y>
          <Y t="5">0.0002</Y>
          <Y t="6">0.00019</Y>
          <Y t="7">0.00019</Y>
          <Y t="8">0.0002</Y>
          <Y t="9">0.00022</Y>
          <Y t="10">0.00025</Y>
          <Y t="11">0.00026</Y>
          <Y t="12">0.00027</Y>
          <Y t="13">0.00028</Y>
          <Y t="14">0.00031</Y>
          <Y t="15">0.00037</Y>
          <Y t="16">0.00044</Y>
          <Y t="17">0.00052</Y>
          <Y t="18">0.00059</Y>
          <Y t="19">0.00066</Y>
          <Y t="20">0.00072</Y>
          <Y t="21">0.00075</Y>
          <Y t="22">0.00076</Y>
          <Y t="23">0.00076</Y>
          <Y t="24">0.00076</Y>
          <Y t="25">0.00077</Y>
        </Axis>
      </Axis>
      <Axis t="21">
        <Axis>
          <Y t="1">0.00015</Y>
          <Y t="2">0.00018</Y>
          <Y t="3">0.00019</Y>
          <Y t="4">0.00019</Y>
          <Y t="5">0.00018</Y>
          <Y t="6">0.00018</Y>
          <Y t="7">0.00018</Y>
          <Y t="8">0.0002</Y>
          <Y t="9">0.00023</Y>
          <Y t="10">0.00025</Y>
          <Y t="11">0.00026</Y>
          <Y t="12">0.00027</Y>
          <Y t="13">0.00029</Y>
          <Y t="14">0.00033</Y>
          <Y t="15">0.00039</Y>
          <Y t="16">0.00047</Y>
          <Y t="17">0.00054</Y>
          <Y t="18">0.0006</Y>
          <Y t="19">0.00067</Y>
          <Y t="20">0.00073</Y>
          <Y t="21">0.00076</Y>
          <Y t="22">0.00076</Y>
          <Y t="23">0.00076</Y>
          <Y t="24">0.00077</Y>
          <Y t="25">0.00079</Y>
        </Axis>
      </Axis>
      <Axis t="22">
        <Axis>
          <Y t="1">0.00013</Y>
          <Y t="2">0.00017</Y>
          <Y t="3">0.00017</Y>
          <Y t="4">0.00017</Y>
          <Y t="5">0.00016</Y>
          <Y t="6">0.00017</Y>
          <Y t="7">0.00018</Y>
          <Y t="8">0.00021</Y>
          <Y t="9">0.00023</Y>
          <Y t="10">0.00025</Y>
          <Y t="11">0.00026</Y>
          <Y t="12">0.00027</Y>
          <Y t="13">0.0003</Y>
          <Y t="14">0.00035</Y>
          <Y t="15">0.00042</Y>
          <Y t="16">0.00049</Y>
          <Y t="17">0.00055</Y>
          <Y t="18">0.00061</Y>
          <Y t="19">0.00067</Y>
          <Y t="20">0.00073</Y>
          <Y t="21">0.00076</Y>
          <Y t="22">0.00076</Y>
          <Y t="23">0.00077</Y>
          <Y t="24">0.00079</Y>
          <Y t="25">0.00082</Y>
        </Axis>
      </Axis>
      <Axis t="23">
        <Axis>
          <Y t="1">0.00012</Y>
          <Y t="2">0.00015</Y>
          <Y t="3">0.00015</Y>
          <Y t="4">0.00015</Y>
          <Y t="5">0.00015</Y>
          <Y t="6">0.00016</Y>
          <Y t="7">0.00019</Y>
          <Y t="8">0.00021</Y>
          <Y t="9">0.00024</Y>
          <Y t="10">0.00026</Y>
          <Y t="11">0.00027</Y>
          <Y t="12">0.00029</Y>
          <Y t="13">0.00033</Y>
          <Y t="14">0.00039</Y>
          <Y t="15">0.00045</Y>
          <Y t="16">0.00051</Y>
          <Y t="17">0.00056</Y>
          <Y t="18">0.00061</Y>
          <Y t="19">0.00068</Y>
          <Y t="20">0.00073</Y>
          <Y t="21">0.00076</Y>
          <Y t="22">0.00077</Y>
          <Y t="23">0.00079</Y>
          <Y t="24">0.00082</Y>
          <Y t="25">0.00086</Y>
        </Axis>
      </Axis>
      <Axis t="24">
        <Axis>
          <Y t="1">0.0001</Y>
          <Y t="2">0.00013</Y>
          <Y t="3">0.00013</Y>
          <Y t="4">0.00014</Y>
          <Y t="5">0.00015</Y>
          <Y t="6">0.00017</Y>
          <Y t="7">0.00019</Y>
          <Y t="8">0.00022</Y>
          <Y t="9">0.00025</Y>
          <Y t="10">0.00026</Y>
          <Y t="11">0.00028</Y>
          <Y t="12">0.00031</Y>
          <Y t="13">0.00036</Y>
          <Y t="14">0.00042</Y>
          <Y t="15">0.00048</Y>
          <Y t="16">0.00053</Y>
          <Y t="17">0.00056</Y>
          <Y t="18">0.00062</Y>
          <Y t="19">0.00068</Y>
          <Y t="20">0.00073</Y>
          <Y t="21">0.00077</Y>
          <Y t="22">0.00079</Y>
          <Y t="23">0.00082</Y>
          <Y t="24">0.00086</Y>
          <Y t="25">0.00091</Y>
        </Axis>
      </Axis>
      <Axis t="25">
        <Axis>
          <Y t="1">9E-05</Y>
          <Y t="2">0.00012</Y>
          <Y t="3">0.00012</Y>
          <Y t="4">0.00013</Y>
          <Y t="5">0.00015</Y>
          <Y t="6">0.00017</Y>
          <Y t="7">0.0002</Y>
          <Y t="8">0.00023</Y>
          <Y t="9">0.00025</Y>
          <Y t="10">0.00028</Y>
          <Y t="11">0.00031</Y>
          <Y t="12">0.00034</Y>
          <Y t="13">0.0004</Y>
          <Y t="14">0.00046</Y>
          <Y t="15">0.00051</Y>
          <Y t="16">0.00054</Y>
          <Y t="17">0.00058</Y>
          <Y t="18">0.00063</Y>
          <Y t="19">0.00069</Y>
          <Y t="20">0.00074</Y>
          <Y t="21">0.00079</Y>
          <Y t="22">0.00082</Y>
          <Y t="23">0.00086</Y>
          <Y t="24">0.00091</Y>
          <Y t="25">0.00098</Y>
        </Axis>
      </Axis>
      <Axis t="26">
        <Axis>
          <Y t="1">7E-05</Y>
          <Y t="2">0.00011</Y>
          <Y t="3">0.00012</Y>
          <Y t="4">0.00013</Y>
          <Y t="5">0.00015</Y>
          <Y t="6">0.00017</Y>
          <Y t="7">0.0002</Y>
          <Y t="8">0.00023</Y>
          <Y t="9">0.00027</Y>
          <Y t="10">0.0003</Y>
          <Y t="11">0.00034</Y>
          <Y t="12">0.00038</Y>
          <Y t="13">0.00045</Y>
          <Y t="14">0.0005</Y>
          <Y t="15">0.00053</Y>
          <Y t="16">0.00056</Y>
          <Y t="17">0.0006</Y>
          <Y t="18">0.00065</Y>
          <Y t="19">0.00071</Y>
          <Y t="20">0.00077</Y>
          <Y t="21">0.00082</Y>
          <Y t="22">0.00086</Y>
          <Y t="23">0.00091</Y>
          <Y t="24">0.00098</Y>
          <Y t="25">0.00106</Y>
        </Axis>
      </Axis>
      <Axis t="27">
        <Axis>
          <Y t="1">7E-05</Y>
          <Y t="2">0.0001</Y>
          <Y t="3">0.00012</Y>
          <Y t="4">0.00014</Y>
          <Y t="5">0.00015</Y>
          <Y t="6">0.00018</Y>
          <Y t="7">0.00021</Y>
          <Y t="8">0.00025</Y>
          <Y t="9">0.00029</Y>
          <Y t="10">0.00033</Y>
          <Y t="11">0.00037</Y>
          <Y t="12">0.00043</Y>
          <Y t="13">0.00049</Y>
          <Y t="14">0.00053</Y>
          <Y t="15">0.00055</Y>
          <Y t="16">0.00058</Y>
          <Y t="17">0.00062</Y>
          <Y t="18">0.00068</Y>
          <Y t="19">0.00074</Y>
          <Y t="20">0.0008</Y>
          <Y t="21">0.00086</Y>
          <Y t="22">0.00091</Y>
          <Y t="23">0.00098</Y>
          <Y t="24">0.00106</Y>
          <Y t="25">0.00116</Y>
        </Axis>
      </Axis>
      <Axis t="28">
        <Axis>
          <Y t="1">6E-05</Y>
          <Y t="2">0.00011</Y>
          <Y t="3">0.00012</Y>
          <Y t="4">0.00014</Y>
          <Y t="5">0.00016</Y>
          <Y t="6">0.00018</Y>
          <Y t="7">0.00022</Y>
          <Y t="8">0.00027</Y>
          <Y t="9">0.00031</Y>
          <Y t="10">0.00036</Y>
          <Y t="11">0.0004</Y>
          <Y t="12">0.00046</Y>
          <Y t="13">0.00052</Y>
          <Y t="14">0.00055</Y>
          <Y t="15">0.00057</Y>
          <Y t="16">0.0006</Y>
          <Y t="17">0.00065</Y>
          <Y t="18">0.00071</Y>
          <Y t="19">0.00077</Y>
          <Y t="20">0.00084</Y>
          <Y t="21">0.00091</Y>
          <Y t="22">0.00098</Y>
          <Y t="23">0.00106</Y>
          <Y t="24">0.00116</Y>
          <Y t="25">0.0013</Y>
        </Axis>
      </Axis>
      <Axis t="29">
        <Axis>
          <Y t="1">6E-05</Y>
          <Y t="2">0.00011</Y>
          <Y t="3">0.00013</Y>
          <Y t="4">0.00014</Y>
          <Y t="5">0.00016</Y>
          <Y t="6">0.00019</Y>
          <Y t="7">0.00024</Y>
          <Y t="8">0.00029</Y>
          <Y t="9">0.00034</Y>
          <Y t="10">0.00038</Y>
          <Y t="11">0.00043</Y>
          <Y t="12">0.00049</Y>
          <Y t="13">0.00054</Y>
          <Y t="14">0.00057</Y>
          <Y t="15">0.00059</Y>
          <Y t="16">0.00063</Y>
          <Y t="17">0.00069</Y>
          <Y t="18">0.00076</Y>
          <Y t="19">0.00083</Y>
          <Y t="20">0.0009</Y>
          <Y t="21">0.00098</Y>
          <Y t="22">0.00106</Y>
          <Y t="23">0.00116</Y>
          <Y t="24">0.0013</Y>
          <Y t="25">0.00145</Y>
        </Axis>
      </Axis>
      <Axis t="30">
        <Axis>
          <Y t="1">6E-05</Y>
          <Y t="2">0.00011</Y>
          <Y t="3">0.00013</Y>
          <Y t="4">0.00015</Y>
          <Y t="5">0.00017</Y>
          <Y t="6">0.00021</Y>
          <Y t="7">0.00026</Y>
          <Y t="8">0.00031</Y>
          <Y t="9">0.00036</Y>
          <Y t="10">0.00041</Y>
          <Y t="11">0.00045</Y>
          <Y t="12">0.0005</Y>
          <Y t="13">0.00055</Y>
          <Y t="14">0.00059</Y>
          <Y t="15">0.00062</Y>
          <Y t="16">0.00067</Y>
          <Y t="17">0.00074</Y>
          <Y t="18">0.00082</Y>
          <Y t="19">0.00089</Y>
          <Y t="20">0.00097</Y>
          <Y t="21">0.00106</Y>
          <Y t="22">0.00116</Y>
          <Y t="23">0.0013</Y>
          <Y t="24">0.00145</Y>
          <Y t="25">0.00162</Y>
        </Axis>
      </Axis>
      <Axis t="31">
        <Axis>
          <Y t="1">6E-05</Y>
          <Y t="2">0.00012</Y>
          <Y t="3">0.00014</Y>
          <Y t="4">0.00016</Y>
          <Y t="5">0.00019</Y>
          <Y t="6">0.00024</Y>
          <Y t="7">0.00029</Y>
          <Y t="8">0.00034</Y>
          <Y t="9">0.00038</Y>
          <Y t="10">0.00042</Y>
          <Y t="11">0.00047</Y>
          <Y t="12">0.00052</Y>
          <Y t="13">0.00057</Y>
          <Y t="14">0.00061</Y>
          <Y t="15">0.00066</Y>
          <Y t="16">0.00072</Y>
          <Y t="17">0.0008</Y>
          <Y t="18">0.00088</Y>
          <Y t="19">0.00096</Y>
          <Y t="20">0.00105</Y>
          <Y t="21">0.00116</Y>
          <Y t="22">0.0013</Y>
          <Y t="23">0.00145</Y>
          <Y t="24">0.00162</Y>
          <Y t="25">0.00179</Y>
        </Axis>
      </Axis>
      <Axis t="32">
        <Axis>
          <Y t="1">7E-05</Y>
          <Y t="2">0.00012</Y>
          <Y t="3">0.00015</Y>
          <Y t="4">0.00018</Y>
          <Y t="5">0.00022</Y>
          <Y t="6">0.00027</Y>
          <Y t="7">0.00031</Y>
          <Y t="8">0.00036</Y>
          <Y t="9">0.0004</Y>
          <Y t="10">0.00044</Y>
          <Y t="11">0.00048</Y>
          <Y t="12">0.00054</Y>
          <Y t="13">0.0006</Y>
          <Y t="14">0.00065</Y>
          <Y t="15">0.00072</Y>
          <Y t="16">0.00079</Y>
          <Y t="17">0.00087</Y>
          <Y t="18">0.00095</Y>
          <Y t="19">0.00104</Y>
          <Y t="20">0.00115</Y>
          <Y t="21">0.0013</Y>
          <Y t="22">0.00145</Y>
          <Y t="23">0.00162</Y>
          <Y t="24">0.00179</Y>
          <Y t="25">0.00195</Y>
        </Axis>
      </Axis>
      <Axis t="33">
        <Axis>
          <Y t="1">7E-05</Y>
          <Y t="2">0.00013</Y>
          <Y t="3">0.00017</Y>
          <Y t="4">0.0002</Y>
          <Y t="5">0.00025</Y>
          <Y t="6">0.00029</Y>
          <Y t="7">0.00034</Y>
          <Y t="8">0.00038</Y>
          <Y t="9">0.00041</Y>
          <Y t="10">0.00045</Y>
          <Y t="11">0.0005</Y>
          <Y t="12">0.00056</Y>
          <Y t="13">0.00064</Y>
          <Y t="14">0.00071</Y>
          <Y t="15">0.00078</Y>
          <Y t="16">0.00085</Y>
          <Y t="17">0.00094</Y>
          <Y t="18">0.00103</Y>
          <Y t="19">0.00114</Y>
          <Y t="20">0.00128</Y>
          <Y t="21">0.00145</Y>
          <Y t="22">0.00162</Y>
          <Y t="23">0.00179</Y>
          <Y t="24">0.00195</Y>
          <Y t="25">0.00211</Y>
        </Axis>
      </Axis>
      <Axis t="34">
        <Axis>
          <Y t="1">7E-05</Y>
          <Y t="2">0.00013</Y>
          <Y t="3">0.00018</Y>
          <Y t="4">0.00023</Y>
          <Y t="5">0.00028</Y>
          <Y t="6">0.00031</Y>
          <Y t="7">0.00037</Y>
          <Y t="8">0.0004</Y>
          <Y t="9">0.00042</Y>
          <Y t="10">0.00046</Y>
          <Y t="11">0.00052</Y>
          <Y t="12">0.0006</Y>
          <Y t="13">0.00069</Y>
          <Y t="14">0.00077</Y>
          <Y t="15">0.00085</Y>
          <Y t="16">0.00093</Y>
          <Y t="17">0.00102</Y>
          <Y t="18">0.00112</Y>
          <Y t="19">0.00126</Y>
          <Y t="20">0.00143</Y>
          <Y t="21">0.00162</Y>
          <Y t="22">0.00179</Y>
          <Y t="23">0.00195</Y>
          <Y t="24">0.00211</Y>
          <Y t="25">0.00228</Y>
        </Axis>
      </Axis>
      <Axis t="35">
        <Axis>
          <Y t="1">8E-05</Y>
          <Y t="2">0.00014</Y>
          <Y t="3">0.00021</Y>
          <Y t="4">0.00026</Y>
          <Y t="5">0.0003</Y>
          <Y t="6">0.00034</Y>
          <Y t="7">0.00039</Y>
          <Y t="8">0.00042</Y>
          <Y t="9">0.00044</Y>
          <Y t="10">0.00048</Y>
          <Y t="11">0.00055</Y>
          <Y t="12">0.00065</Y>
          <Y t="13">0.00076</Y>
          <Y t="14">0.00084</Y>
          <Y t="15">0.00092</Y>
          <Y t="16">0.001</Y>
          <Y t="17">0.00111</Y>
          <Y t="18">0.00123</Y>
          <Y t="19">0.00139</Y>
          <Y t="20">0.00158</Y>
          <Y t="21">0.00179</Y>
          <Y t="22">0.00195</Y>
          <Y t="23">0.00211</Y>
          <Y t="24">0.00228</Y>
          <Y t="25">0.00246</Y>
        </Axis>
      </Axis>
      <Axis t="36">
        <Axis>
          <Y t="1">9E-05</Y>
          <Y t="2">0.00015</Y>
          <Y t="3">0.00023</Y>
          <Y t="4">0.00029</Y>
          <Y t="5">0.00033</Y>
          <Y t="6">0.00038</Y>
          <Y t="7">0.00041</Y>
          <Y t="8">0.00043</Y>
          <Y t="9">0.00046</Y>
          <Y t="10">0.00052</Y>
          <Y t="11">0.00061</Y>
          <Y t="12">0.00072</Y>
          <Y t="13">0.00083</Y>
          <Y t="14">0.00091</Y>
          <Y t="15">0.001</Y>
          <Y t="16">0.00108</Y>
          <Y t="17">0.0012</Y>
          <Y t="18">0.00134</Y>
          <Y t="19">0.00153</Y>
          <Y t="20">0.00174</Y>
          <Y t="21">0.00195</Y>
          <Y t="22">0.00211</Y>
          <Y t="23">0.00228</Y>
          <Y t="24">0.00246</Y>
          <Y t="25">0.00267</Y>
        </Axis>
      </Axis>
      <Axis t="37">
        <Axis>
          <Y t="1">9E-05</Y>
          <Y t="2">0.00015</Y>
          <Y t="3">0.00024</Y>
          <Y t="4">0.00031</Y>
          <Y t="5">0.00037</Y>
          <Y t="6">0.00041</Y>
          <Y t="7">0.00043</Y>
          <Y t="8">0.00045</Y>
          <Y t="9">0.00049</Y>
          <Y t="10">0.00057</Y>
          <Y t="11">0.00067</Y>
          <Y t="12">0.00079</Y>
          <Y t="13">0.0009</Y>
          <Y t="14">0.00099</Y>
          <Y t="15">0.00107</Y>
          <Y t="16">0.00117</Y>
          <Y t="17">0.0013</Y>
          <Y t="18">0.00146</Y>
          <Y t="19">0.00167</Y>
          <Y t="20">0.0019</Y>
          <Y t="21">0.00211</Y>
          <Y t="22">0.00228</Y>
          <Y t="23">0.00246</Y>
          <Y t="24">0.00267</Y>
          <Y t="25">0.00292</Y>
        </Axis>
      </Axis>
      <Axis t="38">
        <Axis>
          <Y t="1">0.0001</Y>
          <Y t="2">0.00016</Y>
          <Y t="3">0.00026</Y>
          <Y t="4">0.00033</Y>
          <Y t="5">0.00039</Y>
          <Y t="6">0.00043</Y>
          <Y t="7">0.00045</Y>
          <Y t="8">0.00048</Y>
          <Y t="9">0.00054</Y>
          <Y t="10">0.00063</Y>
          <Y t="11">0.00075</Y>
          <Y t="12">0.00086</Y>
          <Y t="13">0.00097</Y>
          <Y t="14">0.00106</Y>
          <Y t="15">0.00115</Y>
          <Y t="16">0.00126</Y>
          <Y t="17">0.00141</Y>
          <Y t="18">0.00159</Y>
          <Y t="19">0.00181</Y>
          <Y t="20">0.00205</Y>
          <Y t="21">0.00228</Y>
          <Y t="22">0.00246</Y>
          <Y t="23">0.00267</Y>
          <Y t="24">0.00292</Y>
          <Y t="25">0.00321</Y>
        </Axis>
      </Axis>
      <Axis t="39">
        <Axis>
          <Y t="1">0.00011</Y>
          <Y t="2">0.00017</Y>
          <Y t="3">0.00026</Y>
          <Y t="4">0.00034</Y>
          <Y t="5">0.00041</Y>
          <Y t="6">0.00045</Y>
          <Y t="7">0.00048</Y>
          <Y t="8">0.00053</Y>
          <Y t="9">0.00059</Y>
          <Y t="10">0.0007</Y>
          <Y t="11">0.00082</Y>
          <Y t="12">0.00093</Y>
          <Y t="13">0.00104</Y>
          <Y t="14">0.00114</Y>
          <Y t="15">0.00123</Y>
          <Y t="16">0.00136</Y>
          <Y t="17">0.00153</Y>
          <Y t="18">0.00173</Y>
          <Y t="19">0.00196</Y>
          <Y t="20">0.00221</Y>
          <Y t="21">0.00246</Y>
          <Y t="22">0.00267</Y>
          <Y t="23">0.00292</Y>
          <Y t="24">0.00321</Y>
          <Y t="25">0.00354</Y>
        </Axis>
      </Axis>
      <Axis t="40">
        <Axis>
          <Y t="1">0.00011</Y>
          <Y t="2">0.00018</Y>
          <Y t="3">0.00027</Y>
          <Y t="4">0.00035</Y>
          <Y t="5">0.00043</Y>
          <Y t="6">0.00048</Y>
          <Y t="7">0.00052</Y>
          <Y t="8">0.00057</Y>
          <Y t="9">0.00065</Y>
          <Y t="10">0.00077</Y>
          <Y t="11">0.0009</Y>
          <Y t="12">0.00101</Y>
          <Y t="13">0.00112</Y>
          <Y t="14">0.00122</Y>
          <Y t="15">0.00134</Y>
          <Y t="16">0.00148</Y>
          <Y t="17">0.00166</Y>
          <Y t="18">0.00187</Y>
          <Y t="19">0.00211</Y>
          <Y t="20">0.00239</Y>
          <Y t="21">0.00267</Y>
          <Y t="22">0.00292</Y>
          <Y t="23">0.00321</Y>
          <Y t="24">0.00354</Y>
          <Y t="25">0.0039</Y>
        </Axis>
      </Axis>
      <Axis t="41">
        <Axis>
          <Y t="1">0.00012</Y>
          <Y t="2">0.00019</Y>
          <Y t="3">0.00027</Y>
          <Y t="4">0.00037</Y>
          <Y t="5">0.00046</Y>
          <Y t="6">0.00052</Y>
          <Y t="7">0.00056</Y>
          <Y t="8">0.00062</Y>
          <Y t="9">0.00072</Y>
          <Y t="10">0.00085</Y>
          <Y t="11">0.00097</Y>
          <Y t="12">0.00108</Y>
          <Y t="13">0.0012</Y>
          <Y t="14">0.00132</Y>
          <Y t="15">0.00146</Y>
          <Y t="16">0.00162</Y>
          <Y t="17">0.00181</Y>
          <Y t="18">0.00203</Y>
          <Y t="19">0.00229</Y>
          <Y t="20">0.0026</Y>
          <Y t="21">0.00292</Y>
          <Y t="22">0.00321</Y>
          <Y t="23">0.00354</Y>
          <Y t="24">0.0039</Y>
          <Y t="25">0.0043</Y>
        </Axis>
      </Axis>
      <Axis t="42">
        <Axis>
          <Y t="1">0.00013</Y>
          <Y t="2">0.0002</Y>
          <Y t="3">0.00028</Y>
          <Y t="4">0.0004</Y>
          <Y t="5">0.0005</Y>
          <Y t="6">0.00056</Y>
          <Y t="7">0.0006</Y>
          <Y t="8">0.00067</Y>
          <Y t="9">0.00079</Y>
          <Y t="10">0.00092</Y>
          <Y t="11">0.00104</Y>
          <Y t="12">0.00115</Y>
          <Y t="13">0.00129</Y>
          <Y t="14">0.00144</Y>
          <Y t="15">0.0016</Y>
          <Y t="16">0.00178</Y>
          <Y t="17">0.00199</Y>
          <Y t="18">0.00223</Y>
          <Y t="19">0.00251</Y>
          <Y t="20">0.00285</Y>
          <Y t="21">0.00321</Y>
          <Y t="22">0.00354</Y>
          <Y t="23">0.0039</Y>
          <Y t="24">0.0043</Y>
          <Y t="25">0.00472</Y>
        </Axis>
      </Axis>
      <Axis t="43">
        <Axis>
          <Y t="1">0.00014</Y>
          <Y t="2">0.00021</Y>
          <Y t="3">0.0003</Y>
          <Y t="4">0.00044</Y>
          <Y t="5">0.00053</Y>
          <Y t="6">0.00059</Y>
          <Y t="7">0.00064</Y>
          <Y t="8">0.00073</Y>
          <Y t="9">0.00085</Y>
          <Y t="10">0.00099</Y>
          <Y t="11">0.00111</Y>
          <Y t="12">0.00124</Y>
          <Y t="13">0.00141</Y>
          <Y t="14">0.00158</Y>
          <Y t="15">0.00176</Y>
          <Y t="16">0.00196</Y>
          <Y t="17">0.00218</Y>
          <Y t="18">0.00244</Y>
          <Y t="19">0.00275</Y>
          <Y t="20">0.00314</Y>
          <Y t="21">0.00354</Y>
          <Y t="22">0.0039</Y>
          <Y t="23">0.0043</Y>
          <Y t="24">0.00472</Y>
          <Y t="25">0.00519</Y>
        </Axis>
      </Axis>
      <Axis t="44">
        <Axis>
          <Y t="1">0.00015</Y>
          <Y t="2">0.00021</Y>
          <Y t="3">0.00033</Y>
          <Y t="4">0.0005</Y>
          <Y t="5">0.00057</Y>
          <Y t="6">0.00063</Y>
          <Y t="7">0.00069</Y>
          <Y t="8">0.00079</Y>
          <Y t="9">0.00092</Y>
          <Y t="10">0.00106</Y>
          <Y t="11">0.00119</Y>
          <Y t="12">0.00135</Y>
          <Y t="13">0.00154</Y>
          <Y t="14">0.00174</Y>
          <Y t="15">0.00194</Y>
          <Y t="16">0.00215</Y>
          <Y t="17">0.00239</Y>
          <Y t="18">0.00268</Y>
          <Y t="19">0.00303</Y>
          <Y t="20">0.00345</Y>
          <Y t="21">0.0039</Y>
          <Y t="22">0.0043</Y>
          <Y t="23">0.00472</Y>
          <Y t="24">0.00519</Y>
          <Y t="25">0.00572</Y>
        </Axis>
      </Axis>
      <Axis t="45">
        <Axis>
          <Y t="1">0.00017</Y>
          <Y t="2">0.00022</Y>
          <Y t="3">0.00036</Y>
          <Y t="4">0.00054</Y>
          <Y t="5">0.00062</Y>
          <Y t="6">0.00068</Y>
          <Y t="7">0.00075</Y>
          <Y t="8">0.00086</Y>
          <Y t="9">0.001</Y>
          <Y t="10">0.00114</Y>
          <Y t="11">0.00129</Y>
          <Y t="12">0.00148</Y>
          <Y t="13">0.0017</Y>
          <Y t="14">0.00193</Y>
          <Y t="15">0.00213</Y>
          <Y t="16">0.00236</Y>
          <Y t="17">0.00264</Y>
          <Y t="18">0.00297</Y>
          <Y t="19">0.00335</Y>
          <Y t="20">0.0038</Y>
          <Y t="21">0.0043</Y>
          <Y t="22">0.00472</Y>
          <Y t="23">0.00519</Y>
          <Y t="24">0.00572</Y>
          <Y t="25">0.00633</Y>
        </Axis>
      </Axis>
      <Axis t="46">
        <Axis>
          <Y t="1">0.00019</Y>
          <Y t="2">0.00022</Y>
          <Y t="3">0.00041</Y>
          <Y t="4">0.00058</Y>
          <Y t="5">0.00066</Y>
          <Y t="6">0.00074</Y>
          <Y t="7">0.00082</Y>
          <Y t="8">0.00094</Y>
          <Y t="9">0.00107</Y>
          <Y t="10">0.00122</Y>
          <Y t="11">0.0014</Y>
          <Y t="12">0.00163</Y>
          <Y t="13">0.00189</Y>
          <Y t="14">0.00212</Y>
          <Y t="15">0.00235</Y>
          <Y t="16">0.00262</Y>
          <Y t="17">0.00293</Y>
          <Y t="18">0.00328</Y>
          <Y t="19">0.0037</Y>
          <Y t="20">0.00418</Y>
          <Y t="21">0.00472</Y>
          <Y t="22">0.00519</Y>
          <Y t="23">0.00572</Y>
          <Y t="24">0.00633</Y>
          <Y t="25">0.00704</Y>
        </Axis>
      </Axis>
      <Axis t="47">
        <Axis>
          <Y t="1">0.0002</Y>
          <Y t="2">0.00024</Y>
          <Y t="3">0.00048</Y>
          <Y t="4">0.00063</Y>
          <Y t="5">0.00072</Y>
          <Y t="6">0.0008</Y>
          <Y t="7">0.0009</Y>
          <Y t="8">0.00102</Y>
          <Y t="9">0.00116</Y>
          <Y t="10">0.00132</Y>
          <Y t="11">0.00153</Y>
          <Y t="12">0.0018</Y>
          <Y t="13">0.00209</Y>
          <Y t="14">0.00234</Y>
          <Y t="15">0.0026</Y>
          <Y t="16">0.0029</Y>
          <Y t="17">0.00325</Y>
          <Y t="18">0.00364</Y>
          <Y t="19">0.00409</Y>
          <Y t="20">0.0046</Y>
          <Y t="21">0.00519</Y>
          <Y t="22">0.00572</Y>
          <Y t="23">0.00633</Y>
          <Y t="24">0.00704</Y>
          <Y t="25">0.0079</Y>
        </Axis>
      </Axis>
      <Axis t="48">
        <Axis>
          <Y t="1">0.00021</Y>
          <Y t="2">0.00027</Y>
          <Y t="3">0.00057</Y>
          <Y t="4">0.00069</Y>
          <Y t="5">0.0008</Y>
          <Y t="6">0.00088</Y>
          <Y t="7">0.00099</Y>
          <Y t="8">0.00112</Y>
          <Y t="9">0.00126</Y>
          <Y t="10">0.00144</Y>
          <Y t="11">0.00167</Y>
          <Y t="12">0.00198</Y>
          <Y t="13">0.00231</Y>
          <Y t="14">0.00258</Y>
          <Y t="15">0.00286</Y>
          <Y t="16">0.00319</Y>
          <Y t="17">0.00359</Y>
          <Y t="18">0.00401</Y>
          <Y t="19">0.0045</Y>
          <Y t="20">0.00506</Y>
          <Y t="21">0.00572</Y>
          <Y t="22">0.00633</Y>
          <Y t="23">0.00704</Y>
          <Y t="24">0.0079</Y>
          <Y t="25">0.00891</Y>
        </Axis>
      </Axis>
      <Axis t="49">
        <Axis>
          <Y t="1">0.00021</Y>
          <Y t="2">0.00033</Y>
          <Y t="3">0.00066</Y>
          <Y t="4">0.00078</Y>
          <Y t="5">0.00088</Y>
          <Y t="6">0.00097</Y>
          <Y t="7">0.00109</Y>
          <Y t="8">0.00122</Y>
          <Y t="9">0.00137</Y>
          <Y t="10">0.00157</Y>
          <Y t="11">0.00184</Y>
          <Y t="12">0.00216</Y>
          <Y t="13">0.00251</Y>
          <Y t="14">0.0028</Y>
          <Y t="15">0.00311</Y>
          <Y t="16">0.0035</Y>
          <Y t="17">0.00394</Y>
          <Y t="18">0.0044</Y>
          <Y t="19">0.00493</Y>
          <Y t="20">0.00556</Y>
          <Y t="21">0.00633</Y>
          <Y t="22">0.00704</Y>
          <Y t="23">0.0079</Y>
          <Y t="24">0.00891</Y>
          <Y t="25">0.0101</Y>
        </Axis>
      </Axis>
      <Axis t="50">
        <Axis>
          <Y t="1">0.00022</Y>
          <Y t="2">0.00043</Y>
          <Y t="3">0.00076</Y>
          <Y t="4">0.00087</Y>
          <Y t="5">0.00097</Y>
          <Y t="6">0.00107</Y>
          <Y t="7">0.0012</Y>
          <Y t="8">0.00133</Y>
          <Y t="9">0.0015</Y>
          <Y t="10">0.00173</Y>
          <Y t="11">0.00202</Y>
          <Y t="12">0.00235</Y>
          <Y t="13">0.0027</Y>
          <Y t="14">0.00302</Y>
          <Y t="15">0.00338</Y>
          <Y t="16">0.00383</Y>
          <Y t="17">0.00431</Y>
          <Y t="18">0.0048</Y>
          <Y t="19">0.00539</Y>
          <Y t="20">0.00613</Y>
          <Y t="21">0.00704</Y>
          <Y t="22">0.0079</Y>
          <Y t="23">0.00891</Y>
          <Y t="24">0.0101</Y>
          <Y t="25">0.01149</Y>
        </Axis>
      </Axis>
      <Axis t="51">
        <Axis>
          <Y t="1">0.00023</Y>
          <Y t="2">0.00054</Y>
          <Y t="3">0.00083</Y>
          <Y t="4">0.00094</Y>
          <Y t="5">0.00106</Y>
          <Y t="6">0.00118</Y>
          <Y t="7">0.00131</Y>
          <Y t="8">0.00145</Y>
          <Y t="9">0.00165</Y>
          <Y t="10">0.00192</Y>
          <Y t="11">0.00223</Y>
          <Y t="12">0.00255</Y>
          <Y t="13">0.0029</Y>
          <Y t="14">0.00326</Y>
          <Y t="15">0.00368</Y>
          <Y t="16">0.00419</Y>
          <Y t="17">0.00469</Y>
          <Y t="18">0.00523</Y>
          <Y t="19">0.00592</Y>
          <Y t="20">0.00682</Y>
          <Y t="21">0.0079</Y>
          <Y t="22">0.00891</Y>
          <Y t="23">0.0101</Y>
          <Y t="24">0.01149</Y>
          <Y t="25">0.01309</Y>
        </Axis>
      </Axis>
      <Axis t="52">
        <Axis>
          <Y t="1">0.00023</Y>
          <Y t="2">0.00064</Y>
          <Y t="3">0.00088</Y>
          <Y t="4">0.00101</Y>
          <Y t="5">0.00115</Y>
          <Y t="6">0.00129</Y>
          <Y t="7">0.00143</Y>
          <Y t="8">0.00161</Y>
          <Y t="9">0.00184</Y>
          <Y t="10">0.00213</Y>
          <Y t="11">0.00245</Y>
          <Y t="12">0.00277</Y>
          <Y t="13">0.00312</Y>
          <Y t="14">0.00353</Y>
          <Y t="15">0.00402</Y>
          <Y t="16">0.00459</Y>
          <Y t="17">0.00514</Y>
          <Y t="18">0.00579</Y>
          <Y t="19">0.00661</Y>
          <Y t="20">0.00765</Y>
          <Y t="21">0.00891</Y>
          <Y t="22">0.0101</Y>
          <Y t="23">0.01149</Y>
          <Y t="24">0.01309</Y>
          <Y t="25">0.01494</Y>
        </Axis>
      </Axis>
      <Axis t="53">
        <Axis>
          <Y t="1">0.00024</Y>
          <Y t="2">0.00068</Y>
          <Y t="3">0.00092</Y>
          <Y t="4">0.00108</Y>
          <Y t="5">0.00125</Y>
          <Y t="6">0.00141</Y>
          <Y t="7">0.00158</Y>
          <Y t="8">0.00179</Y>
          <Y t="9">0.00206</Y>
          <Y t="10">0.00237</Y>
          <Y t="11">0.00269</Y>
          <Y t="12">0.003</Y>
          <Y t="13">0.00338</Y>
          <Y t="14">0.00385</Y>
          <Y t="15">0.00442</Y>
          <Y t="16">0.00506</Y>
          <Y t="17">0.00572</Y>
          <Y t="18">0.00652</Y>
          <Y t="19">0.00749</Y>
          <Y t="20">0.00866</Y>
          <Y t="21">0.0101</Y>
          <Y t="22">0.01149</Y>
          <Y t="23">0.01309</Y>
          <Y t="24">0.01494</Y>
          <Y t="25">0.01712</Y>
        </Axis>
      </Axis>
      <Axis t="54">
        <Axis>
          <Y t="1">0.00025</Y>
          <Y t="2">0.0007</Y>
          <Y t="3">0.00095</Y>
          <Y t="4">0.00113</Y>
          <Y t="5">0.00138</Y>
          <Y t="6">0.00156</Y>
          <Y t="7">0.00177</Y>
          <Y t="8">0.00201</Y>
          <Y t="9">0.0023</Y>
          <Y t="10">0.00263</Y>
          <Y t="11">0.00293</Y>
          <Y t="12">0.00325</Y>
          <Y t="13">0.00369</Y>
          <Y t="14">0.00425</Y>
          <Y t="15">0.00491</Y>
          <Y t="16">0.00565</Y>
          <Y t="17">0.00643</Y>
          <Y t="18">0.00738</Y>
          <Y t="19">0.00855</Y>
          <Y t="20">0.00998</Y>
          <Y t="21">0.01149</Y>
          <Y t="22">0.01309</Y>
          <Y t="23">0.01494</Y>
          <Y t="24">0.01712</Y>
          <Y t="25">0.01971</Y>
        </Axis>
      </Axis>
      <Axis t="55">
        <Axis>
          <Y t="1">0.00026</Y>
          <Y t="2">0.00071</Y>
          <Y t="3">0.00098</Y>
          <Y t="4">0.00119</Y>
          <Y t="5">0.00153</Y>
          <Y t="6">0.00175</Y>
          <Y t="7">0.00199</Y>
          <Y t="8">0.00225</Y>
          <Y t="9">0.00256</Y>
          <Y t="10">0.00288</Y>
          <Y t="11">0.00317</Y>
          <Y t="12">0.00353</Y>
          <Y t="13">0.00405</Y>
          <Y t="14">0.00472</Y>
          <Y t="15">0.00549</Y>
          <Y t="16">0.00637</Y>
          <Y t="17">0.00732</Y>
          <Y t="18">0.00842</Y>
          <Y t="19">0.0098</Y>
          <Y t="20">0.01149</Y>
          <Y t="21">0.01309</Y>
          <Y t="22">0.01494</Y>
          <Y t="23">0.01712</Y>
          <Y t="24">0.01971</Y>
          <Y t="25">0.02284</Y>
        </Axis>
      </Axis>
      <Axis t="56">
        <Axis>
          <Y t="1">0.00027</Y>
          <Y t="2">0.00072</Y>
          <Y t="3">0.00099</Y>
          <Y t="4">0.00128</Y>
          <Y t="5">0.00171</Y>
          <Y t="6">0.00197</Y>
          <Y t="7">0.00224</Y>
          <Y t="8">0.00252</Y>
          <Y t="9">0.00282</Y>
          <Y t="10">0.00311</Y>
          <Y t="11">0.00341</Y>
          <Y t="12">0.00383</Y>
          <Y t="13">0.00446</Y>
          <Y t="14">0.00526</Y>
          <Y t="15">0.00617</Y>
          <Y t="16">0.00721</Y>
          <Y t="17">0.00834</Y>
          <Y t="18">0.00962</Y>
          <Y t="19">0.01118</Y>
          <Y t="20">0.01309</Y>
          <Y t="21">0.01494</Y>
          <Y t="22">0.01712</Y>
          <Y t="23">0.01971</Y>
          <Y t="24">0.02284</Y>
          <Y t="25">0.02653</Y>
        </Axis>
      </Axis>
      <Axis t="57">
        <Axis>
          <Y t="1">0.00027</Y>
          <Y t="2">0.00074</Y>
          <Y t="3">0.00101</Y>
          <Y t="4">0.00143</Y>
          <Y t="5">0.00194</Y>
          <Y t="6">0.00223</Y>
          <Y t="7">0.0025</Y>
          <Y t="8">0.00277</Y>
          <Y t="9">0.00305</Y>
          <Y t="10">0.00333</Y>
          <Y t="11">0.00366</Y>
          <Y t="12">0.00418</Y>
          <Y t="13">0.00495</Y>
          <Y t="14">0.0059</Y>
          <Y t="15">0.00698</Y>
          <Y t="16">0.00819</Y>
          <Y t="17">0.00949</Y>
          <Y t="18">0.01096</Y>
          <Y t="19">0.01276</Y>
          <Y t="20">0.01494</Y>
          <Y t="21">0.01712</Y>
          <Y t="22">0.01971</Y>
          <Y t="23">0.02284</Y>
          <Y t="24">0.02653</Y>
          <Y t="25">0.03048</Y>
        </Axis>
      </Axis>
      <Axis t="58">
        <Axis>
          <Y t="1">0.00029</Y>
          <Y t="2">0.00076</Y>
          <Y t="3">0.00105</Y>
          <Y t="4">0.00164</Y>
          <Y t="5">0.00219</Y>
          <Y t="6">0.00249</Y>
          <Y t="7">0.00276</Y>
          <Y t="8">0.00299</Y>
          <Y t="9">0.00325</Y>
          <Y t="10">0.00355</Y>
          <Y t="11">0.00396</Y>
          <Y t="12">0.00463</Y>
          <Y t="13">0.00558</Y>
          <Y t="14">0.00669</Y>
          <Y t="15">0.00795</Y>
          <Y t="16">0.00936</Y>
          <Y t="17">0.01087</Y>
          <Y t="18">0.01255</Y>
          <Y t="19">0.01462</Y>
          <Y t="20">0.01712</Y>
          <Y t="21">0.01971</Y>
          <Y t="22">0.02284</Y>
          <Y t="23">0.02653</Y>
          <Y t="24">0.03048</Y>
          <Y t="25">0.0346</Y>
        </Axis>
      </Axis>
      <Axis t="59">
        <Axis>
          <Y t="1">0.00032</Y>
          <Y t="2">0.00078</Y>
          <Y t="3">0.00116</Y>
          <Y t="4">0.00187</Y>
          <Y t="5">0.00244</Y>
          <Y t="6">0.00274</Y>
          <Y t="7">0.00297</Y>
          <Y t="8">0.00318</Y>
          <Y t="9">0.00344</Y>
          <Y t="10">0.0038</Y>
          <Y t="11">0.00436</Y>
          <Y t="12">0.00522</Y>
          <Y t="13">0.00637</Y>
          <Y t="14">0.00766</Y>
          <Y t="15">0.00912</Y>
          <Y t="16">0.01073</Y>
          <Y t="17">0.01246</Y>
          <Y t="18">0.01435</Y>
          <Y t="19">0.01678</Y>
          <Y t="20">0.01971</Y>
          <Y t="21">0.02284</Y>
          <Y t="22">0.02653</Y>
          <Y t="23">0.03048</Y>
          <Y t="24">0.0346</Y>
          <Y t="25">0.03936</Y>
        </Axis>
      </Axis>
      <Axis t="60">
        <Axis>
          <Y t="1">0.00038</Y>
          <Y t="2">0.00081</Y>
          <Y t="3">0.00135</Y>
          <Y t="4">0.0021</Y>
          <Y t="5">0.00269</Y>
          <Y t="6">0.00295</Y>
          <Y t="7">0.00315</Y>
          <Y t="8">0.00337</Y>
          <Y t="9">0.00367</Y>
          <Y t="10">0.00415</Y>
          <Y t="11">0.00489</Y>
          <Y t="12">0.00598</Y>
          <Y t="13">0.00733</Y>
          <Y t="14">0.00883</Y>
          <Y t="15">0.01049</Y>
          <Y t="16">0.01231</Y>
          <Y t="17">0.01427</Y>
          <Y t="18">0.01646</Y>
          <Y t="19">0.01938</Y>
          <Y t="20">0.02284</Y>
          <Y t="21">0.02653</Y>
          <Y t="22">0.03048</Y>
          <Y t="23">0.0346</Y>
          <Y t="24">0.03936</Y>
          <Y t="25">0.04601</Y>
        </Axis>
      </Axis>
      <Axis t="61">
        <Axis>
          <Y t="1">0.00045</Y>
          <Y t="2">0.00088</Y>
          <Y t="3">0.00161</Y>
          <Y t="4">0.00228</Y>
          <Y t="5">0.00291</Y>
          <Y t="6">0.00312</Y>
          <Y t="7">0.00331</Y>
          <Y t="8">0.00357</Y>
          <Y t="9">0.00398</Y>
          <Y t="10">0.00464</Y>
          <Y t="11">0.00561</Y>
          <Y t="12">0.00693</Y>
          <Y t="13">0.00848</Y>
          <Y t="14">0.01017</Y>
          <Y t="15">0.01202</Y>
          <Y t="16">0.01409</Y>
          <Y t="17">0.01638</Y>
          <Y t="18">0.0192</Y>
          <Y t="19">0.02269</Y>
          <Y t="20">0.02653</Y>
          <Y t="21">0.03048</Y>
          <Y t="22">0.0346</Y>
          <Y t="23">0.03936</Y>
          <Y t="24">0.04601</Y>
          <Y t="25">0.05367</Y>
        </Axis>
      </Axis>
      <Axis t="62">
        <Axis>
          <Y t="1">0.00054</Y>
          <Y t="2">0.001</Y>
          <Y t="3">0.0019</Y>
          <Y t="4">0.00249</Y>
          <Y t="5">0.00307</Y>
          <Y t="6">0.00328</Y>
          <Y t="7">0.00352</Y>
          <Y t="8">0.00389</Y>
          <Y t="9">0.00445</Y>
          <Y t="10">0.00531</Y>
          <Y t="11">0.00653</Y>
          <Y t="12">0.00808</Y>
          <Y t="13">0.00982</Y>
          <Y t="14">0.01169</Y>
          <Y t="15">0.01377</Y>
          <Y t="16">0.01613</Y>
          <Y t="17">0.01903</Y>
          <Y t="18">0.02239</Y>
          <Y t="19">0.02653</Y>
          <Y t="20">0.03048</Y>
          <Y t="21">0.0346</Y>
          <Y t="22">0.03936</Y>
          <Y t="23">0.04601</Y>
          <Y t="24">0.05367</Y>
          <Y t="25">0.06128</Y>
        </Axis>
      </Axis>
      <Axis t="63">
        <Axis>
          <Y t="1">0.00064</Y>
          <Y t="2">0.0012</Y>
          <Y t="3">0.00218</Y>
          <Y t="4">0.00272</Y>
          <Y t="5">0.00317</Y>
          <Y t="6">0.00347</Y>
          <Y t="7">0.00387</Y>
          <Y t="8">0.0044</Y>
          <Y t="9">0.0051</Y>
          <Y t="10">0.00619</Y>
          <Y t="11">0.00765</Y>
          <Y t="12">0.00939</Y>
          <Y t="13">0.01129</Y>
          <Y t="14">0.01336</Y>
          <Y t="15">0.01573</Y>
          <Y t="16">0.01871</Y>
          <Y t="17">0.02221</Y>
          <Y t="18">0.02626</Y>
          <Y t="19">0.03048</Y>
          <Y t="20">0.0346</Y>
          <Y t="21">0.03936</Y>
          <Y t="22">0.04601</Y>
          <Y t="23">0.05367</Y>
          <Y t="24">0.06128</Y>
          <Y t="25">0.07008</Y>
        </Axis>
      </Axis>
      <Axis t="64">
        <Axis>
          <Y t="1">0.00072</Y>
          <Y t="2">0.00148</Y>
          <Y t="3">0.00241</Y>
          <Y t="4">0.00288</Y>
          <Y t="5">0.0033</Y>
          <Y t="6">0.00378</Y>
          <Y t="7">0.00437</Y>
          <Y t="8">0.00503</Y>
          <Y t="9">0.00593</Y>
          <Y t="10">0.00731</Y>
          <Y t="11">0.00898</Y>
          <Y t="12">0.01084</Y>
          <Y t="13">0.0129</Y>
          <Y t="14">0.01517</Y>
          <Y t="15">0.01793</Y>
          <Y t="16">0.02176</Y>
          <Y t="17">0.02581</Y>
          <Y t="18">0.03048</Y>
          <Y t="19">0.0346</Y>
          <Y t="20">0.03936</Y>
          <Y t="21">0.04601</Y>
          <Y t="22">0.05367</Y>
          <Y t="23">0.06128</Y>
          <Y t="24">0.07008</Y>
          <Y t="25">0.08013</Y>
        </Axis>
      </Axis>
      <Axis t="65">
        <Axis>
          <Y t="1">0.00081</Y>
          <Y t="2">0.00169</Y>
          <Y t="3">0.00259</Y>
          <Y t="4">0.00299</Y>
          <Y t="5">0.0035</Y>
          <Y t="6">0.00422</Y>
          <Y t="7">0.00496</Y>
          <Y t="8">0.00579</Y>
          <Y t="9">0.00697</Y>
          <Y t="10">0.00865</Y>
          <Y t="11">0.0105</Y>
          <Y t="12">0.01245</Y>
          <Y t="13">0.01472</Y>
          <Y t="14">0.01741</Y>
          <Y t="15">0.02065</Y>
          <Y t="16">0.02507</Y>
          <Y t="17">0.03008</Y>
          <Y t="18">0.0346</Y>
          <Y t="19">0.03936</Y>
          <Y t="20">0.04601</Y>
          <Y t="21">0.05367</Y>
          <Y t="22">0.06128</Y>
          <Y t="23">0.07008</Y>
          <Y t="24">0.08013</Y>
          <Y t="25">0.09129</Y>
        </Axis>
      </Axis>
      <Axis t="66">
        <Axis>
          <Y t="1">0.0009</Y>
          <Y t="2">0.00178</Y>
          <Y t="3">0.00274</Y>
          <Y t="4">0.00311</Y>
          <Y t="5">0.00377</Y>
          <Y t="6">0.00471</Y>
          <Y t="7">0.00564</Y>
          <Y t="8">0.00672</Y>
          <Y t="9">0.00822</Y>
          <Y t="10">0.01021</Y>
          <Y t="11">0.01226</Y>
          <Y t="12">0.01441</Y>
          <Y t="13">0.01679</Y>
          <Y t="14">0.01994</Y>
          <Y t="15">0.02362</Y>
          <Y t="16">0.02861</Y>
          <Y t="17">0.0346</Y>
          <Y t="18">0.03936</Y>
          <Y t="19">0.04601</Y>
          <Y t="20">0.05367</Y>
          <Y t="21">0.06128</Y>
          <Y t="22">0.07008</Y>
          <Y t="23">0.08013</Y>
          <Y t="24">0.09129</Y>
          <Y t="25">0.10345</Y>
        </Axis>
      </Axis>
      <Axis t="67">
        <Axis>
          <Y t="1">0.001</Y>
          <Y t="2">0.00186</Y>
          <Y t="3">0.00286</Y>
          <Y t="4">0.00329</Y>
          <Y t="5">0.00416</Y>
          <Y t="6">0.0053</Y>
          <Y t="7">0.00645</Y>
          <Y t="8">0.00783</Y>
          <Y t="9">0.00967</Y>
          <Y t="10">0.012</Y>
          <Y t="11">0.01429</Y>
          <Y t="12">0.01665</Y>
          <Y t="13">0.01947</Y>
          <Y t="14">0.023</Y>
          <Y t="15">0.02671</Y>
          <Y t="16">0.03267</Y>
          <Y t="17">0.03936</Y>
          <Y t="18">0.04601</Y>
          <Y t="19">0.05367</Y>
          <Y t="20">0.06128</Y>
          <Y t="21">0.07008</Y>
          <Y t="22">0.08013</Y>
          <Y t="23">0.09129</Y>
          <Y t="24">0.10345</Y>
          <Y t="25">0.11661</Y>
        </Axis>
      </Axis>
      <Axis t="68">
        <Axis>
          <Y t="1">0.00111</Y>
          <Y t="2">0.00194</Y>
          <Y t="3">0.00298</Y>
          <Y t="4">0.0036</Y>
          <Y t="5">0.00467</Y>
          <Y t="6">0.006</Y>
          <Y t="7">0.0074</Y>
          <Y t="8">0.0091</Y>
          <Y t="9">0.01132</Y>
          <Y t="10">0.01402</Y>
          <Y t="11">0.0165</Y>
          <Y t="12">0.01933</Y>
          <Y t="13">0.0228</Y>
          <Y t="14">0.02655</Y>
          <Y t="15">0.03121</Y>
          <Y t="16">0.03826</Y>
          <Y t="17">0.04601</Y>
          <Y t="18">0.05367</Y>
          <Y t="19">0.06128</Y>
          <Y t="20">0.07008</Y>
          <Y t="21">0.08013</Y>
          <Y t="22">0.09129</Y>
          <Y t="23">0.10345</Y>
          <Y t="24">0.11661</Y>
          <Y t="25">0.13096</Y>
        </Axis>
      </Axis>
      <Axis t="69">
        <Axis>
          <Y t="1">0.00124</Y>
          <Y t="2">0.00203</Y>
          <Y t="3">0.00313</Y>
          <Y t="4">0.00397</Y>
          <Y t="5">0.00529</Y>
          <Y t="6">0.00681</Y>
          <Y t="7">0.00844</Y>
          <Y t="8">0.01049</Y>
          <Y t="9">0.01316</Y>
          <Y t="10">0.0163</Y>
          <Y t="11">0.0192</Y>
          <Y t="12">0.02261</Y>
          <Y t="13">0.0264</Y>
          <Y t="14">0.03099</Y>
          <Y t="15">0.03769</Y>
          <Y t="16">0.04584</Y>
          <Y t="17">0.05367</Y>
          <Y t="18">0.06128</Y>
          <Y t="19">0.07008</Y>
          <Y t="20">0.08013</Y>
          <Y t="21">0.09129</Y>
          <Y t="22">0.10345</Y>
          <Y t="23">0.11661</Y>
          <Y t="24">0.13096</Y>
          <Y t="25">0.14621</Y>
        </Axis>
      </Axis>
      <Axis t="70">
        <Axis>
          <Y t="1">0.00137</Y>
          <Y t="2">0.00215</Y>
          <Y t="3">0.00331</Y>
          <Y t="4">0.00441</Y>
          <Y t="5">0.00602</Y>
          <Y t="6">0.00768</Y>
          <Y t="7">0.00957</Y>
          <Y t="8">0.01203</Y>
          <Y t="9">0.01522</Y>
          <Y t="10">0.01884</Y>
          <Y t="11">0.02241</Y>
          <Y t="12">0.02608</Y>
          <Y t="13">0.03071</Y>
          <Y t="14">0.03686</Y>
          <Y t="15">0.04494</Y>
          <Y t="16">0.05367</Y>
          <Y t="17">0.06128</Y>
          <Y t="18">0.07008</Y>
          <Y t="19">0.08013</Y>
          <Y t="20">0.09129</Y>
          <Y t="21">0.10345</Y>
          <Y t="22">0.11661</Y>
          <Y t="23">0.13096</Y>
          <Y t="24">0.14621</Y>
          <Y t="25">0.16247</Y>
        </Axis>
      </Axis>
      <Axis t="71">
        <Axis>
          <Y t="1">0.00153</Y>
          <Y t="2">0.00229</Y>
          <Y t="3">0.00354</Y>
          <Y t="4">0.00501</Y>
          <Y t="5">0.0068</Y>
          <Y t="6">0.0086</Y>
          <Y t="7">0.01079</Y>
          <Y t="8">0.01373</Y>
          <Y t="9">0.01751</Y>
          <Y t="10">0.02173</Y>
          <Y t="11">0.02584</Y>
          <Y t="12">0.02979</Y>
          <Y t="13">0.03568</Y>
          <Y t="14">0.04325</Y>
          <Y t="15">0.05225</Y>
          <Y t="16">0.06128</Y>
          <Y t="17">0.07008</Y>
          <Y t="18">0.08013</Y>
          <Y t="19">0.09129</Y>
          <Y t="20">0.10345</Y>
          <Y t="21">0.11661</Y>
          <Y t="22">0.13096</Y>
          <Y t="23">0.14621</Y>
          <Y t="24">0.16247</Y>
          <Y t="25">0.18074</Y>
        </Axis>
      </Axis>
      <Axis t="72">
        <Axis>
          <Y t="1">0.0017</Y>
          <Y t="2">0.00248</Y>
          <Y t="3">0.00383</Y>
          <Y t="4">0.00574</Y>
          <Y t="5">0.00763</Y>
          <Y t="6">0.00958</Y>
          <Y t="7">0.01211</Y>
          <Y t="8">0.0156</Y>
          <Y t="9">0.02012</Y>
          <Y t="10">0.025</Y>
          <Y t="11">0.02952</Y>
          <Y t="12">0.03433</Y>
          <Y t="13">0.04143</Y>
          <Y t="14">0.0504</Y>
          <Y t="15">0.06062</Y>
          <Y t="16">0.07008</Y>
          <Y t="17">0.08013</Y>
          <Y t="18">0.09129</Y>
          <Y t="19">0.10345</Y>
          <Y t="20">0.11661</Y>
          <Y t="21">0.13096</Y>
          <Y t="22">0.14621</Y>
          <Y t="23">0.16247</Y>
          <Y t="24">0.18074</Y>
          <Y t="25">0.20127</Y>
        </Axis>
      </Axis>
      <Axis t="73">
        <Axis>
          <Y t="1">0.00193</Y>
          <Y t="2">0.00273</Y>
          <Y t="3">0.00422</Y>
          <Y t="4">0.00652</Y>
          <Y t="5">0.0085</Y>
          <Y t="6">0.01062</Y>
          <Y t="7">0.01354</Y>
          <Y t="8">0.01772</Y>
          <Y t="9">0.02308</Y>
          <Y t="10">0.02861</Y>
          <Y t="11">0.03356</Y>
          <Y t="12">0.03963</Y>
          <Y t="13">0.04802</Y>
          <Y t="14">0.05839</Y>
          <Y t="15">0.07008</Y>
          <Y t="16">0.08013</Y>
          <Y t="17">0.09129</Y>
          <Y t="18">0.10345</Y>
          <Y t="19">0.11661</Y>
          <Y t="20">0.13096</Y>
          <Y t="21">0.14621</Y>
          <Y t="22">0.16247</Y>
          <Y t="23">0.18074</Y>
          <Y t="24">0.20127</Y>
          <Y t="25">0.22374</Y>
        </Axis>
      </Axis>
      <Axis t="74">
        <Axis>
          <Y t="1">0.00223</Y>
          <Y t="2">0.00301</Y>
          <Y t="3">0.00472</Y>
          <Y t="4">0.00737</Y>
          <Y t="5">0.00942</Y>
          <Y t="6">0.01174</Y>
          <Y t="7">0.01519</Y>
          <Y t="8">0.02018</Y>
          <Y t="9">0.02643</Y>
          <Y t="10">0.03268</Y>
          <Y t="11">0.03809</Y>
          <Y t="12">0.04536</Y>
          <Y t="13">0.05508</Y>
          <Y t="14">0.06717</Y>
          <Y t="15">0.08013</Y>
          <Y t="16">0.09129</Y>
          <Y t="17">0.10345</Y>
          <Y t="18">0.11661</Y>
          <Y t="19">0.13096</Y>
          <Y t="20">0.14621</Y>
          <Y t="21">0.16247</Y>
          <Y t="22">0.18074</Y>
          <Y t="23">0.20127</Y>
          <Y t="24">0.22374</Y>
          <Y t="25">0.24802</Y>
        </Axis>
      </Axis>
      <Axis t="75">
        <Axis>
          <Y t="1">0.00257</Y>
          <Y t="2">0.00336</Y>
          <Y t="3">0.00535</Y>
          <Y t="4">0.00828</Y>
          <Y t="5">0.01039</Y>
          <Y t="6">0.01301</Y>
          <Y t="7">0.01707</Y>
          <Y t="8">0.02294</Y>
          <Y t="9">0.03019</Y>
          <Y t="10">0.03718</Y>
          <Y t="11">0.04364</Y>
          <Y t="12">0.05251</Y>
          <Y t="13">0.06383</Y>
          <Y t="14">0.07729</Y>
          <Y t="15">0.09129</Y>
          <Y t="16">0.10345</Y>
          <Y t="17">0.11661</Y>
          <Y t="18">0.13096</Y>
          <Y t="19">0.14621</Y>
          <Y t="20">0.16247</Y>
          <Y t="21">0.18074</Y>
          <Y t="22">0.20127</Y>
          <Y t="23">0.22374</Y>
          <Y t="24">0.24802</Y>
          <Y t="25">0.27379</Y>
        </Axis>
      </Axis>
      <Axis t="76">
        <Axis>
          <Y t="1">0.00294</Y>
          <Y t="2">0.00377</Y>
          <Y t="3">0.00612</Y>
          <Y t="4">0.00926</Y>
          <Y t="5">0.01146</Y>
          <Y t="6">0.01445</Y>
          <Y t="7">0.0192</Y>
          <Y t="8">0.02608</Y>
          <Y t="9">0.03444</Y>
          <Y t="10">0.04215</Y>
          <Y t="11">0.05084</Y>
          <Y t="12">0.06157</Y>
          <Y t="13">0.07463</Y>
          <Y t="14">0.08986</Y>
          <Y t="15">0.10345</Y>
          <Y t="16">0.11661</Y>
          <Y t="17">0.13096</Y>
          <Y t="18">0.14621</Y>
          <Y t="19">0.16247</Y>
          <Y t="20">0.18074</Y>
          <Y t="21">0.20127</Y>
          <Y t="22">0.22374</Y>
          <Y t="23">0.24802</Y>
          <Y t="24">0.27379</Y>
          <Y t="25">0.29921</Y>
        </Axis>
      </Axis>
      <Axis t="77">
        <Axis>
          <Y t="1">0.00333</Y>
          <Y t="2">0.00428</Y>
          <Y t="3">0.00703</Y>
          <Y t="4">0.01032</Y>
          <Y t="5">0.01267</Y>
          <Y t="6">0.0161</Y>
          <Y t="7">0.0217</Y>
          <Y t="8">0.02981</Y>
          <Y t="9">0.03939</Y>
          <Y t="10">0.04824</Y>
          <Y t="11">0.05918</Y>
          <Y t="12">0.07199</Y>
          <Y t="13">0.0874</Y>
          <Y t="14">0.10345</Y>
          <Y t="15">0.11661</Y>
          <Y t="16">0.13096</Y>
          <Y t="17">0.14621</Y>
          <Y t="18">0.16247</Y>
          <Y t="19">0.18074</Y>
          <Y t="20">0.20127</Y>
          <Y t="21">0.22374</Y>
          <Y t="22">0.24802</Y>
          <Y t="23">0.27379</Y>
          <Y t="24">0.29921</Y>
          <Y t="25">0.32314</Y>
        </Axis>
      </Axis>
      <Axis t="78">
        <Axis>
          <Y t="1">0.0036</Y>
          <Y t="2">0.0049</Y>
          <Y t="3">0.00813</Y>
          <Y t="4">0.01149</Y>
          <Y t="5">0.01402</Y>
          <Y t="6">0.01804</Y>
          <Y t="7">0.02472</Y>
          <Y t="8">0.03426</Y>
          <Y t="9">0.04516</Y>
          <Y t="10">0.05622</Y>
          <Y t="11">0.06939</Y>
          <Y t="12">0.08493</Y>
          <Y t="13">0.10202</Y>
          <Y t="14">0.11661</Y>
          <Y t="15">0.13096</Y>
          <Y t="16">0.14621</Y>
          <Y t="17">0.16247</Y>
          <Y t="18">0.18074</Y>
          <Y t="19">0.20127</Y>
          <Y t="20">0.22374</Y>
          <Y t="21">0.24802</Y>
          <Y t="22">0.27379</Y>
          <Y t="23">0.29921</Y>
          <Y t="24">0.32314</Y>
          <Y t="25">0.34698</Y>
        </Axis>
      </Axis>
      <Axis t="79">
        <Axis>
          <Y t="1">0.00374</Y>
          <Y t="2">0.00565</Y>
          <Y t="3">0.00942</Y>
          <Y t="4">0.01276</Y>
          <Y t="5">0.01556</Y>
          <Y t="6">0.02039</Y>
          <Y t="7">0.02839</Y>
          <Y t="8">0.0396</Y>
          <Y t="9">0.05245</Y>
          <Y t="10">0.06648</Y>
          <Y t="11">0.08241</Y>
          <Y t="12">0.10103</Y>
          <Y t="13">0.11661</Y>
          <Y t="14">0.13096</Y>
          <Y t="15">0.14621</Y>
          <Y t="16">0.16247</Y>
          <Y t="17">0.18074</Y>
          <Y t="18">0.20127</Y>
          <Y t="19">0.22374</Y>
          <Y t="20">0.24802</Y>
          <Y t="21">0.27379</Y>
          <Y t="22">0.29921</Y>
          <Y t="23">0.32314</Y>
          <Y t="24">0.34698</Y>
          <Y t="25">0.37036</Y>
        </Axis>
      </Axis>
      <Axis t="80">
        <Axis>
          <Y t="1">0.00397</Y>
          <Y t="2">0.00654</Y>
          <Y t="3">0.01089</Y>
          <Y t="4">0.01414</Y>
          <Y t="5">0.01739</Y>
          <Y t="6">0.02339</Y>
          <Y t="7">0.03291</Y>
          <Y t="8">0.04608</Y>
          <Y t="9">0.06117</Y>
          <Y t="10">0.07792</Y>
          <Y t="11">0.09701</Y>
          <Y t="12">0.11661</Y>
          <Y t="13">0.13096</Y>
          <Y t="14">0.14621</Y>
          <Y t="15">0.16247</Y>
          <Y t="16">0.18074</Y>
          <Y t="17">0.20127</Y>
          <Y t="18">0.22374</Y>
          <Y t="19">0.24802</Y>
          <Y t="20">0.27379</Y>
          <Y t="21">0.29921</Y>
          <Y t="22">0.32314</Y>
          <Y t="23">0.34698</Y>
          <Y t="24">0.37036</Y>
          <Y t="25">0.39292</Y>
        </Axis>
      </Axis>
      <Axis t="81">
        <Axis>
          <Y t="1">0.00434</Y>
          <Y t="2">0.00757</Y>
          <Y t="3">0.01252</Y>
          <Y t="4">0.01567</Y>
          <Y t="5">0.02011</Y>
          <Y t="6">0.02746</Y>
          <Y t="7">0.03858</Y>
          <Y t="8">0.05415</Y>
          <Y t="9">0.07211</Y>
          <Y t="10">0.09215</Y>
          <Y t="11">0.11389</Y>
          <Y t="12">0.13096</Y>
          <Y t="13">0.14621</Y>
          <Y t="14">0.16247</Y>
          <Y t="15">0.18074</Y>
          <Y t="16">0.20127</Y>
          <Y t="17">0.22374</Y>
          <Y t="18">0.24802</Y>
          <Y t="19">0.27379</Y>
          <Y t="20">0.29921</Y>
          <Y t="21">0.32314</Y>
          <Y t="22">0.34698</Y>
          <Y t="23">0.37036</Y>
          <Y t="24">0.39292</Y>
          <Y t="25">0.4143</Y>
        </Axis>
      </Axis>
      <Axis t="82">
        <Axis>
          <Y t="1">0.00489</Y>
          <Y t="2">0.00877</Y>
          <Y t="3">0.01442</Y>
          <Y t="4">0.01819</Y>
          <Y t="5">0.02388</Y>
          <Y t="6">0.03261</Y>
          <Y t="7">0.0462</Y>
          <Y t="8">0.06549</Y>
          <Y t="9">0.08791</Y>
          <Y t="10">0.11197</Y>
          <Y t="11">0.13096</Y>
          <Y t="12">0.14621</Y>
          <Y t="13">0.16247</Y>
          <Y t="14">0.18074</Y>
          <Y t="15">0.20127</Y>
          <Y t="16">0.22374</Y>
          <Y t="17">0.24802</Y>
          <Y t="18">0.27379</Y>
          <Y t="19">0.29921</Y>
          <Y t="20">0.32314</Y>
          <Y t="21">0.34698</Y>
          <Y t="22">0.37036</Y>
          <Y t="23">0.39292</Y>
          <Y t="24">0.4143</Y>
          <Y t="25">0.43413</Y>
        </Axis>
      </Axis>
      <Axis t="83">
        <Axis>
          <Y t="1">0.00568</Y>
          <Y t="2">0.01015</Y>
          <Y t="3">0.0167</Y>
          <Y t="4">0.02196</Y>
          <Y t="5">0.02862</Y>
          <Y t="6">0.03924</Y>
          <Y t="7">0.05797</Y>
          <Y t="8">0.08244</Y>
          <Y t="9">0.11017</Y>
          <Y t="10">0.13096</Y>
          <Y t="11">0.14621</Y>
          <Y t="12">0.16247</Y>
          <Y t="13">0.18074</Y>
          <Y t="14">0.20127</Y>
          <Y t="15">0.22374</Y>
          <Y t="16">0.24802</Y>
          <Y t="17">0.27379</Y>
          <Y t="18">0.29921</Y>
          <Y t="19">0.32314</Y>
          <Y t="20">0.34698</Y>
          <Y t="21">0.37036</Y>
          <Y t="22">0.39292</Y>
          <Y t="23">0.4143</Y>
          <Y t="24">0.43413</Y>
          <Y t="25">0.45205</Y>
        </Axis>
      </Axis>
      <Axis t="84">
        <Axis>
          <Y t="1">0.00687</Y>
          <Y t="2">0.01185</Y>
          <Y t="3">0.01977</Y>
          <Y t="4">0.02651</Y>
          <Y t="5">0.03456</Y>
          <Y t="6">0.04876</Y>
          <Y t="7">0.07435</Y>
          <Y t="8">0.1018</Y>
          <Y t="9">0.13096</Y>
          <Y t="10">0.14621</Y>
          <Y t="11">0.16247</Y>
          <Y t="12">0.18074</Y>
          <Y t="13">0.20127</Y>
          <Y t="14">0.22374</Y>
          <Y t="15">0.24802</Y>
          <Y t="16">0.27379</Y>
          <Y t="17">0.29921</Y>
          <Y t="18">0.32314</Y>
          <Y t="19">0.34698</Y>
          <Y t="20">0.37036</Y>
          <Y t="21">0.39292</Y>
          <Y t="22">0.4143</Y>
          <Y t="23">0.43413</Y>
          <Y t="24">0.45205</Y>
          <Y t="25">0.46769</Y>
        </Axis>
      </Axis>
      <Axis t="85">
        <Axis>
          <Y t="1">0.00801</Y>
          <Y t="2">0.01413</Y>
          <Y t="3">0.02389</Y>
          <Y t="4">0.03208</Y>
          <Y t="5">0.0428</Y>
          <Y t="6">0.06492</Y>
          <Y t="7">0.09359</Y>
          <Y t="8">0.12441</Y>
          <Y t="9">0.14621</Y>
          <Y t="10">0.16247</Y>
          <Y t="11">0.18074</Y>
          <Y t="12">0.20127</Y>
          <Y t="13">0.22374</Y>
          <Y t="14">0.24802</Y>
          <Y t="15">0.27379</Y>
          <Y t="16">0.29921</Y>
          <Y t="17">0.32314</Y>
          <Y t="18">0.34698</Y>
          <Y t="19">0.37036</Y>
          <Y t="20">0.39292</Y>
          <Y t="21">0.4143</Y>
          <Y t="22">0.43413</Y>
          <Y t="23">0.45205</Y>
          <Y t="24">0.46769</Y>
          <Y t="25">0.48068</Y>
        </Axis>
      </Axis>
      <Axis t="86">
        <Axis>
          <Y t="1">0.00886</Y>
          <Y t="2">0.01709</Y>
          <Y t="3">0.02896</Y>
          <Y t="4">0.03898</Y>
          <Y t="5">0.05632</Y>
          <Y t="6">0.08772</Y>
          <Y t="7">0.1207</Y>
          <Y t="8">0.14621</Y>
          <Y t="9">0.16247</Y>
          <Y t="10">0.18074</Y>
          <Y t="11">0.20127</Y>
          <Y t="12">0.22374</Y>
          <Y t="13">0.24802</Y>
          <Y t="14">0.27379</Y>
          <Y t="15">0.29921</Y>
          <Y t="16">0.32314</Y>
          <Y t="17">0.34698</Y>
          <Y t="18">0.37036</Y>
          <Y t="19">0.39292</Y>
          <Y t="20">0.4143</Y>
          <Y t="21">0.43413</Y>
          <Y t="22">0.45205</Y>
          <Y t="23">0.46769</Y>
          <Y t="24">0.48068</Y>
          <Y t="25">0.49065</Y>
        </Axis>
      </Axis>
      <Axis t="87">
        <Axis>
          <Y t="1">0.0098</Y>
          <Y t="2">0.0207</Y>
          <Y t="3">0.0352</Y>
          <Y t="4">0.04973</Y>
          <Y t="5">0.07854</Y>
          <Y t="6">0.11878</Y>
          <Y t="7">0.14621</Y>
          <Y t="8">0.16247</Y>
          <Y t="9">0.18074</Y>
          <Y t="10">0.20127</Y>
          <Y t="11">0.22374</Y>
          <Y t="12">0.24802</Y>
          <Y t="13">0.27379</Y>
          <Y t="14">0.29921</Y>
          <Y t="15">0.32314</Y>
          <Y t="16">0.34698</Y>
          <Y t="17">0.37036</Y>
          <Y t="18">0.39292</Y>
          <Y t="19">0.4143</Y>
          <Y t="20">0.43413</Y>
          <Y t="21">0.45205</Y>
          <Y t="22">0.46769</Y>
          <Y t="23">0.48068</Y>
          <Y t="24">0.49065</Y>
          <Y t="25">0.49723</Y>
        </Axis>
      </Axis>
      <Axis t="88">
        <Axis>
          <Y t="1">0.01084</Y>
          <Y t="2">0.02487</Y>
          <Y t="3">0.04287</Y>
          <Y t="4">0.06663</Y>
          <Y t="5">0.10769</Y>
          <Y t="6">0.14621</Y>
          <Y t="7">0.16247</Y>
          <Y t="8">0.18074</Y>
          <Y t="9">0.20127</Y>
          <Y t="10">0.22374</Y>
          <Y t="11">0.24802</Y>
          <Y t="12">0.27379</Y>
          <Y t="13">0.29921</Y>
          <Y t="14">0.32314</Y>
          <Y t="15">0.34698</Y>
          <Y t="16">0.37036</Y>
          <Y t="17">0.39292</Y>
          <Y t="18">0.4143</Y>
          <Y t="19">0.43413</Y>
          <Y t="20">0.45205</Y>
          <Y t="21">0.46769</Y>
          <Y t="22">0.48068</Y>
          <Y t="23">0.49065</Y>
          <Y t="24">0.49723</Y>
          <Y t="25">0.5</Y>
        </Axis>
      </Axis>
      <Axis t="89">
        <Axis>
          <Y t="1">0.01199</Y>
          <Y t="2">0.02967</Y>
          <Y t="3">0.05482</Y>
          <Y t="4">0.09188</Y>
          <Y t="5">0.1383</Y>
          <Y t="6">0.16247</Y>
          <Y t="7">0.18074</Y>
          <Y t="8">0.20127</Y>
          <Y t="9">0.22374</Y>
          <Y t="10">0.24802</Y>
          <Y t="11">0.27379</Y>
          <Y t="12">0.29921</Y>
          <Y t="13">0.32314</Y>
          <Y t="14">0.34698</Y>
          <Y t="15">0.37036</Y>
          <Y t="16">0.39292</Y>
          <Y t="17">0.4143</Y>
          <Y t="18">0.43413</Y>
          <Y t="19">0.45205</Y>
          <Y t="20">0.46769</Y>
          <Y t="21">0.48068</Y>
          <Y t="22">0.49065</Y>
          <Y t="23">0.49723</Y>
          <Y t="24">0.5</Y>
          <Y t="25">0.5</Y>
        </Axis>
      </Axis>
      <Axis t="90">
        <Axis>
          <Y t="1">0.01433</Y>
          <Y t="2">0.03751</Y>
          <Y t="3">0.07996</Y>
          <Y t="4">0.12999</Y>
          <Y t="5">0.16247</Y>
          <Y t="6">0.18074</Y>
          <Y t="7">0.20127</Y>
          <Y t="8">0.22374</Y>
          <Y t="9">0.24802</Y>
          <Y t="10">0.27379</Y>
          <Y t="11">0.29921</Y>
          <Y t="12">0.32314</Y>
          <Y t="13">0.34698</Y>
          <Y t="14">0.37036</Y>
          <Y t="15">0.39292</Y>
          <Y t="16">0.4143</Y>
          <Y t="17">0.43413</Y>
          <Y t="18">0.45205</Y>
          <Y t="19">0.46769</Y>
          <Y t="20">0.48068</Y>
          <Y t="21">0.49065</Y>
          <Y t="22">0.49723</Y>
          <Y t="23">0.5</Y>
          <Y t="24">0.5</Y>
          <Y t="25">0.5</Y>
        </Axis>
      </Axis>
      <Axis t="91">
        <Axis>
          <Y t="1">0.01973</Y>
          <Y t="2">0.05455</Y>
          <Y t="3">0.12497</Y>
          <Y t="4">0.16247</Y>
          <Y t="5">0.18074</Y>
          <Y t="6">0.20127</Y>
          <Y t="7">0.22374</Y>
          <Y t="8">0.24802</Y>
          <Y t="9">0.27379</Y>
          <Y t="10">0.29921</Y>
          <Y t="11">0.32314</Y>
          <Y t="12">0.34698</Y>
          <Y t="13">0.37036</Y>
          <Y t="14">0.39292</Y>
          <Y t="15">0.4143</Y>
          <Y t="16">0.43413</Y>
          <Y t="17">0.45205</Y>
          <Y t="18">0.46769</Y>
          <Y t="19">0.48068</Y>
          <Y t="20">0.49065</Y>
          <Y t="21">0.49723</Y>
          <Y t="22">0.5</Y>
          <Y t="23">0.5</Y>
          <Y t="24">0.5</Y>
          <Y t="25">0.5</Y>
        </Axis>
      </Axis>
      <Axis t="92">
        <Axis>
          <Y t="1">0.02953</Y>
          <Y t="2">0.08364</Y>
          <Y t="3">0.16247</Y>
          <Y t="4">0.18074</Y>
          <Y t="5">0.20127</Y>
          <Y t="6">0.22374</Y>
          <Y t="7">0.24802</Y>
          <Y t="8">0.27379</Y>
          <Y t="9">0.29921</Y>
          <Y t="10">0.32314</Y>
          <Y t="11">0.34698</Y>
          <Y t="12">0.37036</Y>
          <Y t="13">0.39292</Y>
          <Y t="14">0.4143</Y>
          <Y t="15">0.43413</Y>
          <Y t="16">0.45205</Y>
          <Y t="17">0.46769</Y>
          <Y t="18">0.48068</Y>
          <Y t="19">0.49065</Y>
          <Y t="20">0.49723</Y>
          <Y t="21">0.5</Y>
          <Y t="22">0.5</Y>
          <Y t="23">0.5</Y>
          <Y t="24">0.5</Y>
          <Y t="25">0.5</Y>
        </Axis>
      </Axis>
      <Axis t="93">
        <Axis>
          <Y t="1">0.04482</Y>
          <Y t="2">0.11193</Y>
          <Y t="3">0.18074</Y>
          <Y t="4">0.20127</Y>
          <Y t="5">0.22374</Y>
          <Y t="6">0.24802</Y>
          <Y t="7">0.27379</Y>
          <Y t="8">0.29921</Y>
          <Y t="9">0.32314</Y>
          <Y t="10">0.34698</Y>
          <Y t="11">0.37036</Y>
          <Y t="12">0.39292</Y>
          <Y t="13">0.4143</Y>
          <Y t="14">0.43413</Y>
          <Y t="15">0.45205</Y>
          <Y t="16">0.46769</Y>
          <Y t="17">0.48068</Y>
          <Y t="18">0.49065</Y>
          <Y t="19">0.49723</Y>
          <Y t="20">0.5</Y>
          <Y t="21">0.5</Y>
          <Y t="22">0.5</Y>
          <Y t="23">0.5</Y>
          <Y t="24">0.5</Y>
          <Y t="25">0.5</Y>
        </Axis>
      </Axis>
      <Axis t="94">
        <Axis>
          <Y t="1">0.06689</Y>
          <Y t="2">0.15518</Y>
          <Y t="3">0.20127</Y>
          <Y t="4">0.22374</Y>
          <Y t="5">0.24802</Y>
          <Y t="6">0.27379</Y>
          <Y t="7">0.29921</Y>
          <Y t="8">0.32314</Y>
          <Y t="9">0.34698</Y>
          <Y t="10">0.37036</Y>
          <Y t="11">0.39292</Y>
          <Y t="12">0.4143</Y>
          <Y t="13">0.43413</Y>
          <Y t="14">0.45205</Y>
          <Y t="15">0.46769</Y>
          <Y t="16">0.48068</Y>
          <Y t="17">0.49065</Y>
          <Y t="18">0.49723</Y>
          <Y t="19">0.5</Y>
          <Y t="20">0.5</Y>
          <Y t="21">0.5</Y>
          <Y t="22">0.5</Y>
          <Y t="23">0.5</Y>
          <Y t="24">0.5</Y>
          <Y t="25">0.5</Y>
        </Axis>
      </Axis>
      <Axis t="95">
        <Axis>
          <Y t="1">0.0929417169549299</Y>
          <Y t="2">0.20127</Y>
          <Y t="3">0.22374</Y>
          <Y t="4">0.24802</Y>
          <Y t="5">0.27379</Y>
          <Y t="6">0.29921</Y>
          <Y t="7">0.32314</Y>
          <Y t="8">0.34698</Y>
          <Y t="9">0.37036</Y>
          <Y t="10">0.39292</Y>
          <Y t="11">0.4143</Y>
          <Y t="12">0.43413</Y>
          <Y t="13">0.45205</Y>
          <Y t="14">0.46769</Y>
          <Y t="15">0.48068</Y>
          <Y t="16">0.49065</Y>
          <Y t="17">0.49723</Y>
          <Y t="18">0.5</Y>
          <Y t="19">0.5</Y>
          <Y t="20">0.5</Y>
          <Y t="21">0.5</Y>
          <Y t="22">0.5</Y>
          <Y t="23">0.5</Y>
          <Y t="24">0.5</Y>
          <Y t="25">0.5</Y>
        </Axis>
      </Axis>
    </Values>
  </Table>
  <Table>
    <MetaData>
      <ScalingFactor>0</ScalingFactor>
      <DataType tc="2">Floating Point</DataType>
      <Nation tc="1">United States of America</Nation>
      <TableDescription>2015 VBT Relative Risk Table - Female, 80% Non-Smoker, Age Last Birthday, Ultimate</TableDescription>
      <AxisDef id="Age">
        <ScaleType tc="3">Age</ScaleType>
        <AxisName>Age</AxisName>
        <MinScaleValue>18</MinScaleValue>
        <MaxScaleValue>120</MaxScaleValue>
        <Increment>1</Increment>
      </AxisDef>
    </MetaData>
    <Values>
      <Axis>
        <Y t="18">0.00024</Y>
        <Y t="19">0.00024</Y>
        <Y t="20">0.00023</Y>
        <Y t="21">0.00023</Y>
        <Y t="22">0.00023</Y>
        <Y t="23">0.00023</Y>
        <Y t="24">0.00023</Y>
        <Y t="25">0.00023</Y>
        <Y t="26">0.00023</Y>
        <Y t="27">0.00025</Y>
        <Y t="28">0.00026</Y>
        <Y t="29">0.00028</Y>
        <Y t="30">0.00029</Y>
        <Y t="31">0.00031</Y>
        <Y t="32">0.00035</Y>
        <Y t="33">0.00041</Y>
        <Y t="34">0.00047</Y>
        <Y t="35">0.00054</Y>
        <Y t="36">0.00061</Y>
        <Y t="37">0.00067</Y>
        <Y t="38">0.00072</Y>
        <Y t="39">0.00074</Y>
        <Y t="40">0.00075</Y>
        <Y t="41">0.00076</Y>
        <Y t="42">0.00076</Y>
        <Y t="43">0.00076</Y>
        <Y t="44">0.00077</Y>
        <Y t="45">0.00079</Y>
        <Y t="46">0.00082</Y>
        <Y t="47">0.00086</Y>
        <Y t="48">0.00091</Y>
        <Y t="49">0.00098</Y>
        <Y t="50">0.00106</Y>
        <Y t="51">0.00116</Y>
        <Y t="52">0.0013</Y>
        <Y t="53">0.00145</Y>
        <Y t="54">0.00162</Y>
        <Y t="55">0.00179</Y>
        <Y t="56">0.00195</Y>
        <Y t="57">0.00211</Y>
        <Y t="58">0.00228</Y>
        <Y t="59">0.00246</Y>
        <Y t="60">0.00267</Y>
        <Y t="61">0.00292</Y>
        <Y t="62">0.00321</Y>
        <Y t="63">0.00354</Y>
        <Y t="64">0.0039</Y>
        <Y t="65">0.0043</Y>
        <Y t="66">0.00472</Y>
        <Y t="67">0.00519</Y>
        <Y t="68">0.00572</Y>
        <Y t="69">0.00633</Y>
        <Y t="70">0.00704</Y>
        <Y t="71">0.0079</Y>
        <Y t="72">0.00891</Y>
        <Y t="73">0.0101</Y>
        <Y t="74">0.01149</Y>
        <Y t="75">0.01309</Y>
        <Y t="76">0.01494</Y>
        <Y t="77">0.01712</Y>
        <Y t="78">0.01971</Y>
        <Y t="79">0.02284</Y>
        <Y t="80">0.02653</Y>
        <Y t="81">0.03048</Y>
        <Y t="82">0.0346</Y>
        <Y t="83">0.03936</Y>
        <Y t="84">0.04601</Y>
        <Y t="85">0.05367</Y>
        <Y t="86">0.06128</Y>
        <Y t="87">0.07008</Y>
        <Y t="88">0.08013</Y>
        <Y t="89">0.09129</Y>
        <Y t="90">0.10345</Y>
        <Y t="91">0.11661</Y>
        <Y t="92">0.13096</Y>
        <Y t="93">0.14621</Y>
        <Y t="94">0.16247</Y>
        <Y t="95">0.18074</Y>
        <Y t="96">0.20127</Y>
        <Y t="97">0.22374</Y>
        <Y t="98">0.24802</Y>
        <Y t="99">0.27379</Y>
        <Y t="100">0.29921</Y>
        <Y t="101">0.32314</Y>
        <Y t="102">0.34698</Y>
        <Y t="103">0.37036</Y>
        <Y t="104">0.39292</Y>
        <Y t="105">0.4143</Y>
        <Y t="106">0.43413</Y>
        <Y t="107">0.45205</Y>
        <Y t="108">0.46769</Y>
        <Y t="109">0.48068</Y>
        <Y t="110">0.49065</Y>
        <Y t="111">0.49723</Y>
        <Y t="112">0.5</Y>
        <Y t="113">0.5</Y>
        <Y t="114">0.5</Y>
        <Y t="115">0.5</Y>
        <Y t="116">0.5</Y>
        <Y t="117">0.5</Y>
        <Y t="118">0.5</Y>
        <Y t="119">0.5</Y>
        <Y t="120">0.5</Y>
      </Axis>
    </Values>
  </Table>
</XTbML>