﻿<?xml version="1.0" encoding="utf-8"?>
<XTbML>
  <ContentClassification>
    <TableIdentity>3217</TableIdentity>
    <ProviderDomain>soa.org</ProviderDomain>
    <ProviderName>American Academy of Actuaries along with the Society of Actuaries</ProviderName>
    <TableReference>Society of Actuaries website, 2015 Valuation Basic Tables. Accessed: March, 2016 from https://www.soa.org/Research/Experience-Study/Ind-Life/Valuation/2015-valuation-basic-tables.aspx</TableReference>
    <ContentType tc="4">Insured Lives Mortality</ContentType>
    <TableName>2015 VBT Female Non-Smoker RR150 ALB</TableName>
    <TableDescription>2015 Valuation Basic Table (VBT) Relative Risk Table - Female, 150%, Non-Smoker, Age Last Birthday. Minimum Age: 18. Maximum Age: 95.</TableDescription>
    <Comments>Study Data: The 2015 VBT was developed based on the mortality experience from the SOA Individual Life Experience Committee studies from the 2002-2009 study period. Additional data from other sources was used to supplement the 2002-2009 experience at younger and older ages where industry experience was sparse.To develop the 2015 VBT table, the mortality was projected from March 1st, 2006 to July 1st, 2015, using recent mortality improvement trends. Data Certified: 07/2018.</Comments>
    <KeyWord>Select</KeyWord>
    <KeyWord>Insured Lives Mortality</KeyWord>
    <KeyWord>United States of America</KeyWord>
  </ContentClassification>
  <Table>
    <MetaData>
      <ScalingFactor>0</ScalingFactor>
      <DataType tc="2">Floating Point</DataType>
      <Nation tc="1">United States of America</Nation>
      <TableDescription>2015 VBT Relative Risk Table - Female, 150% Non-Smoker, Age Last Birthday, Select</TableDescription>
      <AxisDef id="Age">
        <ScaleType tc="3">Age</ScaleType>
        <AxisName>Age</AxisName>
        <MinScaleValue>18</MinScaleValue>
        <MaxScaleValue>95</MaxScaleValue>
        <Increment>1</Increment>
      </AxisDef>
      <AxisDef id="Duration">
        <ScaleType tc="2">Ordinal Date</ScaleType>
        <AxisName>Duration</AxisName>
        <MinScaleValue>1</MinScaleValue>
        <MaxScaleValue>25</MaxScaleValue>
        <Increment>1</Increment>
      </AxisDef>
    </MetaData>
    <Values>
      <Axis t="18">
        <Axis>
          <Y t="1">0.00047</Y>
          <Y t="2">0.00047</Y>
          <Y t="3">0.00046</Y>
          <Y t="4">0.00046</Y>
          <Y t="5">0.00046</Y>
          <Y t="6">0.00046</Y>
          <Y t="7">0.00046</Y>
          <Y t="8">0.00045</Y>
          <Y t="9">0.00046</Y>
          <Y t="10">0.00049</Y>
          <Y t="11">0.00052</Y>
          <Y t="12">0.00056</Y>
          <Y t="13">0.00058</Y>
          <Y t="14">0.00062</Y>
          <Y t="15">0.00069</Y>
          <Y t="16">0.0008</Y>
          <Y t="17">0.00093</Y>
          <Y t="18">0.00107</Y>
          <Y t="19">0.00121</Y>
          <Y t="20">0.00133</Y>
          <Y t="21">0.00144</Y>
          <Y t="22">0.00148</Y>
          <Y t="23">0.0015</Y>
          <Y t="24">0.0015</Y>
          <Y t="25">0.00151</Y>
        </Axis>
      </Axis>
      <Axis t="19">
        <Axis>
          <Y t="1">0.00044</Y>
          <Y t="2">0.00043</Y>
          <Y t="3">0.00043</Y>
          <Y t="4">0.00043</Y>
          <Y t="5">0.00044</Y>
          <Y t="6">0.00043</Y>
          <Y t="7">0.00042</Y>
          <Y t="8">0.00042</Y>
          <Y t="9">0.00044</Y>
          <Y t="10">0.00048</Y>
          <Y t="11">0.00052</Y>
          <Y t="12">0.00055</Y>
          <Y t="13">0.00057</Y>
          <Y t="14">0.00062</Y>
          <Y t="15">0.00071</Y>
          <Y t="16">0.00083</Y>
          <Y t="17">0.00099</Y>
          <Y t="18">0.00115</Y>
          <Y t="19">0.00129</Y>
          <Y t="20">0.0014</Y>
          <Y t="21">0.00148</Y>
          <Y t="22">0.0015</Y>
          <Y t="23">0.0015</Y>
          <Y t="24">0.00151</Y>
          <Y t="25">0.00151</Y>
        </Axis>
      </Axis>
      <Axis t="20">
        <Axis>
          <Y t="1">0.00037</Y>
          <Y t="2">0.00038</Y>
          <Y t="3">0.0004</Y>
          <Y t="4">0.00041</Y>
          <Y t="5">0.0004</Y>
          <Y t="6">0.00039</Y>
          <Y t="7">0.00038</Y>
          <Y t="8">0.0004</Y>
          <Y t="9">0.00044</Y>
          <Y t="10">0.00049</Y>
          <Y t="11">0.00052</Y>
          <Y t="12">0.00054</Y>
          <Y t="13">0.00056</Y>
          <Y t="14">0.00062</Y>
          <Y t="15">0.00073</Y>
          <Y t="16">0.00088</Y>
          <Y t="17">0.00103</Y>
          <Y t="18">0.00118</Y>
          <Y t="19">0.00132</Y>
          <Y t="20">0.00143</Y>
          <Y t="21">0.0015</Y>
          <Y t="22">0.0015</Y>
          <Y t="23">0.00151</Y>
          <Y t="24">0.00151</Y>
          <Y t="25">0.00152</Y>
        </Axis>
      </Axis>
      <Axis t="21">
        <Axis>
          <Y t="1">0.0003</Y>
          <Y t="2">0.00035</Y>
          <Y t="3">0.00038</Y>
          <Y t="4">0.00037</Y>
          <Y t="5">0.00036</Y>
          <Y t="6">0.00035</Y>
          <Y t="7">0.00036</Y>
          <Y t="8">0.0004</Y>
          <Y t="9">0.00045</Y>
          <Y t="10">0.0005</Y>
          <Y t="11">0.00052</Y>
          <Y t="12">0.00054</Y>
          <Y t="13">0.00057</Y>
          <Y t="14">0.00065</Y>
          <Y t="15">0.00078</Y>
          <Y t="16">0.00092</Y>
          <Y t="17">0.00106</Y>
          <Y t="18">0.0012</Y>
          <Y t="19">0.00133</Y>
          <Y t="20">0.00144</Y>
          <Y t="21">0.0015</Y>
          <Y t="22">0.00151</Y>
          <Y t="23">0.00151</Y>
          <Y t="24">0.00152</Y>
          <Y t="25">0.00156</Y>
        </Axis>
      </Axis>
      <Axis t="22">
        <Axis>
          <Y t="1">0.00026</Y>
          <Y t="2">0.00033</Y>
          <Y t="3">0.00035</Y>
          <Y t="4">0.00033</Y>
          <Y t="5">0.00032</Y>
          <Y t="6">0.00033</Y>
          <Y t="7">0.00036</Y>
          <Y t="8">0.00041</Y>
          <Y t="9">0.00046</Y>
          <Y t="10">0.0005</Y>
          <Y t="11">0.00052</Y>
          <Y t="12">0.00054</Y>
          <Y t="13">0.0006</Y>
          <Y t="14">0.0007</Y>
          <Y t="15">0.00084</Y>
          <Y t="16">0.00097</Y>
          <Y t="17">0.00109</Y>
          <Y t="18">0.00121</Y>
          <Y t="19">0.00134</Y>
          <Y t="20">0.00145</Y>
          <Y t="21">0.00151</Y>
          <Y t="22">0.00151</Y>
          <Y t="23">0.00152</Y>
          <Y t="24">0.00156</Y>
          <Y t="25">0.0016</Y>
        </Axis>
      </Axis>
      <Axis t="23">
        <Axis>
          <Y t="1">0.00024</Y>
          <Y t="2">0.0003</Y>
          <Y t="3">0.0003</Y>
          <Y t="4">0.00029</Y>
          <Y t="5">0.0003</Y>
          <Y t="6">0.00033</Y>
          <Y t="7">0.00037</Y>
          <Y t="8">0.00042</Y>
          <Y t="9">0.00047</Y>
          <Y t="10">0.00051</Y>
          <Y t="11">0.00053</Y>
          <Y t="12">0.00057</Y>
          <Y t="13">0.00065</Y>
          <Y t="14">0.00077</Y>
          <Y t="15">0.0009</Y>
          <Y t="16">0.00101</Y>
          <Y t="17">0.0011</Y>
          <Y t="18">0.00121</Y>
          <Y t="19">0.00134</Y>
          <Y t="20">0.00145</Y>
          <Y t="21">0.00151</Y>
          <Y t="22">0.00152</Y>
          <Y t="23">0.00156</Y>
          <Y t="24">0.0016</Y>
          <Y t="25">0.00165</Y>
        </Axis>
      </Axis>
      <Axis t="24">
        <Axis>
          <Y t="1">0.00021</Y>
          <Y t="2">0.00026</Y>
          <Y t="3">0.00027</Y>
          <Y t="4">0.00027</Y>
          <Y t="5">0.00029</Y>
          <Y t="6">0.00033</Y>
          <Y t="7">0.00038</Y>
          <Y t="8">0.00044</Y>
          <Y t="9">0.00049</Y>
          <Y t="10">0.00052</Y>
          <Y t="11">0.00056</Y>
          <Y t="12">0.00062</Y>
          <Y t="13">0.00071</Y>
          <Y t="14">0.00084</Y>
          <Y t="15">0.00096</Y>
          <Y t="16">0.00104</Y>
          <Y t="17">0.00112</Y>
          <Y t="18">0.00123</Y>
          <Y t="19">0.00135</Y>
          <Y t="20">0.00145</Y>
          <Y t="21">0.00152</Y>
          <Y t="22">0.00156</Y>
          <Y t="23">0.0016</Y>
          <Y t="24">0.00165</Y>
          <Y t="25">0.00172</Y>
        </Axis>
      </Axis>
      <Axis t="25">
        <Axis>
          <Y t="1">0.00017</Y>
          <Y t="2">0.00023</Y>
          <Y t="3">0.00025</Y>
          <Y t="4">0.00026</Y>
          <Y t="5">0.0003</Y>
          <Y t="6">0.00034</Y>
          <Y t="7">0.00039</Y>
          <Y t="8">0.00045</Y>
          <Y t="9">0.0005</Y>
          <Y t="10">0.00055</Y>
          <Y t="11">0.00061</Y>
          <Y t="12">0.00068</Y>
          <Y t="13">0.00079</Y>
          <Y t="14">0.00092</Y>
          <Y t="15">0.00101</Y>
          <Y t="16">0.00107</Y>
          <Y t="17">0.00115</Y>
          <Y t="18">0.00125</Y>
          <Y t="19">0.00137</Y>
          <Y t="20">0.00147</Y>
          <Y t="21">0.00156</Y>
          <Y t="22">0.0016</Y>
          <Y t="23">0.00165</Y>
          <Y t="24">0.00172</Y>
          <Y t="25">0.00182</Y>
        </Axis>
      </Axis>
      <Axis t="26">
        <Axis>
          <Y t="1">0.00015</Y>
          <Y t="2">0.00021</Y>
          <Y t="3">0.00024</Y>
          <Y t="4">0.00026</Y>
          <Y t="5">0.0003</Y>
          <Y t="6">0.00034</Y>
          <Y t="7">0.0004</Y>
          <Y t="8">0.00046</Y>
          <Y t="9">0.00053</Y>
          <Y t="10">0.00059</Y>
          <Y t="11">0.00066</Y>
          <Y t="12">0.00075</Y>
          <Y t="13">0.00088</Y>
          <Y t="14">0.00098</Y>
          <Y t="15">0.00105</Y>
          <Y t="16">0.0011</Y>
          <Y t="17">0.00117</Y>
          <Y t="18">0.00128</Y>
          <Y t="19">0.0014</Y>
          <Y t="20">0.00151</Y>
          <Y t="21">0.0016</Y>
          <Y t="22">0.00165</Y>
          <Y t="23">0.00172</Y>
          <Y t="24">0.00182</Y>
          <Y t="25">0.00194</Y>
        </Axis>
      </Axis>
      <Axis t="27">
        <Axis>
          <Y t="1">0.00013</Y>
          <Y t="2">0.0002</Y>
          <Y t="3">0.00024</Y>
          <Y t="4">0.00026</Y>
          <Y t="5">0.0003</Y>
          <Y t="6">0.00034</Y>
          <Y t="7">0.0004</Y>
          <Y t="8">0.00048</Y>
          <Y t="9">0.00056</Y>
          <Y t="10">0.00064</Y>
          <Y t="11">0.00072</Y>
          <Y t="12">0.00082</Y>
          <Y t="13">0.00094</Y>
          <Y t="14">0.00103</Y>
          <Y t="15">0.00108</Y>
          <Y t="16">0.00112</Y>
          <Y t="17">0.0012</Y>
          <Y t="18">0.00131</Y>
          <Y t="19">0.00143</Y>
          <Y t="20">0.00155</Y>
          <Y t="21">0.00165</Y>
          <Y t="22">0.00172</Y>
          <Y t="23">0.00182</Y>
          <Y t="24">0.00194</Y>
          <Y t="25">0.0021</Y>
        </Axis>
      </Axis>
      <Axis t="28">
        <Axis>
          <Y t="1">0.00012</Y>
          <Y t="2">0.0002</Y>
          <Y t="3">0.00024</Y>
          <Y t="4">0.00026</Y>
          <Y t="5">0.0003</Y>
          <Y t="6">0.00035</Y>
          <Y t="7">0.00042</Y>
          <Y t="8">0.00051</Y>
          <Y t="9">0.0006</Y>
          <Y t="10">0.00068</Y>
          <Y t="11">0.00077</Y>
          <Y t="12">0.00088</Y>
          <Y t="13">0.00099</Y>
          <Y t="14">0.00105</Y>
          <Y t="15">0.0011</Y>
          <Y t="16">0.00115</Y>
          <Y t="17">0.00124</Y>
          <Y t="18">0.00135</Y>
          <Y t="19">0.00147</Y>
          <Y t="20">0.0016</Y>
          <Y t="21">0.00172</Y>
          <Y t="22">0.00182</Y>
          <Y t="23">0.00194</Y>
          <Y t="24">0.0021</Y>
          <Y t="25">0.00232</Y>
        </Axis>
      </Axis>
      <Axis t="29">
        <Axis>
          <Y t="1">0.00012</Y>
          <Y t="2">0.0002</Y>
          <Y t="3">0.00024</Y>
          <Y t="4">0.00026</Y>
          <Y t="5">0.0003</Y>
          <Y t="6">0.00037</Y>
          <Y t="7">0.00045</Y>
          <Y t="8">0.00055</Y>
          <Y t="9">0.00064</Y>
          <Y t="10">0.00073</Y>
          <Y t="11">0.00082</Y>
          <Y t="12">0.00092</Y>
          <Y t="13">0.00101</Y>
          <Y t="14">0.00107</Y>
          <Y t="15">0.00112</Y>
          <Y t="16">0.00119</Y>
          <Y t="17">0.0013</Y>
          <Y t="18">0.00142</Y>
          <Y t="19">0.00155</Y>
          <Y t="20">0.00168</Y>
          <Y t="21">0.00182</Y>
          <Y t="22">0.00194</Y>
          <Y t="23">0.0021</Y>
          <Y t="24">0.00232</Y>
          <Y t="25">0.00256</Y>
        </Axis>
      </Axis>
      <Axis t="30">
        <Axis>
          <Y t="1">0.00012</Y>
          <Y t="2">0.00021</Y>
          <Y t="3">0.00024</Y>
          <Y t="4">0.00027</Y>
          <Y t="5">0.00032</Y>
          <Y t="6">0.0004</Y>
          <Y t="7">0.00049</Y>
          <Y t="8">0.00059</Y>
          <Y t="9">0.00067</Y>
          <Y t="10">0.00076</Y>
          <Y t="11">0.00085</Y>
          <Y t="12">0.00094</Y>
          <Y t="13">0.00103</Y>
          <Y t="14">0.00109</Y>
          <Y t="15">0.00115</Y>
          <Y t="16">0.00124</Y>
          <Y t="17">0.00138</Y>
          <Y t="18">0.00152</Y>
          <Y t="19">0.00164</Y>
          <Y t="20">0.00178</Y>
          <Y t="21">0.00194</Y>
          <Y t="22">0.0021</Y>
          <Y t="23">0.00232</Y>
          <Y t="24">0.00256</Y>
          <Y t="25">0.00283</Y>
        </Axis>
      </Axis>
      <Axis t="31">
        <Axis>
          <Y t="1">0.00012</Y>
          <Y t="2">0.00021</Y>
          <Y t="3">0.00026</Y>
          <Y t="4">0.00029</Y>
          <Y t="5">0.00035</Y>
          <Y t="6">0.00044</Y>
          <Y t="7">0.00053</Y>
          <Y t="8">0.00063</Y>
          <Y t="9">0.0007</Y>
          <Y t="10">0.00078</Y>
          <Y t="11">0.00086</Y>
          <Y t="12">0.00096</Y>
          <Y t="13">0.00106</Y>
          <Y t="14">0.00113</Y>
          <Y t="15">0.00122</Y>
          <Y t="16">0.00133</Y>
          <Y t="17">0.00147</Y>
          <Y t="18">0.00161</Y>
          <Y t="19">0.00174</Y>
          <Y t="20">0.0019</Y>
          <Y t="21">0.0021</Y>
          <Y t="22">0.00232</Y>
          <Y t="23">0.00256</Y>
          <Y t="24">0.00283</Y>
          <Y t="25">0.00308</Y>
        </Axis>
      </Axis>
      <Axis t="32">
        <Axis>
          <Y t="1">0.00012</Y>
          <Y t="2">0.00022</Y>
          <Y t="3">0.00027</Y>
          <Y t="4">0.00033</Y>
          <Y t="5">0.0004</Y>
          <Y t="6">0.00048</Y>
          <Y t="7">0.00057</Y>
          <Y t="8">0.00066</Y>
          <Y t="9">0.00072</Y>
          <Y t="10">0.0008</Y>
          <Y t="11">0.00088</Y>
          <Y t="12">0.00098</Y>
          <Y t="13">0.0011</Y>
          <Y t="14">0.00119</Y>
          <Y t="15">0.0013</Y>
          <Y t="16">0.00142</Y>
          <Y t="17">0.00157</Y>
          <Y t="18">0.00171</Y>
          <Y t="19">0.00186</Y>
          <Y t="20">0.00206</Y>
          <Y t="21">0.00232</Y>
          <Y t="22">0.00256</Y>
          <Y t="23">0.00283</Y>
          <Y t="24">0.00308</Y>
          <Y t="25">0.00333</Y>
        </Axis>
      </Axis>
      <Axis t="33">
        <Axis>
          <Y t="1">0.00013</Y>
          <Y t="2">0.00023</Y>
          <Y t="3">0.0003</Y>
          <Y t="4">0.00037</Y>
          <Y t="5">0.00045</Y>
          <Y t="6">0.00052</Y>
          <Y t="7">0.00061</Y>
          <Y t="8">0.00069</Y>
          <Y t="9">0.00074</Y>
          <Y t="10">0.00081</Y>
          <Y t="11">0.0009</Y>
          <Y t="12">0.00101</Y>
          <Y t="13">0.00115</Y>
          <Y t="14">0.00128</Y>
          <Y t="15">0.0014</Y>
          <Y t="16">0.00153</Y>
          <Y t="17">0.00169</Y>
          <Y t="18">0.00184</Y>
          <Y t="19">0.00202</Y>
          <Y t="20">0.00226</Y>
          <Y t="21">0.00256</Y>
          <Y t="22">0.00283</Y>
          <Y t="23">0.00308</Y>
          <Y t="24">0.00333</Y>
          <Y t="25">0.00357</Y>
        </Axis>
      </Axis>
      <Axis t="34">
        <Axis>
          <Y t="1">0.00013</Y>
          <Y t="2">0.00023</Y>
          <Y t="3">0.00033</Y>
          <Y t="4">0.00042</Y>
          <Y t="5">0.0005</Y>
          <Y t="6">0.00056</Y>
          <Y t="7">0.00066</Y>
          <Y t="8">0.00072</Y>
          <Y t="9">0.00076</Y>
          <Y t="10">0.00083</Y>
          <Y t="11">0.00093</Y>
          <Y t="12">0.00107</Y>
          <Y t="13">0.00124</Y>
          <Y t="14">0.00138</Y>
          <Y t="15">0.00151</Y>
          <Y t="16">0.00165</Y>
          <Y t="17">0.00181</Y>
          <Y t="18">0.00199</Y>
          <Y t="19">0.00221</Y>
          <Y t="20">0.0025</Y>
          <Y t="21">0.00283</Y>
          <Y t="22">0.00308</Y>
          <Y t="23">0.00333</Y>
          <Y t="24">0.00357</Y>
          <Y t="25">0.00381</Y>
        </Axis>
      </Axis>
      <Axis t="35">
        <Axis>
          <Y t="1">0.00014</Y>
          <Y t="2">0.00024</Y>
          <Y t="3">0.00037</Y>
          <Y t="4">0.00046</Y>
          <Y t="5">0.00054</Y>
          <Y t="6">0.00062</Y>
          <Y t="7">0.0007</Y>
          <Y t="8">0.00075</Y>
          <Y t="9">0.00078</Y>
          <Y t="10">0.00086</Y>
          <Y t="11">0.00099</Y>
          <Y t="12">0.00117</Y>
          <Y t="13">0.00135</Y>
          <Y t="14">0.00149</Y>
          <Y t="15">0.00163</Y>
          <Y t="16">0.00177</Y>
          <Y t="17">0.00194</Y>
          <Y t="18">0.00215</Y>
          <Y t="19">0.00242</Y>
          <Y t="20">0.00275</Y>
          <Y t="21">0.00308</Y>
          <Y t="22">0.00333</Y>
          <Y t="23">0.00357</Y>
          <Y t="24">0.00381</Y>
          <Y t="25">0.00408</Y>
        </Axis>
      </Axis>
      <Axis t="36">
        <Axis>
          <Y t="1">0.00016</Y>
          <Y t="2">0.00026</Y>
          <Y t="3">0.0004</Y>
          <Y t="4">0.00051</Y>
          <Y t="5">0.00059</Y>
          <Y t="6">0.00068</Y>
          <Y t="7">0.00074</Y>
          <Y t="8">0.00077</Y>
          <Y t="9">0.00082</Y>
          <Y t="10">0.00092</Y>
          <Y t="11">0.00108</Y>
          <Y t="12">0.00127</Y>
          <Y t="13">0.00147</Y>
          <Y t="14">0.0016</Y>
          <Y t="15">0.00175</Y>
          <Y t="16">0.0019</Y>
          <Y t="17">0.00209</Y>
          <Y t="18">0.00233</Y>
          <Y t="19">0.00264</Y>
          <Y t="20">0.00299</Y>
          <Y t="21">0.00333</Y>
          <Y t="22">0.00357</Y>
          <Y t="23">0.00381</Y>
          <Y t="24">0.00408</Y>
          <Y t="25">0.0044</Y>
        </Axis>
      </Axis>
      <Axis t="37">
        <Axis>
          <Y t="1">0.00017</Y>
          <Y t="2">0.00027</Y>
          <Y t="3">0.00043</Y>
          <Y t="4">0.00056</Y>
          <Y t="5">0.00065</Y>
          <Y t="6">0.00072</Y>
          <Y t="7">0.00076</Y>
          <Y t="8">0.00081</Y>
          <Y t="9">0.00087</Y>
          <Y t="10">0.00101</Y>
          <Y t="11">0.00119</Y>
          <Y t="12">0.00139</Y>
          <Y t="13">0.00158</Y>
          <Y t="14">0.00172</Y>
          <Y t="15">0.00186</Y>
          <Y t="16">0.00203</Y>
          <Y t="17">0.00225</Y>
          <Y t="18">0.00252</Y>
          <Y t="19">0.00286</Y>
          <Y t="20">0.00322</Y>
          <Y t="21">0.00357</Y>
          <Y t="22">0.00381</Y>
          <Y t="23">0.00408</Y>
          <Y t="24">0.0044</Y>
          <Y t="25">0.00477</Y>
        </Axis>
      </Axis>
      <Axis t="38">
        <Axis>
          <Y t="1">0.00018</Y>
          <Y t="2">0.00028</Y>
          <Y t="3">0.00045</Y>
          <Y t="4">0.00059</Y>
          <Y t="5">0.00069</Y>
          <Y t="6">0.00075</Y>
          <Y t="7">0.0008</Y>
          <Y t="8">0.00086</Y>
          <Y t="9">0.00095</Y>
          <Y t="10">0.00111</Y>
          <Y t="11">0.00131</Y>
          <Y t="12">0.00151</Y>
          <Y t="13">0.0017</Y>
          <Y t="14">0.00184</Y>
          <Y t="15">0.00199</Y>
          <Y t="16">0.00217</Y>
          <Y t="17">0.00242</Y>
          <Y t="18">0.00272</Y>
          <Y t="19">0.00308</Y>
          <Y t="20">0.00346</Y>
          <Y t="21">0.00381</Y>
          <Y t="22">0.00408</Y>
          <Y t="23">0.0044</Y>
          <Y t="24">0.00477</Y>
          <Y t="25">0.00519</Y>
        </Axis>
      </Axis>
      <Axis t="39">
        <Axis>
          <Y t="1">0.00019</Y>
          <Y t="2">0.0003</Y>
          <Y t="3">0.00047</Y>
          <Y t="4">0.00061</Y>
          <Y t="5">0.00073</Y>
          <Y t="6">0.00079</Y>
          <Y t="7">0.00085</Y>
          <Y t="8">0.00093</Y>
          <Y t="9">0.00104</Y>
          <Y t="10">0.00123</Y>
          <Y t="11">0.00144</Y>
          <Y t="12">0.00163</Y>
          <Y t="13">0.00181</Y>
          <Y t="14">0.00197</Y>
          <Y t="15">0.00213</Y>
          <Y t="16">0.00234</Y>
          <Y t="17">0.00261</Y>
          <Y t="18">0.00293</Y>
          <Y t="19">0.0033</Y>
          <Y t="20">0.0037</Y>
          <Y t="21">0.00408</Y>
          <Y t="22">0.0044</Y>
          <Y t="23">0.00477</Y>
          <Y t="24">0.00519</Y>
          <Y t="25">0.00567</Y>
        </Axis>
      </Axis>
      <Axis t="40">
        <Axis>
          <Y t="1">0.0002</Y>
          <Y t="2">0.00032</Y>
          <Y t="3">0.00048</Y>
          <Y t="4">0.00062</Y>
          <Y t="5">0.00076</Y>
          <Y t="6">0.00084</Y>
          <Y t="7">0.00092</Y>
          <Y t="8">0.00101</Y>
          <Y t="9">0.00115</Y>
          <Y t="10">0.00135</Y>
          <Y t="11">0.00156</Y>
          <Y t="12">0.00175</Y>
          <Y t="13">0.00193</Y>
          <Y t="14">0.0021</Y>
          <Y t="15">0.00229</Y>
          <Y t="16">0.00253</Y>
          <Y t="17">0.00282</Y>
          <Y t="18">0.00315</Y>
          <Y t="19">0.00353</Y>
          <Y t="20">0.00397</Y>
          <Y t="21">0.0044</Y>
          <Y t="22">0.00477</Y>
          <Y t="23">0.00519</Y>
          <Y t="24">0.00567</Y>
          <Y t="25">0.00618</Y>
        </Axis>
      </Axis>
      <Axis t="41">
        <Axis>
          <Y t="1">0.00021</Y>
          <Y t="2">0.00033</Y>
          <Y t="3">0.00049</Y>
          <Y t="4">0.00065</Y>
          <Y t="5">0.00081</Y>
          <Y t="6">0.00091</Y>
          <Y t="7">0.00099</Y>
          <Y t="8">0.00109</Y>
          <Y t="9">0.00126</Y>
          <Y t="10">0.00148</Y>
          <Y t="11">0.00168</Y>
          <Y t="12">0.00186</Y>
          <Y t="13">0.00206</Y>
          <Y t="14">0.00226</Y>
          <Y t="15">0.00248</Y>
          <Y t="16">0.00275</Y>
          <Y t="17">0.00305</Y>
          <Y t="18">0.0034</Y>
          <Y t="19">0.0038</Y>
          <Y t="20">0.00429</Y>
          <Y t="21">0.00477</Y>
          <Y t="22">0.00519</Y>
          <Y t="23">0.00567</Y>
          <Y t="24">0.00618</Y>
          <Y t="25">0.00674</Y>
        </Axis>
      </Axis>
      <Axis t="42">
        <Axis>
          <Y t="1">0.00022</Y>
          <Y t="2">0.00035</Y>
          <Y t="3">0.0005</Y>
          <Y t="4">0.0007</Y>
          <Y t="5">0.00088</Y>
          <Y t="6">0.00098</Y>
          <Y t="7">0.00106</Y>
          <Y t="8">0.00118</Y>
          <Y t="9">0.00137</Y>
          <Y t="10">0.0016</Y>
          <Y t="11">0.0018</Y>
          <Y t="12">0.00199</Y>
          <Y t="13">0.00221</Y>
          <Y t="14">0.00246</Y>
          <Y t="15">0.00271</Y>
          <Y t="16">0.003</Y>
          <Y t="17">0.00332</Y>
          <Y t="18">0.0037</Y>
          <Y t="19">0.00413</Y>
          <Y t="20">0.00465</Y>
          <Y t="21">0.00519</Y>
          <Y t="22">0.00567</Y>
          <Y t="23">0.00618</Y>
          <Y t="24">0.00674</Y>
          <Y t="25">0.00733</Y>
        </Axis>
      </Axis>
      <Axis t="43">
        <Axis>
          <Y t="1">0.00024</Y>
          <Y t="2">0.00037</Y>
          <Y t="3">0.00053</Y>
          <Y t="4">0.00078</Y>
          <Y t="5">0.00094</Y>
          <Y t="6">0.00104</Y>
          <Y t="7">0.00113</Y>
          <Y t="8">0.00128</Y>
          <Y t="9">0.00149</Y>
          <Y t="10">0.00171</Y>
          <Y t="11">0.00192</Y>
          <Y t="12">0.00213</Y>
          <Y t="13">0.0024</Y>
          <Y t="14">0.00269</Y>
          <Y t="15">0.00297</Y>
          <Y t="16">0.00327</Y>
          <Y t="17">0.00362</Y>
          <Y t="18">0.00402</Y>
          <Y t="19">0.00449</Y>
          <Y t="20">0.00507</Y>
          <Y t="21">0.00567</Y>
          <Y t="22">0.00618</Y>
          <Y t="23">0.00674</Y>
          <Y t="24">0.00733</Y>
          <Y t="25">0.00797</Y>
        </Axis>
      </Axis>
      <Axis t="44">
        <Axis>
          <Y t="1">0.00027</Y>
          <Y t="2">0.00038</Y>
          <Y t="3">0.00058</Y>
          <Y t="4">0.00088</Y>
          <Y t="5">0.00101</Y>
          <Y t="6">0.00111</Y>
          <Y t="7">0.00121</Y>
          <Y t="8">0.00138</Y>
          <Y t="9">0.0016</Y>
          <Y t="10">0.00183</Y>
          <Y t="11">0.00204</Y>
          <Y t="12">0.0023</Y>
          <Y t="13">0.00262</Y>
          <Y t="14">0.00294</Y>
          <Y t="15">0.00324</Y>
          <Y t="16">0.00356</Y>
          <Y t="17">0.00394</Y>
          <Y t="18">0.00437</Y>
          <Y t="19">0.0049</Y>
          <Y t="20">0.00553</Y>
          <Y t="21">0.00618</Y>
          <Y t="22">0.00674</Y>
          <Y t="23">0.00733</Y>
          <Y t="24">0.00797</Y>
          <Y t="25">0.00867</Y>
        </Axis>
      </Axis>
      <Axis t="45">
        <Axis>
          <Y t="1">0.00031</Y>
          <Y t="2">0.00038</Y>
          <Y t="3">0.00064</Y>
          <Y t="4">0.00095</Y>
          <Y t="5">0.00108</Y>
          <Y t="6">0.00119</Y>
          <Y t="7">0.0013</Y>
          <Y t="8">0.0015</Y>
          <Y t="9">0.00172</Y>
          <Y t="10">0.00195</Y>
          <Y t="11">0.00219</Y>
          <Y t="12">0.0025</Y>
          <Y t="13">0.00287</Y>
          <Y t="14">0.00322</Y>
          <Y t="15">0.00354</Y>
          <Y t="16">0.00389</Y>
          <Y t="17">0.00431</Y>
          <Y t="18">0.00479</Y>
          <Y t="19">0.00537</Y>
          <Y t="20">0.00603</Y>
          <Y t="21">0.00674</Y>
          <Y t="22">0.00733</Y>
          <Y t="23">0.00797</Y>
          <Y t="24">0.00867</Y>
          <Y t="25">0.00947</Y>
        </Axis>
      </Axis>
      <Axis t="46">
        <Axis>
          <Y t="1">0.00033</Y>
          <Y t="2">0.00039</Y>
          <Y t="3">0.00072</Y>
          <Y t="4">0.00102</Y>
          <Y t="5">0.00116</Y>
          <Y t="6">0.00128</Y>
          <Y t="7">0.00142</Y>
          <Y t="8">0.00162</Y>
          <Y t="9">0.00185</Y>
          <Y t="10">0.00209</Y>
          <Y t="11">0.00237</Y>
          <Y t="12">0.00274</Y>
          <Y t="13">0.00316</Y>
          <Y t="14">0.00353</Y>
          <Y t="15">0.00387</Y>
          <Y t="16">0.00427</Y>
          <Y t="17">0.00474</Y>
          <Y t="18">0.00526</Y>
          <Y t="19">0.00587</Y>
          <Y t="20">0.00656</Y>
          <Y t="21">0.00733</Y>
          <Y t="22">0.00797</Y>
          <Y t="23">0.00867</Y>
          <Y t="24">0.00947</Y>
          <Y t="25">0.0104</Y>
        </Axis>
      </Axis>
      <Axis t="47">
        <Axis>
          <Y t="1">0.00035</Y>
          <Y t="2">0.00042</Y>
          <Y t="3">0.00084</Y>
          <Y t="4">0.0011</Y>
          <Y t="5">0.00126</Y>
          <Y t="6">0.0014</Y>
          <Y t="7">0.00155</Y>
          <Y t="8">0.00176</Y>
          <Y t="9">0.00198</Y>
          <Y t="10">0.00225</Y>
          <Y t="11">0.00258</Y>
          <Y t="12">0.00301</Y>
          <Y t="13">0.00349</Y>
          <Y t="14">0.00386</Y>
          <Y t="15">0.00425</Y>
          <Y t="16">0.0047</Y>
          <Y t="17">0.00522</Y>
          <Y t="18">0.00578</Y>
          <Y t="19">0.00642</Y>
          <Y t="20">0.00715</Y>
          <Y t="21">0.00797</Y>
          <Y t="22">0.00867</Y>
          <Y t="23">0.00947</Y>
          <Y t="24">0.0104</Y>
          <Y t="25">0.0115</Y>
        </Axis>
      </Axis>
      <Axis t="48">
        <Axis>
          <Y t="1">0.00036</Y>
          <Y t="2">0.00047</Y>
          <Y t="3">0.00099</Y>
          <Y t="4">0.00121</Y>
          <Y t="5">0.00139</Y>
          <Y t="6">0.00153</Y>
          <Y t="7">0.0017</Y>
          <Y t="8">0.00192</Y>
          <Y t="9">0.00214</Y>
          <Y t="10">0.00243</Y>
          <Y t="11">0.00281</Y>
          <Y t="12">0.00329</Y>
          <Y t="13">0.00381</Y>
          <Y t="14">0.00422</Y>
          <Y t="15">0.00463</Y>
          <Y t="16">0.00513</Y>
          <Y t="17">0.00571</Y>
          <Y t="18">0.00631</Y>
          <Y t="19">0.00699</Y>
          <Y t="20">0.00777</Y>
          <Y t="21">0.00867</Y>
          <Y t="22">0.00947</Y>
          <Y t="23">0.0104</Y>
          <Y t="24">0.0115</Y>
          <Y t="25">0.01278</Y>
        </Axis>
      </Axis>
      <Axis t="49">
        <Axis>
          <Y t="1">0.00037</Y>
          <Y t="2">0.00058</Y>
          <Y t="3">0.00116</Y>
          <Y t="4">0.00136</Y>
          <Y t="5">0.00152</Y>
          <Y t="6">0.00167</Y>
          <Y t="7">0.00187</Y>
          <Y t="8">0.00208</Y>
          <Y t="9">0.00231</Y>
          <Y t="10">0.00264</Y>
          <Y t="11">0.00307</Y>
          <Y t="12">0.00358</Y>
          <Y t="13">0.00411</Y>
          <Y t="14">0.00455</Y>
          <Y t="15">0.005</Y>
          <Y t="16">0.00557</Y>
          <Y t="17">0.0062</Y>
          <Y t="18">0.00684</Y>
          <Y t="19">0.00757</Y>
          <Y t="20">0.00844</Y>
          <Y t="21">0.00947</Y>
          <Y t="22">0.0104</Y>
          <Y t="23">0.0115</Y>
          <Y t="24">0.01278</Y>
          <Y t="25">0.01425</Y>
        </Axis>
      </Axis>
      <Axis t="50">
        <Axis>
          <Y t="1">0.00039</Y>
          <Y t="2">0.00075</Y>
          <Y t="3">0.00132</Y>
          <Y t="4">0.0015</Y>
          <Y t="5">0.00167</Y>
          <Y t="6">0.00184</Y>
          <Y t="7">0.00204</Y>
          <Y t="8">0.00224</Y>
          <Y t="9">0.00251</Y>
          <Y t="10">0.00289</Y>
          <Y t="11">0.00335</Y>
          <Y t="12">0.00386</Y>
          <Y t="13">0.00438</Y>
          <Y t="14">0.00485</Y>
          <Y t="15">0.00537</Y>
          <Y t="16">0.00603</Y>
          <Y t="17">0.0067</Y>
          <Y t="18">0.00738</Y>
          <Y t="19">0.00818</Y>
          <Y t="20">0.00918</Y>
          <Y t="21">0.0104</Y>
          <Y t="22">0.0115</Y>
          <Y t="23">0.01278</Y>
          <Y t="24">0.01425</Y>
          <Y t="25">0.01594</Y>
        </Axis>
      </Axis>
      <Axis t="51">
        <Axis>
          <Y t="1">0.0004</Y>
          <Y t="2">0.00095</Y>
          <Y t="3">0.00144</Y>
          <Y t="4">0.00162</Y>
          <Y t="5">0.00181</Y>
          <Y t="6">0.00201</Y>
          <Y t="7">0.00221</Y>
          <Y t="8">0.00244</Y>
          <Y t="9">0.00275</Y>
          <Y t="10">0.00317</Y>
          <Y t="11">0.00365</Y>
          <Y t="12">0.00415</Y>
          <Y t="13">0.00467</Y>
          <Y t="14">0.00518</Y>
          <Y t="15">0.00579</Y>
          <Y t="16">0.00652</Y>
          <Y t="17">0.00721</Y>
          <Y t="18">0.00794</Y>
          <Y t="19">0.00886</Y>
          <Y t="20">0.01006</Y>
          <Y t="21">0.0115</Y>
          <Y t="22">0.01278</Y>
          <Y t="23">0.01425</Y>
          <Y t="24">0.01594</Y>
          <Y t="25">0.01786</Y>
        </Axis>
      </Axis>
      <Axis t="52">
        <Axis>
          <Y t="1">0.00041</Y>
          <Y t="2">0.00111</Y>
          <Y t="3">0.00152</Y>
          <Y t="4">0.00174</Y>
          <Y t="5">0.00196</Y>
          <Y t="6">0.00218</Y>
          <Y t="7">0.00241</Y>
          <Y t="8">0.00268</Y>
          <Y t="9">0.00304</Y>
          <Y t="10">0.0035</Y>
          <Y t="11">0.00398</Y>
          <Y t="12">0.00445</Y>
          <Y t="13">0.00497</Y>
          <Y t="14">0.00555</Y>
          <Y t="15">0.00625</Y>
          <Y t="16">0.00705</Y>
          <Y t="17">0.0078</Y>
          <Y t="18">0.00866</Y>
          <Y t="19">0.00976</Y>
          <Y t="20">0.01113</Y>
          <Y t="21">0.01278</Y>
          <Y t="22">0.01425</Y>
          <Y t="23">0.01594</Y>
          <Y t="24">0.01786</Y>
          <Y t="25">0.02004</Y>
        </Axis>
      </Axis>
      <Axis t="53">
        <Axis>
          <Y t="1">0.00042</Y>
          <Y t="2">0.00118</Y>
          <Y t="3">0.00158</Y>
          <Y t="4">0.00184</Y>
          <Y t="5">0.00212</Y>
          <Y t="6">0.00237</Y>
          <Y t="7">0.00264</Y>
          <Y t="8">0.00296</Y>
          <Y t="9">0.00337</Y>
          <Y t="10">0.00385</Y>
          <Y t="11">0.00432</Y>
          <Y t="12">0.00476</Y>
          <Y t="13">0.00532</Y>
          <Y t="14">0.00599</Y>
          <Y t="15">0.00679</Y>
          <Y t="16">0.00767</Y>
          <Y t="17">0.00856</Y>
          <Y t="18">0.00962</Y>
          <Y t="19">0.0109</Y>
          <Y t="20">0.01241</Y>
          <Y t="21">0.01425</Y>
          <Y t="22">0.01594</Y>
          <Y t="23">0.01786</Y>
          <Y t="24">0.02004</Y>
          <Y t="25">0.02255</Y>
        </Axis>
      </Axis>
      <Axis t="54">
        <Axis>
          <Y t="1">0.00043</Y>
          <Y t="2">0.0012</Y>
          <Y t="3">0.00163</Y>
          <Y t="4">0.00192</Y>
          <Y t="5">0.00231</Y>
          <Y t="6">0.00261</Y>
          <Y t="7">0.00292</Y>
          <Y t="8">0.00329</Y>
          <Y t="9">0.00374</Y>
          <Y t="10">0.00422</Y>
          <Y t="11">0.00466</Y>
          <Y t="12">0.00511</Y>
          <Y t="13">0.00573</Y>
          <Y t="14">0.00652</Y>
          <Y t="15">0.00745</Y>
          <Y t="16">0.00845</Y>
          <Y t="17">0.00949</Y>
          <Y t="18">0.01073</Y>
          <Y t="19">0.01225</Y>
          <Y t="20">0.01408</Y>
          <Y t="21">0.01594</Y>
          <Y t="22">0.01786</Y>
          <Y t="23">0.02004</Y>
          <Y t="24">0.02255</Y>
          <Y t="25">0.02548</Y>
        </Axis>
      </Axis>
      <Axis t="55">
        <Axis>
          <Y t="1">0.00044</Y>
          <Y t="2">0.0012</Y>
          <Y t="3">0.00165</Y>
          <Y t="4">0.002</Y>
          <Y t="5">0.00254</Y>
          <Y t="6">0.00289</Y>
          <Y t="7">0.00326</Y>
          <Y t="8">0.00366</Y>
          <Y t="9">0.00412</Y>
          <Y t="10">0.00457</Y>
          <Y t="11">0.00499</Y>
          <Y t="12">0.00548</Y>
          <Y t="13">0.00621</Y>
          <Y t="14">0.00715</Y>
          <Y t="15">0.00822</Y>
          <Y t="16">0.00939</Y>
          <Y t="17">0.01064</Y>
          <Y t="18">0.01206</Y>
          <Y t="19">0.01381</Y>
          <Y t="20">0.01594</Y>
          <Y t="21">0.01786</Y>
          <Y t="22">0.02004</Y>
          <Y t="23">0.02255</Y>
          <Y t="24">0.02548</Y>
          <Y t="25">0.029</Y>
        </Axis>
      </Axis>
      <Axis t="56">
        <Axis>
          <Y t="1">0.00045</Y>
          <Y t="2">0.00122</Y>
          <Y t="3">0.00166</Y>
          <Y t="4">0.00214</Y>
          <Y t="5">0.00283</Y>
          <Y t="6">0.00323</Y>
          <Y t="7">0.00364</Y>
          <Y t="8">0.00404</Y>
          <Y t="9">0.00449</Y>
          <Y t="10">0.00489</Y>
          <Y t="11">0.0053</Y>
          <Y t="12">0.00588</Y>
          <Y t="13">0.00676</Y>
          <Y t="14">0.00786</Y>
          <Y t="15">0.00911</Y>
          <Y t="16">0.01047</Y>
          <Y t="17">0.01194</Y>
          <Y t="18">0.01356</Y>
          <Y t="19">0.01552</Y>
          <Y t="20">0.01786</Y>
          <Y t="21">0.02004</Y>
          <Y t="22">0.02255</Y>
          <Y t="23">0.02548</Y>
          <Y t="24">0.029</Y>
          <Y t="25">0.03313</Y>
        </Axis>
      </Axis>
      <Axis t="57">
        <Axis>
          <Y t="1">0.00047</Y>
          <Y t="2">0.00124</Y>
          <Y t="3">0.00168</Y>
          <Y t="4">0.00236</Y>
          <Y t="5">0.00317</Y>
          <Y t="6">0.00361</Y>
          <Y t="7">0.00402</Y>
          <Y t="8">0.0044</Y>
          <Y t="9">0.00479</Y>
          <Y t="10">0.00517</Y>
          <Y t="11">0.00562</Y>
          <Y t="12">0.00633</Y>
          <Y t="13">0.00741</Y>
          <Y t="14">0.0087</Y>
          <Y t="15">0.01014</Y>
          <Y t="16">0.01172</Y>
          <Y t="17">0.01338</Y>
          <Y t="18">0.01521</Y>
          <Y t="19">0.01741</Y>
          <Y t="20">0.02004</Y>
          <Y t="21">0.02255</Y>
          <Y t="22">0.02548</Y>
          <Y t="23">0.029</Y>
          <Y t="24">0.03313</Y>
          <Y t="25">0.03747</Y>
        </Axis>
      </Axis>
      <Axis t="58">
        <Axis>
          <Y t="1">0.00049</Y>
          <Y t="2">0.00126</Y>
          <Y t="3">0.00174</Y>
          <Y t="4">0.00268</Y>
          <Y t="5">0.00355</Y>
          <Y t="6">0.004</Y>
          <Y t="7">0.00438</Y>
          <Y t="8">0.00471</Y>
          <Y t="9">0.00505</Y>
          <Y t="10">0.00544</Y>
          <Y t="11">0.00601</Y>
          <Y t="12">0.00692</Y>
          <Y t="13">0.00823</Y>
          <Y t="14">0.00973</Y>
          <Y t="15">0.01139</Y>
          <Y t="16">0.01319</Y>
          <Y t="17">0.01508</Y>
          <Y t="18">0.01712</Y>
          <Y t="19">0.0196</Y>
          <Y t="20">0.02255</Y>
          <Y t="21">0.02548</Y>
          <Y t="22">0.029</Y>
          <Y t="23">0.03313</Y>
          <Y t="24">0.03747</Y>
          <Y t="25">0.04192</Y>
        </Axis>
      </Axis>
      <Axis t="59">
        <Axis>
          <Y t="1">0.00054</Y>
          <Y t="2">0.0013</Y>
          <Y t="3">0.0019</Y>
          <Y t="4">0.00304</Y>
          <Y t="5">0.00395</Y>
          <Y t="6">0.00436</Y>
          <Y t="7">0.00468</Y>
          <Y t="8">0.00495</Y>
          <Y t="9">0.00529</Y>
          <Y t="10">0.00577</Y>
          <Y t="11">0.00652</Y>
          <Y t="12">0.0077</Y>
          <Y t="13">0.00926</Y>
          <Y t="14">0.01097</Y>
          <Y t="15">0.01286</Y>
          <Y t="16">0.01489</Y>
          <Y t="17">0.01701</Y>
          <Y t="18">0.01924</Y>
          <Y t="19">0.02211</Y>
          <Y t="20">0.02548</Y>
          <Y t="21">0.029</Y>
          <Y t="22">0.03313</Y>
          <Y t="23">0.03747</Y>
          <Y t="24">0.04192</Y>
          <Y t="25">0.047</Y>
        </Axis>
      </Axis>
      <Axis t="60">
        <Axis>
          <Y t="1">0.00062</Y>
          <Y t="2">0.00134</Y>
          <Y t="3">0.0022</Y>
          <Y t="4">0.00338</Y>
          <Y t="5">0.00431</Y>
          <Y t="6">0.00465</Y>
          <Y t="7">0.0049</Y>
          <Y t="8">0.00517</Y>
          <Y t="9">0.00557</Y>
          <Y t="10">0.00621</Y>
          <Y t="11">0.00722</Y>
          <Y t="12">0.0087</Y>
          <Y t="13">0.01051</Y>
          <Y t="14">0.01245</Y>
          <Y t="15">0.01456</Y>
          <Y t="16">0.01681</Y>
          <Y t="17">0.01913</Y>
          <Y t="18">0.02168</Y>
          <Y t="19">0.02506</Y>
          <Y t="20">0.029</Y>
          <Y t="21">0.03313</Y>
          <Y t="22">0.03747</Y>
          <Y t="23">0.04192</Y>
          <Y t="24">0.047</Y>
          <Y t="25">0.05387</Y>
        </Axis>
      </Axis>
      <Axis t="61">
        <Axis>
          <Y t="1">0.00074</Y>
          <Y t="2">0.00143</Y>
          <Y t="3">0.00259</Y>
          <Y t="4">0.00364</Y>
          <Y t="5">0.00459</Y>
          <Y t="6">0.00486</Y>
          <Y t="7">0.0051</Y>
          <Y t="8">0.00542</Y>
          <Y t="9">0.00597</Y>
          <Y t="10">0.00685</Y>
          <Y t="11">0.00817</Y>
          <Y t="12">0.00994</Y>
          <Y t="13">0.01197</Y>
          <Y t="14">0.01413</Y>
          <Y t="15">0.01643</Y>
          <Y t="16">0.01891</Y>
          <Y t="17">0.02159</Y>
          <Y t="18">0.02484</Y>
          <Y t="19">0.02881</Y>
          <Y t="20">0.03313</Y>
          <Y t="21">0.03747</Y>
          <Y t="22">0.04192</Y>
          <Y t="23">0.047</Y>
          <Y t="24">0.05387</Y>
          <Y t="25">0.06173</Y>
        </Axis>
      </Axis>
      <Axis t="62">
        <Axis>
          <Y t="1">0.00088</Y>
          <Y t="2">0.00161</Y>
          <Y t="3">0.00303</Y>
          <Y t="4">0.00393</Y>
          <Y t="5">0.00478</Y>
          <Y t="6">0.00506</Y>
          <Y t="7">0.00535</Y>
          <Y t="8">0.00584</Y>
          <Y t="9">0.00659</Y>
          <Y t="10">0.00774</Y>
          <Y t="11">0.00938</Y>
          <Y t="12">0.01143</Y>
          <Y t="13">0.01365</Y>
          <Y t="14">0.01598</Y>
          <Y t="15">0.0185</Y>
          <Y t="16">0.02129</Y>
          <Y t="17">0.02464</Y>
          <Y t="18">0.02849</Y>
          <Y t="19">0.03313</Y>
          <Y t="20">0.03747</Y>
          <Y t="21">0.04192</Y>
          <Y t="22">0.047</Y>
          <Y t="23">0.05387</Y>
          <Y t="24">0.06173</Y>
          <Y t="25">0.06953</Y>
        </Axis>
      </Axis>
      <Axis t="63">
        <Axis>
          <Y t="1">0.00103</Y>
          <Y t="2">0.00192</Y>
          <Y t="3">0.00345</Y>
          <Y t="4">0.00426</Y>
          <Y t="5">0.0049</Y>
          <Y t="6">0.00529</Y>
          <Y t="7">0.00581</Y>
          <Y t="8">0.00652</Y>
          <Y t="9">0.00745</Y>
          <Y t="10">0.00891</Y>
          <Y t="11">0.01084</Y>
          <Y t="12">0.01308</Y>
          <Y t="13">0.01546</Y>
          <Y t="14">0.01798</Y>
          <Y t="15">0.02078</Y>
          <Y t="16">0.02426</Y>
          <Y t="17">0.0283</Y>
          <Y t="18">0.03284</Y>
          <Y t="19">0.03747</Y>
          <Y t="20">0.04192</Y>
          <Y t="21">0.047</Y>
          <Y t="22">0.05387</Y>
          <Y t="23">0.06173</Y>
          <Y t="24">0.06953</Y>
          <Y t="25">0.07839</Y>
        </Axis>
      </Axis>
      <Axis t="64">
        <Axis>
          <Y t="1">0.00116</Y>
          <Y t="2">0.00235</Y>
          <Y t="3">0.00378</Y>
          <Y t="4">0.00445</Y>
          <Y t="5">0.00505</Y>
          <Y t="6">0.0057</Y>
          <Y t="7">0.0065</Y>
          <Y t="8">0.00737</Y>
          <Y t="9">0.00855</Y>
          <Y t="10">0.01036</Y>
          <Y t="11">0.01253</Y>
          <Y t="12">0.01487</Y>
          <Y t="13">0.01739</Y>
          <Y t="14">0.02008</Y>
          <Y t="15">0.02329</Y>
          <Y t="16">0.02772</Y>
          <Y t="17">0.0323</Y>
          <Y t="18">0.03747</Y>
          <Y t="19">0.04192</Y>
          <Y t="20">0.047</Y>
          <Y t="21">0.05387</Y>
          <Y t="22">0.06173</Y>
          <Y t="23">0.06953</Y>
          <Y t="24">0.07839</Y>
          <Y t="25">0.08844</Y>
        </Axis>
      </Axis>
      <Axis t="65">
        <Axis>
          <Y t="1">0.00128</Y>
          <Y t="2">0.00265</Y>
          <Y t="3">0.00403</Y>
          <Y t="4">0.00459</Y>
          <Y t="5">0.00529</Y>
          <Y t="6">0.00629</Y>
          <Y t="7">0.00728</Y>
          <Y t="8">0.00837</Y>
          <Y t="9">0.00991</Y>
          <Y t="10">0.0121</Y>
          <Y t="11">0.01444</Y>
          <Y t="12">0.01682</Y>
          <Y t="13">0.01952</Y>
          <Y t="14">0.02265</Y>
          <Y t="15">0.02636</Y>
          <Y t="16">0.0314</Y>
          <Y t="17">0.03697</Y>
          <Y t="18">0.04192</Y>
          <Y t="19">0.047</Y>
          <Y t="20">0.05387</Y>
          <Y t="21">0.06173</Y>
          <Y t="22">0.06953</Y>
          <Y t="23">0.07839</Y>
          <Y t="24">0.08844</Y>
          <Y t="25">0.09941</Y>
        </Axis>
      </Axis>
      <Axis t="66">
        <Axis>
          <Y t="1">0.00142</Y>
          <Y t="2">0.00278</Y>
          <Y t="3">0.00421</Y>
          <Y t="4">0.00472</Y>
          <Y t="5">0.00563</Y>
          <Y t="6">0.00694</Y>
          <Y t="7">0.00818</Y>
          <Y t="8">0.0096</Y>
          <Y t="9">0.01154</Y>
          <Y t="10">0.01408</Y>
          <Y t="11">0.0166</Y>
          <Y t="12">0.01916</Y>
          <Y t="13">0.0219</Y>
          <Y t="14">0.02552</Y>
          <Y t="15">0.02966</Y>
          <Y t="16">0.03529</Y>
          <Y t="17">0.04192</Y>
          <Y t="18">0.047</Y>
          <Y t="19">0.05387</Y>
          <Y t="20">0.06173</Y>
          <Y t="21">0.06953</Y>
          <Y t="22">0.07839</Y>
          <Y t="23">0.08844</Y>
          <Y t="24">0.09941</Y>
          <Y t="25">0.11114</Y>
        </Axis>
      </Axis>
      <Axis t="67">
        <Axis>
          <Y t="1">0.00156</Y>
          <Y t="2">0.00287</Y>
          <Y t="3">0.00436</Y>
          <Y t="4">0.00494</Y>
          <Y t="5">0.00615</Y>
          <Y t="6">0.00772</Y>
          <Y t="7">0.00925</Y>
          <Y t="8">0.01104</Y>
          <Y t="9">0.01339</Y>
          <Y t="10">0.01631</Y>
          <Y t="11">0.01906</Y>
          <Y t="12">0.02178</Y>
          <Y t="13">0.02499</Y>
          <Y t="14">0.02896</Y>
          <Y t="15">0.03304</Y>
          <Y t="16">0.03971</Y>
          <Y t="17">0.047</Y>
          <Y t="18">0.05387</Y>
          <Y t="19">0.06173</Y>
          <Y t="20">0.06953</Y>
          <Y t="21">0.07839</Y>
          <Y t="22">0.08844</Y>
          <Y t="23">0.09941</Y>
          <Y t="24">0.11114</Y>
          <Y t="25">0.12359</Y>
        </Axis>
      </Axis>
      <Axis t="68">
        <Axis>
          <Y t="1">0.00173</Y>
          <Y t="2">0.00297</Y>
          <Y t="3">0.00451</Y>
          <Y t="4">0.00535</Y>
          <Y t="5">0.00683</Y>
          <Y t="6">0.00865</Y>
          <Y t="7">0.01047</Y>
          <Y t="8">0.01265</Y>
          <Y t="9">0.01545</Y>
          <Y t="10">0.01878</Y>
          <Y t="11">0.02167</Y>
          <Y t="12">0.0249</Y>
          <Y t="13">0.02881</Y>
          <Y t="14">0.03293</Y>
          <Y t="15">0.03803</Y>
          <Y t="16">0.04583</Y>
          <Y t="17">0.05387</Y>
          <Y t="18">0.06173</Y>
          <Y t="19">0.06953</Y>
          <Y t="20">0.07839</Y>
          <Y t="21">0.08844</Y>
          <Y t="22">0.09941</Y>
          <Y t="23">0.11114</Y>
          <Y t="24">0.12359</Y>
          <Y t="25">0.13686</Y>
        </Axis>
      </Axis>
      <Axis t="69">
        <Axis>
          <Y t="1">0.00191</Y>
          <Y t="2">0.00309</Y>
          <Y t="3">0.00469</Y>
          <Y t="4">0.00585</Y>
          <Y t="5">0.00767</Y>
          <Y t="6">0.00969</Y>
          <Y t="7">0.0118</Y>
          <Y t="8">0.01439</Y>
          <Y t="9">0.01771</Y>
          <Y t="10">0.0215</Y>
          <Y t="11">0.02482</Y>
          <Y t="12">0.02868</Y>
          <Y t="13">0.03283</Y>
          <Y t="14">0.03788</Y>
          <Y t="15">0.04527</Y>
          <Y t="16">0.05375</Y>
          <Y t="17">0.06173</Y>
          <Y t="18">0.06953</Y>
          <Y t="19">0.07839</Y>
          <Y t="20">0.08844</Y>
          <Y t="21">0.09941</Y>
          <Y t="22">0.11114</Y>
          <Y t="23">0.12359</Y>
          <Y t="24">0.13686</Y>
          <Y t="25">0.15044</Y>
        </Axis>
      </Axis>
      <Axis t="70">
        <Axis>
          <Y t="1">0.00211</Y>
          <Y t="2">0.00324</Y>
          <Y t="3">0.00491</Y>
          <Y t="4">0.00644</Y>
          <Y t="5">0.00862</Y>
          <Y t="6">0.0108</Y>
          <Y t="7">0.01321</Y>
          <Y t="8">0.01628</Y>
          <Y t="9">0.02018</Y>
          <Y t="10">0.02448</Y>
          <Y t="11">0.02856</Y>
          <Y t="12">0.03261</Y>
          <Y t="13">0.03766</Y>
          <Y t="14">0.04444</Y>
          <Y t="15">0.05326</Y>
          <Y t="16">0.06173</Y>
          <Y t="17">0.06953</Y>
          <Y t="18">0.07839</Y>
          <Y t="19">0.08844</Y>
          <Y t="20">0.09941</Y>
          <Y t="21">0.11114</Y>
          <Y t="22">0.12359</Y>
          <Y t="23">0.13686</Y>
          <Y t="24">0.15044</Y>
          <Y t="25">0.16417</Y>
        </Axis>
      </Axis>
      <Axis t="71">
        <Axis>
          <Y t="1">0.00233</Y>
          <Y t="2">0.00343</Y>
          <Y t="3">0.0052</Y>
          <Y t="4">0.00724</Y>
          <Y t="5">0.00965</Y>
          <Y t="6">0.01196</Y>
          <Y t="7">0.0147</Y>
          <Y t="8">0.01832</Y>
          <Y t="9">0.02289</Y>
          <Y t="10">0.02784</Y>
          <Y t="11">0.03246</Y>
          <Y t="12">0.03673</Y>
          <Y t="13">0.04319</Y>
          <Y t="14">0.05145</Y>
          <Y t="15">0.06111</Y>
          <Y t="16">0.06953</Y>
          <Y t="17">0.07839</Y>
          <Y t="18">0.08844</Y>
          <Y t="19">0.09941</Y>
          <Y t="20">0.11114</Y>
          <Y t="21">0.12359</Y>
          <Y t="22">0.13686</Y>
          <Y t="23">0.15044</Y>
          <Y t="24">0.16417</Y>
          <Y t="25">0.18074</Y>
        </Axis>
      </Axis>
      <Axis t="72">
        <Axis>
          <Y t="1">0.00258</Y>
          <Y t="2">0.00369</Y>
          <Y t="3">0.00559</Y>
          <Y t="4">0.00821</Y>
          <Y t="5">0.0107</Y>
          <Y t="6">0.01315</Y>
          <Y t="7">0.01628</Y>
          <Y t="8">0.02053</Y>
          <Y t="9">0.02593</Y>
          <Y t="10">0.03159</Y>
          <Y t="11">0.03658</Y>
          <Y t="12">0.04176</Y>
          <Y t="13">0.04949</Y>
          <Y t="14">0.05917</Y>
          <Y t="15">0.06931</Y>
          <Y t="16">0.07839</Y>
          <Y t="17">0.08844</Y>
          <Y t="18">0.09941</Y>
          <Y t="19">0.11114</Y>
          <Y t="20">0.12359</Y>
          <Y t="21">0.13686</Y>
          <Y t="22">0.15044</Y>
          <Y t="23">0.16417</Y>
          <Y t="24">0.18074</Y>
          <Y t="25">0.20127</Y>
        </Axis>
      </Axis>
      <Axis t="73">
        <Axis>
          <Y t="1">0.0029</Y>
          <Y t="2">0.00402</Y>
          <Y t="3">0.0061</Y>
          <Y t="4">0.00924</Y>
          <Y t="5">0.01179</Y>
          <Y t="6">0.0144</Y>
          <Y t="7">0.01797</Y>
          <Y t="8">0.02302</Y>
          <Y t="9">0.02936</Y>
          <Y t="10">0.03568</Y>
          <Y t="11">0.04106</Y>
          <Y t="12">0.04758</Y>
          <Y t="13">0.05664</Y>
          <Y t="14">0.0677</Y>
          <Y t="15">0.07839</Y>
          <Y t="16">0.08844</Y>
          <Y t="17">0.09941</Y>
          <Y t="18">0.11114</Y>
          <Y t="19">0.12359</Y>
          <Y t="20">0.13686</Y>
          <Y t="21">0.15044</Y>
          <Y t="22">0.16417</Y>
          <Y t="23">0.18074</Y>
          <Y t="24">0.20127</Y>
          <Y t="25">0.22374</Y>
        </Axis>
      </Axis>
      <Axis t="74">
        <Axis>
          <Y t="1">0.00333</Y>
          <Y t="2">0.00441</Y>
          <Y t="3">0.00677</Y>
          <Y t="4">0.01033</Y>
          <Y t="5">0.01291</Y>
          <Y t="6">0.01573</Y>
          <Y t="7">0.01988</Y>
          <Y t="8">0.02584</Y>
          <Y t="9">0.03314</Y>
          <Y t="10">0.04015</Y>
          <Y t="11">0.04591</Y>
          <Y t="12">0.05368</Y>
          <Y t="13">0.06405</Y>
          <Y t="14">0.07682</Y>
          <Y t="15">0.08844</Y>
          <Y t="16">0.09941</Y>
          <Y t="17">0.11114</Y>
          <Y t="18">0.12359</Y>
          <Y t="19">0.13686</Y>
          <Y t="20">0.15044</Y>
          <Y t="21">0.16417</Y>
          <Y t="22">0.18074</Y>
          <Y t="23">0.20127</Y>
          <Y t="24">0.22374</Y>
          <Y t="25">0.24802</Y>
        </Axis>
      </Axis>
      <Axis t="75">
        <Axis>
          <Y t="1">0.00382</Y>
          <Y t="2">0.00488</Y>
          <Y t="3">0.0076</Y>
          <Y t="4">0.0115</Y>
          <Y t="5">0.0141</Y>
          <Y t="6">0.01725</Y>
          <Y t="7">0.02213</Y>
          <Y t="8">0.0291</Y>
          <Y t="9">0.0375</Y>
          <Y t="10">0.04524</Y>
          <Y t="11">0.05208</Y>
          <Y t="12">0.06149</Y>
          <Y t="13">0.07341</Y>
          <Y t="14">0.08738</Y>
          <Y t="15">0.09941</Y>
          <Y t="16">0.11114</Y>
          <Y t="17">0.12359</Y>
          <Y t="18">0.13686</Y>
          <Y t="19">0.15044</Y>
          <Y t="20">0.16417</Y>
          <Y t="21">0.18074</Y>
          <Y t="22">0.20127</Y>
          <Y t="23">0.22374</Y>
          <Y t="24">0.24802</Y>
          <Y t="25">0.27379</Y>
        </Axis>
      </Axis>
      <Axis t="76">
        <Axis>
          <Y t="1">0.00434</Y>
          <Y t="2">0.00545</Y>
          <Y t="3">0.00861</Y>
          <Y t="4">0.01274</Y>
          <Y t="5">0.01545</Y>
          <Y t="6">0.01905</Y>
          <Y t="7">0.02476</Y>
          <Y t="8">0.03293</Y>
          <Y t="9">0.04258</Y>
          <Y t="10">0.05105</Y>
          <Y t="11">0.06032</Y>
          <Y t="12">0.07161</Y>
          <Y t="13">0.08512</Y>
          <Y t="14">0.09912</Y>
          <Y t="15">0.11114</Y>
          <Y t="16">0.12359</Y>
          <Y t="17">0.13686</Y>
          <Y t="18">0.15044</Y>
          <Y t="19">0.16417</Y>
          <Y t="20">0.18074</Y>
          <Y t="21">0.20127</Y>
          <Y t="22">0.22374</Y>
          <Y t="23">0.24802</Y>
          <Y t="24">0.27379</Y>
          <Y t="25">0.29921</Y>
        </Axis>
      </Axis>
      <Axis t="77">
        <Axis>
          <Y t="1">0.00489</Y>
          <Y t="2">0.00613</Y>
          <Y t="3">0.00984</Y>
          <Y t="4">0.01413</Y>
          <Y t="5">0.01697</Y>
          <Y t="6">0.0211</Y>
          <Y t="7">0.02782</Y>
          <Y t="8">0.03739</Y>
          <Y t="9">0.04836</Y>
          <Y t="10">0.05796</Y>
          <Y t="11">0.06959</Y>
          <Y t="12">0.08287</Y>
          <Y t="13">0.0982</Y>
          <Y t="14">0.11114</Y>
          <Y t="15">0.12359</Y>
          <Y t="16">0.13686</Y>
          <Y t="17">0.15044</Y>
          <Y t="18">0.16417</Y>
          <Y t="19">0.18074</Y>
          <Y t="20">0.20127</Y>
          <Y t="21">0.22374</Y>
          <Y t="22">0.24802</Y>
          <Y t="23">0.27379</Y>
          <Y t="24">0.29921</Y>
          <Y t="25">0.32314</Y>
        </Axis>
      </Axis>
      <Axis t="78">
        <Axis>
          <Y t="1">0.00548</Y>
          <Y t="2">0.00699</Y>
          <Y t="3">0.01134</Y>
          <Y t="4">0.01567</Y>
          <Y t="5">0.01869</Y>
          <Y t="6">0.02351</Y>
          <Y t="7">0.03148</Y>
          <Y t="8">0.04265</Y>
          <Y t="9">0.05495</Y>
          <Y t="10">0.06685</Y>
          <Y t="11">0.08064</Y>
          <Y t="12">0.09646</Y>
          <Y t="13">0.11114</Y>
          <Y t="14">0.12359</Y>
          <Y t="15">0.13686</Y>
          <Y t="16">0.15044</Y>
          <Y t="17">0.16417</Y>
          <Y t="18">0.18074</Y>
          <Y t="19">0.20127</Y>
          <Y t="20">0.22374</Y>
          <Y t="21">0.24802</Y>
          <Y t="22">0.27379</Y>
          <Y t="23">0.29921</Y>
          <Y t="24">0.32314</Y>
          <Y t="25">0.34698</Y>
        </Axis>
      </Axis>
      <Axis t="79">
        <Axis>
          <Y t="1">0.00587</Y>
          <Y t="2">0.00804</Y>
          <Y t="3">0.0131</Y>
          <Y t="4">0.01733</Y>
          <Y t="5">0.02066</Y>
          <Y t="6">0.02643</Y>
          <Y t="7">0.03594</Y>
          <Y t="8">0.04895</Y>
          <Y t="9">0.06328</Y>
          <Y t="10">0.07826</Y>
          <Y t="11">0.09466</Y>
          <Y t="12">0.11076</Y>
          <Y t="13">0.12359</Y>
          <Y t="14">0.13686</Y>
          <Y t="15">0.15044</Y>
          <Y t="16">0.16417</Y>
          <Y t="17">0.18074</Y>
          <Y t="18">0.20127</Y>
          <Y t="19">0.22374</Y>
          <Y t="20">0.24802</Y>
          <Y t="21">0.27379</Y>
          <Y t="22">0.29921</Y>
          <Y t="23">0.32314</Y>
          <Y t="24">0.34698</Y>
          <Y t="25">0.37036</Y>
        </Axis>
      </Axis>
      <Axis t="80">
        <Axis>
          <Y t="1">0.00623</Y>
          <Y t="2">0.00927</Y>
          <Y t="3">0.01507</Y>
          <Y t="4">0.01913</Y>
          <Y t="5">0.02297</Y>
          <Y t="6">0.03017</Y>
          <Y t="7">0.04143</Y>
          <Y t="8">0.05658</Y>
          <Y t="9">0.07323</Y>
          <Y t="10">0.09087</Y>
          <Y t="11">0.1097</Y>
          <Y t="12">0.12359</Y>
          <Y t="13">0.13686</Y>
          <Y t="14">0.15044</Y>
          <Y t="15">0.16417</Y>
          <Y t="16">0.18074</Y>
          <Y t="17">0.20127</Y>
          <Y t="18">0.22374</Y>
          <Y t="19">0.24802</Y>
          <Y t="20">0.27379</Y>
          <Y t="21">0.29921</Y>
          <Y t="22">0.32314</Y>
          <Y t="23">0.34698</Y>
          <Y t="24">0.37036</Y>
          <Y t="25">0.39292</Y>
        </Axis>
      </Axis>
      <Axis t="81">
        <Axis>
          <Y t="1">0.00682</Y>
          <Y t="2">0.01069</Y>
          <Y t="3">0.01725</Y>
          <Y t="4">0.0211</Y>
          <Y t="5">0.02643</Y>
          <Y t="6">0.03524</Y>
          <Y t="7">0.04829</Y>
          <Y t="8">0.06603</Y>
          <Y t="9">0.08554</Y>
          <Y t="10">0.10623</Y>
          <Y t="11">0.12359</Y>
          <Y t="12">0.13686</Y>
          <Y t="13">0.15044</Y>
          <Y t="14">0.16417</Y>
          <Y t="15">0.18074</Y>
          <Y t="16">0.20127</Y>
          <Y t="17">0.22374</Y>
          <Y t="18">0.24802</Y>
          <Y t="19">0.27379</Y>
          <Y t="20">0.29921</Y>
          <Y t="21">0.32314</Y>
          <Y t="22">0.34698</Y>
          <Y t="23">0.37036</Y>
          <Y t="24">0.39292</Y>
          <Y t="25">0.4143</Y>
        </Axis>
      </Axis>
      <Axis t="82">
        <Axis>
          <Y t="1">0.00767</Y>
          <Y t="2">0.01232</Y>
          <Y t="3">0.0198</Y>
          <Y t="4">0.02437</Y>
          <Y t="5">0.03125</Y>
          <Y t="6">0.04166</Y>
          <Y t="7">0.05749</Y>
          <Y t="8">0.07923</Y>
          <Y t="9">0.10317</Y>
          <Y t="10">0.12285</Y>
          <Y t="11">0.13686</Y>
          <Y t="12">0.15044</Y>
          <Y t="13">0.16417</Y>
          <Y t="14">0.18074</Y>
          <Y t="15">0.20127</Y>
          <Y t="16">0.22374</Y>
          <Y t="17">0.24802</Y>
          <Y t="18">0.27379</Y>
          <Y t="19">0.29921</Y>
          <Y t="20">0.32314</Y>
          <Y t="21">0.34698</Y>
          <Y t="22">0.37036</Y>
          <Y t="23">0.39292</Y>
          <Y t="24">0.4143</Y>
          <Y t="25">0.43413</Y>
        </Axis>
      </Axis>
      <Axis t="83">
        <Axis>
          <Y t="1">0.00888</Y>
          <Y t="2">0.01422</Y>
          <Y t="3">0.02283</Y>
          <Y t="4">0.02931</Y>
          <Y t="5">0.03728</Y>
          <Y t="6">0.0499</Y>
          <Y t="7">0.07168</Y>
          <Y t="8">0.09879</Y>
          <Y t="9">0.12186</Y>
          <Y t="10">0.13686</Y>
          <Y t="11">0.15044</Y>
          <Y t="12">0.16417</Y>
          <Y t="13">0.18074</Y>
          <Y t="14">0.20127</Y>
          <Y t="15">0.22374</Y>
          <Y t="16">0.24802</Y>
          <Y t="17">0.27379</Y>
          <Y t="18">0.29921</Y>
          <Y t="19">0.32314</Y>
          <Y t="20">0.34698</Y>
          <Y t="21">0.37036</Y>
          <Y t="22">0.39292</Y>
          <Y t="23">0.4143</Y>
          <Y t="24">0.43413</Y>
          <Y t="25">0.45205</Y>
        </Axis>
      </Axis>
      <Axis t="84">
        <Axis>
          <Y t="1">0.01022</Y>
          <Y t="2">0.01654</Y>
          <Y t="3">0.02693</Y>
          <Y t="4">0.03525</Y>
          <Y t="5">0.04485</Y>
          <Y t="6">0.06173</Y>
          <Y t="7">0.09129</Y>
          <Y t="8">0.12022</Y>
          <Y t="9">0.13686</Y>
          <Y t="10">0.15044</Y>
          <Y t="11">0.16417</Y>
          <Y t="12">0.18074</Y>
          <Y t="13">0.20127</Y>
          <Y t="14">0.22374</Y>
          <Y t="15">0.24802</Y>
          <Y t="16">0.27379</Y>
          <Y t="17">0.29921</Y>
          <Y t="18">0.32314</Y>
          <Y t="19">0.34698</Y>
          <Y t="20">0.37036</Y>
          <Y t="21">0.39292</Y>
          <Y t="22">0.4143</Y>
          <Y t="23">0.43413</Y>
          <Y t="24">0.45205</Y>
          <Y t="25">0.46769</Y>
        </Axis>
      </Axis>
      <Axis t="85">
        <Axis>
          <Y t="1">0.01143</Y>
          <Y t="2">0.01963</Y>
          <Y t="3">0.03233</Y>
          <Y t="4">0.04229</Y>
          <Y t="5">0.05495</Y>
          <Y t="6">0.08112</Y>
          <Y t="7">0.11301</Y>
          <Y t="8">0.13686</Y>
          <Y t="9">0.15044</Y>
          <Y t="10">0.16417</Y>
          <Y t="11">0.18074</Y>
          <Y t="12">0.20127</Y>
          <Y t="13">0.22374</Y>
          <Y t="14">0.24802</Y>
          <Y t="15">0.27379</Y>
          <Y t="16">0.29921</Y>
          <Y t="17">0.32314</Y>
          <Y t="18">0.34698</Y>
          <Y t="19">0.37036</Y>
          <Y t="20">0.39292</Y>
          <Y t="21">0.4143</Y>
          <Y t="22">0.43413</Y>
          <Y t="23">0.45205</Y>
          <Y t="24">0.46769</Y>
          <Y t="25">0.48068</Y>
        </Axis>
      </Axis>
      <Axis t="86">
        <Axis>
          <Y t="1">0.0126</Y>
          <Y t="2">0.02356</Y>
          <Y t="3">0.03871</Y>
          <Y t="4">0.0505</Y>
          <Y t="5">0.07067</Y>
          <Y t="6">0.1067</Y>
          <Y t="7">0.13375</Y>
          <Y t="8">0.15044</Y>
          <Y t="9">0.16417</Y>
          <Y t="10">0.18074</Y>
          <Y t="11">0.20127</Y>
          <Y t="12">0.22374</Y>
          <Y t="13">0.24802</Y>
          <Y t="14">0.27379</Y>
          <Y t="15">0.29921</Y>
          <Y t="16">0.32314</Y>
          <Y t="17">0.34698</Y>
          <Y t="18">0.37036</Y>
          <Y t="19">0.39292</Y>
          <Y t="20">0.4143</Y>
          <Y t="21">0.43413</Y>
          <Y t="22">0.45205</Y>
          <Y t="23">0.46769</Y>
          <Y t="24">0.48068</Y>
          <Y t="25">0.49065</Y>
        </Axis>
      </Axis>
      <Axis t="87">
        <Axis>
          <Y t="1">0.0139</Y>
          <Y t="2">0.02824</Y>
          <Y t="3">0.0462</Y>
          <Y t="4">0.06274</Y>
          <Y t="5">0.0952</Y>
          <Y t="6">0.13167</Y>
          <Y t="7">0.15044</Y>
          <Y t="8">0.16417</Y>
          <Y t="9">0.18074</Y>
          <Y t="10">0.20127</Y>
          <Y t="11">0.22374</Y>
          <Y t="12">0.24802</Y>
          <Y t="13">0.27379</Y>
          <Y t="14">0.29921</Y>
          <Y t="15">0.32314</Y>
          <Y t="16">0.34698</Y>
          <Y t="17">0.37036</Y>
          <Y t="18">0.39292</Y>
          <Y t="19">0.4143</Y>
          <Y t="20">0.43413</Y>
          <Y t="21">0.45205</Y>
          <Y t="22">0.46769</Y>
          <Y t="23">0.48068</Y>
          <Y t="24">0.49065</Y>
          <Y t="25">0.49723</Y>
        </Axis>
      </Axis>
      <Axis t="88">
        <Axis>
          <Y t="1">0.01533</Y>
          <Y t="2">0.03349</Y>
          <Y t="3">0.05494</Y>
          <Y t="4">0.08119</Y>
          <Y t="5">0.1249</Y>
          <Y t="6">0.15044</Y>
          <Y t="7">0.16417</Y>
          <Y t="8">0.18074</Y>
          <Y t="9">0.20127</Y>
          <Y t="10">0.22374</Y>
          <Y t="11">0.24802</Y>
          <Y t="12">0.27379</Y>
          <Y t="13">0.29921</Y>
          <Y t="14">0.32314</Y>
          <Y t="15">0.34698</Y>
          <Y t="16">0.37036</Y>
          <Y t="17">0.39292</Y>
          <Y t="18">0.4143</Y>
          <Y t="19">0.43413</Y>
          <Y t="20">0.45205</Y>
          <Y t="21">0.46769</Y>
          <Y t="22">0.48068</Y>
          <Y t="23">0.49065</Y>
          <Y t="24">0.49723</Y>
          <Y t="25">0.5</Y>
        </Axis>
      </Axis>
      <Axis t="89">
        <Axis>
          <Y t="1">0.01692</Y>
          <Y t="2">0.03936</Y>
          <Y t="3">0.06828</Y>
          <Y t="4">0.10745</Y>
          <Y t="5">0.14859</Y>
          <Y t="6">0.16417</Y>
          <Y t="7">0.18074</Y>
          <Y t="8">0.20127</Y>
          <Y t="9">0.22374</Y>
          <Y t="10">0.24802</Y>
          <Y t="11">0.27379</Y>
          <Y t="12">0.29921</Y>
          <Y t="13">0.32314</Y>
          <Y t="14">0.34698</Y>
          <Y t="15">0.37036</Y>
          <Y t="16">0.39292</Y>
          <Y t="17">0.4143</Y>
          <Y t="18">0.43413</Y>
          <Y t="19">0.45205</Y>
          <Y t="20">0.46769</Y>
          <Y t="21">0.48068</Y>
          <Y t="22">0.49065</Y>
          <Y t="23">0.49723</Y>
          <Y t="24">0.5</Y>
          <Y t="25">0.5</Y>
        </Axis>
      </Axis>
      <Axis t="90">
        <Axis>
          <Y t="1">0.02017</Y>
          <Y t="2">0.04887</Y>
          <Y t="3">0.09623</Y>
          <Y t="4">0.13985</Y>
          <Y t="5">0.16417</Y>
          <Y t="6">0.18074</Y>
          <Y t="7">0.20127</Y>
          <Y t="8">0.22374</Y>
          <Y t="9">0.24802</Y>
          <Y t="10">0.27379</Y>
          <Y t="11">0.29921</Y>
          <Y t="12">0.32314</Y>
          <Y t="13">0.34698</Y>
          <Y t="14">0.37036</Y>
          <Y t="15">0.39292</Y>
          <Y t="16">0.4143</Y>
          <Y t="17">0.43413</Y>
          <Y t="18">0.45205</Y>
          <Y t="19">0.46769</Y>
          <Y t="20">0.48068</Y>
          <Y t="21">0.49065</Y>
          <Y t="22">0.49723</Y>
          <Y t="23">0.5</Y>
          <Y t="24">0.5</Y>
          <Y t="25">0.5</Y>
        </Axis>
      </Axis>
      <Axis t="91">
        <Axis>
          <Y t="1">0.02771</Y>
          <Y t="2">0.06922</Y>
          <Y t="3">0.13597</Y>
          <Y t="4">0.16417</Y>
          <Y t="5">0.18074</Y>
          <Y t="6">0.20127</Y>
          <Y t="7">0.22374</Y>
          <Y t="8">0.24802</Y>
          <Y t="9">0.27379</Y>
          <Y t="10">0.29921</Y>
          <Y t="11">0.32314</Y>
          <Y t="12">0.34698</Y>
          <Y t="13">0.37036</Y>
          <Y t="14">0.39292</Y>
          <Y t="15">0.4143</Y>
          <Y t="16">0.43413</Y>
          <Y t="17">0.45205</Y>
          <Y t="18">0.46769</Y>
          <Y t="19">0.48068</Y>
          <Y t="20">0.49065</Y>
          <Y t="21">0.49723</Y>
          <Y t="22">0.5</Y>
          <Y t="23">0.5</Y>
          <Y t="24">0.5</Y>
          <Y t="25">0.5</Y>
        </Axis>
      </Axis>
      <Axis t="92">
        <Axis>
          <Y t="1">0.04138</Y>
          <Y t="2">0.10139</Y>
          <Y t="3">0.16417</Y>
          <Y t="4">0.18074</Y>
          <Y t="5">0.20127</Y>
          <Y t="6">0.22374</Y>
          <Y t="7">0.24802</Y>
          <Y t="8">0.27379</Y>
          <Y t="9">0.29921</Y>
          <Y t="10">0.32314</Y>
          <Y t="11">0.34698</Y>
          <Y t="12">0.37036</Y>
          <Y t="13">0.39292</Y>
          <Y t="14">0.4143</Y>
          <Y t="15">0.43413</Y>
          <Y t="16">0.45205</Y>
          <Y t="17">0.46769</Y>
          <Y t="18">0.48068</Y>
          <Y t="19">0.49065</Y>
          <Y t="20">0.49723</Y>
          <Y t="21">0.5</Y>
          <Y t="22">0.5</Y>
          <Y t="23">0.5</Y>
          <Y t="24">0.5</Y>
          <Y t="25">0.5</Y>
        </Axis>
      </Axis>
      <Axis t="93">
        <Axis>
          <Y t="1">0.06267</Y>
          <Y t="2">0.13249</Y>
          <Y t="3">0.18074</Y>
          <Y t="4">0.20127</Y>
          <Y t="5">0.22374</Y>
          <Y t="6">0.24802</Y>
          <Y t="7">0.27379</Y>
          <Y t="8">0.29921</Y>
          <Y t="9">0.32314</Y>
          <Y t="10">0.34698</Y>
          <Y t="11">0.37036</Y>
          <Y t="12">0.39292</Y>
          <Y t="13">0.4143</Y>
          <Y t="14">0.43413</Y>
          <Y t="15">0.45205</Y>
          <Y t="16">0.46769</Y>
          <Y t="17">0.48068</Y>
          <Y t="18">0.49065</Y>
          <Y t="19">0.49723</Y>
          <Y t="20">0.5</Y>
          <Y t="21">0.5</Y>
          <Y t="22">0.5</Y>
          <Y t="23">0.5</Y>
          <Y t="24">0.5</Y>
          <Y t="25">0.5</Y>
        </Axis>
      </Axis>
      <Axis t="94">
        <Axis>
          <Y t="1">0.09331</Y>
          <Y t="2">0.16699</Y>
          <Y t="3">0.20127</Y>
          <Y t="4">0.22374</Y>
          <Y t="5">0.24802</Y>
          <Y t="6">0.27379</Y>
          <Y t="7">0.29921</Y>
          <Y t="8">0.32314</Y>
          <Y t="9">0.34698</Y>
          <Y t="10">0.37036</Y>
          <Y t="11">0.39292</Y>
          <Y t="12">0.4143</Y>
          <Y t="13">0.43413</Y>
          <Y t="14">0.45205</Y>
          <Y t="15">0.46769</Y>
          <Y t="16">0.48068</Y>
          <Y t="17">0.49065</Y>
          <Y t="18">0.49723</Y>
          <Y t="19">0.5</Y>
          <Y t="20">0.5</Y>
          <Y t="21">0.5</Y>
          <Y t="22">0.5</Y>
          <Y t="23">0.5</Y>
          <Y t="24">0.5</Y>
          <Y t="25">0.5</Y>
        </Axis>
      </Axis>
      <Axis t="95">
        <Axis>
          <Y t="1">0.14952</Y>
          <Y t="2">0.20127</Y>
          <Y t="3">0.22374</Y>
          <Y t="4">0.24802</Y>
          <Y t="5">0.27379</Y>
          <Y t="6">0.29921</Y>
          <Y t="7">0.32314</Y>
          <Y t="8">0.34698</Y>
          <Y t="9">0.37036</Y>
          <Y t="10">0.39292</Y>
          <Y t="11">0.4143</Y>
          <Y t="12">0.43413</Y>
          <Y t="13">0.45205</Y>
          <Y t="14">0.46769</Y>
          <Y t="15">0.48068</Y>
          <Y t="16">0.49065</Y>
          <Y t="17">0.49723</Y>
          <Y t="18">0.5</Y>
          <Y t="19">0.5</Y>
          <Y t="20">0.5</Y>
          <Y t="21">0.5</Y>
          <Y t="22">0.5</Y>
          <Y t="23">0.5</Y>
          <Y t="24">0.5</Y>
          <Y t="25">0.5</Y>
        </Axis>
      </Axis>
    </Values>
  </Table>
  <Table>
    <MetaData>
      <ScalingFactor>0</ScalingFactor>
      <DataType tc="2">Floating Point</DataType>
      <Nation tc="1">United States of America</Nation>
      <TableDescription>2015 VBT Relative Risk Table - Female, 150% Non-Smoker, Age Last Birthday, Ultimate</TableDescription>
      <AxisDef id="Age">
        <ScaleType tc="3">Age</ScaleType>
        <AxisName>Age</AxisName>
        <MinScaleValue>18</MinScaleValue>
        <MaxScaleValue>120</MaxScaleValue>
        <Increment>1</Increment>
      </AxisDef>
    </MetaData>
    <Values>
      <Axis>
        <Y t="18">0.00047</Y>
        <Y t="19">0.00047</Y>
        <Y t="20">0.00046</Y>
        <Y t="21">0.00046</Y>
        <Y t="22">0.00046</Y>
        <Y t="23">0.00046</Y>
        <Y t="24">0.00046</Y>
        <Y t="25">0.00045</Y>
        <Y t="26">0.00046</Y>
        <Y t="27">0.00049</Y>
        <Y t="28">0.00052</Y>
        <Y t="29">0.00056</Y>
        <Y t="30">0.00058</Y>
        <Y t="31">0.00062</Y>
        <Y t="32">0.00069</Y>
        <Y t="33">0.0008</Y>
        <Y t="34">0.00093</Y>
        <Y t="35">0.00107</Y>
        <Y t="36">0.00121</Y>
        <Y t="37">0.00133</Y>
        <Y t="38">0.00144</Y>
        <Y t="39">0.00148</Y>
        <Y t="40">0.0015</Y>
        <Y t="41">0.0015</Y>
        <Y t="42">0.00151</Y>
        <Y t="43">0.00151</Y>
        <Y t="44">0.00152</Y>
        <Y t="45">0.00156</Y>
        <Y t="46">0.0016</Y>
        <Y t="47">0.00165</Y>
        <Y t="48">0.00172</Y>
        <Y t="49">0.00182</Y>
        <Y t="50">0.00194</Y>
        <Y t="51">0.0021</Y>
        <Y t="52">0.00232</Y>
        <Y t="53">0.00256</Y>
        <Y t="54">0.00283</Y>
        <Y t="55">0.00308</Y>
        <Y t="56">0.00333</Y>
        <Y t="57">0.00357</Y>
        <Y t="58">0.00381</Y>
        <Y t="59">0.00408</Y>
        <Y t="60">0.0044</Y>
        <Y t="61">0.00477</Y>
        <Y t="62">0.00519</Y>
        <Y t="63">0.00567</Y>
        <Y t="64">0.00618</Y>
        <Y t="65">0.00674</Y>
        <Y t="66">0.00733</Y>
        <Y t="67">0.00797</Y>
        <Y t="68">0.00867</Y>
        <Y t="69">0.00947</Y>
        <Y t="70">0.0104</Y>
        <Y t="71">0.0115</Y>
        <Y t="72">0.01278</Y>
        <Y t="73">0.01425</Y>
        <Y t="74">0.01594</Y>
        <Y t="75">0.01786</Y>
        <Y t="76">0.02004</Y>
        <Y t="77">0.02255</Y>
        <Y t="78">0.02548</Y>
        <Y t="79">0.029</Y>
        <Y t="80">0.03313</Y>
        <Y t="81">0.03747</Y>
        <Y t="82">0.04192</Y>
        <Y t="83">0.047</Y>
        <Y t="84">0.05387</Y>
        <Y t="85">0.06173</Y>
        <Y t="86">0.06953</Y>
        <Y t="87">0.07839</Y>
        <Y t="88">0.08844</Y>
        <Y t="89">0.09941</Y>
        <Y t="90">0.11114</Y>
        <Y t="91">0.12359</Y>
        <Y t="92">0.13686</Y>
        <Y t="93">0.15044</Y>
        <Y t="94">0.16417</Y>
        <Y t="95">0.18074</Y>
        <Y t="96">0.20127</Y>
        <Y t="97">0.22374</Y>
        <Y t="98">0.24802</Y>
        <Y t="99">0.27379</Y>
        <Y t="100">0.29921</Y>
        <Y t="101">0.32314</Y>
        <Y t="102">0.34698</Y>
        <Y t="103">0.37036</Y>
        <Y t="104">0.39292</Y>
        <Y t="105">0.4143</Y>
        <Y t="106">0.43413</Y>
        <Y t="107">0.45205</Y>
        <Y t="108">0.46769</Y>
        <Y t="109">0.48068</Y>
        <Y t="110">0.49065</Y>
        <Y t="111">0.49723</Y>
        <Y t="112">0.5</Y>
        <Y t="113">0.5</Y>
        <Y t="114">0.5</Y>
        <Y t="115">0.5</Y>
        <Y t="116">0.5</Y>
        <Y t="117">0.5</Y>
        <Y t="118">0.5</Y>
        <Y t="119">0.5</Y>
        <Y t="120">0.5</Y>
      </Axis>
    </Values>
  </Table>
</XTbML>