﻿<?xml version="1.0" encoding="utf-8"?>
<XTbML>
  <ContentClassification>
    <TableIdentity>3210</TableIdentity>
    <ProviderDomain>soa.org</ProviderDomain>
    <ProviderName>American Academy of Actuaries along with the Society of Actuaries</ProviderName>
    <TableReference>Society of Actuaries website, 2015 Valuation Basic Tables. Accessed: March, 2016 from https://www.soa.org/Research/Experience-Study/Ind-Life/Valuation/2015-valuation-basic-tables.aspx</TableReference>
    <ContentType tc="4">Insured Lives Mortality</ContentType>
    <TableName>2015 VBT Female Non-Smoker RR60 ALB</TableName>
    <TableDescription>2015 Valuation Basic Table (VBT) Relative Risk Table - Female, 60%, Non-Smoker, Age Last Birthday. Minimum Age: 18. Maximum Age: 95.</TableDescription>
    <Comments>Study Data: The 2015 VBT was developed based on the mortality experience from the SOA Individual Life Experience Committee studies from the 2002-2009 study period. Additional data from other sources was used to supplement the 2002-2009 experience at younger and older ages where industry experience was sparse.To develop the 2015 VBT table, the mortality was projected from March 1st, 2006 to July 1st, 2015, using recent mortality improvement trends. Data Certified: 07/2018.</Comments>
    <KeyWord>Select</KeyWord>
    <KeyWord>Insured Lives Mortality</KeyWord>
    <KeyWord>United States of America</KeyWord>
  </ContentClassification>
  <Table>
    <MetaData>
      <ScalingFactor>0</ScalingFactor>
      <DataType tc="2">Floating Point</DataType>
      <Nation tc="1">United States of America</Nation>
      <TableDescription>2015 VBT Relative Risk Table - Female, 60% Non-Smoker, Age Last Birthday, Select</TableDescription>
      <AxisDef id="Age">
        <ScaleType tc="3">Age</ScaleType>
        <AxisName>Age</AxisName>
        <MinScaleValue>18</MinScaleValue>
        <MaxScaleValue>95</MaxScaleValue>
        <Increment>1</Increment>
      </AxisDef>
      <AxisDef id="Duration">
        <ScaleType tc="2">Ordinal Date</ScaleType>
        <AxisName>Duration</AxisName>
        <MinScaleValue>1</MinScaleValue>
        <MaxScaleValue>25</MaxScaleValue>
        <Increment>1</Increment>
      </AxisDef>
    </MetaData>
    <Values>
      <Axis t="18">
        <Axis>
          <Y t="1">0.0002</Y>
          <Y t="2">0.0002</Y>
          <Y t="3">0.00019</Y>
          <Y t="4">0.00019</Y>
          <Y t="5">0.00019</Y>
          <Y t="6">0.00019</Y>
          <Y t="7">0.00019</Y>
          <Y t="8">0.00019</Y>
          <Y t="9">0.00019</Y>
          <Y t="10">0.0002</Y>
          <Y t="11">0.00022</Y>
          <Y t="12">0.00023</Y>
          <Y t="13">0.00024</Y>
          <Y t="14">0.00026</Y>
          <Y t="15">0.00029</Y>
          <Y t="16">0.00034</Y>
          <Y t="17">0.00039</Y>
          <Y t="18">0.00045</Y>
          <Y t="19">0.00051</Y>
          <Y t="20">0.00056</Y>
          <Y t="21">0.0006</Y>
          <Y t="22">0.00062</Y>
          <Y t="23">0.00063</Y>
          <Y t="24">0.00063</Y>
          <Y t="25">0.00063</Y>
        </Axis>
      </Axis>
      <Axis t="19">
        <Axis>
          <Y t="1">0.00018</Y>
          <Y t="2">0.00018</Y>
          <Y t="3">0.00018</Y>
          <Y t="4">0.00018</Y>
          <Y t="5">0.00018</Y>
          <Y t="6">0.00018</Y>
          <Y t="7">0.00017</Y>
          <Y t="8">0.00017</Y>
          <Y t="9">0.00018</Y>
          <Y t="10">0.0002</Y>
          <Y t="11">0.00022</Y>
          <Y t="12">0.00023</Y>
          <Y t="13">0.00024</Y>
          <Y t="14">0.00026</Y>
          <Y t="15">0.0003</Y>
          <Y t="16">0.00035</Y>
          <Y t="17">0.00041</Y>
          <Y t="18">0.00048</Y>
          <Y t="19">0.00054</Y>
          <Y t="20">0.00059</Y>
          <Y t="21">0.00062</Y>
          <Y t="22">0.00063</Y>
          <Y t="23">0.00063</Y>
          <Y t="24">0.00063</Y>
          <Y t="25">0.00063</Y>
        </Axis>
      </Axis>
      <Axis t="20">
        <Axis>
          <Y t="1">0.00015</Y>
          <Y t="2">0.00016</Y>
          <Y t="3">0.00017</Y>
          <Y t="4">0.00017</Y>
          <Y t="5">0.00017</Y>
          <Y t="6">0.00016</Y>
          <Y t="7">0.00016</Y>
          <Y t="8">0.00017</Y>
          <Y t="9">0.00018</Y>
          <Y t="10">0.0002</Y>
          <Y t="11">0.00022</Y>
          <Y t="12">0.00023</Y>
          <Y t="13">0.00024</Y>
          <Y t="14">0.00026</Y>
          <Y t="15">0.00031</Y>
          <Y t="16">0.00037</Y>
          <Y t="17">0.00043</Y>
          <Y t="18">0.00049</Y>
          <Y t="19">0.00055</Y>
          <Y t="20">0.0006</Y>
          <Y t="21">0.00063</Y>
          <Y t="22">0.00063</Y>
          <Y t="23">0.00063</Y>
          <Y t="24">0.00063</Y>
          <Y t="25">0.00064</Y>
        </Axis>
      </Axis>
      <Axis t="21">
        <Axis>
          <Y t="1">0.00013</Y>
          <Y t="2">0.00015</Y>
          <Y t="3">0.00016</Y>
          <Y t="4">0.00016</Y>
          <Y t="5">0.00015</Y>
          <Y t="6">0.00015</Y>
          <Y t="7">0.00015</Y>
          <Y t="8">0.00017</Y>
          <Y t="9">0.00019</Y>
          <Y t="10">0.00021</Y>
          <Y t="11">0.00022</Y>
          <Y t="12">0.00022</Y>
          <Y t="13">0.00024</Y>
          <Y t="14">0.00027</Y>
          <Y t="15">0.00033</Y>
          <Y t="16">0.00039</Y>
          <Y t="17">0.00044</Y>
          <Y t="18">0.0005</Y>
          <Y t="19">0.00056</Y>
          <Y t="20">0.0006</Y>
          <Y t="21">0.00063</Y>
          <Y t="22">0.00063</Y>
          <Y t="23">0.00063</Y>
          <Y t="24">0.00064</Y>
          <Y t="25">0.00065</Y>
        </Axis>
      </Axis>
      <Axis t="22">
        <Axis>
          <Y t="1">0.00011</Y>
          <Y t="2">0.00014</Y>
          <Y t="3">0.00014</Y>
          <Y t="4">0.00014</Y>
          <Y t="5">0.00013</Y>
          <Y t="6">0.00014</Y>
          <Y t="7">0.00015</Y>
          <Y t="8">0.00017</Y>
          <Y t="9">0.00019</Y>
          <Y t="10">0.00021</Y>
          <Y t="11">0.00022</Y>
          <Y t="12">0.00023</Y>
          <Y t="13">0.00025</Y>
          <Y t="14">0.00029</Y>
          <Y t="15">0.00035</Y>
          <Y t="16">0.00041</Y>
          <Y t="17">0.00045</Y>
          <Y t="18">0.00051</Y>
          <Y t="19">0.00056</Y>
          <Y t="20">0.00061</Y>
          <Y t="21">0.00063</Y>
          <Y t="22">0.00063</Y>
          <Y t="23">0.00064</Y>
          <Y t="24">0.00065</Y>
          <Y t="25">0.00068</Y>
        </Axis>
      </Axis>
      <Axis t="23">
        <Axis>
          <Y t="1">0.0001</Y>
          <Y t="2">0.00013</Y>
          <Y t="3">0.00013</Y>
          <Y t="4">0.00012</Y>
          <Y t="5">0.00012</Y>
          <Y t="6">0.00014</Y>
          <Y t="7">0.00016</Y>
          <Y t="8">0.00018</Y>
          <Y t="9">0.0002</Y>
          <Y t="10">0.00021</Y>
          <Y t="11">0.00022</Y>
          <Y t="12">0.00024</Y>
          <Y t="13">0.00027</Y>
          <Y t="14">0.00032</Y>
          <Y t="15">0.00038</Y>
          <Y t="16">0.00042</Y>
          <Y t="17">0.00046</Y>
          <Y t="18">0.00051</Y>
          <Y t="19">0.00056</Y>
          <Y t="20">0.00061</Y>
          <Y t="21">0.00063</Y>
          <Y t="22">0.00064</Y>
          <Y t="23">0.00065</Y>
          <Y t="24">0.00068</Y>
          <Y t="25">0.0007</Y>
        </Axis>
      </Axis>
      <Axis t="24">
        <Axis>
          <Y t="1">9E-05</Y>
          <Y t="2">0.00011</Y>
          <Y t="3">0.00011</Y>
          <Y t="4">0.00011</Y>
          <Y t="5">0.00012</Y>
          <Y t="6">0.00014</Y>
          <Y t="7">0.00016</Y>
          <Y t="8">0.00018</Y>
          <Y t="9">0.0002</Y>
          <Y t="10">0.00022</Y>
          <Y t="11">0.00023</Y>
          <Y t="12">0.00026</Y>
          <Y t="13">0.0003</Y>
          <Y t="14">0.00035</Y>
          <Y t="15">0.0004</Y>
          <Y t="16">0.00044</Y>
          <Y t="17">0.00047</Y>
          <Y t="18">0.00051</Y>
          <Y t="19">0.00056</Y>
          <Y t="20">0.00061</Y>
          <Y t="21">0.00064</Y>
          <Y t="22">0.00065</Y>
          <Y t="23">0.00068</Y>
          <Y t="24">0.0007</Y>
          <Y t="25">0.00073</Y>
        </Axis>
      </Axis>
      <Axis t="25">
        <Axis>
          <Y t="1">7E-05</Y>
          <Y t="2">0.0001</Y>
          <Y t="3">0.0001</Y>
          <Y t="4">0.00011</Y>
          <Y t="5">0.00012</Y>
          <Y t="6">0.00014</Y>
          <Y t="7">0.00016</Y>
          <Y t="8">0.00019</Y>
          <Y t="9">0.00021</Y>
          <Y t="10">0.00023</Y>
          <Y t="11">0.00025</Y>
          <Y t="12">0.00029</Y>
          <Y t="13">0.00033</Y>
          <Y t="14">0.00038</Y>
          <Y t="15">0.00042</Y>
          <Y t="16">0.00045</Y>
          <Y t="17">0.00048</Y>
          <Y t="18">0.00052</Y>
          <Y t="19">0.00057</Y>
          <Y t="20">0.00062</Y>
          <Y t="21">0.00065</Y>
          <Y t="22">0.00068</Y>
          <Y t="23">0.0007</Y>
          <Y t="24">0.00073</Y>
          <Y t="25">0.00078</Y>
        </Axis>
      </Axis>
      <Axis t="26">
        <Axis>
          <Y t="1">6E-05</Y>
          <Y t="2">9E-05</Y>
          <Y t="3">0.0001</Y>
          <Y t="4">0.00011</Y>
          <Y t="5">0.00012</Y>
          <Y t="6">0.00014</Y>
          <Y t="7">0.00017</Y>
          <Y t="8">0.00019</Y>
          <Y t="9">0.00022</Y>
          <Y t="10">0.00025</Y>
          <Y t="11">0.00028</Y>
          <Y t="12">0.00032</Y>
          <Y t="13">0.00037</Y>
          <Y t="14">0.00041</Y>
          <Y t="15">0.00044</Y>
          <Y t="16">0.00046</Y>
          <Y t="17">0.00049</Y>
          <Y t="18">0.00054</Y>
          <Y t="19">0.00059</Y>
          <Y t="20">0.00063</Y>
          <Y t="21">0.00068</Y>
          <Y t="22">0.0007</Y>
          <Y t="23">0.00073</Y>
          <Y t="24">0.00078</Y>
          <Y t="25">0.00083</Y>
        </Axis>
      </Axis>
      <Axis t="27">
        <Axis>
          <Y t="1">5E-05</Y>
          <Y t="2">8E-05</Y>
          <Y t="3">0.0001</Y>
          <Y t="4">0.00011</Y>
          <Y t="5">0.00012</Y>
          <Y t="6">0.00014</Y>
          <Y t="7">0.00017</Y>
          <Y t="8">0.0002</Y>
          <Y t="9">0.00023</Y>
          <Y t="10">0.00027</Y>
          <Y t="11">0.0003</Y>
          <Y t="12">0.00035</Y>
          <Y t="13">0.0004</Y>
          <Y t="14">0.00043</Y>
          <Y t="15">0.00045</Y>
          <Y t="16">0.00047</Y>
          <Y t="17">0.0005</Y>
          <Y t="18">0.00055</Y>
          <Y t="19">0.0006</Y>
          <Y t="20">0.00065</Y>
          <Y t="21">0.0007</Y>
          <Y t="22">0.00073</Y>
          <Y t="23">0.00078</Y>
          <Y t="24">0.00083</Y>
          <Y t="25">0.0009</Y>
        </Axis>
      </Axis>
      <Axis t="28">
        <Axis>
          <Y t="1">5E-05</Y>
          <Y t="2">8E-05</Y>
          <Y t="3">0.0001</Y>
          <Y t="4">0.00011</Y>
          <Y t="5">0.00012</Y>
          <Y t="6">0.00015</Y>
          <Y t="7">0.00018</Y>
          <Y t="8">0.00021</Y>
          <Y t="9">0.00025</Y>
          <Y t="10">0.00029</Y>
          <Y t="11">0.00032</Y>
          <Y t="12">0.00037</Y>
          <Y t="13">0.00042</Y>
          <Y t="14">0.00044</Y>
          <Y t="15">0.00046</Y>
          <Y t="16">0.00048</Y>
          <Y t="17">0.00052</Y>
          <Y t="18">0.00057</Y>
          <Y t="19">0.00062</Y>
          <Y t="20">0.00068</Y>
          <Y t="21">0.00073</Y>
          <Y t="22">0.00078</Y>
          <Y t="23">0.00083</Y>
          <Y t="24">0.0009</Y>
          <Y t="25">0.001</Y>
        </Axis>
      </Axis>
      <Axis t="29">
        <Axis>
          <Y t="1">5E-05</Y>
          <Y t="2">9E-05</Y>
          <Y t="3">0.0001</Y>
          <Y t="4">0.00011</Y>
          <Y t="5">0.00013</Y>
          <Y t="6">0.00015</Y>
          <Y t="7">0.0002</Y>
          <Y t="8">0.00022</Y>
          <Y t="9">0.00027</Y>
          <Y t="10">0.0003</Y>
          <Y t="11">0.00034</Y>
          <Y t="12">0.00039</Y>
          <Y t="13">0.00043</Y>
          <Y t="14">0.00045</Y>
          <Y t="15">0.00047</Y>
          <Y t="16">0.0005</Y>
          <Y t="17">0.00054</Y>
          <Y t="18">0.0006</Y>
          <Y t="19">0.00066</Y>
          <Y t="20">0.00071</Y>
          <Y t="21">0.00078</Y>
          <Y t="22">0.00083</Y>
          <Y t="23">0.0009</Y>
          <Y t="24">0.001</Y>
          <Y t="25">0.00111</Y>
        </Axis>
      </Axis>
      <Axis t="30">
        <Axis>
          <Y t="1">5E-05</Y>
          <Y t="2">9E-05</Y>
          <Y t="3">0.0001</Y>
          <Y t="4">0.00011</Y>
          <Y t="5">0.00013</Y>
          <Y t="6">0.00017</Y>
          <Y t="7">0.00021</Y>
          <Y t="8">0.00024</Y>
          <Y t="9">0.00028</Y>
          <Y t="10">0.00032</Y>
          <Y t="11">0.00035</Y>
          <Y t="12">0.00039</Y>
          <Y t="13">0.00043</Y>
          <Y t="14">0.00046</Y>
          <Y t="15">0.00048</Y>
          <Y t="16">0.00052</Y>
          <Y t="17">0.00058</Y>
          <Y t="18">0.00064</Y>
          <Y t="19">0.0007</Y>
          <Y t="20">0.00076</Y>
          <Y t="21">0.00083</Y>
          <Y t="22">0.0009</Y>
          <Y t="23">0.001</Y>
          <Y t="24">0.00111</Y>
          <Y t="25">0.00123</Y>
        </Axis>
      </Axis>
      <Axis t="31">
        <Axis>
          <Y t="1">5E-05</Y>
          <Y t="2">9E-05</Y>
          <Y t="3">0.00011</Y>
          <Y t="4">0.00012</Y>
          <Y t="5">0.00015</Y>
          <Y t="6">0.00018</Y>
          <Y t="7">0.00023</Y>
          <Y t="8">0.00026</Y>
          <Y t="9">0.00029</Y>
          <Y t="10">0.00033</Y>
          <Y t="11">0.00036</Y>
          <Y t="12">0.0004</Y>
          <Y t="13">0.00044</Y>
          <Y t="14">0.00047</Y>
          <Y t="15">0.00051</Y>
          <Y t="16">0.00056</Y>
          <Y t="17">0.00062</Y>
          <Y t="18">0.00068</Y>
          <Y t="19">0.00074</Y>
          <Y t="20">0.00081</Y>
          <Y t="21">0.0009</Y>
          <Y t="22">0.001</Y>
          <Y t="23">0.00111</Y>
          <Y t="24">0.00123</Y>
          <Y t="25">0.00135</Y>
        </Axis>
      </Axis>
      <Axis t="32">
        <Axis>
          <Y t="1">5E-05</Y>
          <Y t="2">9E-05</Y>
          <Y t="3">0.00011</Y>
          <Y t="4">0.00013</Y>
          <Y t="5">0.00017</Y>
          <Y t="6">0.0002</Y>
          <Y t="7">0.00024</Y>
          <Y t="8">0.00027</Y>
          <Y t="9">0.0003</Y>
          <Y t="10">0.00033</Y>
          <Y t="11">0.00036</Y>
          <Y t="12">0.00041</Y>
          <Y t="13">0.00045</Y>
          <Y t="14">0.00049</Y>
          <Y t="15">0.00054</Y>
          <Y t="16">0.0006</Y>
          <Y t="17">0.00066</Y>
          <Y t="18">0.00072</Y>
          <Y t="19">0.00079</Y>
          <Y t="20">0.00088</Y>
          <Y t="21">0.001</Y>
          <Y t="22">0.00111</Y>
          <Y t="23">0.00123</Y>
          <Y t="24">0.00135</Y>
          <Y t="25">0.00146</Y>
        </Axis>
      </Axis>
      <Axis t="33">
        <Axis>
          <Y t="1">5E-05</Y>
          <Y t="2">0.0001</Y>
          <Y t="3">0.00012</Y>
          <Y t="4">0.00015</Y>
          <Y t="5">0.00019</Y>
          <Y t="6">0.00022</Y>
          <Y t="7">0.00025</Y>
          <Y t="8">0.00028</Y>
          <Y t="9">0.0003</Y>
          <Y t="10">0.00033</Y>
          <Y t="11">0.00037</Y>
          <Y t="12">0.00042</Y>
          <Y t="13">0.00048</Y>
          <Y t="14">0.00053</Y>
          <Y t="15">0.00058</Y>
          <Y t="16">0.00064</Y>
          <Y t="17">0.00071</Y>
          <Y t="18">0.00078</Y>
          <Y t="19">0.00086</Y>
          <Y t="20">0.00097</Y>
          <Y t="21">0.00111</Y>
          <Y t="22">0.00123</Y>
          <Y t="23">0.00135</Y>
          <Y t="24">0.00146</Y>
          <Y t="25">0.00158</Y>
        </Axis>
      </Axis>
      <Axis t="34">
        <Axis>
          <Y t="1">5E-05</Y>
          <Y t="2">0.0001</Y>
          <Y t="3">0.00014</Y>
          <Y t="4">0.00017</Y>
          <Y t="5">0.0002</Y>
          <Y t="6">0.00023</Y>
          <Y t="7">0.00026</Y>
          <Y t="8">0.00029</Y>
          <Y t="9">0.00031</Y>
          <Y t="10">0.00034</Y>
          <Y t="11">0.00038</Y>
          <Y t="12">0.00044</Y>
          <Y t="13">0.00051</Y>
          <Y t="14">0.00057</Y>
          <Y t="15">0.00063</Y>
          <Y t="16">0.00069</Y>
          <Y t="17">0.00076</Y>
          <Y t="18">0.00084</Y>
          <Y t="19">0.00095</Y>
          <Y t="20">0.00108</Y>
          <Y t="21">0.00123</Y>
          <Y t="22">0.00135</Y>
          <Y t="23">0.00146</Y>
          <Y t="24">0.00158</Y>
          <Y t="25">0.00171</Y>
        </Axis>
      </Axis>
      <Axis t="35">
        <Axis>
          <Y t="1">6E-05</Y>
          <Y t="2">0.0001</Y>
          <Y t="3">0.00015</Y>
          <Y t="4">0.00019</Y>
          <Y t="5">0.00022</Y>
          <Y t="6">0.00025</Y>
          <Y t="7">0.00028</Y>
          <Y t="8">0.0003</Y>
          <Y t="9">0.00032</Y>
          <Y t="10">0.00035</Y>
          <Y t="11">0.0004</Y>
          <Y t="12">0.00048</Y>
          <Y t="13">0.00056</Y>
          <Y t="14">0.00062</Y>
          <Y t="15">0.00068</Y>
          <Y t="16">0.00074</Y>
          <Y t="17">0.00082</Y>
          <Y t="18">0.00091</Y>
          <Y t="19">0.00104</Y>
          <Y t="20">0.00119</Y>
          <Y t="21">0.00135</Y>
          <Y t="22">0.00146</Y>
          <Y t="23">0.00158</Y>
          <Y t="24">0.00171</Y>
          <Y t="25">0.00185</Y>
        </Axis>
      </Axis>
      <Axis t="36">
        <Axis>
          <Y t="1">6E-05</Y>
          <Y t="2">0.0001</Y>
          <Y t="3">0.00016</Y>
          <Y t="4">0.0002</Y>
          <Y t="5">0.00024</Y>
          <Y t="6">0.00026</Y>
          <Y t="7">0.0003</Y>
          <Y t="8">0.00031</Y>
          <Y t="9">0.00033</Y>
          <Y t="10">0.00037</Y>
          <Y t="11">0.00044</Y>
          <Y t="12">0.00052</Y>
          <Y t="13">0.0006</Y>
          <Y t="14">0.00067</Y>
          <Y t="15">0.00073</Y>
          <Y t="16">0.0008</Y>
          <Y t="17">0.00088</Y>
          <Y t="18">0.00099</Y>
          <Y t="19">0.00114</Y>
          <Y t="20">0.0013</Y>
          <Y t="21">0.00146</Y>
          <Y t="22">0.00158</Y>
          <Y t="23">0.00171</Y>
          <Y t="24">0.00185</Y>
          <Y t="25">0.00202</Y>
        </Axis>
      </Axis>
      <Axis t="37">
        <Axis>
          <Y t="1">7E-05</Y>
          <Y t="2">0.00011</Y>
          <Y t="3">0.00017</Y>
          <Y t="4">0.00022</Y>
          <Y t="5">0.00025</Y>
          <Y t="6">0.00028</Y>
          <Y t="7">0.00031</Y>
          <Y t="8">0.00032</Y>
          <Y t="9">0.00035</Y>
          <Y t="10">0.00041</Y>
          <Y t="11">0.00049</Y>
          <Y t="12">0.00057</Y>
          <Y t="13">0.00065</Y>
          <Y t="14">0.00072</Y>
          <Y t="15">0.00078</Y>
          <Y t="16">0.00085</Y>
          <Y t="17">0.00095</Y>
          <Y t="18">0.00108</Y>
          <Y t="19">0.00124</Y>
          <Y t="20">0.00141</Y>
          <Y t="21">0.00158</Y>
          <Y t="22">0.00171</Y>
          <Y t="23">0.00185</Y>
          <Y t="24">0.00202</Y>
          <Y t="25">0.00223</Y>
        </Axis>
      </Axis>
      <Axis t="38">
        <Axis>
          <Y t="1">7E-05</Y>
          <Y t="2">0.00011</Y>
          <Y t="3">0.00018</Y>
          <Y t="4">0.00023</Y>
          <Y t="5">0.00027</Y>
          <Y t="6">0.0003</Y>
          <Y t="7">0.00032</Y>
          <Y t="8">0.00034</Y>
          <Y t="9">0.00038</Y>
          <Y t="10">0.00045</Y>
          <Y t="11">0.00054</Y>
          <Y t="12">0.00062</Y>
          <Y t="13">0.0007</Y>
          <Y t="14">0.00077</Y>
          <Y t="15">0.00083</Y>
          <Y t="16">0.00092</Y>
          <Y t="17">0.00104</Y>
          <Y t="18">0.00118</Y>
          <Y t="19">0.00134</Y>
          <Y t="20">0.00153</Y>
          <Y t="21">0.00171</Y>
          <Y t="22">0.00185</Y>
          <Y t="23">0.00202</Y>
          <Y t="24">0.00223</Y>
          <Y t="25">0.00247</Y>
        </Axis>
      </Axis>
      <Axis t="39">
        <Axis>
          <Y t="1">8E-05</Y>
          <Y t="2">0.00012</Y>
          <Y t="3">0.00019</Y>
          <Y t="4">0.00024</Y>
          <Y t="5">0.00029</Y>
          <Y t="6">0.00032</Y>
          <Y t="7">0.00034</Y>
          <Y t="8">0.00037</Y>
          <Y t="9">0.00042</Y>
          <Y t="10">0.0005</Y>
          <Y t="11">0.00059</Y>
          <Y t="12">0.00067</Y>
          <Y t="13">0.00075</Y>
          <Y t="14">0.00082</Y>
          <Y t="15">0.0009</Y>
          <Y t="16">0.001</Y>
          <Y t="17">0.00113</Y>
          <Y t="18">0.00128</Y>
          <Y t="19">0.00146</Y>
          <Y t="20">0.00166</Y>
          <Y t="21">0.00185</Y>
          <Y t="22">0.00202</Y>
          <Y t="23">0.00223</Y>
          <Y t="24">0.00247</Y>
          <Y t="25">0.00275</Y>
        </Axis>
      </Axis>
      <Axis t="40">
        <Axis>
          <Y t="1">8E-05</Y>
          <Y t="2">0.00013</Y>
          <Y t="3">0.00019</Y>
          <Y t="4">0.00025</Y>
          <Y t="5">0.0003</Y>
          <Y t="6">0.00034</Y>
          <Y t="7">0.00037</Y>
          <Y t="8">0.00041</Y>
          <Y t="9">0.00047</Y>
          <Y t="10">0.00055</Y>
          <Y t="11">0.00064</Y>
          <Y t="12">0.00073</Y>
          <Y t="13">0.00081</Y>
          <Y t="14">0.00089</Y>
          <Y t="15">0.00098</Y>
          <Y t="16">0.00109</Y>
          <Y t="17">0.00123</Y>
          <Y t="18">0.00139</Y>
          <Y t="19">0.00158</Y>
          <Y t="20">0.0018</Y>
          <Y t="21">0.00202</Y>
          <Y t="22">0.00223</Y>
          <Y t="23">0.00247</Y>
          <Y t="24">0.00275</Y>
          <Y t="25">0.00306</Y>
        </Axis>
      </Axis>
      <Axis t="41">
        <Axis>
          <Y t="1">8E-05</Y>
          <Y t="2">0.00013</Y>
          <Y t="3">0.00019</Y>
          <Y t="4">0.00026</Y>
          <Y t="5">0.00033</Y>
          <Y t="6">0.00037</Y>
          <Y t="7">0.0004</Y>
          <Y t="8">0.00044</Y>
          <Y t="9">0.00051</Y>
          <Y t="10">0.00061</Y>
          <Y t="11">0.0007</Y>
          <Y t="12">0.00078</Y>
          <Y t="13">0.00087</Y>
          <Y t="14">0.00096</Y>
          <Y t="15">0.00107</Y>
          <Y t="16">0.0012</Y>
          <Y t="17">0.00135</Y>
          <Y t="18">0.00152</Y>
          <Y t="19">0.00172</Y>
          <Y t="20">0.00197</Y>
          <Y t="21">0.00223</Y>
          <Y t="22">0.00247</Y>
          <Y t="23">0.00275</Y>
          <Y t="24">0.00306</Y>
          <Y t="25">0.00341</Y>
        </Axis>
      </Axis>
      <Axis t="42">
        <Axis>
          <Y t="1">9E-05</Y>
          <Y t="2">0.00014</Y>
          <Y t="3">0.0002</Y>
          <Y t="4">0.00028</Y>
          <Y t="5">0.00035</Y>
          <Y t="6">0.0004</Y>
          <Y t="7">0.00043</Y>
          <Y t="8">0.00048</Y>
          <Y t="9">0.00057</Y>
          <Y t="10">0.00066</Y>
          <Y t="11">0.00075</Y>
          <Y t="12">0.00084</Y>
          <Y t="13">0.00094</Y>
          <Y t="14">0.00106</Y>
          <Y t="15">0.00118</Y>
          <Y t="16">0.00132</Y>
          <Y t="17">0.00149</Y>
          <Y t="18">0.00168</Y>
          <Y t="19">0.0019</Y>
          <Y t="20">0.00218</Y>
          <Y t="21">0.00247</Y>
          <Y t="22">0.00275</Y>
          <Y t="23">0.00306</Y>
          <Y t="24">0.00341</Y>
          <Y t="25">0.00379</Y>
        </Axis>
      </Axis>
      <Axis t="43">
        <Axis>
          <Y t="1">0.0001</Y>
          <Y t="2">0.00015</Y>
          <Y t="3">0.00021</Y>
          <Y t="4">0.00032</Y>
          <Y t="5">0.00038</Y>
          <Y t="6">0.00043</Y>
          <Y t="7">0.00046</Y>
          <Y t="8">0.00053</Y>
          <Y t="9">0.00062</Y>
          <Y t="10">0.00072</Y>
          <Y t="11">0.00081</Y>
          <Y t="12">0.00091</Y>
          <Y t="13">0.00104</Y>
          <Y t="14">0.00117</Y>
          <Y t="15">0.00131</Y>
          <Y t="16">0.00147</Y>
          <Y t="17">0.00164</Y>
          <Y t="18">0.00185</Y>
          <Y t="19">0.00211</Y>
          <Y t="20">0.00242</Y>
          <Y t="21">0.00275</Y>
          <Y t="22">0.00306</Y>
          <Y t="23">0.00341</Y>
          <Y t="24">0.00379</Y>
          <Y t="25">0.0042</Y>
        </Axis>
      </Axis>
      <Axis t="44">
        <Axis>
          <Y t="1">0.00011</Y>
          <Y t="2">0.00015</Y>
          <Y t="3">0.00023</Y>
          <Y t="4">0.00036</Y>
          <Y t="5">0.00041</Y>
          <Y t="6">0.00045</Y>
          <Y t="7">0.0005</Y>
          <Y t="8">0.00057</Y>
          <Y t="9">0.00067</Y>
          <Y t="10">0.00077</Y>
          <Y t="11">0.00087</Y>
          <Y t="12">0.00099</Y>
          <Y t="13">0.00114</Y>
          <Y t="14">0.0013</Y>
          <Y t="15">0.00145</Y>
          <Y t="16">0.00162</Y>
          <Y t="17">0.00182</Y>
          <Y t="18">0.00205</Y>
          <Y t="19">0.00234</Y>
          <Y t="20">0.00269</Y>
          <Y t="21">0.00306</Y>
          <Y t="22">0.00341</Y>
          <Y t="23">0.00379</Y>
          <Y t="24">0.0042</Y>
          <Y t="25">0.00468</Y>
        </Axis>
      </Axis>
      <Axis t="45">
        <Axis>
          <Y t="1">0.00012</Y>
          <Y t="2">0.00015</Y>
          <Y t="3">0.00026</Y>
          <Y t="4">0.00039</Y>
          <Y t="5">0.00044</Y>
          <Y t="6">0.00049</Y>
          <Y t="7">0.00054</Y>
          <Y t="8">0.00063</Y>
          <Y t="9">0.00073</Y>
          <Y t="10">0.00084</Y>
          <Y t="11">0.00095</Y>
          <Y t="12">0.0011</Y>
          <Y t="13">0.00127</Y>
          <Y t="14">0.00145</Y>
          <Y t="15">0.00161</Y>
          <Y t="16">0.0018</Y>
          <Y t="17">0.00203</Y>
          <Y t="18">0.0023</Y>
          <Y t="19">0.00262</Y>
          <Y t="20">0.00299</Y>
          <Y t="21">0.00341</Y>
          <Y t="22">0.00379</Y>
          <Y t="23">0.0042</Y>
          <Y t="24">0.00468</Y>
          <Y t="25">0.00523</Y>
        </Axis>
      </Axis>
      <Axis t="46">
        <Axis>
          <Y t="1">0.00013</Y>
          <Y t="2">0.00016</Y>
          <Y t="3">0.0003</Y>
          <Y t="4">0.00042</Y>
          <Y t="5">0.00048</Y>
          <Y t="6">0.00054</Y>
          <Y t="7">0.0006</Y>
          <Y t="8">0.00069</Y>
          <Y t="9">0.00079</Y>
          <Y t="10">0.00091</Y>
          <Y t="11">0.00104</Y>
          <Y t="12">0.00122</Y>
          <Y t="13">0.00142</Y>
          <Y t="14">0.00161</Y>
          <Y t="15">0.0018</Y>
          <Y t="16">0.00202</Y>
          <Y t="17">0.00227</Y>
          <Y t="18">0.00257</Y>
          <Y t="19">0.00292</Y>
          <Y t="20">0.00333</Y>
          <Y t="21">0.00379</Y>
          <Y t="22">0.0042</Y>
          <Y t="23">0.00468</Y>
          <Y t="24">0.00523</Y>
          <Y t="25">0.00588</Y>
        </Axis>
      </Axis>
      <Axis t="47">
        <Axis>
          <Y t="1">0.00014</Y>
          <Y t="2">0.00017</Y>
          <Y t="3">0.00035</Y>
          <Y t="4">0.00046</Y>
          <Y t="5">0.00053</Y>
          <Y t="6">0.00059</Y>
          <Y t="7">0.00066</Y>
          <Y t="8">0.00076</Y>
          <Y t="9">0.00086</Y>
          <Y t="10">0.00099</Y>
          <Y t="11">0.00115</Y>
          <Y t="12">0.00136</Y>
          <Y t="13">0.00159</Y>
          <Y t="14">0.00179</Y>
          <Y t="15">0.002</Y>
          <Y t="16">0.00225</Y>
          <Y t="17">0.00255</Y>
          <Y t="18">0.00287</Y>
          <Y t="19">0.00325</Y>
          <Y t="20">0.00369</Y>
          <Y t="21">0.0042</Y>
          <Y t="22">0.00468</Y>
          <Y t="23">0.00523</Y>
          <Y t="24">0.00588</Y>
          <Y t="25">0.00665</Y>
        </Axis>
      </Axis>
      <Axis t="48">
        <Axis>
          <Y t="1">0.00015</Y>
          <Y t="2">0.00019</Y>
          <Y t="3">0.00041</Y>
          <Y t="4">0.00051</Y>
          <Y t="5">0.00058</Y>
          <Y t="6">0.00065</Y>
          <Y t="7">0.00073</Y>
          <Y t="8">0.00083</Y>
          <Y t="9">0.00094</Y>
          <Y t="10">0.00108</Y>
          <Y t="11">0.00127</Y>
          <Y t="12">0.0015</Y>
          <Y t="13">0.00177</Y>
          <Y t="14">0.00199</Y>
          <Y t="15">0.00222</Y>
          <Y t="16">0.0025</Y>
          <Y t="17">0.00284</Y>
          <Y t="18">0.0032</Y>
          <Y t="19">0.00362</Y>
          <Y t="20">0.0041</Y>
          <Y t="21">0.00468</Y>
          <Y t="22">0.00523</Y>
          <Y t="23">0.00588</Y>
          <Y t="24">0.00665</Y>
          <Y t="25">0.00758</Y>
        </Axis>
      </Axis>
      <Axis t="49">
        <Axis>
          <Y t="1">0.00015</Y>
          <Y t="2">0.00024</Y>
          <Y t="3">0.00047</Y>
          <Y t="4">0.00057</Y>
          <Y t="5">0.00064</Y>
          <Y t="6">0.00072</Y>
          <Y t="7">0.00081</Y>
          <Y t="8">0.00091</Y>
          <Y t="9">0.00103</Y>
          <Y t="10">0.00119</Y>
          <Y t="11">0.0014</Y>
          <Y t="12">0.00166</Y>
          <Y t="13">0.00194</Y>
          <Y t="14">0.00218</Y>
          <Y t="15">0.00244</Y>
          <Y t="16">0.00277</Y>
          <Y t="17">0.00315</Y>
          <Y t="18">0.00354</Y>
          <Y t="19">0.004</Y>
          <Y t="20">0.00455</Y>
          <Y t="21">0.00523</Y>
          <Y t="22">0.00588</Y>
          <Y t="23">0.00665</Y>
          <Y t="24">0.00758</Y>
          <Y t="25">0.00866</Y>
        </Axis>
      </Axis>
      <Axis t="50">
        <Axis>
          <Y t="1">0.00016</Y>
          <Y t="2">0.00031</Y>
          <Y t="3">0.00052</Y>
          <Y t="4">0.00064</Y>
          <Y t="5">0.00072</Y>
          <Y t="6">0.0008</Y>
          <Y t="7">0.0009</Y>
          <Y t="8">0.001</Y>
          <Y t="9">0.00113</Y>
          <Y t="10">0.00132</Y>
          <Y t="11">0.00156</Y>
          <Y t="12">0.00182</Y>
          <Y t="13">0.0021</Y>
          <Y t="14">0.00237</Y>
          <Y t="15">0.00268</Y>
          <Y t="16">0.00306</Y>
          <Y t="17">0.00347</Y>
          <Y t="18">0.0039</Y>
          <Y t="19">0.00442</Y>
          <Y t="20">0.00507</Y>
          <Y t="21">0.00588</Y>
          <Y t="22">0.00665</Y>
          <Y t="23">0.00758</Y>
          <Y t="24">0.00866</Y>
          <Y t="25">0.00994</Y>
        </Axis>
      </Axis>
      <Axis t="51">
        <Axis>
          <Y t="1">0.00017</Y>
          <Y t="2">0.0004</Y>
          <Y t="3">0.00058</Y>
          <Y t="4">0.0007</Y>
          <Y t="5">0.00079</Y>
          <Y t="6">0.00088</Y>
          <Y t="7">0.00098</Y>
          <Y t="8">0.0011</Y>
          <Y t="9">0.00126</Y>
          <Y t="10">0.00147</Y>
          <Y t="11">0.00173</Y>
          <Y t="12">0.00199</Y>
          <Y t="13">0.00228</Y>
          <Y t="14">0.00258</Y>
          <Y t="15">0.00294</Y>
          <Y t="16">0.00338</Y>
          <Y t="17">0.00381</Y>
          <Y t="18">0.00429</Y>
          <Y t="19">0.0049</Y>
          <Y t="20">0.00569</Y>
          <Y t="21">0.00665</Y>
          <Y t="22">0.00758</Y>
          <Y t="23">0.00866</Y>
          <Y t="24">0.00994</Y>
          <Y t="25">0.01143</Y>
        </Axis>
      </Axis>
      <Axis t="52">
        <Axis>
          <Y t="1">0.00017</Y>
          <Y t="2">0.00047</Y>
          <Y t="3">0.00064</Y>
          <Y t="4">0.00076</Y>
          <Y t="5">0.00086</Y>
          <Y t="6">0.00097</Y>
          <Y t="7">0.00109</Y>
          <Y t="8">0.00123</Y>
          <Y t="9">0.00141</Y>
          <Y t="10">0.00165</Y>
          <Y t="11">0.00191</Y>
          <Y t="12">0.00217</Y>
          <Y t="13">0.00248</Y>
          <Y t="14">0.00282</Y>
          <Y t="15">0.00324</Y>
          <Y t="16">0.00373</Y>
          <Y t="17">0.00422</Y>
          <Y t="18">0.00479</Y>
          <Y t="19">0.00552</Y>
          <Y t="20">0.00644</Y>
          <Y t="21">0.00758</Y>
          <Y t="22">0.00866</Y>
          <Y t="23">0.00994</Y>
          <Y t="24">0.01143</Y>
          <Y t="25">0.01316</Y>
        </Axis>
      </Axis>
      <Axis t="53">
        <Axis>
          <Y t="1">0.00018</Y>
          <Y t="2">0.00051</Y>
          <Y t="3">0.00069</Y>
          <Y t="4">0.00081</Y>
          <Y t="5">0.00094</Y>
          <Y t="6">0.00107</Y>
          <Y t="7">0.00121</Y>
          <Y t="8">0.00138</Y>
          <Y t="9">0.00159</Y>
          <Y t="10">0.00185</Y>
          <Y t="11">0.00211</Y>
          <Y t="12">0.00237</Y>
          <Y t="13">0.0027</Y>
          <Y t="14">0.0031</Y>
          <Y t="15">0.0036</Y>
          <Y t="16">0.00415</Y>
          <Y t="17">0.00473</Y>
          <Y t="18">0.00544</Y>
          <Y t="19">0.00631</Y>
          <Y t="20">0.00736</Y>
          <Y t="21">0.00866</Y>
          <Y t="22">0.00994</Y>
          <Y t="23">0.01143</Y>
          <Y t="24">0.01316</Y>
          <Y t="25">0.01522</Y>
        </Axis>
      </Axis>
      <Axis t="54">
        <Axis>
          <Y t="1">0.00018</Y>
          <Y t="2">0.00052</Y>
          <Y t="3">0.00071</Y>
          <Y t="4">0.00085</Y>
          <Y t="5">0.00104</Y>
          <Y t="6">0.00119</Y>
          <Y t="7">0.00136</Y>
          <Y t="8">0.00155</Y>
          <Y t="9">0.00179</Y>
          <Y t="10">0.00206</Y>
          <Y t="11">0.00232</Y>
          <Y t="12">0.0026</Y>
          <Y t="13">0.00297</Y>
          <Y t="14">0.00345</Y>
          <Y t="15">0.00402</Y>
          <Y t="16">0.00467</Y>
          <Y t="17">0.00536</Y>
          <Y t="18">0.00621</Y>
          <Y t="19">0.00726</Y>
          <Y t="20">0.00856</Y>
          <Y t="21">0.00994</Y>
          <Y t="22">0.01143</Y>
          <Y t="23">0.01316</Y>
          <Y t="24">0.01522</Y>
          <Y t="25">0.01768</Y>
        </Axis>
      </Axis>
      <Axis t="55">
        <Axis>
          <Y t="1">0.00019</Y>
          <Y t="2">0.00053</Y>
          <Y t="3">0.00073</Y>
          <Y t="4">0.0009</Y>
          <Y t="5">0.00116</Y>
          <Y t="6">0.00134</Y>
          <Y t="7">0.00154</Y>
          <Y t="8">0.00176</Y>
          <Y t="9">0.00201</Y>
          <Y t="10">0.00228</Y>
          <Y t="11">0.00253</Y>
          <Y t="12">0.00284</Y>
          <Y t="13">0.00328</Y>
          <Y t="14">0.00386</Y>
          <Y t="15">0.00454</Y>
          <Y t="16">0.00531</Y>
          <Y t="17">0.00615</Y>
          <Y t="18">0.00715</Y>
          <Y t="19">0.0084</Y>
          <Y t="20">0.00994</Y>
          <Y t="21">0.01143</Y>
          <Y t="22">0.01316</Y>
          <Y t="23">0.01522</Y>
          <Y t="24">0.01768</Y>
          <Y t="25">0.02066</Y>
        </Axis>
      </Axis>
      <Axis t="56">
        <Axis>
          <Y t="1">0.0002</Y>
          <Y t="2">0.00054</Y>
          <Y t="3">0.00075</Y>
          <Y t="4">0.00098</Y>
          <Y t="5">0.00131</Y>
          <Y t="6">0.00152</Y>
          <Y t="7">0.00174</Y>
          <Y t="8">0.00197</Y>
          <Y t="9">0.00223</Y>
          <Y t="10">0.00248</Y>
          <Y t="11">0.00274</Y>
          <Y t="12">0.0031</Y>
          <Y t="13">0.00365</Y>
          <Y t="14">0.00434</Y>
          <Y t="15">0.00514</Y>
          <Y t="16">0.00606</Y>
          <Y t="17">0.00707</Y>
          <Y t="18">0.00823</Y>
          <Y t="19">0.00966</Y>
          <Y t="20">0.01143</Y>
          <Y t="21">0.01316</Y>
          <Y t="22">0.01522</Y>
          <Y t="23">0.01768</Y>
          <Y t="24">0.02066</Y>
          <Y t="25">0.02418</Y>
        </Axis>
      </Axis>
      <Axis t="57">
        <Axis>
          <Y t="1">0.00021</Y>
          <Y t="2">0.00055</Y>
          <Y t="3">0.00077</Y>
          <Y t="4">0.00109</Y>
          <Y t="5">0.00149</Y>
          <Y t="6">0.00173</Y>
          <Y t="7">0.00196</Y>
          <Y t="8">0.00218</Y>
          <Y t="9">0.00242</Y>
          <Y t="10">0.00267</Y>
          <Y t="11">0.00296</Y>
          <Y t="12">0.00341</Y>
          <Y t="13">0.00408</Y>
          <Y t="14">0.0049</Y>
          <Y t="15">0.00586</Y>
          <Y t="16">0.00694</Y>
          <Y t="17">0.00812</Y>
          <Y t="18">0.00946</Y>
          <Y t="19">0.01112</Y>
          <Y t="20">0.01316</Y>
          <Y t="21">0.01522</Y>
          <Y t="22">0.01768</Y>
          <Y t="23">0.02066</Y>
          <Y t="24">0.02418</Y>
          <Y t="25">0.02805</Y>
        </Axis>
      </Axis>
      <Axis t="58">
        <Axis>
          <Y t="1">0.00022</Y>
          <Y t="2">0.00057</Y>
          <Y t="3">0.0008</Y>
          <Y t="4">0.00126</Y>
          <Y t="5">0.00166</Y>
          <Y t="6">0.00194</Y>
          <Y t="7">0.00217</Y>
          <Y t="8">0.00238</Y>
          <Y t="9">0.0026</Y>
          <Y t="10">0.00286</Y>
          <Y t="11">0.00323</Y>
          <Y t="12">0.00381</Y>
          <Y t="13">0.00463</Y>
          <Y t="14">0.00561</Y>
          <Y t="15">0.00673</Y>
          <Y t="16">0.008</Y>
          <Y t="17">0.00938</Y>
          <Y t="18">0.01093</Y>
          <Y t="19">0.01286</Y>
          <Y t="20">0.01522</Y>
          <Y t="21">0.01768</Y>
          <Y t="22">0.02066</Y>
          <Y t="23">0.02418</Y>
          <Y t="24">0.02805</Y>
          <Y t="25">0.03213</Y>
        </Axis>
      </Axis>
      <Axis t="59">
        <Axis>
          <Y t="1">0.00024</Y>
          <Y t="2">0.0006</Y>
          <Y t="3">0.00089</Y>
          <Y t="4">0.00145</Y>
          <Y t="5">0.00184</Y>
          <Y t="6">0.00215</Y>
          <Y t="7">0.00236</Y>
          <Y t="8">0.00255</Y>
          <Y t="9">0.00278</Y>
          <Y t="10">0.0031</Y>
          <Y t="11">0.00358</Y>
          <Y t="12">0.00433</Y>
          <Y t="13">0.00533</Y>
          <Y t="14">0.00647</Y>
          <Y t="15">0.00778</Y>
          <Y t="16">0.00925</Y>
          <Y t="17">0.01085</Y>
          <Y t="18">0.01261</Y>
          <Y t="19">0.01489</Y>
          <Y t="20">0.01768</Y>
          <Y t="21">0.02066</Y>
          <Y t="22">0.02418</Y>
          <Y t="23">0.02805</Y>
          <Y t="24">0.03213</Y>
          <Y t="25">0.03677</Y>
        </Axis>
      </Axis>
      <Axis t="60">
        <Axis>
          <Y t="1">0.00029</Y>
          <Y t="2">0.00062</Y>
          <Y t="3">0.00104</Y>
          <Y t="4">0.00159</Y>
          <Y t="5">0.00205</Y>
          <Y t="6">0.00234</Y>
          <Y t="7">0.00251</Y>
          <Y t="8">0.00271</Y>
          <Y t="9">0.00298</Y>
          <Y t="10">0.0034</Y>
          <Y t="11">0.00405</Y>
          <Y t="12">0.005</Y>
          <Y t="13">0.00619</Y>
          <Y t="14">0.00752</Y>
          <Y t="15">0.00903</Y>
          <Y t="16">0.0107</Y>
          <Y t="17">0.01252</Y>
          <Y t="18">0.01459</Y>
          <Y t="19">0.01735</Y>
          <Y t="20">0.02066</Y>
          <Y t="21">0.02418</Y>
          <Y t="22">0.02805</Y>
          <Y t="23">0.03213</Y>
          <Y t="24">0.03677</Y>
          <Y t="25">0.0433</Y>
        </Axis>
      </Axis>
      <Axis t="61">
        <Axis>
          <Y t="1">0.00034</Y>
          <Y t="2">0.00068</Y>
          <Y t="3">0.00125</Y>
          <Y t="4">0.00174</Y>
          <Y t="5">0.00227</Y>
          <Y t="6">0.00249</Y>
          <Y t="7">0.00266</Y>
          <Y t="8">0.0029</Y>
          <Y t="9">0.00326</Y>
          <Y t="10">0.00383</Y>
          <Y t="11">0.00468</Y>
          <Y t="12">0.00584</Y>
          <Y t="13">0.00722</Y>
          <Y t="14">0.00874</Y>
          <Y t="15">0.01044</Y>
          <Y t="16">0.01235</Y>
          <Y t="17">0.01451</Y>
          <Y t="18">0.01718</Y>
          <Y t="19">0.02051</Y>
          <Y t="20">0.02418</Y>
          <Y t="21">0.02805</Y>
          <Y t="22">0.03213</Y>
          <Y t="23">0.03677</Y>
          <Y t="24">0.0433</Y>
          <Y t="25">0.05083</Y>
        </Axis>
      </Axis>
      <Axis t="62">
        <Axis>
          <Y t="1">0.00042</Y>
          <Y t="2">0.00077</Y>
          <Y t="3">0.00148</Y>
          <Y t="4">0.00196</Y>
          <Y t="5">0.00244</Y>
          <Y t="6">0.00263</Y>
          <Y t="7">0.00285</Y>
          <Y t="8">0.00318</Y>
          <Y t="9">0.00367</Y>
          <Y t="10">0.00442</Y>
          <Y t="11">0.0055</Y>
          <Y t="12">0.00687</Y>
          <Y t="13">0.00843</Y>
          <Y t="14">0.01014</Y>
          <Y t="15">0.01206</Y>
          <Y t="16">0.01428</Y>
          <Y t="17">0.01701</Y>
          <Y t="18">0.02019</Y>
          <Y t="19">0.02418</Y>
          <Y t="20">0.02805</Y>
          <Y t="21">0.03213</Y>
          <Y t="22">0.03677</Y>
          <Y t="23">0.0433</Y>
          <Y t="24">0.05083</Y>
          <Y t="25">0.05837</Y>
        </Axis>
      </Axis>
      <Axis t="63">
        <Axis>
          <Y t="1">0.00049</Y>
          <Y t="2">0.00093</Y>
          <Y t="3">0.00171</Y>
          <Y t="4">0.00216</Y>
          <Y t="5">0.00254</Y>
          <Y t="6">0.00281</Y>
          <Y t="7">0.00316</Y>
          <Y t="8">0.00362</Y>
          <Y t="9">0.00424</Y>
          <Y t="10">0.0052</Y>
          <Y t="11">0.0065</Y>
          <Y t="12">0.00806</Y>
          <Y t="13">0.00978</Y>
          <Y t="14">0.01169</Y>
          <Y t="15">0.0139</Y>
          <Y t="16">0.01671</Y>
          <Y t="17">0.02002</Y>
          <Y t="18">0.0239</Y>
          <Y t="19">0.02805</Y>
          <Y t="20">0.03213</Y>
          <Y t="21">0.03677</Y>
          <Y t="22">0.0433</Y>
          <Y t="23">0.05083</Y>
          <Y t="24">0.05837</Y>
          <Y t="25">0.06713</Y>
        </Axis>
      </Axis>
      <Axis t="64">
        <Axis>
          <Y t="1">0.00056</Y>
          <Y t="2">0.00116</Y>
          <Y t="3">0.00191</Y>
          <Y t="4">0.0023</Y>
          <Y t="5">0.00266</Y>
          <Y t="6">0.00308</Y>
          <Y t="7">0.0036</Y>
          <Y t="8">0.00418</Y>
          <Y t="9">0.00498</Y>
          <Y t="10">0.00619</Y>
          <Y t="11">0.00769</Y>
          <Y t="12">0.00938</Y>
          <Y t="13">0.01127</Y>
          <Y t="14">0.0134</Y>
          <Y t="15">0.01599</Y>
          <Y t="16">0.01961</Y>
          <Y t="17">0.02347</Y>
          <Y t="18">0.02805</Y>
          <Y t="19">0.03213</Y>
          <Y t="20">0.03677</Y>
          <Y t="21">0.0433</Y>
          <Y t="22">0.05083</Y>
          <Y t="23">0.05837</Y>
          <Y t="24">0.06713</Y>
          <Y t="25">0.07718</Y>
        </Axis>
      </Axis>
      <Axis t="65">
        <Axis>
          <Y t="1">0.00063</Y>
          <Y t="2">0.00133</Y>
          <Y t="3">0.00207</Y>
          <Y t="4">0.00241</Y>
          <Y t="5">0.00284</Y>
          <Y t="6">0.00346</Y>
          <Y t="7">0.00411</Y>
          <Y t="8">0.00485</Y>
          <Y t="9">0.0059</Y>
          <Y t="10">0.00739</Y>
          <Y t="11">0.00907</Y>
          <Y t="12">0.01087</Y>
          <Y t="13">0.01298</Y>
          <Y t="14">0.01551</Y>
          <Y t="15">0.01859</Y>
          <Y t="16">0.02278</Y>
          <Y t="17">0.02767</Y>
          <Y t="18">0.03213</Y>
          <Y t="19">0.03677</Y>
          <Y t="20">0.0433</Y>
          <Y t="21">0.05083</Y>
          <Y t="22">0.05837</Y>
          <Y t="23">0.06713</Y>
          <Y t="24">0.07718</Y>
          <Y t="25">0.08838</Y>
        </Axis>
      </Axis>
      <Axis t="66">
        <Axis>
          <Y t="1">0.00071</Y>
          <Y t="2">0.00141</Y>
          <Y t="3">0.00219</Y>
          <Y t="4">0.00252</Y>
          <Y t="5">0.00308</Y>
          <Y t="6">0.00389</Y>
          <Y t="7">0.00471</Y>
          <Y t="8">0.00568</Y>
          <Y t="9">0.00702</Y>
          <Y t="10">0.00881</Y>
          <Y t="11">0.01068</Y>
          <Y t="12">0.01269</Y>
          <Y t="13">0.01494</Y>
          <Y t="14">0.01792</Y>
          <Y t="15">0.02143</Y>
          <Y t="16">0.0262</Y>
          <Y t="17">0.03213</Y>
          <Y t="18">0.03677</Y>
          <Y t="19">0.0433</Y>
          <Y t="20">0.05083</Y>
          <Y t="21">0.05837</Y>
          <Y t="22">0.06713</Y>
          <Y t="23">0.07718</Y>
          <Y t="24">0.08838</Y>
          <Y t="25">0.10071</Y>
        </Axis>
      </Axis>
      <Axis t="67">
        <Axis>
          <Y t="1">0.00079</Y>
          <Y t="2">0.00149</Y>
          <Y t="3">0.00231</Y>
          <Y t="4">0.00268</Y>
          <Y t="5">0.00343</Y>
          <Y t="6">0.00441</Y>
          <Y t="7">0.00543</Y>
          <Y t="8">0.00667</Y>
          <Y t="9">0.00832</Y>
          <Y t="10">0.01044</Y>
          <Y t="11">0.01256</Y>
          <Y t="12">0.01479</Y>
          <Y t="13">0.01748</Y>
          <Y t="14">0.02084</Y>
          <Y t="15">0.02442</Y>
          <Y t="16">0.03013</Y>
          <Y t="17">0.03677</Y>
          <Y t="18">0.0433</Y>
          <Y t="19">0.05083</Y>
          <Y t="20">0.05837</Y>
          <Y t="21">0.06713</Y>
          <Y t="22">0.07718</Y>
          <Y t="23">0.08838</Y>
          <Y t="24">0.10071</Y>
          <Y t="25">0.1142</Y>
        </Axis>
      </Axis>
      <Axis t="68">
        <Axis>
          <Y t="1">0.00088</Y>
          <Y t="2">0.00156</Y>
          <Y t="3">0.00242</Y>
          <Y t="4">0.00295</Y>
          <Y t="5">0.00388</Y>
          <Y t="6">0.00504</Y>
          <Y t="7">0.00628</Y>
          <Y t="8">0.0078</Y>
          <Y t="9">0.00982</Y>
          <Y t="10">0.0123</Y>
          <Y t="11">0.01463</Y>
          <Y t="12">0.01732</Y>
          <Y t="13">0.02063</Y>
          <Y t="14">0.02424</Y>
          <Y t="15">0.02875</Y>
          <Y t="16">0.03553</Y>
          <Y t="17">0.0433</Y>
          <Y t="18">0.05083</Y>
          <Y t="19">0.05837</Y>
          <Y t="20">0.06713</Y>
          <Y t="21">0.07718</Y>
          <Y t="22">0.08838</Y>
          <Y t="23">0.10071</Y>
          <Y t="24">0.1142</Y>
          <Y t="25">0.12899</Y>
        </Axis>
      </Axis>
      <Axis t="69">
        <Axis>
          <Y t="1">0.00099</Y>
          <Y t="2">0.00164</Y>
          <Y t="3">0.00256</Y>
          <Y t="4">0.00328</Y>
          <Y t="5">0.00443</Y>
          <Y t="6">0.00576</Y>
          <Y t="7">0.00722</Y>
          <Y t="8">0.00907</Y>
          <Y t="9">0.01151</Y>
          <Y t="10">0.01441</Y>
          <Y t="11">0.01716</Y>
          <Y t="12">0.02042</Y>
          <Y t="13">0.02406</Y>
          <Y t="14">0.02851</Y>
          <Y t="15">0.03495</Y>
          <Y t="16">0.04302</Y>
          <Y t="17">0.05083</Y>
          <Y t="18">0.05837</Y>
          <Y t="19">0.06713</Y>
          <Y t="20">0.07718</Y>
          <Y t="21">0.08838</Y>
          <Y t="22">0.10071</Y>
          <Y t="23">0.1142</Y>
          <Y t="24">0.12899</Y>
          <Y t="25">0.14486</Y>
        </Axis>
      </Axis>
      <Axis t="70">
        <Axis>
          <Y t="1">0.00111</Y>
          <Y t="2">0.00175</Y>
          <Y t="3">0.00272</Y>
          <Y t="4">0.00367</Y>
          <Y t="5">0.00507</Y>
          <Y t="6">0.00654</Y>
          <Y t="7">0.00825</Y>
          <Y t="8">0.01049</Y>
          <Y t="9">0.01342</Y>
          <Y t="10">0.01679</Y>
          <Y t="11">0.02018</Y>
          <Y t="12">0.02372</Y>
          <Y t="13">0.02818</Y>
          <Y t="14">0.03412</Y>
          <Y t="15">0.04194</Y>
          <Y t="16">0.05083</Y>
          <Y t="17">0.05837</Y>
          <Y t="18">0.06713</Y>
          <Y t="19">0.07718</Y>
          <Y t="20">0.08838</Y>
          <Y t="21">0.10071</Y>
          <Y t="22">0.1142</Y>
          <Y t="23">0.12899</Y>
          <Y t="24">0.14486</Y>
          <Y t="25">0.16195</Y>
        </Axis>
      </Axis>
      <Axis t="71">
        <Axis>
          <Y t="1">0.00124</Y>
          <Y t="2">0.00188</Y>
          <Y t="3">0.00293</Y>
          <Y t="4">0.0042</Y>
          <Y t="5">0.00576</Y>
          <Y t="6">0.00738</Y>
          <Y t="7">0.00936</Y>
          <Y t="8">0.01206</Y>
          <Y t="9">0.01556</Y>
          <Y t="10">0.01951</Y>
          <Y t="11">0.02343</Y>
          <Y t="12">0.02727</Y>
          <Y t="13">0.03295</Y>
          <Y t="14">0.04028</Y>
          <Y t="15">0.04904</Y>
          <Y t="16">0.05837</Y>
          <Y t="17">0.06713</Y>
          <Y t="18">0.07718</Y>
          <Y t="19">0.08838</Y>
          <Y t="20">0.10071</Y>
          <Y t="21">0.1142</Y>
          <Y t="22">0.12899</Y>
          <Y t="23">0.14486</Y>
          <Y t="24">0.16195</Y>
          <Y t="25">0.18074</Y>
        </Axis>
      </Axis>
      <Axis t="72">
        <Axis>
          <Y t="1">0.00138</Y>
          <Y t="2">0.00204</Y>
          <Y t="3">0.00319</Y>
          <Y t="4">0.00483</Y>
          <Y t="5">0.00651</Y>
          <Y t="6">0.00827</Y>
          <Y t="7">0.01058</Y>
          <Y t="8">0.0138</Y>
          <Y t="9">0.01799</Y>
          <Y t="10">0.0226</Y>
          <Y t="11">0.02694</Y>
          <Y t="12">0.03163</Y>
          <Y t="13">0.0385</Y>
          <Y t="14">0.04722</Y>
          <Y t="15">0.05751</Y>
          <Y t="16">0.06713</Y>
          <Y t="17">0.07718</Y>
          <Y t="18">0.08838</Y>
          <Y t="19">0.10071</Y>
          <Y t="20">0.1142</Y>
          <Y t="21">0.12899</Y>
          <Y t="22">0.14486</Y>
          <Y t="23">0.16195</Y>
          <Y t="24">0.18074</Y>
          <Y t="25">0.20127</Y>
        </Axis>
      </Axis>
      <Axis t="73">
        <Axis>
          <Y t="1">0.00157</Y>
          <Y t="2">0.00225</Y>
          <Y t="3">0.00353</Y>
          <Y t="4">0.00552</Y>
          <Y t="5">0.00729</Y>
          <Y t="6">0.00922</Y>
          <Y t="7">0.01192</Y>
          <Y t="8">0.01578</Y>
          <Y t="9">0.02077</Y>
          <Y t="10">0.02602</Y>
          <Y t="11">0.03081</Y>
          <Y t="12">0.03671</Y>
          <Y t="13">0.04487</Y>
          <Y t="14">0.05499</Y>
          <Y t="15">0.06713</Y>
          <Y t="16">0.07718</Y>
          <Y t="17">0.08838</Y>
          <Y t="18">0.10071</Y>
          <Y t="19">0.1142</Y>
          <Y t="20">0.12899</Y>
          <Y t="21">0.14486</Y>
          <Y t="22">0.16195</Y>
          <Y t="23">0.18074</Y>
          <Y t="24">0.20127</Y>
          <Y t="25">0.22374</Y>
        </Axis>
      </Axis>
      <Axis t="74">
        <Axis>
          <Y t="1">0.00182</Y>
          <Y t="2">0.00249</Y>
          <Y t="3">0.00396</Y>
          <Y t="4">0.00627</Y>
          <Y t="5">0.00812</Y>
          <Y t="6">0.01027</Y>
          <Y t="7">0.01345</Y>
          <Y t="8">0.01809</Y>
          <Y t="9">0.02396</Y>
          <Y t="10">0.02992</Y>
          <Y t="11">0.0352</Y>
          <Y t="12">0.0423</Y>
          <Y t="13">0.05178</Y>
          <Y t="14">0.06362</Y>
          <Y t="15">0.07718</Y>
          <Y t="16">0.08838</Y>
          <Y t="17">0.10071</Y>
          <Y t="18">0.1142</Y>
          <Y t="19">0.12899</Y>
          <Y t="20">0.14486</Y>
          <Y t="21">0.16195</Y>
          <Y t="22">0.18074</Y>
          <Y t="23">0.20127</Y>
          <Y t="24">0.22374</Y>
          <Y t="25">0.24802</Y>
        </Axis>
      </Axis>
      <Axis t="75">
        <Axis>
          <Y t="1">0.0021</Y>
          <Y t="2">0.00279</Y>
          <Y t="3">0.0045</Y>
          <Y t="4">0.00708</Y>
          <Y t="5">0.009</Y>
          <Y t="6">0.01142</Y>
          <Y t="7">0.01518</Y>
          <Y t="8">0.02064</Y>
          <Y t="9">0.02747</Y>
          <Y t="10">0.03417</Y>
          <Y t="11">0.0405</Y>
          <Y t="12">0.04917</Y>
          <Y t="13">0.06027</Y>
          <Y t="14">0.07355</Y>
          <Y t="15">0.08838</Y>
          <Y t="16">0.10071</Y>
          <Y t="17">0.1142</Y>
          <Y t="18">0.12899</Y>
          <Y t="19">0.14486</Y>
          <Y t="20">0.16195</Y>
          <Y t="21">0.18074</Y>
          <Y t="22">0.20127</Y>
          <Y t="23">0.22374</Y>
          <Y t="24">0.24802</Y>
          <Y t="25">0.27379</Y>
        </Axis>
      </Axis>
      <Axis t="76">
        <Axis>
          <Y t="1">0.0024</Y>
          <Y t="2">0.00314</Y>
          <Y t="3">0.00517</Y>
          <Y t="4">0.00794</Y>
          <Y t="5">0.00995</Y>
          <Y t="6">0.01271</Y>
          <Y t="7">0.01709</Y>
          <Y t="8">0.02349</Y>
          <Y t="9">0.03137</Y>
          <Y t="10">0.0388</Y>
          <Y t="11">0.04726</Y>
          <Y t="12">0.05778</Y>
          <Y t="13">0.07069</Y>
          <Y t="14">0.08646</Y>
          <Y t="15">0.10071</Y>
          <Y t="16">0.1142</Y>
          <Y t="17">0.12899</Y>
          <Y t="18">0.14486</Y>
          <Y t="19">0.16195</Y>
          <Y t="20">0.18074</Y>
          <Y t="21">0.20127</Y>
          <Y t="22">0.22374</Y>
          <Y t="23">0.24802</Y>
          <Y t="24">0.27379</Y>
          <Y t="25">0.29921</Y>
        </Axis>
      </Axis>
      <Axis t="77">
        <Axis>
          <Y t="1">0.00272</Y>
          <Y t="2">0.00357</Y>
          <Y t="3">0.00595</Y>
          <Y t="4">0.00886</Y>
          <Y t="5">0.01102</Y>
          <Y t="6">0.01418</Y>
          <Y t="7">0.01935</Y>
          <Y t="8">0.0269</Y>
          <Y t="9">0.03596</Y>
          <Y t="10">0.04453</Y>
          <Y t="11">0.0552</Y>
          <Y t="12">0.06784</Y>
          <Y t="13">0.08317</Y>
          <Y t="14">0.10071</Y>
          <Y t="15">0.1142</Y>
          <Y t="16">0.12899</Y>
          <Y t="17">0.14486</Y>
          <Y t="18">0.16195</Y>
          <Y t="19">0.18074</Y>
          <Y t="20">0.20127</Y>
          <Y t="21">0.22374</Y>
          <Y t="22">0.24802</Y>
          <Y t="23">0.27379</Y>
          <Y t="24">0.29921</Y>
          <Y t="25">0.32314</Y>
        </Axis>
      </Axis>
      <Axis t="78">
        <Axis>
          <Y t="1">0.00295</Y>
          <Y t="2">0.00408</Y>
          <Y t="3">0.00687</Y>
          <Y t="4">0.00986</Y>
          <Y t="5">0.0122</Y>
          <Y t="6">0.01591</Y>
          <Y t="7">0.02209</Y>
          <Y t="8">0.031</Y>
          <Y t="9">0.04136</Y>
          <Y t="10">0.0521</Y>
          <Y t="11">0.06503</Y>
          <Y t="12">0.08047</Y>
          <Y t="13">0.09853</Y>
          <Y t="14">0.1142</Y>
          <Y t="15">0.12899</Y>
          <Y t="16">0.14486</Y>
          <Y t="17">0.16195</Y>
          <Y t="18">0.18074</Y>
          <Y t="19">0.20127</Y>
          <Y t="20">0.22374</Y>
          <Y t="21">0.24802</Y>
          <Y t="22">0.27379</Y>
          <Y t="23">0.29921</Y>
          <Y t="24">0.32314</Y>
          <Y t="25">0.34698</Y>
        </Axis>
      </Axis>
      <Axis t="79">
        <Axis>
          <Y t="1">0.00306</Y>
          <Y t="2">0.0047</Y>
          <Y t="3">0.00796</Y>
          <Y t="4">0.01094</Y>
          <Y t="5">0.01355</Y>
          <Y t="6">0.018</Y>
          <Y t="7">0.02541</Y>
          <Y t="8">0.03591</Y>
          <Y t="9">0.04818</Y>
          <Y t="10">0.06183</Y>
          <Y t="11">0.07759</Y>
          <Y t="12">0.09738</Y>
          <Y t="13">0.1142</Y>
          <Y t="14">0.12899</Y>
          <Y t="15">0.14486</Y>
          <Y t="16">0.16195</Y>
          <Y t="17">0.18074</Y>
          <Y t="18">0.20127</Y>
          <Y t="19">0.22374</Y>
          <Y t="20">0.24802</Y>
          <Y t="21">0.27379</Y>
          <Y t="22">0.29921</Y>
          <Y t="23">0.32314</Y>
          <Y t="24">0.34698</Y>
          <Y t="25">0.37036</Y>
        </Axis>
      </Axis>
      <Axis t="80">
        <Axis>
          <Y t="1">0.00324</Y>
          <Y t="2">0.00544</Y>
          <Y t="3">0.0092</Y>
          <Y t="4">0.01213</Y>
          <Y t="5">0.01514</Y>
          <Y t="6">0.02066</Y>
          <Y t="7">0.02949</Y>
          <Y t="8">0.04186</Y>
          <Y t="9">0.05634</Y>
          <Y t="10">0.07273</Y>
          <Y t="11">0.09176</Y>
          <Y t="12">0.1142</Y>
          <Y t="13">0.12899</Y>
          <Y t="14">0.14486</Y>
          <Y t="15">0.16195</Y>
          <Y t="16">0.18074</Y>
          <Y t="17">0.20127</Y>
          <Y t="18">0.22374</Y>
          <Y t="19">0.24802</Y>
          <Y t="20">0.27379</Y>
          <Y t="21">0.29921</Y>
          <Y t="22">0.32314</Y>
          <Y t="23">0.34698</Y>
          <Y t="24">0.37036</Y>
          <Y t="25">0.39292</Y>
        </Axis>
      </Axis>
      <Axis t="81">
        <Axis>
          <Y t="1">0.00353</Y>
          <Y t="2">0.00616</Y>
          <Y t="3">0.01057</Y>
          <Y t="4">0.01344</Y>
          <Y t="5">0.01751</Y>
          <Y t="6">0.02426</Y>
          <Y t="7">0.0346</Y>
          <Y t="8">0.04929</Y>
          <Y t="9">0.06662</Y>
          <Y t="10">0.08642</Y>
          <Y t="11">0.11</Y>
          <Y t="12">0.12899</Y>
          <Y t="13">0.14486</Y>
          <Y t="14">0.16195</Y>
          <Y t="15">0.18074</Y>
          <Y t="16">0.20127</Y>
          <Y t="17">0.22374</Y>
          <Y t="18">0.24802</Y>
          <Y t="19">0.27379</Y>
          <Y t="20">0.29921</Y>
          <Y t="21">0.32314</Y>
          <Y t="22">0.34698</Y>
          <Y t="23">0.37036</Y>
          <Y t="24">0.39292</Y>
          <Y t="25">0.4143</Y>
        </Axis>
      </Axis>
      <Axis t="82">
        <Axis>
          <Y t="1">0.00396</Y>
          <Y t="2">0.00714</Y>
          <Y t="3">0.01217</Y>
          <Y t="4">0.01559</Y>
          <Y t="5">0.02079</Y>
          <Y t="6">0.02883</Y>
          <Y t="7">0.04148</Y>
          <Y t="8">0.05977</Y>
          <Y t="9">0.08157</Y>
          <Y t="10">0.10775</Y>
          <Y t="11">0.12899</Y>
          <Y t="12">0.14486</Y>
          <Y t="13">0.16195</Y>
          <Y t="14">0.18074</Y>
          <Y t="15">0.20127</Y>
          <Y t="16">0.22374</Y>
          <Y t="17">0.24802</Y>
          <Y t="18">0.27379</Y>
          <Y t="19">0.29921</Y>
          <Y t="20">0.32314</Y>
          <Y t="21">0.34698</Y>
          <Y t="22">0.37036</Y>
          <Y t="23">0.39292</Y>
          <Y t="24">0.4143</Y>
          <Y t="25">0.43413</Y>
        </Axis>
      </Axis>
      <Axis t="83">
        <Axis>
          <Y t="1">0.00459</Y>
          <Y t="2">0.0084</Y>
          <Y t="3">0.01407</Y>
          <Y t="4">0.01881</Y>
          <Y t="5">0.02492</Y>
          <Y t="6">0.0347</Y>
          <Y t="7">0.05213</Y>
          <Y t="8">0.0755</Y>
          <Y t="9">0.10556</Y>
          <Y t="10">0.12899</Y>
          <Y t="11">0.14486</Y>
          <Y t="12">0.16195</Y>
          <Y t="13">0.18074</Y>
          <Y t="14">0.20127</Y>
          <Y t="15">0.22374</Y>
          <Y t="16">0.24802</Y>
          <Y t="17">0.27379</Y>
          <Y t="18">0.29921</Y>
          <Y t="19">0.32314</Y>
          <Y t="20">0.34698</Y>
          <Y t="21">0.37036</Y>
          <Y t="22">0.39292</Y>
          <Y t="23">0.4143</Y>
          <Y t="24">0.43413</Y>
          <Y t="25">0.45205</Y>
        </Axis>
      </Axis>
      <Axis t="84">
        <Axis>
          <Y t="1">0.00538</Y>
          <Y t="2">0.00979</Y>
          <Y t="3">0.01664</Y>
          <Y t="4">0.0227</Y>
          <Y t="5">0.03009</Y>
          <Y t="6">0.04312</Y>
          <Y t="7">0.067</Y>
          <Y t="8">0.09368</Y>
          <Y t="9">0.12899</Y>
          <Y t="10">0.14486</Y>
          <Y t="11">0.16195</Y>
          <Y t="12">0.18074</Y>
          <Y t="13">0.20127</Y>
          <Y t="14">0.22374</Y>
          <Y t="15">0.24802</Y>
          <Y t="16">0.27379</Y>
          <Y t="17">0.29921</Y>
          <Y t="18">0.32314</Y>
          <Y t="19">0.34698</Y>
          <Y t="20">0.37036</Y>
          <Y t="21">0.39292</Y>
          <Y t="22">0.4143</Y>
          <Y t="23">0.43413</Y>
          <Y t="24">0.45205</Y>
          <Y t="25">0.46769</Y>
        </Axis>
      </Axis>
      <Axis t="85">
        <Axis>
          <Y t="1">0.00631</Y>
          <Y t="2">0.01168</Y>
          <Y t="3">0.02013</Y>
          <Y t="4">0.02754</Y>
          <Y t="5">0.03741</Y>
          <Y t="6">0.05775</Y>
          <Y t="7">0.08503</Y>
          <Y t="8">0.11912</Y>
          <Y t="9">0.14486</Y>
          <Y t="10">0.16195</Y>
          <Y t="11">0.18074</Y>
          <Y t="12">0.20127</Y>
          <Y t="13">0.22374</Y>
          <Y t="14">0.24802</Y>
          <Y t="15">0.27379</Y>
          <Y t="16">0.29921</Y>
          <Y t="17">0.32314</Y>
          <Y t="18">0.34698</Y>
          <Y t="19">0.37036</Y>
          <Y t="20">0.39292</Y>
          <Y t="21">0.4143</Y>
          <Y t="22">0.43413</Y>
          <Y t="23">0.45205</Y>
          <Y t="24">0.46769</Y>
          <Y t="25">0.48068</Y>
        </Axis>
      </Axis>
      <Axis t="86">
        <Axis>
          <Y t="1">0.00715</Y>
          <Y t="2">0.01414</Y>
          <Y t="3">0.02454</Y>
          <Y t="4">0.03376</Y>
          <Y t="5">0.04984</Y>
          <Y t="6">0.07918</Y>
          <Y t="7">0.11525</Y>
          <Y t="8">0.14486</Y>
          <Y t="9">0.16195</Y>
          <Y t="10">0.18074</Y>
          <Y t="11">0.20127</Y>
          <Y t="12">0.22374</Y>
          <Y t="13">0.24802</Y>
          <Y t="14">0.27379</Y>
          <Y t="15">0.29921</Y>
          <Y t="16">0.32314</Y>
          <Y t="17">0.34698</Y>
          <Y t="18">0.37036</Y>
          <Y t="19">0.39292</Y>
          <Y t="20">0.4143</Y>
          <Y t="21">0.43413</Y>
          <Y t="22">0.45205</Y>
          <Y t="23">0.46769</Y>
          <Y t="24">0.48068</Y>
          <Y t="25">0.49065</Y>
        </Axis>
      </Axis>
      <Axis t="87">
        <Axis>
          <Y t="1">0.00789</Y>
          <Y t="2">0.0172</Y>
          <Y t="3">0.03012</Y>
          <Y t="4">0.04374</Y>
          <Y t="5">0.0709</Y>
          <Y t="6">0.11331</Y>
          <Y t="7">0.14486</Y>
          <Y t="8">0.16195</Y>
          <Y t="9">0.18074</Y>
          <Y t="10">0.20127</Y>
          <Y t="11">0.22374</Y>
          <Y t="12">0.24802</Y>
          <Y t="13">0.27379</Y>
          <Y t="14">0.29921</Y>
          <Y t="15">0.32314</Y>
          <Y t="16">0.34698</Y>
          <Y t="17">0.37036</Y>
          <Y t="18">0.39292</Y>
          <Y t="19">0.4143</Y>
          <Y t="20">0.43413</Y>
          <Y t="21">0.45205</Y>
          <Y t="22">0.46769</Y>
          <Y t="23">0.48068</Y>
          <Y t="24">0.49065</Y>
          <Y t="25">0.49723</Y>
        </Axis>
      </Axis>
      <Axis t="88">
        <Axis>
          <Y t="1">0.0087</Y>
          <Y t="2">0.0208</Y>
          <Y t="3">0.0372</Y>
          <Y t="4">0.05983</Y>
          <Y t="5">0.09971</Y>
          <Y t="6">0.14486</Y>
          <Y t="7">0.16195</Y>
          <Y t="8">0.18074</Y>
          <Y t="9">0.20127</Y>
          <Y t="10">0.22374</Y>
          <Y t="11">0.24802</Y>
          <Y t="12">0.27379</Y>
          <Y t="13">0.29921</Y>
          <Y t="14">0.32314</Y>
          <Y t="15">0.34698</Y>
          <Y t="16">0.37036</Y>
          <Y t="17">0.39292</Y>
          <Y t="18">0.4143</Y>
          <Y t="19">0.43413</Y>
          <Y t="20">0.45205</Y>
          <Y t="21">0.46769</Y>
          <Y t="22">0.48068</Y>
          <Y t="23">0.49065</Y>
          <Y t="24">0.49723</Y>
          <Y t="25">0.5</Y>
        </Axis>
      </Axis>
      <Axis t="89">
        <Axis>
          <Y t="1">0.0096</Y>
          <Y t="2">0.02502</Y>
          <Y t="3">0.0484</Y>
          <Y t="4">0.08451</Y>
          <Y t="5">0.13377</Y>
          <Y t="6">0.16195</Y>
          <Y t="7">0.18074</Y>
          <Y t="8">0.20127</Y>
          <Y t="9">0.22374</Y>
          <Y t="10">0.24802</Y>
          <Y t="11">0.27379</Y>
          <Y t="12">0.29921</Y>
          <Y t="13">0.32314</Y>
          <Y t="14">0.34698</Y>
          <Y t="15">0.37036</Y>
          <Y t="16">0.39292</Y>
          <Y t="17">0.4143</Y>
          <Y t="18">0.43413</Y>
          <Y t="19">0.45205</Y>
          <Y t="20">0.46769</Y>
          <Y t="21">0.48068</Y>
          <Y t="22">0.49065</Y>
          <Y t="23">0.49723</Y>
          <Y t="24">0.5</Y>
          <Y t="25">0.5</Y>
        </Axis>
      </Axis>
      <Axis t="90">
        <Axis>
          <Y t="1">0.01144</Y>
          <Y t="2">0.03197</Y>
          <Y t="3">0.0721</Y>
          <Y t="4">0.12559</Y>
          <Y t="5">0.16195</Y>
          <Y t="6">0.18074</Y>
          <Y t="7">0.20127</Y>
          <Y t="8">0.22374</Y>
          <Y t="9">0.24802</Y>
          <Y t="10">0.27379</Y>
          <Y t="11">0.29921</Y>
          <Y t="12">0.32314</Y>
          <Y t="13">0.34698</Y>
          <Y t="14">0.37036</Y>
          <Y t="15">0.39292</Y>
          <Y t="16">0.4143</Y>
          <Y t="17">0.43413</Y>
          <Y t="18">0.45205</Y>
          <Y t="19">0.46769</Y>
          <Y t="20">0.48068</Y>
          <Y t="21">0.49065</Y>
          <Y t="22">0.49723</Y>
          <Y t="23">0.5</Y>
          <Y t="24">0.5</Y>
          <Y t="25">0.5</Y>
        </Axis>
      </Axis>
      <Axis t="91">
        <Axis>
          <Y t="1">0.01571</Y>
          <Y t="2">0.04729</Y>
          <Y t="3">0.11995</Y>
          <Y t="4">0.16195</Y>
          <Y t="5">0.18074</Y>
          <Y t="6">0.20127</Y>
          <Y t="7">0.22374</Y>
          <Y t="8">0.24802</Y>
          <Y t="9">0.27379</Y>
          <Y t="10">0.29921</Y>
          <Y t="11">0.32314</Y>
          <Y t="12">0.34698</Y>
          <Y t="13">0.37036</Y>
          <Y t="14">0.39292</Y>
          <Y t="15">0.4143</Y>
          <Y t="16">0.43413</Y>
          <Y t="17">0.45205</Y>
          <Y t="18">0.46769</Y>
          <Y t="19">0.48068</Y>
          <Y t="20">0.49065</Y>
          <Y t="21">0.49723</Y>
          <Y t="22">0.5</Y>
          <Y t="23">0.5</Y>
          <Y t="24">0.5</Y>
          <Y t="25">0.5</Y>
        </Axis>
      </Axis>
      <Axis t="92">
        <Axis>
          <Y t="1">0.02346</Y>
          <Y t="2">0.07477</Y>
          <Y t="3">0.16195</Y>
          <Y t="4">0.18074</Y>
          <Y t="5">0.20127</Y>
          <Y t="6">0.22374</Y>
          <Y t="7">0.24802</Y>
          <Y t="8">0.27379</Y>
          <Y t="9">0.29921</Y>
          <Y t="10">0.32314</Y>
          <Y t="11">0.34698</Y>
          <Y t="12">0.37036</Y>
          <Y t="13">0.39292</Y>
          <Y t="14">0.4143</Y>
          <Y t="15">0.43413</Y>
          <Y t="16">0.45205</Y>
          <Y t="17">0.46769</Y>
          <Y t="18">0.48068</Y>
          <Y t="19">0.49065</Y>
          <Y t="20">0.49723</Y>
          <Y t="21">0.5</Y>
          <Y t="22">0.5</Y>
          <Y t="23">0.5</Y>
          <Y t="24">0.5</Y>
          <Y t="25">0.5</Y>
        </Axis>
      </Axis>
      <Axis t="93">
        <Axis>
          <Y t="1">0.03551</Y>
          <Y t="2">0.10154</Y>
          <Y t="3">0.18074</Y>
          <Y t="4">0.20127</Y>
          <Y t="5">0.22374</Y>
          <Y t="6">0.24802</Y>
          <Y t="7">0.27379</Y>
          <Y t="8">0.29921</Y>
          <Y t="9">0.32314</Y>
          <Y t="10">0.34698</Y>
          <Y t="11">0.37036</Y>
          <Y t="12">0.39292</Y>
          <Y t="13">0.4143</Y>
          <Y t="14">0.43413</Y>
          <Y t="15">0.45205</Y>
          <Y t="16">0.46769</Y>
          <Y t="17">0.48068</Y>
          <Y t="18">0.49065</Y>
          <Y t="19">0.49723</Y>
          <Y t="20">0.5</Y>
          <Y t="21">0.5</Y>
          <Y t="22">0.5</Y>
          <Y t="23">0.5</Y>
          <Y t="24">0.5</Y>
          <Y t="25">0.5</Y>
        </Axis>
      </Axis>
      <Axis t="94">
        <Axis>
          <Y t="1">0.05287</Y>
          <Y t="2">0.14929</Y>
          <Y t="3">0.20127</Y>
          <Y t="4">0.22374</Y>
          <Y t="5">0.24802</Y>
          <Y t="6">0.27379</Y>
          <Y t="7">0.29921</Y>
          <Y t="8">0.32314</Y>
          <Y t="9">0.34698</Y>
          <Y t="10">0.37036</Y>
          <Y t="11">0.39292</Y>
          <Y t="12">0.4143</Y>
          <Y t="13">0.43413</Y>
          <Y t="14">0.45205</Y>
          <Y t="15">0.46769</Y>
          <Y t="16">0.48068</Y>
          <Y t="17">0.49065</Y>
          <Y t="18">0.49723</Y>
          <Y t="19">0.5</Y>
          <Y t="20">0.5</Y>
          <Y t="21">0.5</Y>
          <Y t="22">0.5</Y>
          <Y t="23">0.5</Y>
          <Y t="24">0.5</Y>
          <Y t="25">0.5</Y>
        </Axis>
      </Axis>
      <Axis t="95">
        <Axis>
          <Y t="1">0.0732267839444995</Y>
          <Y t="2">0.20127</Y>
          <Y t="3">0.22374</Y>
          <Y t="4">0.24802</Y>
          <Y t="5">0.27379</Y>
          <Y t="6">0.29921</Y>
          <Y t="7">0.32314</Y>
          <Y t="8">0.34698</Y>
          <Y t="9">0.37036</Y>
          <Y t="10">0.39292</Y>
          <Y t="11">0.4143</Y>
          <Y t="12">0.43413</Y>
          <Y t="13">0.45205</Y>
          <Y t="14">0.46769</Y>
          <Y t="15">0.48068</Y>
          <Y t="16">0.49065</Y>
          <Y t="17">0.49723</Y>
          <Y t="18">0.5</Y>
          <Y t="19">0.5</Y>
          <Y t="20">0.5</Y>
          <Y t="21">0.5</Y>
          <Y t="22">0.5</Y>
          <Y t="23">0.5</Y>
          <Y t="24">0.5</Y>
          <Y t="25">0.5</Y>
        </Axis>
      </Axis>
    </Values>
  </Table>
  <Table>
    <MetaData>
      <ScalingFactor>0</ScalingFactor>
      <DataType tc="2">Floating Point</DataType>
      <Nation tc="1">United States of America</Nation>
      <TableDescription>2015 VBT Relative Risk Table - Female, 60% Non-Smoker, Age Last Birthday, Ultimate</TableDescription>
      <AxisDef id="Age">
        <ScaleType tc="3">Age</ScaleType>
        <AxisName>Age</AxisName>
        <MinScaleValue>18</MinScaleValue>
        <MaxScaleValue>120</MaxScaleValue>
        <Increment>1</Increment>
      </AxisDef>
    </MetaData>
    <Values>
      <Axis>
        <Y t="18">0.0002</Y>
        <Y t="19">0.0002</Y>
        <Y t="20">0.00019</Y>
        <Y t="21">0.00019</Y>
        <Y t="22">0.00019</Y>
        <Y t="23">0.00019</Y>
        <Y t="24">0.00019</Y>
        <Y t="25">0.00019</Y>
        <Y t="26">0.00019</Y>
        <Y t="27">0.0002</Y>
        <Y t="28">0.00022</Y>
        <Y t="29">0.00023</Y>
        <Y t="30">0.00024</Y>
        <Y t="31">0.00026</Y>
        <Y t="32">0.00029</Y>
        <Y t="33">0.00034</Y>
        <Y t="34">0.00039</Y>
        <Y t="35">0.00045</Y>
        <Y t="36">0.00051</Y>
        <Y t="37">0.00056</Y>
        <Y t="38">0.0006</Y>
        <Y t="39">0.00062</Y>
        <Y t="40">0.00063</Y>
        <Y t="41">0.00063</Y>
        <Y t="42">0.00063</Y>
        <Y t="43">0.00063</Y>
        <Y t="44">0.00064</Y>
        <Y t="45">0.00065</Y>
        <Y t="46">0.00068</Y>
        <Y t="47">0.0007</Y>
        <Y t="48">0.00073</Y>
        <Y t="49">0.00078</Y>
        <Y t="50">0.00083</Y>
        <Y t="51">0.0009</Y>
        <Y t="52">0.001</Y>
        <Y t="53">0.00111</Y>
        <Y t="54">0.00123</Y>
        <Y t="55">0.00135</Y>
        <Y t="56">0.00146</Y>
        <Y t="57">0.00158</Y>
        <Y t="58">0.00171</Y>
        <Y t="59">0.00185</Y>
        <Y t="60">0.00202</Y>
        <Y t="61">0.00223</Y>
        <Y t="62">0.00247</Y>
        <Y t="63">0.00275</Y>
        <Y t="64">0.00306</Y>
        <Y t="65">0.00341</Y>
        <Y t="66">0.00379</Y>
        <Y t="67">0.0042</Y>
        <Y t="68">0.00468</Y>
        <Y t="69">0.00523</Y>
        <Y t="70">0.00588</Y>
        <Y t="71">0.00665</Y>
        <Y t="72">0.00758</Y>
        <Y t="73">0.00866</Y>
        <Y t="74">0.00994</Y>
        <Y t="75">0.01143</Y>
        <Y t="76">0.01316</Y>
        <Y t="77">0.01522</Y>
        <Y t="78">0.01768</Y>
        <Y t="79">0.02066</Y>
        <Y t="80">0.02418</Y>
        <Y t="81">0.02805</Y>
        <Y t="82">0.03213</Y>
        <Y t="83">0.03677</Y>
        <Y t="84">0.0433</Y>
        <Y t="85">0.05083</Y>
        <Y t="86">0.05837</Y>
        <Y t="87">0.06713</Y>
        <Y t="88">0.07718</Y>
        <Y t="89">0.08838</Y>
        <Y t="90">0.10071</Y>
        <Y t="91">0.1142</Y>
        <Y t="92">0.12899</Y>
        <Y t="93">0.14486</Y>
        <Y t="94">0.16195</Y>
        <Y t="95">0.18074</Y>
        <Y t="96">0.20127</Y>
        <Y t="97">0.22374</Y>
        <Y t="98">0.24802</Y>
        <Y t="99">0.27379</Y>
        <Y t="100">0.29921</Y>
        <Y t="101">0.32314</Y>
        <Y t="102">0.34698</Y>
        <Y t="103">0.37036</Y>
        <Y t="104">0.39292</Y>
        <Y t="105">0.4143</Y>
        <Y t="106">0.43413</Y>
        <Y t="107">0.45205</Y>
        <Y t="108">0.46769</Y>
        <Y t="109">0.48068</Y>
        <Y t="110">0.49065</Y>
        <Y t="111">0.49723</Y>
        <Y t="112">0.5</Y>
        <Y t="113">0.5</Y>
        <Y t="114">0.5</Y>
        <Y t="115">0.5</Y>
        <Y t="116">0.5</Y>
        <Y t="117">0.5</Y>
        <Y t="118">0.5</Y>
        <Y t="119">0.5</Y>
        <Y t="120">0.5</Y>
      </Axis>
    </Values>
  </Table>
</XTbML>