﻿<?xml version="1.0" encoding="utf-8"?>
<XTbML>
  <ContentClassification>
    <TableIdentity>3211</TableIdentity>
    <ProviderDomain>soa.org</ProviderDomain>
    <ProviderName>American Academy of Actuaries along with the Society of Actuaries</ProviderName>
    <TableReference>Society of Actuaries website, 2015 Valuation Basic Tables. Accessed: March, 2016 from https://www.soa.org/Research/Experience-Study/Ind-Life/Valuation/2015-valuation-basic-tables.aspx</TableReference>
    <ContentType tc="4">Insured Lives Mortality</ContentType>
    <TableName>2015 VBT Female Non-Smoker RR70 ALB</TableName>
    <TableDescription>2015 Valuation Basic Table (VBT) Relative Risk Table - Female, 70%, Non-Smoker, Age Last Birthday. Minimum Age: 18. Maximum Age: 95.</TableDescription>
    <Comments>Study Data: The 2015 VBT was developed based on the mortality experience from the SOA Individual Life Experience Committee studies from the 2002-2009 study period. Additional data from other sources was used to supplement the 2002-2009 experience at younger and older ages where industry experience was sparse.To develop the 2015 VBT table, the mortality was projected from March 1st, 2006 to July 1st, 2015, using recent mortality improvement trends. Data Certified: 07/2018.</Comments>
    <KeyWord>Select</KeyWord>
    <KeyWord>Insured Lives Mortality</KeyWord>
    <KeyWord>United States of America</KeyWord>
  </ContentClassification>
  <Table>
    <MetaData>
      <ScalingFactor>0</ScalingFactor>
      <DataType tc="2">Floating Point</DataType>
      <Nation tc="1">United States of America</Nation>
      <TableDescription>2015 VBT Relative Risk Table - Female, 70% Non-Smoker, Age Last Birthday, Select</TableDescription>
      <AxisDef id="Age">
        <ScaleType tc="3">Age</ScaleType>
        <AxisName>Age</AxisName>
        <MinScaleValue>18</MinScaleValue>
        <MaxScaleValue>95</MaxScaleValue>
        <Increment>1</Increment>
      </AxisDef>
      <AxisDef id="Duration">
        <ScaleType tc="2">Ordinal Date</ScaleType>
        <AxisName>Duration</AxisName>
        <MinScaleValue>1</MinScaleValue>
        <MaxScaleValue>25</MaxScaleValue>
        <Increment>1</Increment>
      </AxisDef>
    </MetaData>
    <Values>
      <Axis t="18">
        <Axis>
          <Y t="1">0.00022</Y>
          <Y t="2">0.00022</Y>
          <Y t="3">0.00021</Y>
          <Y t="4">0.00021</Y>
          <Y t="5">0.00021</Y>
          <Y t="6">0.00021</Y>
          <Y t="7">0.00021</Y>
          <Y t="8">0.00021</Y>
          <Y t="9">0.00021</Y>
          <Y t="10">0.00022</Y>
          <Y t="11">0.00024</Y>
          <Y t="12">0.00026</Y>
          <Y t="13">0.00027</Y>
          <Y t="14">0.00029</Y>
          <Y t="15">0.00032</Y>
          <Y t="16">0.00037</Y>
          <Y t="17">0.00043</Y>
          <Y t="18">0.00049</Y>
          <Y t="19">0.00056</Y>
          <Y t="20">0.00061</Y>
          <Y t="21">0.00066</Y>
          <Y t="22">0.00068</Y>
          <Y t="23">0.00069</Y>
          <Y t="24">0.00069</Y>
          <Y t="25">0.00069</Y>
        </Axis>
      </Axis>
      <Axis t="19">
        <Axis>
          <Y t="1">0.0002</Y>
          <Y t="2">0.0002</Y>
          <Y t="3">0.0002</Y>
          <Y t="4">0.0002</Y>
          <Y t="5">0.0002</Y>
          <Y t="6">0.0002</Y>
          <Y t="7">0.00019</Y>
          <Y t="8">0.00019</Y>
          <Y t="9">0.0002</Y>
          <Y t="10">0.00022</Y>
          <Y t="11">0.00024</Y>
          <Y t="12">0.00025</Y>
          <Y t="13">0.00026</Y>
          <Y t="14">0.00028</Y>
          <Y t="15">0.00032</Y>
          <Y t="16">0.00038</Y>
          <Y t="17">0.00045</Y>
          <Y t="18">0.00053</Y>
          <Y t="19">0.00059</Y>
          <Y t="20">0.00064</Y>
          <Y t="21">0.00068</Y>
          <Y t="22">0.00069</Y>
          <Y t="23">0.00069</Y>
          <Y t="24">0.00069</Y>
          <Y t="25">0.0007</Y>
        </Axis>
      </Axis>
      <Axis t="20">
        <Axis>
          <Y t="1">0.00017</Y>
          <Y t="2">0.00017</Y>
          <Y t="3">0.00018</Y>
          <Y t="4">0.00019</Y>
          <Y t="5">0.00018</Y>
          <Y t="6">0.00018</Y>
          <Y t="7">0.00017</Y>
          <Y t="8">0.00018</Y>
          <Y t="9">0.0002</Y>
          <Y t="10">0.00022</Y>
          <Y t="11">0.00024</Y>
          <Y t="12">0.00025</Y>
          <Y t="13">0.00026</Y>
          <Y t="14">0.00029</Y>
          <Y t="15">0.00034</Y>
          <Y t="16">0.0004</Y>
          <Y t="17">0.00047</Y>
          <Y t="18">0.00054</Y>
          <Y t="19">0.00061</Y>
          <Y t="20">0.00066</Y>
          <Y t="21">0.00069</Y>
          <Y t="22">0.00069</Y>
          <Y t="23">0.00069</Y>
          <Y t="24">0.0007</Y>
          <Y t="25">0.0007</Y>
        </Axis>
      </Axis>
      <Axis t="21">
        <Axis>
          <Y t="1">0.00014</Y>
          <Y t="2">0.00016</Y>
          <Y t="3">0.00017</Y>
          <Y t="4">0.00017</Y>
          <Y t="5">0.00016</Y>
          <Y t="6">0.00016</Y>
          <Y t="7">0.00017</Y>
          <Y t="8">0.00018</Y>
          <Y t="9">0.00021</Y>
          <Y t="10">0.00023</Y>
          <Y t="11">0.00024</Y>
          <Y t="12">0.00025</Y>
          <Y t="13">0.00026</Y>
          <Y t="14">0.0003</Y>
          <Y t="15">0.00036</Y>
          <Y t="16">0.00043</Y>
          <Y t="17">0.00049</Y>
          <Y t="18">0.00055</Y>
          <Y t="19">0.00061</Y>
          <Y t="20">0.00066</Y>
          <Y t="21">0.00069</Y>
          <Y t="22">0.00069</Y>
          <Y t="23">0.0007</Y>
          <Y t="24">0.0007</Y>
          <Y t="25">0.00072</Y>
        </Axis>
      </Axis>
      <Axis t="22">
        <Axis>
          <Y t="1">0.00012</Y>
          <Y t="2">0.00015</Y>
          <Y t="3">0.00016</Y>
          <Y t="4">0.00015</Y>
          <Y t="5">0.00015</Y>
          <Y t="6">0.00015</Y>
          <Y t="7">0.00017</Y>
          <Y t="8">0.00019</Y>
          <Y t="9">0.00021</Y>
          <Y t="10">0.00023</Y>
          <Y t="11">0.00024</Y>
          <Y t="12">0.00025</Y>
          <Y t="13">0.00027</Y>
          <Y t="14">0.00032</Y>
          <Y t="15">0.00039</Y>
          <Y t="16">0.00045</Y>
          <Y t="17">0.0005</Y>
          <Y t="18">0.00056</Y>
          <Y t="19">0.00062</Y>
          <Y t="20">0.00067</Y>
          <Y t="21">0.00069</Y>
          <Y t="22">0.0007</Y>
          <Y t="23">0.0007</Y>
          <Y t="24">0.00072</Y>
          <Y t="25">0.00074</Y>
        </Axis>
      </Axis>
      <Axis t="23">
        <Axis>
          <Y t="1">0.00011</Y>
          <Y t="2">0.00014</Y>
          <Y t="3">0.00014</Y>
          <Y t="4">0.00013</Y>
          <Y t="5">0.00014</Y>
          <Y t="6">0.00015</Y>
          <Y t="7">0.00017</Y>
          <Y t="8">0.0002</Y>
          <Y t="9">0.00022</Y>
          <Y t="10">0.00023</Y>
          <Y t="11">0.00025</Y>
          <Y t="12">0.00026</Y>
          <Y t="13">0.0003</Y>
          <Y t="14">0.00035</Y>
          <Y t="15">0.00041</Y>
          <Y t="16">0.00047</Y>
          <Y t="17">0.00051</Y>
          <Y t="18">0.00056</Y>
          <Y t="19">0.00062</Y>
          <Y t="20">0.00067</Y>
          <Y t="21">0.0007</Y>
          <Y t="22">0.0007</Y>
          <Y t="23">0.00072</Y>
          <Y t="24">0.00074</Y>
          <Y t="25">0.00078</Y>
        </Axis>
      </Axis>
      <Axis t="24">
        <Axis>
          <Y t="1">9E-05</Y>
          <Y t="2">0.00012</Y>
          <Y t="3">0.00012</Y>
          <Y t="4">0.00012</Y>
          <Y t="5">0.00013</Y>
          <Y t="6">0.00015</Y>
          <Y t="7">0.00018</Y>
          <Y t="8">0.0002</Y>
          <Y t="9">0.00022</Y>
          <Y t="10">0.00024</Y>
          <Y t="11">0.00026</Y>
          <Y t="12">0.00028</Y>
          <Y t="13">0.00033</Y>
          <Y t="14">0.00039</Y>
          <Y t="15">0.00044</Y>
          <Y t="16">0.00048</Y>
          <Y t="17">0.00052</Y>
          <Y t="18">0.00056</Y>
          <Y t="19">0.00062</Y>
          <Y t="20">0.00067</Y>
          <Y t="21">0.0007</Y>
          <Y t="22">0.00072</Y>
          <Y t="23">0.00074</Y>
          <Y t="24">0.00078</Y>
          <Y t="25">0.00082</Y>
        </Axis>
      </Axis>
      <Axis t="25">
        <Axis>
          <Y t="1">8E-05</Y>
          <Y t="2">0.00011</Y>
          <Y t="3">0.00011</Y>
          <Y t="4">0.00012</Y>
          <Y t="5">0.00014</Y>
          <Y t="6">0.00016</Y>
          <Y t="7">0.00018</Y>
          <Y t="8">0.00021</Y>
          <Y t="9">0.00023</Y>
          <Y t="10">0.00026</Y>
          <Y t="11">0.00028</Y>
          <Y t="12">0.00031</Y>
          <Y t="13">0.00037</Y>
          <Y t="14">0.00042</Y>
          <Y t="15">0.00047</Y>
          <Y t="16">0.00049</Y>
          <Y t="17">0.00053</Y>
          <Y t="18">0.00058</Y>
          <Y t="19">0.00063</Y>
          <Y t="20">0.00068</Y>
          <Y t="21">0.00072</Y>
          <Y t="22">0.00074</Y>
          <Y t="23">0.00078</Y>
          <Y t="24">0.00082</Y>
          <Y t="25">0.00088</Y>
        </Axis>
      </Axis>
      <Axis t="26">
        <Axis>
          <Y t="1">7E-05</Y>
          <Y t="2">0.0001</Y>
          <Y t="3">0.00011</Y>
          <Y t="4">0.00012</Y>
          <Y t="5">0.00014</Y>
          <Y t="6">0.00016</Y>
          <Y t="7">0.00018</Y>
          <Y t="8">0.00021</Y>
          <Y t="9">0.00024</Y>
          <Y t="10">0.00027</Y>
          <Y t="11">0.00031</Y>
          <Y t="12">0.00035</Y>
          <Y t="13">0.00041</Y>
          <Y t="14">0.00046</Y>
          <Y t="15">0.00049</Y>
          <Y t="16">0.00051</Y>
          <Y t="17">0.00054</Y>
          <Y t="18">0.00059</Y>
          <Y t="19">0.00065</Y>
          <Y t="20">0.0007</Y>
          <Y t="21">0.00074</Y>
          <Y t="22">0.00078</Y>
          <Y t="23">0.00082</Y>
          <Y t="24">0.00088</Y>
          <Y t="25">0.00095</Y>
        </Axis>
      </Axis>
      <Axis t="27">
        <Axis>
          <Y t="1">6E-05</Y>
          <Y t="2">9E-05</Y>
          <Y t="3">0.00011</Y>
          <Y t="4">0.00012</Y>
          <Y t="5">0.00014</Y>
          <Y t="6">0.00016</Y>
          <Y t="7">0.00019</Y>
          <Y t="8">0.00022</Y>
          <Y t="9">0.00026</Y>
          <Y t="10">0.0003</Y>
          <Y t="11">0.00034</Y>
          <Y t="12">0.00038</Y>
          <Y t="13">0.00044</Y>
          <Y t="14">0.00048</Y>
          <Y t="15">0.0005</Y>
          <Y t="16">0.00052</Y>
          <Y t="17">0.00056</Y>
          <Y t="18">0.00061</Y>
          <Y t="19">0.00067</Y>
          <Y t="20">0.00073</Y>
          <Y t="21">0.00078</Y>
          <Y t="22">0.00082</Y>
          <Y t="23">0.00088</Y>
          <Y t="24">0.00095</Y>
          <Y t="25">0.00104</Y>
        </Axis>
      </Axis>
      <Axis t="28">
        <Axis>
          <Y t="1">6E-05</Y>
          <Y t="2">9E-05</Y>
          <Y t="3">0.00011</Y>
          <Y t="4">0.00012</Y>
          <Y t="5">0.00014</Y>
          <Y t="6">0.00016</Y>
          <Y t="7">0.0002</Y>
          <Y t="8">0.00024</Y>
          <Y t="9">0.00028</Y>
          <Y t="10">0.00032</Y>
          <Y t="11">0.00036</Y>
          <Y t="12">0.00041</Y>
          <Y t="13">0.00047</Y>
          <Y t="14">0.0005</Y>
          <Y t="15">0.00052</Y>
          <Y t="16">0.00054</Y>
          <Y t="17">0.00058</Y>
          <Y t="18">0.00064</Y>
          <Y t="19">0.0007</Y>
          <Y t="20">0.00076</Y>
          <Y t="21">0.00082</Y>
          <Y t="22">0.00088</Y>
          <Y t="23">0.00095</Y>
          <Y t="24">0.00104</Y>
          <Y t="25">0.00115</Y>
        </Axis>
      </Axis>
      <Axis t="29">
        <Axis>
          <Y t="1">6E-05</Y>
          <Y t="2">0.0001</Y>
          <Y t="3">0.00011</Y>
          <Y t="4">0.00012</Y>
          <Y t="5">0.00014</Y>
          <Y t="6">0.00017</Y>
          <Y t="7">0.00021</Y>
          <Y t="8">0.00026</Y>
          <Y t="9">0.0003</Y>
          <Y t="10">0.00034</Y>
          <Y t="11">0.00039</Y>
          <Y t="12">0.00044</Y>
          <Y t="13">0.00048</Y>
          <Y t="14">0.00051</Y>
          <Y t="15">0.00053</Y>
          <Y t="16">0.00056</Y>
          <Y t="17">0.00062</Y>
          <Y t="18">0.00068</Y>
          <Y t="19">0.00074</Y>
          <Y t="20">0.00081</Y>
          <Y t="21">0.00088</Y>
          <Y t="22">0.00095</Y>
          <Y t="23">0.00104</Y>
          <Y t="24">0.00115</Y>
          <Y t="25">0.00129</Y>
        </Axis>
      </Axis>
      <Axis t="30">
        <Axis>
          <Y t="1">6E-05</Y>
          <Y t="2">0.0001</Y>
          <Y t="3">0.00012</Y>
          <Y t="4">0.00013</Y>
          <Y t="5">0.00015</Y>
          <Y t="6">0.00019</Y>
          <Y t="7">0.00023</Y>
          <Y t="8">0.00028</Y>
          <Y t="9">0.00032</Y>
          <Y t="10">0.00036</Y>
          <Y t="11">0.0004</Y>
          <Y t="12">0.00045</Y>
          <Y t="13">0.00049</Y>
          <Y t="14">0.00052</Y>
          <Y t="15">0.00055</Y>
          <Y t="16">0.0006</Y>
          <Y t="17">0.00066</Y>
          <Y t="18">0.00073</Y>
          <Y t="19">0.00079</Y>
          <Y t="20">0.00086</Y>
          <Y t="21">0.00095</Y>
          <Y t="22">0.00104</Y>
          <Y t="23">0.00115</Y>
          <Y t="24">0.00129</Y>
          <Y t="25">0.00144</Y>
        </Axis>
      </Axis>
      <Axis t="31">
        <Axis>
          <Y t="1">6E-05</Y>
          <Y t="2">0.0001</Y>
          <Y t="3">0.00012</Y>
          <Y t="4">0.00014</Y>
          <Y t="5">0.00017</Y>
          <Y t="6">0.00021</Y>
          <Y t="7">0.00025</Y>
          <Y t="8">0.0003</Y>
          <Y t="9">0.00034</Y>
          <Y t="10">0.00038</Y>
          <Y t="11">0.00042</Y>
          <Y t="12">0.00046</Y>
          <Y t="13">0.00051</Y>
          <Y t="14">0.00054</Y>
          <Y t="15">0.00059</Y>
          <Y t="16">0.00064</Y>
          <Y t="17">0.00071</Y>
          <Y t="18">0.00078</Y>
          <Y t="19">0.00085</Y>
          <Y t="20">0.00093</Y>
          <Y t="21">0.00104</Y>
          <Y t="22">0.00115</Y>
          <Y t="23">0.00129</Y>
          <Y t="24">0.00144</Y>
          <Y t="25">0.00159</Y>
        </Axis>
      </Axis>
      <Axis t="32">
        <Axis>
          <Y t="1">6E-05</Y>
          <Y t="2">0.00011</Y>
          <Y t="3">0.00013</Y>
          <Y t="4">0.00016</Y>
          <Y t="5">0.00019</Y>
          <Y t="6">0.00023</Y>
          <Y t="7">0.00028</Y>
          <Y t="8">0.00032</Y>
          <Y t="9">0.00035</Y>
          <Y t="10">0.00039</Y>
          <Y t="11">0.00043</Y>
          <Y t="12">0.00048</Y>
          <Y t="13">0.00053</Y>
          <Y t="14">0.00058</Y>
          <Y t="15">0.00063</Y>
          <Y t="16">0.00069</Y>
          <Y t="17">0.00077</Y>
          <Y t="18">0.00084</Y>
          <Y t="19">0.00092</Y>
          <Y t="20">0.00102</Y>
          <Y t="21">0.00115</Y>
          <Y t="22">0.00129</Y>
          <Y t="23">0.00144</Y>
          <Y t="24">0.00159</Y>
          <Y t="25">0.00173</Y>
        </Axis>
      </Axis>
      <Axis t="33">
        <Axis>
          <Y t="1">6E-05</Y>
          <Y t="2">0.00011</Y>
          <Y t="3">0.00015</Y>
          <Y t="4">0.00018</Y>
          <Y t="5">0.00022</Y>
          <Y t="6">0.00025</Y>
          <Y t="7">0.0003</Y>
          <Y t="8">0.00033</Y>
          <Y t="9">0.00036</Y>
          <Y t="10">0.00039</Y>
          <Y t="11">0.00044</Y>
          <Y t="12">0.00049</Y>
          <Y t="13">0.00056</Y>
          <Y t="14">0.00062</Y>
          <Y t="15">0.00069</Y>
          <Y t="16">0.00075</Y>
          <Y t="17">0.00083</Y>
          <Y t="18">0.00091</Y>
          <Y t="19">0.00101</Y>
          <Y t="20">0.00113</Y>
          <Y t="21">0.00129</Y>
          <Y t="22">0.00144</Y>
          <Y t="23">0.00159</Y>
          <Y t="24">0.00173</Y>
          <Y t="25">0.00188</Y>
        </Axis>
      </Axis>
      <Axis t="34">
        <Axis>
          <Y t="1">6E-05</Y>
          <Y t="2">0.00011</Y>
          <Y t="3">0.00016</Y>
          <Y t="4">0.0002</Y>
          <Y t="5">0.00024</Y>
          <Y t="6">0.00028</Y>
          <Y t="7">0.00032</Y>
          <Y t="8">0.00035</Y>
          <Y t="9">0.00037</Y>
          <Y t="10">0.00041</Y>
          <Y t="11">0.00045</Y>
          <Y t="12">0.00052</Y>
          <Y t="13">0.00061</Y>
          <Y t="14">0.00068</Y>
          <Y t="15">0.00075</Y>
          <Y t="16">0.00082</Y>
          <Y t="17">0.0009</Y>
          <Y t="18">0.00099</Y>
          <Y t="19">0.00111</Y>
          <Y t="20">0.00126</Y>
          <Y t="21">0.00144</Y>
          <Y t="22">0.00159</Y>
          <Y t="23">0.00173</Y>
          <Y t="24">0.00188</Y>
          <Y t="25">0.00203</Y>
        </Axis>
      </Axis>
      <Axis t="35">
        <Axis>
          <Y t="1">7E-05</Y>
          <Y t="2">0.00012</Y>
          <Y t="3">0.00018</Y>
          <Y t="4">0.00023</Y>
          <Y t="5">0.00027</Y>
          <Y t="6">0.0003</Y>
          <Y t="7">0.00034</Y>
          <Y t="8">0.00037</Y>
          <Y t="9">0.00038</Y>
          <Y t="10">0.00042</Y>
          <Y t="11">0.00049</Y>
          <Y t="12">0.00057</Y>
          <Y t="13">0.00067</Y>
          <Y t="14">0.00074</Y>
          <Y t="15">0.00081</Y>
          <Y t="16">0.00088</Y>
          <Y t="17">0.00098</Y>
          <Y t="18">0.00109</Y>
          <Y t="19">0.00123</Y>
          <Y t="20">0.0014</Y>
          <Y t="21">0.00159</Y>
          <Y t="22">0.00173</Y>
          <Y t="23">0.00188</Y>
          <Y t="24">0.00203</Y>
          <Y t="25">0.0022</Y>
        </Axis>
      </Axis>
      <Axis t="36">
        <Axis>
          <Y t="1">8E-05</Y>
          <Y t="2">0.00013</Y>
          <Y t="3">0.0002</Y>
          <Y t="4">0.00025</Y>
          <Y t="5">0.00029</Y>
          <Y t="6">0.00032</Y>
          <Y t="7">0.00036</Y>
          <Y t="8">0.00038</Y>
          <Y t="9">0.0004</Y>
          <Y t="10">0.00045</Y>
          <Y t="11">0.00053</Y>
          <Y t="12">0.00063</Y>
          <Y t="13">0.00073</Y>
          <Y t="14">0.0008</Y>
          <Y t="15">0.00088</Y>
          <Y t="16">0.00095</Y>
          <Y t="17">0.00106</Y>
          <Y t="18">0.00119</Y>
          <Y t="19">0.00135</Y>
          <Y t="20">0.00154</Y>
          <Y t="21">0.00173</Y>
          <Y t="22">0.00188</Y>
          <Y t="23">0.00203</Y>
          <Y t="24">0.0022</Y>
          <Y t="25">0.0024</Y>
        </Axis>
      </Axis>
      <Axis t="37">
        <Axis>
          <Y t="1">8E-05</Y>
          <Y t="2">0.00013</Y>
          <Y t="3">0.00021</Y>
          <Y t="4">0.00026</Y>
          <Y t="5">0.00031</Y>
          <Y t="6">0.00035</Y>
          <Y t="7">0.00038</Y>
          <Y t="8">0.0004</Y>
          <Y t="9">0.00043</Y>
          <Y t="10">0.0005</Y>
          <Y t="11">0.00059</Y>
          <Y t="12">0.00069</Y>
          <Y t="13">0.00079</Y>
          <Y t="14">0.00087</Y>
          <Y t="15">0.00094</Y>
          <Y t="16">0.00103</Y>
          <Y t="17">0.00115</Y>
          <Y t="18">0.0013</Y>
          <Y t="19">0.00148</Y>
          <Y t="20">0.00168</Y>
          <Y t="21">0.00188</Y>
          <Y t="22">0.00203</Y>
          <Y t="23">0.0022</Y>
          <Y t="24">0.0024</Y>
          <Y t="25">0.00263</Y>
        </Axis>
      </Axis>
      <Axis t="38">
        <Axis>
          <Y t="1">9E-05</Y>
          <Y t="2">0.00014</Y>
          <Y t="3">0.00022</Y>
          <Y t="4">0.00028</Y>
          <Y t="5">0.00033</Y>
          <Y t="6">0.00037</Y>
          <Y t="7">0.00039</Y>
          <Y t="8">0.00042</Y>
          <Y t="9">0.00047</Y>
          <Y t="10">0.00055</Y>
          <Y t="11">0.00065</Y>
          <Y t="12">0.00076</Y>
          <Y t="13">0.00085</Y>
          <Y t="14">0.00093</Y>
          <Y t="15">0.00101</Y>
          <Y t="16">0.00111</Y>
          <Y t="17">0.00125</Y>
          <Y t="18">0.00141</Y>
          <Y t="19">0.00161</Y>
          <Y t="20">0.00182</Y>
          <Y t="21">0.00203</Y>
          <Y t="22">0.0022</Y>
          <Y t="23">0.0024</Y>
          <Y t="24">0.00263</Y>
          <Y t="25">0.00291</Y>
        </Axis>
      </Axis>
      <Axis t="39">
        <Axis>
          <Y t="1">9E-05</Y>
          <Y t="2">0.00015</Y>
          <Y t="3">0.00023</Y>
          <Y t="4">0.0003</Y>
          <Y t="5">0.00035</Y>
          <Y t="6">0.00039</Y>
          <Y t="7">0.00042</Y>
          <Y t="8">0.00046</Y>
          <Y t="9">0.00052</Y>
          <Y t="10">0.00062</Y>
          <Y t="11">0.00072</Y>
          <Y t="12">0.00082</Y>
          <Y t="13">0.00092</Y>
          <Y t="14">0.001</Y>
          <Y t="15">0.00109</Y>
          <Y t="16">0.00121</Y>
          <Y t="17">0.00136</Y>
          <Y t="18">0.00153</Y>
          <Y t="19">0.00174</Y>
          <Y t="20">0.00197</Y>
          <Y t="21">0.0022</Y>
          <Y t="22">0.0024</Y>
          <Y t="23">0.00263</Y>
          <Y t="24">0.00291</Y>
          <Y t="25">0.00322</Y>
        </Axis>
      </Axis>
      <Axis t="40">
        <Axis>
          <Y t="1">0.0001</Y>
          <Y t="2">0.00016</Y>
          <Y t="3">0.00024</Y>
          <Y t="4">0.00031</Y>
          <Y t="5">0.00038</Y>
          <Y t="6">0.00042</Y>
          <Y t="7">0.00046</Y>
          <Y t="8">0.0005</Y>
          <Y t="9">0.00058</Y>
          <Y t="10">0.00068</Y>
          <Y t="11">0.00079</Y>
          <Y t="12">0.00089</Y>
          <Y t="13">0.00099</Y>
          <Y t="14">0.00108</Y>
          <Y t="15">0.00118</Y>
          <Y t="16">0.00132</Y>
          <Y t="17">0.00148</Y>
          <Y t="18">0.00167</Y>
          <Y t="19">0.00189</Y>
          <Y t="20">0.00214</Y>
          <Y t="21">0.0024</Y>
          <Y t="22">0.00263</Y>
          <Y t="23">0.00291</Y>
          <Y t="24">0.00322</Y>
          <Y t="25">0.00357</Y>
        </Axis>
      </Axis>
      <Axis t="41">
        <Axis>
          <Y t="1">0.0001</Y>
          <Y t="2">0.00017</Y>
          <Y t="3">0.00024</Y>
          <Y t="4">0.00032</Y>
          <Y t="5">0.00041</Y>
          <Y t="6">0.00046</Y>
          <Y t="7">0.0005</Y>
          <Y t="8">0.00055</Y>
          <Y t="9">0.00064</Y>
          <Y t="10">0.00075</Y>
          <Y t="11">0.00086</Y>
          <Y t="12">0.00096</Y>
          <Y t="13">0.00106</Y>
          <Y t="14">0.00117</Y>
          <Y t="15">0.0013</Y>
          <Y t="16">0.00145</Y>
          <Y t="17">0.00162</Y>
          <Y t="18">0.00182</Y>
          <Y t="19">0.00206</Y>
          <Y t="20">0.00234</Y>
          <Y t="21">0.00263</Y>
          <Y t="22">0.00291</Y>
          <Y t="23">0.00322</Y>
          <Y t="24">0.00357</Y>
          <Y t="25">0.00395</Y>
        </Axis>
      </Axis>
      <Axis t="42">
        <Axis>
          <Y t="1">0.00011</Y>
          <Y t="2">0.00018</Y>
          <Y t="3">0.00025</Y>
          <Y t="4">0.00035</Y>
          <Y t="5">0.00044</Y>
          <Y t="6">0.00049</Y>
          <Y t="7">0.00053</Y>
          <Y t="8">0.0006</Y>
          <Y t="9">0.0007</Y>
          <Y t="10">0.00082</Y>
          <Y t="11">0.00092</Y>
          <Y t="12">0.00103</Y>
          <Y t="13">0.00115</Y>
          <Y t="14">0.00129</Y>
          <Y t="15">0.00143</Y>
          <Y t="16">0.0016</Y>
          <Y t="17">0.00178</Y>
          <Y t="18">0.002</Y>
          <Y t="19">0.00226</Y>
          <Y t="20">0.00258</Y>
          <Y t="21">0.00291</Y>
          <Y t="22">0.00322</Y>
          <Y t="23">0.00357</Y>
          <Y t="24">0.00395</Y>
          <Y t="25">0.00436</Y>
        </Axis>
      </Axis>
      <Axis t="43">
        <Axis>
          <Y t="1">0.00012</Y>
          <Y t="2">0.00018</Y>
          <Y t="3">0.00026</Y>
          <Y t="4">0.00039</Y>
          <Y t="5">0.00047</Y>
          <Y t="6">0.00053</Y>
          <Y t="7">0.00057</Y>
          <Y t="8">0.00065</Y>
          <Y t="9">0.00076</Y>
          <Y t="10">0.00088</Y>
          <Y t="11">0.00099</Y>
          <Y t="12">0.00111</Y>
          <Y t="13">0.00126</Y>
          <Y t="14">0.00142</Y>
          <Y t="15">0.00158</Y>
          <Y t="16">0.00176</Y>
          <Y t="17">0.00196</Y>
          <Y t="18">0.0022</Y>
          <Y t="19">0.00249</Y>
          <Y t="20">0.00285</Y>
          <Y t="21">0.00322</Y>
          <Y t="22">0.00357</Y>
          <Y t="23">0.00395</Y>
          <Y t="24">0.00436</Y>
          <Y t="25">0.00481</Y>
        </Axis>
      </Axis>
      <Axis t="44">
        <Axis>
          <Y t="1">0.00014</Y>
          <Y t="2">0.00019</Y>
          <Y t="3">0.00029</Y>
          <Y t="4">0.00044</Y>
          <Y t="5">0.00051</Y>
          <Y t="6">0.00056</Y>
          <Y t="7">0.00062</Y>
          <Y t="8">0.00071</Y>
          <Y t="9">0.00083</Y>
          <Y t="10">0.00095</Y>
          <Y t="11">0.00107</Y>
          <Y t="12">0.00121</Y>
          <Y t="13">0.00139</Y>
          <Y t="14">0.00157</Y>
          <Y t="15">0.00175</Y>
          <Y t="16">0.00194</Y>
          <Y t="17">0.00217</Y>
          <Y t="18">0.00243</Y>
          <Y t="19">0.00276</Y>
          <Y t="20">0.00315</Y>
          <Y t="21">0.00357</Y>
          <Y t="22">0.00395</Y>
          <Y t="23">0.00436</Y>
          <Y t="24">0.00481</Y>
          <Y t="25">0.00532</Y>
        </Axis>
      </Axis>
      <Axis t="45">
        <Axis>
          <Y t="1">0.00015</Y>
          <Y t="2">0.00019</Y>
          <Y t="3">0.00032</Y>
          <Y t="4">0.00048</Y>
          <Y t="5">0.00055</Y>
          <Y t="6">0.00061</Y>
          <Y t="7">0.00067</Y>
          <Y t="8">0.00077</Y>
          <Y t="9">0.00089</Y>
          <Y t="10">0.00102</Y>
          <Y t="11">0.00116</Y>
          <Y t="12">0.00133</Y>
          <Y t="13">0.00154</Y>
          <Y t="14">0.00174</Y>
          <Y t="15">0.00193</Y>
          <Y t="16">0.00215</Y>
          <Y t="17">0.0024</Y>
          <Y t="18">0.0027</Y>
          <Y t="19">0.00307</Y>
          <Y t="20">0.00349</Y>
          <Y t="21">0.00395</Y>
          <Y t="22">0.00436</Y>
          <Y t="23">0.00481</Y>
          <Y t="24">0.00532</Y>
          <Y t="25">0.0059</Y>
        </Axis>
      </Axis>
      <Axis t="46">
        <Axis>
          <Y t="1">0.00017</Y>
          <Y t="2">0.0002</Y>
          <Y t="3">0.00037</Y>
          <Y t="4">0.00052</Y>
          <Y t="5">0.00059</Y>
          <Y t="6">0.00066</Y>
          <Y t="7">0.00073</Y>
          <Y t="8">0.00084</Y>
          <Y t="9">0.00097</Y>
          <Y t="10">0.0011</Y>
          <Y t="11">0.00126</Y>
          <Y t="12">0.00147</Y>
          <Y t="13">0.00171</Y>
          <Y t="14">0.00193</Y>
          <Y t="15">0.00214</Y>
          <Y t="16">0.00238</Y>
          <Y t="17">0.00268</Y>
          <Y t="18">0.00301</Y>
          <Y t="19">0.0034</Y>
          <Y t="20">0.00385</Y>
          <Y t="21">0.00436</Y>
          <Y t="22">0.00481</Y>
          <Y t="23">0.00532</Y>
          <Y t="24">0.0059</Y>
          <Y t="25">0.0066</Y>
        </Axis>
      </Axis>
      <Axis t="47">
        <Axis>
          <Y t="1">0.00018</Y>
          <Y t="2">0.00021</Y>
          <Y t="3">0.00043</Y>
          <Y t="4">0.00056</Y>
          <Y t="5">0.00065</Y>
          <Y t="6">0.00072</Y>
          <Y t="7">0.00081</Y>
          <Y t="8">0.00092</Y>
          <Y t="9">0.00105</Y>
          <Y t="10">0.0012</Y>
          <Y t="11">0.00138</Y>
          <Y t="12">0.00163</Y>
          <Y t="13">0.0019</Y>
          <Y t="14">0.00213</Y>
          <Y t="15">0.00237</Y>
          <Y t="16">0.00265</Y>
          <Y t="17">0.00298</Y>
          <Y t="18">0.00334</Y>
          <Y t="19">0.00377</Y>
          <Y t="20">0.00425</Y>
          <Y t="21">0.00481</Y>
          <Y t="22">0.00532</Y>
          <Y t="23">0.0059</Y>
          <Y t="24">0.0066</Y>
          <Y t="25">0.00742</Y>
        </Axis>
      </Axis>
      <Axis t="48">
        <Axis>
          <Y t="1">0.00018</Y>
          <Y t="2">0.00024</Y>
          <Y t="3">0.00051</Y>
          <Y t="4">0.00062</Y>
          <Y t="5">0.00072</Y>
          <Y t="6">0.00079</Y>
          <Y t="7">0.00089</Y>
          <Y t="8">0.00101</Y>
          <Y t="9">0.00114</Y>
          <Y t="10">0.0013</Y>
          <Y t="11">0.00152</Y>
          <Y t="12">0.0018</Y>
          <Y t="13">0.0021</Y>
          <Y t="14">0.00236</Y>
          <Y t="15">0.00262</Y>
          <Y t="16">0.00293</Y>
          <Y t="17">0.0033</Y>
          <Y t="18">0.0037</Y>
          <Y t="19">0.00416</Y>
          <Y t="20">0.00469</Y>
          <Y t="21">0.00532</Y>
          <Y t="22">0.0059</Y>
          <Y t="23">0.0066</Y>
          <Y t="24">0.00742</Y>
          <Y t="25">0.0084</Y>
        </Axis>
      </Axis>
      <Axis t="49">
        <Axis>
          <Y t="1">0.00019</Y>
          <Y t="2">0.0003</Y>
          <Y t="3">0.00058</Y>
          <Y t="4">0.0007</Y>
          <Y t="5">0.00079</Y>
          <Y t="6">0.00088</Y>
          <Y t="7">0.00099</Y>
          <Y t="8">0.0011</Y>
          <Y t="9">0.00124</Y>
          <Y t="10">0.00143</Y>
          <Y t="11">0.00168</Y>
          <Y t="12">0.00197</Y>
          <Y t="13">0.00229</Y>
          <Y t="14">0.00257</Y>
          <Y t="15">0.00286</Y>
          <Y t="16">0.00323</Y>
          <Y t="17">0.00364</Y>
          <Y t="18">0.00407</Y>
          <Y t="19">0.00457</Y>
          <Y t="20">0.00518</Y>
          <Y t="21">0.0059</Y>
          <Y t="22">0.0066</Y>
          <Y t="23">0.00742</Y>
          <Y t="24">0.0084</Y>
          <Y t="25">0.00955</Y>
        </Axis>
      </Axis>
      <Axis t="50">
        <Axis>
          <Y t="1">0.0002</Y>
          <Y t="2">0.00039</Y>
          <Y t="3">0.00064</Y>
          <Y t="4">0.00078</Y>
          <Y t="5">0.00087</Y>
          <Y t="6">0.00097</Y>
          <Y t="7">0.00109</Y>
          <Y t="8">0.0012</Y>
          <Y t="9">0.00136</Y>
          <Y t="10">0.00158</Y>
          <Y t="11">0.00185</Y>
          <Y t="12">0.00215</Y>
          <Y t="13">0.00248</Y>
          <Y t="14">0.00277</Y>
          <Y t="15">0.00311</Y>
          <Y t="16">0.00354</Y>
          <Y t="17">0.00399</Y>
          <Y t="18">0.00446</Y>
          <Y t="19">0.00502</Y>
          <Y t="20">0.00573</Y>
          <Y t="21">0.0066</Y>
          <Y t="22">0.00742</Y>
          <Y t="23">0.0084</Y>
          <Y t="24">0.00955</Y>
          <Y t="25">0.01089</Y>
        </Axis>
      </Axis>
      <Axis t="51">
        <Axis>
          <Y t="1">0.0002</Y>
          <Y t="2">0.00049</Y>
          <Y t="3">0.00072</Y>
          <Y t="4">0.00085</Y>
          <Y t="5">0.00096</Y>
          <Y t="6">0.00107</Y>
          <Y t="7">0.00119</Y>
          <Y t="8">0.00132</Y>
          <Y t="9">0.00151</Y>
          <Y t="10">0.00175</Y>
          <Y t="11">0.00204</Y>
          <Y t="12">0.00234</Y>
          <Y t="13">0.00267</Y>
          <Y t="14">0.003</Y>
          <Y t="15">0.0034</Y>
          <Y t="16">0.00388</Y>
          <Y t="17">0.00436</Y>
          <Y t="18">0.00487</Y>
          <Y t="19">0.00553</Y>
          <Y t="20">0.00639</Y>
          <Y t="21">0.00742</Y>
          <Y t="22">0.0084</Y>
          <Y t="23">0.00955</Y>
          <Y t="24">0.01089</Y>
          <Y t="25">0.01244</Y>
        </Axis>
      </Axis>
      <Axis t="52">
        <Axis>
          <Y t="1">0.00021</Y>
          <Y t="2">0.00058</Y>
          <Y t="3">0.00078</Y>
          <Y t="4">0.00092</Y>
          <Y t="5">0.00104</Y>
          <Y t="6">0.00117</Y>
          <Y t="7">0.0013</Y>
          <Y t="8">0.00146</Y>
          <Y t="9">0.00168</Y>
          <Y t="10">0.00195</Y>
          <Y t="11">0.00225</Y>
          <Y t="12">0.00254</Y>
          <Y t="13">0.00288</Y>
          <Y t="14">0.00326</Y>
          <Y t="15">0.00372</Y>
          <Y t="16">0.00426</Y>
          <Y t="17">0.00479</Y>
          <Y t="18">0.00541</Y>
          <Y t="19">0.0062</Y>
          <Y t="20">0.00719</Y>
          <Y t="21">0.0084</Y>
          <Y t="22">0.00955</Y>
          <Y t="23">0.01089</Y>
          <Y t="24">0.01244</Y>
          <Y t="25">0.01424</Y>
        </Axis>
      </Axis>
      <Axis t="53">
        <Axis>
          <Y t="1">0.00022</Y>
          <Y t="2">0.00062</Y>
          <Y t="3">0.00083</Y>
          <Y t="4">0.00098</Y>
          <Y t="5">0.00114</Y>
          <Y t="6">0.00128</Y>
          <Y t="7">0.00144</Y>
          <Y t="8">0.00163</Y>
          <Y t="9">0.00188</Y>
          <Y t="10">0.00218</Y>
          <Y t="11">0.00247</Y>
          <Y t="12">0.00276</Y>
          <Y t="13">0.00312</Y>
          <Y t="14">0.00357</Y>
          <Y t="15">0.00411</Y>
          <Y t="16">0.00471</Y>
          <Y t="17">0.00534</Y>
          <Y t="18">0.00611</Y>
          <Y t="19">0.00704</Y>
          <Y t="20">0.00816</Y>
          <Y t="21">0.00955</Y>
          <Y t="22">0.01089</Y>
          <Y t="23">0.01244</Y>
          <Y t="24">0.01424</Y>
          <Y t="25">0.01637</Y>
        </Axis>
      </Axis>
      <Axis t="54">
        <Axis>
          <Y t="1">0.00023</Y>
          <Y t="2">0.00063</Y>
          <Y t="3">0.00086</Y>
          <Y t="4">0.00103</Y>
          <Y t="5">0.00125</Y>
          <Y t="6">0.00142</Y>
          <Y t="7">0.00161</Y>
          <Y t="8">0.00184</Y>
          <Y t="9">0.00211</Y>
          <Y t="10">0.00241</Y>
          <Y t="11">0.0027</Y>
          <Y t="12">0.003</Y>
          <Y t="13">0.00341</Y>
          <Y t="14">0.00394</Y>
          <Y t="15">0.00457</Y>
          <Y t="16">0.00527</Y>
          <Y t="17">0.00602</Y>
          <Y t="18">0.00693</Y>
          <Y t="19">0.00805</Y>
          <Y t="20">0.00943</Y>
          <Y t="21">0.01089</Y>
          <Y t="22">0.01244</Y>
          <Y t="23">0.01424</Y>
          <Y t="24">0.01637</Y>
          <Y t="25">0.0189</Y>
        </Axis>
      </Axis>
      <Axis t="55">
        <Axis>
          <Y t="1">0.00023</Y>
          <Y t="2">0.00064</Y>
          <Y t="3">0.00088</Y>
          <Y t="4">0.00108</Y>
          <Y t="5">0.00139</Y>
          <Y t="6">0.00159</Y>
          <Y t="7">0.00182</Y>
          <Y t="8">0.00206</Y>
          <Y t="9">0.00235</Y>
          <Y t="10">0.00265</Y>
          <Y t="11">0.00293</Y>
          <Y t="12">0.00326</Y>
          <Y t="13">0.00375</Y>
          <Y t="14">0.00439</Y>
          <Y t="15">0.00512</Y>
          <Y t="16">0.00596</Y>
          <Y t="17">0.00686</Y>
          <Y t="18">0.00792</Y>
          <Y t="19">0.00925</Y>
          <Y t="20">0.01089</Y>
          <Y t="21">0.01244</Y>
          <Y t="22">0.01424</Y>
          <Y t="23">0.01637</Y>
          <Y t="24">0.0189</Y>
          <Y t="25">0.02196</Y>
        </Axis>
      </Axis>
      <Axis t="56">
        <Axis>
          <Y t="1">0.00024</Y>
          <Y t="2">0.00065</Y>
          <Y t="3">0.0009</Y>
          <Y t="4">0.00117</Y>
          <Y t="5">0.00156</Y>
          <Y t="6">0.0018</Y>
          <Y t="7">0.00205</Y>
          <Y t="8">0.00231</Y>
          <Y t="9">0.00259</Y>
          <Y t="10">0.00287</Y>
          <Y t="11">0.00315</Y>
          <Y t="12">0.00355</Y>
          <Y t="13">0.00414</Y>
          <Y t="14">0.0049</Y>
          <Y t="15">0.00577</Y>
          <Y t="16">0.00676</Y>
          <Y t="17">0.00784</Y>
          <Y t="18">0.00908</Y>
          <Y t="19">0.01059</Y>
          <Y t="20">0.01244</Y>
          <Y t="21">0.01424</Y>
          <Y t="22">0.01637</Y>
          <Y t="23">0.0189</Y>
          <Y t="24">0.02196</Y>
          <Y t="25">0.02558</Y>
        </Axis>
      </Axis>
      <Axis t="57">
        <Axis>
          <Y t="1">0.00025</Y>
          <Y t="2">0.00067</Y>
          <Y t="3">0.00092</Y>
          <Y t="4">0.0013</Y>
          <Y t="5">0.00176</Y>
          <Y t="6">0.00203</Y>
          <Y t="7">0.00229</Y>
          <Y t="8">0.00254</Y>
          <Y t="9">0.00281</Y>
          <Y t="10">0.00307</Y>
          <Y t="11">0.00339</Y>
          <Y t="12">0.00388</Y>
          <Y t="13">0.00461</Y>
          <Y t="14">0.00551</Y>
          <Y t="15">0.00654</Y>
          <Y t="16">0.00769</Y>
          <Y t="17">0.00895</Y>
          <Y t="18">0.01037</Y>
          <Y t="19">0.01211</Y>
          <Y t="20">0.01424</Y>
          <Y t="21">0.01637</Y>
          <Y t="22">0.0189</Y>
          <Y t="23">0.02196</Y>
          <Y t="24">0.02558</Y>
          <Y t="25">0.02945</Y>
        </Axis>
      </Axis>
      <Axis t="58">
        <Axis>
          <Y t="1">0.00026</Y>
          <Y t="2">0.00068</Y>
          <Y t="3">0.00096</Y>
          <Y t="4">0.00149</Y>
          <Y t="5">0.00196</Y>
          <Y t="6">0.00228</Y>
          <Y t="7">0.00253</Y>
          <Y t="8">0.00275</Y>
          <Y t="9">0.00299</Y>
          <Y t="10">0.00328</Y>
          <Y t="11">0.00367</Y>
          <Y t="12">0.0043</Y>
          <Y t="13">0.00521</Y>
          <Y t="14">0.00626</Y>
          <Y t="15">0.00747</Y>
          <Y t="16">0.00882</Y>
          <Y t="17">0.01028</Y>
          <Y t="18">0.01191</Y>
          <Y t="19">0.01392</Y>
          <Y t="20">0.01637</Y>
          <Y t="21">0.0189</Y>
          <Y t="22">0.02196</Y>
          <Y t="23">0.02558</Y>
          <Y t="24">0.02945</Y>
          <Y t="25">0.03352</Y>
        </Axis>
      </Axis>
      <Axis t="59">
        <Axis>
          <Y t="1">0.00029</Y>
          <Y t="2">0.00071</Y>
          <Y t="3">0.00106</Y>
          <Y t="4">0.00171</Y>
          <Y t="5">0.00215</Y>
          <Y t="6">0.00251</Y>
          <Y t="7">0.00273</Y>
          <Y t="8">0.00293</Y>
          <Y t="9">0.00318</Y>
          <Y t="10">0.00352</Y>
          <Y t="11">0.00405</Y>
          <Y t="12">0.00486</Y>
          <Y t="13">0.00595</Y>
          <Y t="14">0.00718</Y>
          <Y t="15">0.00859</Y>
          <Y t="16">0.01014</Y>
          <Y t="17">0.01182</Y>
          <Y t="18">0.01365</Y>
          <Y t="19">0.01602</Y>
          <Y t="20">0.0189</Y>
          <Y t="21">0.02196</Y>
          <Y t="22">0.02558</Y>
          <Y t="23">0.02945</Y>
          <Y t="24">0.03352</Y>
          <Y t="25">0.03822</Y>
        </Axis>
      </Axis>
      <Axis t="60">
        <Axis>
          <Y t="1">0.00034</Y>
          <Y t="2">0.00074</Y>
          <Y t="3">0.00123</Y>
          <Y t="4">0.00186</Y>
          <Y t="5">0.00239</Y>
          <Y t="6">0.00271</Y>
          <Y t="7">0.0029</Y>
          <Y t="8">0.0031</Y>
          <Y t="9">0.00339</Y>
          <Y t="10">0.00385</Y>
          <Y t="11">0.00456</Y>
          <Y t="12">0.00559</Y>
          <Y t="13">0.00687</Y>
          <Y t="14">0.0083</Y>
          <Y t="15">0.0099</Y>
          <Y t="16">0.01166</Y>
          <Y t="17">0.01356</Y>
          <Y t="18">0.0157</Y>
          <Y t="19">0.01855</Y>
          <Y t="20">0.02196</Y>
          <Y t="21">0.02558</Y>
          <Y t="22">0.02945</Y>
          <Y t="23">0.03352</Y>
          <Y t="24">0.03822</Y>
          <Y t="25">0.04483</Y>
        </Axis>
      </Axis>
      <Axis t="61">
        <Axis>
          <Y t="1">0.00041</Y>
          <Y t="2">0.0008</Y>
          <Y t="3">0.00147</Y>
          <Y t="4">0.00203</Y>
          <Y t="5">0.00264</Y>
          <Y t="6">0.00287</Y>
          <Y t="7">0.00305</Y>
          <Y t="8">0.0033</Y>
          <Y t="9">0.00369</Y>
          <Y t="10">0.00431</Y>
          <Y t="11">0.00524</Y>
          <Y t="12">0.00649</Y>
          <Y t="13">0.00797</Y>
          <Y t="14">0.00959</Y>
          <Y t="15">0.01138</Y>
          <Y t="16">0.01338</Y>
          <Y t="17">0.01561</Y>
          <Y t="18">0.01837</Y>
          <Y t="19">0.0218</Y>
          <Y t="20">0.02558</Y>
          <Y t="21">0.02945</Y>
          <Y t="22">0.03352</Y>
          <Y t="23">0.03822</Y>
          <Y t="24">0.04483</Y>
          <Y t="25">0.05245</Y>
        </Axis>
      </Axis>
      <Axis t="62">
        <Axis>
          <Y t="1">0.00049</Y>
          <Y t="2">0.00091</Y>
          <Y t="3">0.00173</Y>
          <Y t="4">0.00228</Y>
          <Y t="5">0.00281</Y>
          <Y t="6">0.00302</Y>
          <Y t="7">0.00325</Y>
          <Y t="8">0.0036</Y>
          <Y t="9">0.00413</Y>
          <Y t="10">0.00495</Y>
          <Y t="11">0.00611</Y>
          <Y t="12">0.00759</Y>
          <Y t="13">0.00925</Y>
          <Y t="14">0.01106</Y>
          <Y t="15">0.01307</Y>
          <Y t="16">0.01537</Y>
          <Y t="17">0.0182</Y>
          <Y t="18">0.02148</Y>
          <Y t="19">0.02558</Y>
          <Y t="20">0.02945</Y>
          <Y t="21">0.03352</Y>
          <Y t="22">0.03822</Y>
          <Y t="23">0.04483</Y>
          <Y t="24">0.05245</Y>
          <Y t="25">0.06002</Y>
        </Axis>
      </Axis>
      <Axis t="63">
        <Axis>
          <Y t="1">0.00058</Y>
          <Y t="2">0.00109</Y>
          <Y t="3">0.00199</Y>
          <Y t="4">0.00249</Y>
          <Y t="5">0.00292</Y>
          <Y t="6">0.0032</Y>
          <Y t="7">0.00358</Y>
          <Y t="8">0.00408</Y>
          <Y t="9">0.00475</Y>
          <Y t="10">0.00579</Y>
          <Y t="11">0.00718</Y>
          <Y t="12">0.00884</Y>
          <Y t="13">0.01067</Y>
          <Y t="14">0.01267</Y>
          <Y t="15">0.01498</Y>
          <Y t="16">0.01788</Y>
          <Y t="17">0.02131</Y>
          <Y t="18">0.02529</Y>
          <Y t="19">0.02945</Y>
          <Y t="20">0.03352</Y>
          <Y t="21">0.03822</Y>
          <Y t="22">0.04483</Y>
          <Y t="23">0.05245</Y>
          <Y t="24">0.06002</Y>
          <Y t="25">0.0688</Y>
        </Axis>
      </Axis>
      <Axis t="64">
        <Axis>
          <Y t="1">0.00066</Y>
          <Y t="2">0.00135</Y>
          <Y t="3">0.00221</Y>
          <Y t="4">0.00264</Y>
          <Y t="5">0.00304</Y>
          <Y t="6">0.0035</Y>
          <Y t="7">0.00405</Y>
          <Y t="8">0.00468</Y>
          <Y t="9">0.00554</Y>
          <Y t="10">0.00685</Y>
          <Y t="11">0.00844</Y>
          <Y t="12">0.01023</Y>
          <Y t="13">0.01223</Y>
          <Y t="14">0.01443</Y>
          <Y t="15">0.01713</Y>
          <Y t="16">0.02087</Y>
          <Y t="17">0.02484</Y>
          <Y t="18">0.02945</Y>
          <Y t="19">0.03352</Y>
          <Y t="20">0.03822</Y>
          <Y t="21">0.04483</Y>
          <Y t="22">0.05245</Y>
          <Y t="23">0.06002</Y>
          <Y t="24">0.0688</Y>
          <Y t="25">0.07885</Y>
        </Axis>
      </Axis>
      <Axis t="65">
        <Axis>
          <Y t="1">0.00073</Y>
          <Y t="2">0.00154</Y>
          <Y t="3">0.00238</Y>
          <Y t="4">0.00275</Y>
          <Y t="5">0.00323</Y>
          <Y t="6">0.0039</Y>
          <Y t="7">0.00461</Y>
          <Y t="8">0.0054</Y>
          <Y t="9">0.00652</Y>
          <Y t="10">0.00813</Y>
          <Y t="11">0.0099</Y>
          <Y t="12">0.01179</Y>
          <Y t="13">0.01399</Y>
          <Y t="14">0.01662</Y>
          <Y t="15">0.01979</Y>
          <Y t="16">0.02411</Y>
          <Y t="17">0.02905</Y>
          <Y t="18">0.03352</Y>
          <Y t="19">0.03822</Y>
          <Y t="20">0.04483</Y>
          <Y t="21">0.05245</Y>
          <Y t="22">0.06002</Y>
          <Y t="23">0.0688</Y>
          <Y t="24">0.07885</Y>
          <Y t="25">0.09002</Y>
        </Axis>
      </Axis>
      <Axis t="66">
        <Axis>
          <Y t="1">0.00082</Y>
          <Y t="2">0.00163</Y>
          <Y t="3">0.00251</Y>
          <Y t="4">0.00286</Y>
          <Y t="5">0.00348</Y>
          <Y t="6">0.00437</Y>
          <Y t="7">0.00525</Y>
          <Y t="8">0.00629</Y>
          <Y t="9">0.00772</Y>
          <Y t="10">0.00962</Y>
          <Y t="11">0.01159</Y>
          <Y t="12">0.01369</Y>
          <Y t="13">0.01601</Y>
          <Y t="14">0.01909</Y>
          <Y t="15">0.02269</Y>
          <Y t="16">0.02759</Y>
          <Y t="17">0.03352</Y>
          <Y t="18">0.03822</Y>
          <Y t="19">0.04483</Y>
          <Y t="20">0.05245</Y>
          <Y t="21">0.06002</Y>
          <Y t="22">0.0688</Y>
          <Y t="23">0.07885</Y>
          <Y t="24">0.09002</Y>
          <Y t="25">0.10223</Y>
        </Axis>
      </Axis>
      <Axis t="67">
        <Axis>
          <Y t="1">0.00091</Y>
          <Y t="2">0.0017</Y>
          <Y t="3">0.00263</Y>
          <Y t="4">0.00303</Y>
          <Y t="5">0.00385</Y>
          <Y t="6">0.00493</Y>
          <Y t="7">0.00602</Y>
          <Y t="8">0.00734</Y>
          <Y t="9">0.0091</Y>
          <Y t="10">0.01134</Y>
          <Y t="11">0.01355</Y>
          <Y t="12">0.01586</Y>
          <Y t="13">0.01862</Y>
          <Y t="14">0.02208</Y>
          <Y t="15">0.02573</Y>
          <Y t="16">0.03159</Y>
          <Y t="17">0.03822</Y>
          <Y t="18">0.04483</Y>
          <Y t="19">0.05245</Y>
          <Y t="20">0.06002</Y>
          <Y t="21">0.0688</Y>
          <Y t="22">0.07885</Y>
          <Y t="23">0.09002</Y>
          <Y t="24">0.10223</Y>
          <Y t="25">0.1155</Y>
        </Axis>
      </Axis>
      <Axis t="68">
        <Axis>
          <Y t="1">0.00101</Y>
          <Y t="2">0.00178</Y>
          <Y t="3">0.00275</Y>
          <Y t="4">0.00332</Y>
          <Y t="5">0.00433</Y>
          <Y t="6">0.00559</Y>
          <Y t="7">0.00692</Y>
          <Y t="8">0.00854</Y>
          <Y t="9">0.01068</Y>
          <Y t="10">0.01329</Y>
          <Y t="11">0.0157</Y>
          <Y t="12">0.01847</Y>
          <Y t="13">0.02187</Y>
          <Y t="14">0.02556</Y>
          <Y t="15">0.03015</Y>
          <Y t="16">0.03708</Y>
          <Y t="17">0.04483</Y>
          <Y t="18">0.05245</Y>
          <Y t="19">0.06002</Y>
          <Y t="20">0.0688</Y>
          <Y t="21">0.07885</Y>
          <Y t="22">0.09002</Y>
          <Y t="23">0.10223</Y>
          <Y t="24">0.1155</Y>
          <Y t="25">0.13</Y>
        </Axis>
      </Axis>
      <Axis t="69">
        <Axis>
          <Y t="1">0.00113</Y>
          <Y t="2">0.00186</Y>
          <Y t="3">0.00288</Y>
          <Y t="4">0.00368</Y>
          <Y t="5">0.00492</Y>
          <Y t="6">0.00636</Y>
          <Y t="7">0.00792</Y>
          <Y t="8">0.00988</Y>
          <Y t="9">0.01245</Y>
          <Y t="10">0.01548</Y>
          <Y t="11">0.01832</Y>
          <Y t="12">0.02166</Y>
          <Y t="13">0.02539</Y>
          <Y t="14">0.02991</Y>
          <Y t="15">0.0365</Y>
          <Y t="16">0.04463</Y>
          <Y t="17">0.05245</Y>
          <Y t="18">0.06002</Y>
          <Y t="19">0.0688</Y>
          <Y t="20">0.07885</Y>
          <Y t="21">0.09002</Y>
          <Y t="22">0.10223</Y>
          <Y t="23">0.1155</Y>
          <Y t="24">0.13</Y>
          <Y t="25">0.14552</Y>
        </Axis>
      </Axis>
      <Axis t="70">
        <Axis>
          <Y t="1">0.00126</Y>
          <Y t="2">0.00197</Y>
          <Y t="3">0.00305</Y>
          <Y t="4">0.00409</Y>
          <Y t="5">0.0056</Y>
          <Y t="6">0.00719</Y>
          <Y t="7">0.009</Y>
          <Y t="8">0.01136</Y>
          <Y t="9">0.01443</Y>
          <Y t="10">0.01795</Y>
          <Y t="11">0.02144</Y>
          <Y t="12">0.02505</Y>
          <Y t="13">0.0296</Y>
          <Y t="14">0.03566</Y>
          <Y t="15">0.04362</Y>
          <Y t="16">0.05245</Y>
          <Y t="17">0.06002</Y>
          <Y t="18">0.0688</Y>
          <Y t="19">0.07885</Y>
          <Y t="20">0.09002</Y>
          <Y t="21">0.10223</Y>
          <Y t="22">0.1155</Y>
          <Y t="23">0.13</Y>
          <Y t="24">0.14552</Y>
          <Y t="25">0.16219</Y>
        </Axis>
      </Axis>
      <Axis t="71">
        <Axis>
          <Y t="1">0.0014</Y>
          <Y t="2">0.00211</Y>
          <Y t="3">0.00327</Y>
          <Y t="4">0.00466</Y>
          <Y t="5">0.00635</Y>
          <Y t="6">0.00807</Y>
          <Y t="7">0.01016</Y>
          <Y t="8">0.01299</Y>
          <Y t="9">0.01665</Y>
          <Y t="10">0.02076</Y>
          <Y t="11">0.02478</Y>
          <Y t="12">0.02868</Y>
          <Y t="13">0.03447</Y>
          <Y t="14">0.04194</Y>
          <Y t="15">0.05083</Y>
          <Y t="16">0.06002</Y>
          <Y t="17">0.0688</Y>
          <Y t="18">0.07885</Y>
          <Y t="19">0.09002</Y>
          <Y t="20">0.10223</Y>
          <Y t="21">0.1155</Y>
          <Y t="22">0.13</Y>
          <Y t="23">0.14552</Y>
          <Y t="24">0.16219</Y>
          <Y t="25">0.18074</Y>
        </Axis>
      </Axis>
      <Axis t="72">
        <Axis>
          <Y t="1">0.00156</Y>
          <Y t="2">0.00229</Y>
          <Y t="3">0.00355</Y>
          <Y t="4">0.00534</Y>
          <Y t="5">0.00713</Y>
          <Y t="6">0.009</Y>
          <Y t="7">0.01143</Y>
          <Y t="8">0.0148</Y>
          <Y t="9">0.01917</Y>
          <Y t="10">0.02393</Y>
          <Y t="11">0.02837</Y>
          <Y t="12">0.03313</Y>
          <Y t="13">0.04013</Y>
          <Y t="14">0.04898</Y>
          <Y t="15">0.05926</Y>
          <Y t="16">0.0688</Y>
          <Y t="17">0.07885</Y>
          <Y t="18">0.09002</Y>
          <Y t="19">0.10223</Y>
          <Y t="20">0.1155</Y>
          <Y t="21">0.13</Y>
          <Y t="22">0.14552</Y>
          <Y t="23">0.16219</Y>
          <Y t="24">0.18074</Y>
          <Y t="25">0.20127</Y>
        </Axis>
      </Axis>
      <Axis t="73">
        <Axis>
          <Y t="1">0.00177</Y>
          <Y t="2">0.00251</Y>
          <Y t="3">0.00391</Y>
          <Y t="4">0.00607</Y>
          <Y t="5">0.00796</Y>
          <Y t="6">0.00999</Y>
          <Y t="7">0.01282</Y>
          <Y t="8">0.01685</Y>
          <Y t="9">0.02204</Y>
          <Y t="10">0.02744</Y>
          <Y t="11">0.03233</Y>
          <Y t="12">0.03832</Y>
          <Y t="13">0.0466</Y>
          <Y t="14">0.05686</Y>
          <Y t="15">0.0688</Y>
          <Y t="16">0.07885</Y>
          <Y t="17">0.09002</Y>
          <Y t="18">0.10223</Y>
          <Y t="19">0.1155</Y>
          <Y t="20">0.13</Y>
          <Y t="21">0.14552</Y>
          <Y t="22">0.16219</Y>
          <Y t="23">0.18074</Y>
          <Y t="24">0.20127</Y>
          <Y t="25">0.22374</Y>
        </Axis>
      </Axis>
      <Axis t="74">
        <Axis>
          <Y t="1">0.00204</Y>
          <Y t="2">0.00278</Y>
          <Y t="3">0.00438</Y>
          <Y t="4">0.00687</Y>
          <Y t="5">0.00883</Y>
          <Y t="6">0.01108</Y>
          <Y t="7">0.01441</Y>
          <Y t="8">0.01923</Y>
          <Y t="9">0.02531</Y>
          <Y t="10">0.03143</Y>
          <Y t="11">0.03678</Y>
          <Y t="12">0.04397</Y>
          <Y t="13">0.05358</Y>
          <Y t="14">0.06556</Y>
          <Y t="15">0.07885</Y>
          <Y t="16">0.09002</Y>
          <Y t="17">0.10223</Y>
          <Y t="18">0.1155</Y>
          <Y t="19">0.13</Y>
          <Y t="20">0.14552</Y>
          <Y t="21">0.16219</Y>
          <Y t="22">0.18074</Y>
          <Y t="23">0.20127</Y>
          <Y t="24">0.22374</Y>
          <Y t="25">0.24802</Y>
        </Axis>
      </Axis>
      <Axis t="75">
        <Axis>
          <Y t="1">0.00236</Y>
          <Y t="2">0.0031</Y>
          <Y t="3">0.00497</Y>
          <Y t="4">0.00774</Y>
          <Y t="5">0.00976</Y>
          <Y t="6">0.01229</Y>
          <Y t="7">0.01621</Y>
          <Y t="8">0.02189</Y>
          <Y t="9">0.02895</Y>
          <Y t="10">0.03581</Y>
          <Y t="11">0.04221</Y>
          <Y t="12">0.05098</Y>
          <Y t="13">0.0622</Y>
          <Y t="14">0.07558</Y>
          <Y t="15">0.09002</Y>
          <Y t="16">0.10223</Y>
          <Y t="17">0.1155</Y>
          <Y t="18">0.13</Y>
          <Y t="19">0.14552</Y>
          <Y t="20">0.16219</Y>
          <Y t="21">0.18074</Y>
          <Y t="22">0.20127</Y>
          <Y t="23">0.22374</Y>
          <Y t="24">0.24802</Y>
          <Y t="25">0.27379</Y>
        </Axis>
      </Axis>
      <Axis t="76">
        <Axis>
          <Y t="1">0.00269</Y>
          <Y t="2">0.00348</Y>
          <Y t="3">0.00568</Y>
          <Y t="4">0.00865</Y>
          <Y t="5">0.01077</Y>
          <Y t="6">0.01365</Y>
          <Y t="7">0.01823</Y>
          <Y t="8">0.0249</Y>
          <Y t="9">0.03303</Y>
          <Y t="10">0.04061</Y>
          <Y t="11">0.04919</Y>
          <Y t="12">0.05983</Y>
          <Y t="13">0.07282</Y>
          <Y t="14">0.08832</Y>
          <Y t="15">0.10223</Y>
          <Y t="16">0.1155</Y>
          <Y t="17">0.13</Y>
          <Y t="18">0.14552</Y>
          <Y t="19">0.16219</Y>
          <Y t="20">0.18074</Y>
          <Y t="21">0.20127</Y>
          <Y t="22">0.22374</Y>
          <Y t="23">0.24802</Y>
          <Y t="24">0.27379</Y>
          <Y t="25">0.29921</Y>
        </Axis>
      </Axis>
      <Axis t="77">
        <Axis>
          <Y t="1">0.00305</Y>
          <Y t="2">0.00395</Y>
          <Y t="3">0.00654</Y>
          <Y t="4">0.00965</Y>
          <Y t="5">0.01191</Y>
          <Y t="6">0.01522</Y>
          <Y t="7">0.02062</Y>
          <Y t="8">0.02847</Y>
          <Y t="9">0.03781</Y>
          <Y t="10">0.04653</Y>
          <Y t="11">0.05734</Y>
          <Y t="12">0.07007</Y>
          <Y t="13">0.08544</Y>
          <Y t="14">0.10223</Y>
          <Y t="15">0.1155</Y>
          <Y t="16">0.13</Y>
          <Y t="17">0.14552</Y>
          <Y t="18">0.16219</Y>
          <Y t="19">0.18074</Y>
          <Y t="20">0.20127</Y>
          <Y t="21">0.22374</Y>
          <Y t="22">0.24802</Y>
          <Y t="23">0.27379</Y>
          <Y t="24">0.29921</Y>
          <Y t="25">0.32314</Y>
        </Axis>
      </Axis>
      <Axis t="78">
        <Axis>
          <Y t="1">0.0033</Y>
          <Y t="2">0.00452</Y>
          <Y t="3">0.00755</Y>
          <Y t="4">0.01074</Y>
          <Y t="5">0.01318</Y>
          <Y t="6">0.01706</Y>
          <Y t="7">0.0235</Y>
          <Y t="8">0.03275</Y>
          <Y t="9">0.0434</Y>
          <Y t="10">0.05431</Y>
          <Y t="11">0.06737</Y>
          <Y t="12">0.08286</Y>
          <Y t="13">0.10041</Y>
          <Y t="14">0.1155</Y>
          <Y t="15">0.13</Y>
          <Y t="16">0.14552</Y>
          <Y t="17">0.16219</Y>
          <Y t="18">0.18074</Y>
          <Y t="19">0.20127</Y>
          <Y t="20">0.22374</Y>
          <Y t="21">0.24802</Y>
          <Y t="22">0.27379</Y>
          <Y t="23">0.29921</Y>
          <Y t="24">0.32314</Y>
          <Y t="25">0.34698</Y>
        </Axis>
      </Axis>
      <Axis t="79">
        <Axis>
          <Y t="1">0.00342</Y>
          <Y t="2">0.00521</Y>
          <Y t="3">0.00875</Y>
          <Y t="4">0.01192</Y>
          <Y t="5">0.01463</Y>
          <Y t="6">0.01928</Y>
          <Y t="7">0.02701</Y>
          <Y t="8">0.03789</Y>
          <Y t="9">0.05046</Y>
          <Y t="10">0.06432</Y>
          <Y t="11">0.08016</Y>
          <Y t="12">0.09935</Y>
          <Y t="13">0.1155</Y>
          <Y t="14">0.13</Y>
          <Y t="15">0.14552</Y>
          <Y t="16">0.16219</Y>
          <Y t="17">0.18074</Y>
          <Y t="18">0.20127</Y>
          <Y t="19">0.22374</Y>
          <Y t="20">0.24802</Y>
          <Y t="21">0.27379</Y>
          <Y t="22">0.29921</Y>
          <Y t="23">0.32314</Y>
          <Y t="24">0.34698</Y>
          <Y t="25">0.37036</Y>
        </Axis>
      </Axis>
      <Axis t="80">
        <Axis>
          <Y t="1">0.00363</Y>
          <Y t="2">0.00603</Y>
          <Y t="3">0.01011</Y>
          <Y t="4">0.01321</Y>
          <Y t="5">0.01635</Y>
          <Y t="6">0.02213</Y>
          <Y t="7">0.03132</Y>
          <Y t="8">0.04412</Y>
          <Y t="9">0.05892</Y>
          <Y t="10">0.0755</Y>
          <Y t="11">0.09456</Y>
          <Y t="12">0.1155</Y>
          <Y t="13">0.13</Y>
          <Y t="14">0.14552</Y>
          <Y t="15">0.16219</Y>
          <Y t="16">0.18074</Y>
          <Y t="17">0.20127</Y>
          <Y t="18">0.22374</Y>
          <Y t="19">0.24802</Y>
          <Y t="20">0.27379</Y>
          <Y t="21">0.29921</Y>
          <Y t="22">0.32314</Y>
          <Y t="23">0.34698</Y>
          <Y t="24">0.37036</Y>
          <Y t="25">0.39292</Y>
        </Axis>
      </Axis>
      <Axis t="81">
        <Axis>
          <Y t="1">0.00396</Y>
          <Y t="2">0.00684</Y>
          <Y t="3">0.01162</Y>
          <Y t="4">0.01464</Y>
          <Y t="5">0.0189</Y>
          <Y t="6">0.02598</Y>
          <Y t="7">0.03673</Y>
          <Y t="8">0.05189</Y>
          <Y t="9">0.06956</Y>
          <Y t="10">0.08948</Y>
          <Y t="11">0.11207</Y>
          <Y t="12">0.13</Y>
          <Y t="13">0.14552</Y>
          <Y t="14">0.16219</Y>
          <Y t="15">0.18074</Y>
          <Y t="16">0.20127</Y>
          <Y t="17">0.22374</Y>
          <Y t="18">0.24802</Y>
          <Y t="19">0.27379</Y>
          <Y t="20">0.29921</Y>
          <Y t="21">0.32314</Y>
          <Y t="22">0.34698</Y>
          <Y t="23">0.37036</Y>
          <Y t="24">0.39292</Y>
          <Y t="25">0.4143</Y>
        </Axis>
      </Axis>
      <Axis t="82">
        <Axis>
          <Y t="1">0.00444</Y>
          <Y t="2">0.00793</Y>
          <Y t="3">0.01338</Y>
          <Y t="4">0.01699</Y>
          <Y t="5">0.02245</Y>
          <Y t="6">0.03086</Y>
          <Y t="7">0.04401</Y>
          <Y t="8">0.06284</Y>
          <Y t="9">0.08496</Y>
          <Y t="10">0.10999</Y>
          <Y t="11">0.13</Y>
          <Y t="12">0.14552</Y>
          <Y t="13">0.16219</Y>
          <Y t="14">0.18074</Y>
          <Y t="15">0.20127</Y>
          <Y t="16">0.22374</Y>
          <Y t="17">0.24802</Y>
          <Y t="18">0.27379</Y>
          <Y t="19">0.29921</Y>
          <Y t="20">0.32314</Y>
          <Y t="21">0.34698</Y>
          <Y t="22">0.37036</Y>
          <Y t="23">0.39292</Y>
          <Y t="24">0.4143</Y>
          <Y t="25">0.43413</Y>
        </Axis>
      </Axis>
      <Axis t="83">
        <Axis>
          <Y t="1">0.00516</Y>
          <Y t="2">0.00935</Y>
          <Y t="3">0.01549</Y>
          <Y t="4">0.02051</Y>
          <Y t="5">0.02691</Y>
          <Y t="6">0.03714</Y>
          <Y t="7">0.05527</Y>
          <Y t="8">0.07922</Y>
          <Y t="9">0.10801</Y>
          <Y t="10">0.13</Y>
          <Y t="11">0.14552</Y>
          <Y t="12">0.16219</Y>
          <Y t="13">0.18074</Y>
          <Y t="14">0.20127</Y>
          <Y t="15">0.22374</Y>
          <Y t="16">0.24802</Y>
          <Y t="17">0.27379</Y>
          <Y t="18">0.29921</Y>
          <Y t="19">0.32314</Y>
          <Y t="20">0.34698</Y>
          <Y t="21">0.37036</Y>
          <Y t="22">0.39292</Y>
          <Y t="23">0.4143</Y>
          <Y t="24">0.43413</Y>
          <Y t="25">0.45205</Y>
        </Axis>
      </Axis>
      <Axis t="84">
        <Axis>
          <Y t="1">0.00606</Y>
          <Y t="2">0.01091</Y>
          <Y t="3">0.01834</Y>
          <Y t="4">0.02476</Y>
          <Y t="5">0.03251</Y>
          <Y t="6">0.04617</Y>
          <Y t="7">0.07096</Y>
          <Y t="8">0.09805</Y>
          <Y t="9">0.13</Y>
          <Y t="10">0.14552</Y>
          <Y t="11">0.16219</Y>
          <Y t="12">0.18074</Y>
          <Y t="13">0.20127</Y>
          <Y t="14">0.22374</Y>
          <Y t="15">0.24802</Y>
          <Y t="16">0.27379</Y>
          <Y t="17">0.29921</Y>
          <Y t="18">0.32314</Y>
          <Y t="19">0.34698</Y>
          <Y t="20">0.37036</Y>
          <Y t="21">0.39292</Y>
          <Y t="22">0.4143</Y>
          <Y t="23">0.43413</Y>
          <Y t="24">0.45205</Y>
          <Y t="25">0.46769</Y>
        </Axis>
      </Axis>
      <Axis t="85">
        <Axis>
          <Y t="1">0.00712</Y>
          <Y t="2">0.01302</Y>
          <Y t="3">0.02218</Y>
          <Y t="4">0.03001</Y>
          <Y t="5">0.04034</Y>
          <Y t="6">0.06164</Y>
          <Y t="7">0.08966</Y>
          <Y t="8">0.12194</Y>
          <Y t="9">0.14552</Y>
          <Y t="10">0.16219</Y>
          <Y t="11">0.18074</Y>
          <Y t="12">0.20127</Y>
          <Y t="13">0.22374</Y>
          <Y t="14">0.24802</Y>
          <Y t="15">0.27379</Y>
          <Y t="16">0.29921</Y>
          <Y t="17">0.32314</Y>
          <Y t="18">0.34698</Y>
          <Y t="19">0.37036</Y>
          <Y t="20">0.39292</Y>
          <Y t="21">0.4143</Y>
          <Y t="22">0.43413</Y>
          <Y t="23">0.45205</Y>
          <Y t="24">0.46769</Y>
          <Y t="25">0.48068</Y>
        </Axis>
      </Axis>
      <Axis t="86">
        <Axis>
          <Y t="1">0.00809</Y>
          <Y t="2">0.01576</Y>
          <Y t="3">0.02696</Y>
          <Y t="4">0.03661</Y>
          <Y t="5">0.05337</Y>
          <Y t="6">0.08382</Y>
          <Y t="7">0.11817</Y>
          <Y t="8">0.14552</Y>
          <Y t="9">0.16219</Y>
          <Y t="10">0.18074</Y>
          <Y t="11">0.20127</Y>
          <Y t="12">0.22374</Y>
          <Y t="13">0.24802</Y>
          <Y t="14">0.27379</Y>
          <Y t="15">0.29921</Y>
          <Y t="16">0.32314</Y>
          <Y t="17">0.34698</Y>
          <Y t="18">0.37036</Y>
          <Y t="19">0.39292</Y>
          <Y t="20">0.4143</Y>
          <Y t="21">0.43413</Y>
          <Y t="22">0.45205</Y>
          <Y t="23">0.46769</Y>
          <Y t="24">0.48068</Y>
          <Y t="25">0.49065</Y>
        </Axis>
      </Axis>
      <Axis t="87">
        <Axis>
          <Y t="1">0.00895</Y>
          <Y t="2">0.01913</Y>
          <Y t="3">0.03292</Y>
          <Y t="4">0.04703</Y>
          <Y t="5">0.07508</Y>
          <Y t="6">0.11625</Y>
          <Y t="7">0.14552</Y>
          <Y t="8">0.16219</Y>
          <Y t="9">0.18074</Y>
          <Y t="10">0.20127</Y>
          <Y t="11">0.22374</Y>
          <Y t="12">0.24802</Y>
          <Y t="13">0.27379</Y>
          <Y t="14">0.29921</Y>
          <Y t="15">0.32314</Y>
          <Y t="16">0.34698</Y>
          <Y t="17">0.37036</Y>
          <Y t="18">0.39292</Y>
          <Y t="19">0.4143</Y>
          <Y t="20">0.43413</Y>
          <Y t="21">0.45205</Y>
          <Y t="22">0.46769</Y>
          <Y t="23">0.48068</Y>
          <Y t="24">0.49065</Y>
          <Y t="25">0.49723</Y>
        </Axis>
      </Axis>
      <Axis t="88">
        <Axis>
          <Y t="1">0.0099</Y>
          <Y t="2">0.02306</Y>
          <Y t="3">0.04033</Y>
          <Y t="4">0.06357</Y>
          <Y t="5">0.10408</Y>
          <Y t="6">0.14552</Y>
          <Y t="7">0.16219</Y>
          <Y t="8">0.18074</Y>
          <Y t="9">0.20127</Y>
          <Y t="10">0.22374</Y>
          <Y t="11">0.24802</Y>
          <Y t="12">0.27379</Y>
          <Y t="13">0.29921</Y>
          <Y t="14">0.32314</Y>
          <Y t="15">0.34698</Y>
          <Y t="16">0.37036</Y>
          <Y t="17">0.39292</Y>
          <Y t="18">0.4143</Y>
          <Y t="19">0.43413</Y>
          <Y t="20">0.45205</Y>
          <Y t="21">0.46769</Y>
          <Y t="22">0.48068</Y>
          <Y t="23">0.49065</Y>
          <Y t="24">0.49723</Y>
          <Y t="25">0.5</Y>
        </Axis>
      </Axis>
      <Axis t="89">
        <Axis>
          <Y t="1">0.01094</Y>
          <Y t="2">0.02762</Y>
          <Y t="3">0.05196</Y>
          <Y t="4">0.08857</Y>
          <Y t="5">0.13621</Y>
          <Y t="6">0.16219</Y>
          <Y t="7">0.18074</Y>
          <Y t="8">0.20127</Y>
          <Y t="9">0.22374</Y>
          <Y t="10">0.24802</Y>
          <Y t="11">0.27379</Y>
          <Y t="12">0.29921</Y>
          <Y t="13">0.32314</Y>
          <Y t="14">0.34698</Y>
          <Y t="15">0.37036</Y>
          <Y t="16">0.39292</Y>
          <Y t="17">0.4143</Y>
          <Y t="18">0.43413</Y>
          <Y t="19">0.45205</Y>
          <Y t="20">0.46769</Y>
          <Y t="21">0.48068</Y>
          <Y t="22">0.49065</Y>
          <Y t="23">0.49723</Y>
          <Y t="24">0.5</Y>
          <Y t="25">0.5</Y>
        </Axis>
      </Axis>
      <Axis t="90">
        <Axis>
          <Y t="1">0.01308</Y>
          <Y t="2">0.03508</Y>
          <Y t="3">0.07648</Y>
          <Y t="4">0.12798</Y>
          <Y t="5">0.16219</Y>
          <Y t="6">0.18074</Y>
          <Y t="7">0.20127</Y>
          <Y t="8">0.22374</Y>
          <Y t="9">0.24802</Y>
          <Y t="10">0.27379</Y>
          <Y t="11">0.29921</Y>
          <Y t="12">0.32314</Y>
          <Y t="13">0.34698</Y>
          <Y t="14">0.37036</Y>
          <Y t="15">0.39292</Y>
          <Y t="16">0.4143</Y>
          <Y t="17">0.43413</Y>
          <Y t="18">0.45205</Y>
          <Y t="19">0.46769</Y>
          <Y t="20">0.48068</Y>
          <Y t="21">0.49065</Y>
          <Y t="22">0.49723</Y>
          <Y t="23">0.5</Y>
          <Y t="24">0.5</Y>
          <Y t="25">0.5</Y>
        </Axis>
      </Axis>
      <Axis t="91">
        <Axis>
          <Y t="1">0.01801</Y>
          <Y t="2">0.05139</Y>
          <Y t="3">0.1227</Y>
          <Y t="4">0.16219</Y>
          <Y t="5">0.18074</Y>
          <Y t="6">0.20127</Y>
          <Y t="7">0.22374</Y>
          <Y t="8">0.24802</Y>
          <Y t="9">0.27379</Y>
          <Y t="10">0.29921</Y>
          <Y t="11">0.32314</Y>
          <Y t="12">0.34698</Y>
          <Y t="13">0.37036</Y>
          <Y t="14">0.39292</Y>
          <Y t="15">0.4143</Y>
          <Y t="16">0.43413</Y>
          <Y t="17">0.45205</Y>
          <Y t="18">0.46769</Y>
          <Y t="19">0.48068</Y>
          <Y t="20">0.49065</Y>
          <Y t="21">0.49723</Y>
          <Y t="22">0.5</Y>
          <Y t="23">0.5</Y>
          <Y t="24">0.5</Y>
          <Y t="25">0.5</Y>
        </Axis>
      </Axis>
      <Axis t="92">
        <Axis>
          <Y t="1">0.02696</Y>
          <Y t="2">0.07979</Y>
          <Y t="3">0.16219</Y>
          <Y t="4">0.18074</Y>
          <Y t="5">0.20127</Y>
          <Y t="6">0.22374</Y>
          <Y t="7">0.24802</Y>
          <Y t="8">0.27379</Y>
          <Y t="9">0.29921</Y>
          <Y t="10">0.32314</Y>
          <Y t="11">0.34698</Y>
          <Y t="12">0.37036</Y>
          <Y t="13">0.39292</Y>
          <Y t="14">0.4143</Y>
          <Y t="15">0.43413</Y>
          <Y t="16">0.45205</Y>
          <Y t="17">0.46769</Y>
          <Y t="18">0.48068</Y>
          <Y t="19">0.49065</Y>
          <Y t="20">0.49723</Y>
          <Y t="21">0.5</Y>
          <Y t="22">0.5</Y>
          <Y t="23">0.5</Y>
          <Y t="24">0.5</Y>
          <Y t="25">0.5</Y>
        </Axis>
      </Axis>
      <Axis t="93">
        <Axis>
          <Y t="1">0.04093</Y>
          <Y t="2">0.10746</Y>
          <Y t="3">0.18074</Y>
          <Y t="4">0.20127</Y>
          <Y t="5">0.22374</Y>
          <Y t="6">0.24802</Y>
          <Y t="7">0.27379</Y>
          <Y t="8">0.29921</Y>
          <Y t="9">0.32314</Y>
          <Y t="10">0.34698</Y>
          <Y t="11">0.37036</Y>
          <Y t="12">0.39292</Y>
          <Y t="13">0.4143</Y>
          <Y t="14">0.43413</Y>
          <Y t="15">0.45205</Y>
          <Y t="16">0.46769</Y>
          <Y t="17">0.48068</Y>
          <Y t="18">0.49065</Y>
          <Y t="19">0.49723</Y>
          <Y t="20">0.5</Y>
          <Y t="21">0.5</Y>
          <Y t="22">0.5</Y>
          <Y t="23">0.5</Y>
          <Y t="24">0.5</Y>
          <Y t="25">0.5</Y>
        </Axis>
      </Axis>
      <Axis t="94">
        <Axis>
          <Y t="1">0.0611</Y>
          <Y t="2">0.15264</Y>
          <Y t="3">0.20127</Y>
          <Y t="4">0.22374</Y>
          <Y t="5">0.24802</Y>
          <Y t="6">0.27379</Y>
          <Y t="7">0.29921</Y>
          <Y t="8">0.32314</Y>
          <Y t="9">0.34698</Y>
          <Y t="10">0.37036</Y>
          <Y t="11">0.39292</Y>
          <Y t="12">0.4143</Y>
          <Y t="13">0.43413</Y>
          <Y t="14">0.45205</Y>
          <Y t="15">0.46769</Y>
          <Y t="16">0.48068</Y>
          <Y t="17">0.49065</Y>
          <Y t="18">0.49723</Y>
          <Y t="19">0.5</Y>
          <Y t="20">0.5</Y>
          <Y t="21">0.5</Y>
          <Y t="22">0.5</Y>
          <Y t="23">0.5</Y>
          <Y t="24">0.5</Y>
          <Y t="25">0.5</Y>
        </Axis>
      </Axis>
      <Axis t="95">
        <Axis>
          <Y t="1">0.0848693582964128</Y>
          <Y t="2">0.20127</Y>
          <Y t="3">0.22374</Y>
          <Y t="4">0.24802</Y>
          <Y t="5">0.27379</Y>
          <Y t="6">0.29921</Y>
          <Y t="7">0.32314</Y>
          <Y t="8">0.34698</Y>
          <Y t="9">0.37036</Y>
          <Y t="10">0.39292</Y>
          <Y t="11">0.4143</Y>
          <Y t="12">0.43413</Y>
          <Y t="13">0.45205</Y>
          <Y t="14">0.46769</Y>
          <Y t="15">0.48068</Y>
          <Y t="16">0.49065</Y>
          <Y t="17">0.49723</Y>
          <Y t="18">0.5</Y>
          <Y t="19">0.5</Y>
          <Y t="20">0.5</Y>
          <Y t="21">0.5</Y>
          <Y t="22">0.5</Y>
          <Y t="23">0.5</Y>
          <Y t="24">0.5</Y>
          <Y t="25">0.5</Y>
        </Axis>
      </Axis>
    </Values>
  </Table>
  <Table>
    <MetaData>
      <ScalingFactor>0</ScalingFactor>
      <DataType tc="2">Floating Point</DataType>
      <Nation tc="1">United States of America</Nation>
      <TableDescription>2015 VBT Relative Risk Table - Female, 70% Non-Smoker, Age Last Birthday, Ultimate</TableDescription>
      <AxisDef id="Age">
        <ScaleType tc="3">Age</ScaleType>
        <AxisName>Age</AxisName>
        <MinScaleValue>18</MinScaleValue>
        <MaxScaleValue>120</MaxScaleValue>
        <Increment>1</Increment>
      </AxisDef>
    </MetaData>
    <Values>
      <Axis>
        <Y t="18">0.00022</Y>
        <Y t="19">0.00022</Y>
        <Y t="20">0.00021</Y>
        <Y t="21">0.00021</Y>
        <Y t="22">0.00021</Y>
        <Y t="23">0.00021</Y>
        <Y t="24">0.00021</Y>
        <Y t="25">0.00021</Y>
        <Y t="26">0.00021</Y>
        <Y t="27">0.00022</Y>
        <Y t="28">0.00024</Y>
        <Y t="29">0.00026</Y>
        <Y t="30">0.00027</Y>
        <Y t="31">0.00029</Y>
        <Y t="32">0.00032</Y>
        <Y t="33">0.00037</Y>
        <Y t="34">0.00043</Y>
        <Y t="35">0.00049</Y>
        <Y t="36">0.00056</Y>
        <Y t="37">0.00061</Y>
        <Y t="38">0.00066</Y>
        <Y t="39">0.00068</Y>
        <Y t="40">0.00069</Y>
        <Y t="41">0.00069</Y>
        <Y t="42">0.00069</Y>
        <Y t="43">0.0007</Y>
        <Y t="44">0.0007</Y>
        <Y t="45">0.00072</Y>
        <Y t="46">0.00074</Y>
        <Y t="47">0.00078</Y>
        <Y t="48">0.00082</Y>
        <Y t="49">0.00088</Y>
        <Y t="50">0.00095</Y>
        <Y t="51">0.00104</Y>
        <Y t="52">0.00115</Y>
        <Y t="53">0.00129</Y>
        <Y t="54">0.00144</Y>
        <Y t="55">0.00159</Y>
        <Y t="56">0.00173</Y>
        <Y t="57">0.00188</Y>
        <Y t="58">0.00203</Y>
        <Y t="59">0.0022</Y>
        <Y t="60">0.0024</Y>
        <Y t="61">0.00263</Y>
        <Y t="62">0.00291</Y>
        <Y t="63">0.00322</Y>
        <Y t="64">0.00357</Y>
        <Y t="65">0.00395</Y>
        <Y t="66">0.00436</Y>
        <Y t="67">0.00481</Y>
        <Y t="68">0.00532</Y>
        <Y t="69">0.0059</Y>
        <Y t="70">0.0066</Y>
        <Y t="71">0.00742</Y>
        <Y t="72">0.0084</Y>
        <Y t="73">0.00955</Y>
        <Y t="74">0.01089</Y>
        <Y t="75">0.01244</Y>
        <Y t="76">0.01424</Y>
        <Y t="77">0.01637</Y>
        <Y t="78">0.0189</Y>
        <Y t="79">0.02196</Y>
        <Y t="80">0.02558</Y>
        <Y t="81">0.02945</Y>
        <Y t="82">0.03352</Y>
        <Y t="83">0.03822</Y>
        <Y t="84">0.04483</Y>
        <Y t="85">0.05245</Y>
        <Y t="86">0.06002</Y>
        <Y t="87">0.0688</Y>
        <Y t="88">0.07885</Y>
        <Y t="89">0.09002</Y>
        <Y t="90">0.10223</Y>
        <Y t="91">0.1155</Y>
        <Y t="92">0.13</Y>
        <Y t="93">0.14552</Y>
        <Y t="94">0.16219</Y>
        <Y t="95">0.18074</Y>
        <Y t="96">0.20127</Y>
        <Y t="97">0.22374</Y>
        <Y t="98">0.24802</Y>
        <Y t="99">0.27379</Y>
        <Y t="100">0.29921</Y>
        <Y t="101">0.32314</Y>
        <Y t="102">0.34698</Y>
        <Y t="103">0.37036</Y>
        <Y t="104">0.39292</Y>
        <Y t="105">0.4143</Y>
        <Y t="106">0.43413</Y>
        <Y t="107">0.45205</Y>
        <Y t="108">0.46769</Y>
        <Y t="109">0.48068</Y>
        <Y t="110">0.49065</Y>
        <Y t="111">0.49723</Y>
        <Y t="112">0.5</Y>
        <Y t="113">0.5</Y>
        <Y t="114">0.5</Y>
        <Y t="115">0.5</Y>
        <Y t="116">0.5</Y>
        <Y t="117">0.5</Y>
        <Y t="118">0.5</Y>
        <Y t="119">0.5</Y>
        <Y t="120">0.5</Y>
      </Axis>
    </Values>
  </Table>
</XTbML>