﻿<?xml version="1.0" encoding="utf-8"?>
<XTbML>
  <ContentClassification>
    <TableIdentity>3239</TableIdentity>
    <ProviderDomain>soa.org</ProviderDomain>
    <ProviderName>American Academy of Actuaries along with the Society of Actuaries</ProviderName>
    <TableReference>Society of Actuaries website, 2015 Valuation Basic Tables. Accessed: March, 2016 from https://www.soa.org/Research/Experience-Study/Ind-Life/Valuation/2015-valuation-basic-tables.aspx</TableReference>
    <ContentType tc="4">Insured Lives Mortality</ContentType>
    <TableName>2015 VBT Male Non-Smoker RR70 ALB</TableName>
    <TableDescription>2015 Valuation Basic Table (VBT) Relative Risk Table - Male 70%, Non-Smoker, Age Last Birthday. Minimum Age: 18. Maximum Age: 95.</TableDescription>
    <Comments>Study Data: The 2015 VBT was developed based on the mortality experience from the SOA Individual Life Experience Committee studies from the 2002-2009 study period. Additional data from other sources was used to supplement the 2002-2009 experience at younger and older ages where industry experience was sparse.To develop the 2015 VBT table, the mortality was projected from March 1st, 2006 to July 1st, 2015, using recent mortality improvement trends. Data Certified: 07/2018.</Comments>
    <KeyWord>Select</KeyWord>
    <KeyWord>Insured Lives Mortality</KeyWord>
    <KeyWord>United States of America</KeyWord>
  </ContentClassification>
  <Table>
    <MetaData>
      <ScalingFactor>0</ScalingFactor>
      <DataType tc="2">Floating Point</DataType>
      <Nation tc="1">United States of America</Nation>
      <TableDescription>2015 VBT Relative Risk Table - Male 70% Non-Smoker, Age Last Birthday, Select</TableDescription>
      <AxisDef id="Age">
        <ScaleType tc="3">Age</ScaleType>
        <AxisName>Age</AxisName>
        <MinScaleValue>18</MinScaleValue>
        <MaxScaleValue>95</MaxScaleValue>
        <Increment>1</Increment>
      </AxisDef>
      <AxisDef id="Duration">
        <ScaleType tc="2">Ordinal Date</ScaleType>
        <AxisName>Duration</AxisName>
        <MinScaleValue>1</MinScaleValue>
        <MaxScaleValue>25</MaxScaleValue>
        <Increment>1</Increment>
      </AxisDef>
    </MetaData>
    <Values>
      <Axis t="18">
        <Axis>
          <Y t="1">0.00052</Y>
          <Y t="2">0.00054</Y>
          <Y t="3">0.00056</Y>
          <Y t="4">0.00056</Y>
          <Y t="5">0.00055</Y>
          <Y t="6">0.00054</Y>
          <Y t="7">0.00054</Y>
          <Y t="8">0.00052</Y>
          <Y t="9">0.00045</Y>
          <Y t="10">0.00041</Y>
          <Y t="11">0.00039</Y>
          <Y t="12">0.00037</Y>
          <Y t="13">0.00036</Y>
          <Y t="14">0.00038</Y>
          <Y t="15">0.00041</Y>
          <Y t="16">0.00045</Y>
          <Y t="17">0.00052</Y>
          <Y t="18">0.00061</Y>
          <Y t="19">0.0007</Y>
          <Y t="20">0.0008</Y>
          <Y t="21">0.00087</Y>
          <Y t="22">0.00092</Y>
          <Y t="23">0.00097</Y>
          <Y t="24">0.00103</Y>
          <Y t="25">0.0011</Y>
        </Axis>
      </Axis>
      <Axis t="19">
        <Axis>
          <Y t="1">0.00047</Y>
          <Y t="2">0.00049</Y>
          <Y t="3">0.00052</Y>
          <Y t="4">0.00049</Y>
          <Y t="5">0.00048</Y>
          <Y t="6">0.00048</Y>
          <Y t="7">0.00048</Y>
          <Y t="8">0.00044</Y>
          <Y t="9">0.00039</Y>
          <Y t="10">0.00036</Y>
          <Y t="11">0.00036</Y>
          <Y t="12">0.00036</Y>
          <Y t="13">0.00036</Y>
          <Y t="14">0.00039</Y>
          <Y t="15">0.00043</Y>
          <Y t="16">0.00047</Y>
          <Y t="17">0.00054</Y>
          <Y t="18">0.00063</Y>
          <Y t="19">0.00072</Y>
          <Y t="20">0.00082</Y>
          <Y t="21">0.0009</Y>
          <Y t="22">0.00095</Y>
          <Y t="23">0.001</Y>
          <Y t="24">0.00106</Y>
          <Y t="25">0.00114</Y>
        </Axis>
      </Axis>
      <Axis t="20">
        <Axis>
          <Y t="1">0.0004</Y>
          <Y t="2">0.00045</Y>
          <Y t="3">0.00045</Y>
          <Y t="4">0.00043</Y>
          <Y t="5">0.00042</Y>
          <Y t="6">0.00041</Y>
          <Y t="7">0.0004</Y>
          <Y t="8">0.00037</Y>
          <Y t="9">0.00034</Y>
          <Y t="10">0.00035</Y>
          <Y t="11">0.00034</Y>
          <Y t="12">0.00035</Y>
          <Y t="13">0.00036</Y>
          <Y t="14">0.0004</Y>
          <Y t="15">0.00045</Y>
          <Y t="16">0.00049</Y>
          <Y t="17">0.00056</Y>
          <Y t="18">0.00064</Y>
          <Y t="19">0.00074</Y>
          <Y t="20">0.00084</Y>
          <Y t="21">0.00091</Y>
          <Y t="22">0.00096</Y>
          <Y t="23">0.00101</Y>
          <Y t="24">0.00109</Y>
          <Y t="25">0.00117</Y>
        </Axis>
      </Axis>
      <Axis t="21">
        <Axis>
          <Y t="1">0.00036</Y>
          <Y t="2">0.00041</Y>
          <Y t="3">0.00037</Y>
          <Y t="4">0.00035</Y>
          <Y t="5">0.00034</Y>
          <Y t="6">0.00034</Y>
          <Y t="7">0.00033</Y>
          <Y t="8">0.00032</Y>
          <Y t="9">0.0003</Y>
          <Y t="10">0.00033</Y>
          <Y t="11">0.00034</Y>
          <Y t="12">0.00035</Y>
          <Y t="13">0.00037</Y>
          <Y t="14">0.00042</Y>
          <Y t="15">0.00047</Y>
          <Y t="16">0.0005</Y>
          <Y t="17">0.00057</Y>
          <Y t="18">0.00066</Y>
          <Y t="19">0.00077</Y>
          <Y t="20">0.00086</Y>
          <Y t="21">0.00092</Y>
          <Y t="22">0.00096</Y>
          <Y t="23">0.00102</Y>
          <Y t="24">0.00111</Y>
          <Y t="25">0.00121</Y>
        </Axis>
      </Axis>
      <Axis t="22">
        <Axis>
          <Y t="1">0.00032</Y>
          <Y t="2">0.00034</Y>
          <Y t="3">0.00031</Y>
          <Y t="4">0.00029</Y>
          <Y t="5">0.00028</Y>
          <Y t="6">0.00028</Y>
          <Y t="7">0.00028</Y>
          <Y t="8">0.00028</Y>
          <Y t="9">0.00028</Y>
          <Y t="10">0.00032</Y>
          <Y t="11">0.00034</Y>
          <Y t="12">0.00036</Y>
          <Y t="13">0.00039</Y>
          <Y t="14">0.00044</Y>
          <Y t="15">0.00049</Y>
          <Y t="16">0.00052</Y>
          <Y t="17">0.0006</Y>
          <Y t="18">0.00069</Y>
          <Y t="19">0.00079</Y>
          <Y t="20">0.00087</Y>
          <Y t="21">0.00092</Y>
          <Y t="22">0.00097</Y>
          <Y t="23">0.00102</Y>
          <Y t="24">0.00112</Y>
          <Y t="25">0.00124</Y>
        </Axis>
      </Axis>
      <Axis t="23">
        <Axis>
          <Y t="1">0.00027</Y>
          <Y t="2">0.00028</Y>
          <Y t="3">0.00026</Y>
          <Y t="4">0.00025</Y>
          <Y t="5">0.00024</Y>
          <Y t="6">0.00024</Y>
          <Y t="7">0.00024</Y>
          <Y t="8">0.00026</Y>
          <Y t="9">0.00027</Y>
          <Y t="10">0.00031</Y>
          <Y t="11">0.00034</Y>
          <Y t="12">0.00037</Y>
          <Y t="13">0.00041</Y>
          <Y t="14">0.00046</Y>
          <Y t="15">0.00051</Y>
          <Y t="16">0.00054</Y>
          <Y t="17">0.00063</Y>
          <Y t="18">0.00072</Y>
          <Y t="19">0.00082</Y>
          <Y t="20">0.00088</Y>
          <Y t="21">0.00093</Y>
          <Y t="22">0.00097</Y>
          <Y t="23">0.00103</Y>
          <Y t="24">0.00115</Y>
          <Y t="25">0.00128</Y>
        </Axis>
      </Axis>
      <Axis t="24">
        <Axis>
          <Y t="1">0.00023</Y>
          <Y t="2">0.00024</Y>
          <Y t="3">0.00022</Y>
          <Y t="4">0.00021</Y>
          <Y t="5">0.00021</Y>
          <Y t="6">0.00021</Y>
          <Y t="7">0.00023</Y>
          <Y t="8">0.00025</Y>
          <Y t="9">0.00027</Y>
          <Y t="10">0.00032</Y>
          <Y t="11">0.00035</Y>
          <Y t="12">0.00039</Y>
          <Y t="13">0.00043</Y>
          <Y t="14">0.00048</Y>
          <Y t="15">0.00053</Y>
          <Y t="16">0.00057</Y>
          <Y t="17">0.00066</Y>
          <Y t="18">0.00076</Y>
          <Y t="19">0.00084</Y>
          <Y t="20">0.00088</Y>
          <Y t="21">0.00093</Y>
          <Y t="22">0.00097</Y>
          <Y t="23">0.00106</Y>
          <Y t="24">0.0012</Y>
          <Y t="25">0.00134</Y>
        </Axis>
      </Axis>
      <Axis t="25">
        <Axis>
          <Y t="1">0.0002</Y>
          <Y t="2">0.00021</Y>
          <Y t="3">0.00019</Y>
          <Y t="4">0.0002</Y>
          <Y t="5">0.0002</Y>
          <Y t="6">0.0002</Y>
          <Y t="7">0.00022</Y>
          <Y t="8">0.00025</Y>
          <Y t="9">0.00028</Y>
          <Y t="10">0.00033</Y>
          <Y t="11">0.00037</Y>
          <Y t="12">0.00042</Y>
          <Y t="13">0.00046</Y>
          <Y t="14">0.00051</Y>
          <Y t="15">0.00056</Y>
          <Y t="16">0.00062</Y>
          <Y t="17">0.00071</Y>
          <Y t="18">0.0008</Y>
          <Y t="19">0.00086</Y>
          <Y t="20">0.00089</Y>
          <Y t="21">0.00094</Y>
          <Y t="22">0.00101</Y>
          <Y t="23">0.00113</Y>
          <Y t="24">0.00128</Y>
          <Y t="25">0.00143</Y>
        </Axis>
      </Axis>
      <Axis t="26">
        <Axis>
          <Y t="1">0.00017</Y>
          <Y t="2">0.00019</Y>
          <Y t="3">0.00018</Y>
          <Y t="4">0.00019</Y>
          <Y t="5">0.00019</Y>
          <Y t="6">0.0002</Y>
          <Y t="7">0.00023</Y>
          <Y t="8">0.00026</Y>
          <Y t="9">0.00028</Y>
          <Y t="10">0.00035</Y>
          <Y t="11">0.0004</Y>
          <Y t="12">0.00044</Y>
          <Y t="13">0.00048</Y>
          <Y t="14">0.00054</Y>
          <Y t="15">0.0006</Y>
          <Y t="16">0.00066</Y>
          <Y t="17">0.00075</Y>
          <Y t="18">0.00083</Y>
          <Y t="19">0.00087</Y>
          <Y t="20">0.0009</Y>
          <Y t="21">0.00097</Y>
          <Y t="22">0.00108</Y>
          <Y t="23">0.00121</Y>
          <Y t="24">0.00137</Y>
          <Y t="25">0.00153</Y>
        </Axis>
      </Axis>
      <Axis t="27">
        <Axis>
          <Y t="1">0.00015</Y>
          <Y t="2">0.00017</Y>
          <Y t="3">0.00017</Y>
          <Y t="4">0.00018</Y>
          <Y t="5">0.0002</Y>
          <Y t="6">0.00021</Y>
          <Y t="7">0.00024</Y>
          <Y t="8">0.00027</Y>
          <Y t="9">0.0003</Y>
          <Y t="10">0.00037</Y>
          <Y t="11">0.00042</Y>
          <Y t="12">0.00047</Y>
          <Y t="13">0.00051</Y>
          <Y t="14">0.00058</Y>
          <Y t="15">0.00064</Y>
          <Y t="16">0.0007</Y>
          <Y t="17">0.00078</Y>
          <Y t="18">0.00084</Y>
          <Y t="19">0.00088</Y>
          <Y t="20">0.00094</Y>
          <Y t="21">0.00103</Y>
          <Y t="22">0.00115</Y>
          <Y t="23">0.0013</Y>
          <Y t="24">0.00146</Y>
          <Y t="25">0.00164</Y>
        </Axis>
      </Axis>
      <Axis t="28">
        <Axis>
          <Y t="1">0.00013</Y>
          <Y t="2">0.00015</Y>
          <Y t="3">0.00016</Y>
          <Y t="4">0.00019</Y>
          <Y t="5">0.0002</Y>
          <Y t="6">0.00022</Y>
          <Y t="7">0.00024</Y>
          <Y t="8">0.00028</Y>
          <Y t="9">0.00032</Y>
          <Y t="10">0.0004</Y>
          <Y t="11">0.00045</Y>
          <Y t="12">0.00049</Y>
          <Y t="13">0.00053</Y>
          <Y t="14">0.00061</Y>
          <Y t="15">0.00066</Y>
          <Y t="16">0.00073</Y>
          <Y t="17">0.00081</Y>
          <Y t="18">0.00086</Y>
          <Y t="19">0.00092</Y>
          <Y t="20">0.00099</Y>
          <Y t="21">0.0011</Y>
          <Y t="22">0.00124</Y>
          <Y t="23">0.0014</Y>
          <Y t="24">0.00157</Y>
          <Y t="25">0.00177</Y>
        </Axis>
      </Axis>
      <Axis t="29">
        <Axis>
          <Y t="1">0.00012</Y>
          <Y t="2">0.00013</Y>
          <Y t="3">0.00016</Y>
          <Y t="4">0.00019</Y>
          <Y t="5">0.00021</Y>
          <Y t="6">0.00023</Y>
          <Y t="7">0.00025</Y>
          <Y t="8">0.00029</Y>
          <Y t="9">0.00033</Y>
          <Y t="10">0.00041</Y>
          <Y t="11">0.00047</Y>
          <Y t="12">0.0005</Y>
          <Y t="13">0.00054</Y>
          <Y t="14">0.00062</Y>
          <Y t="15">0.00067</Y>
          <Y t="16">0.00075</Y>
          <Y t="17">0.00083</Y>
          <Y t="18">0.0009</Y>
          <Y t="19">0.00097</Y>
          <Y t="20">0.00106</Y>
          <Y t="21">0.00118</Y>
          <Y t="22">0.00133</Y>
          <Y t="23">0.0015</Y>
          <Y t="24">0.00169</Y>
          <Y t="25">0.0019</Y>
        </Axis>
      </Axis>
      <Axis t="30">
        <Axis>
          <Y t="1">0.00011</Y>
          <Y t="2">0.00012</Y>
          <Y t="3">0.00016</Y>
          <Y t="4">0.00019</Y>
          <Y t="5">0.00021</Y>
          <Y t="6">0.00023</Y>
          <Y t="7">0.00025</Y>
          <Y t="8">0.00029</Y>
          <Y t="9">0.00034</Y>
          <Y t="10">0.00042</Y>
          <Y t="11">0.00047</Y>
          <Y t="12">0.00051</Y>
          <Y t="13">0.00055</Y>
          <Y t="14">0.00062</Y>
          <Y t="15">0.00069</Y>
          <Y t="16">0.00077</Y>
          <Y t="17">0.00087</Y>
          <Y t="18">0.00094</Y>
          <Y t="19">0.00102</Y>
          <Y t="20">0.00112</Y>
          <Y t="21">0.00126</Y>
          <Y t="22">0.00143</Y>
          <Y t="23">0.00161</Y>
          <Y t="24">0.00182</Y>
          <Y t="25">0.00204</Y>
        </Axis>
      </Axis>
      <Axis t="31">
        <Axis>
          <Y t="1">0.0001</Y>
          <Y t="2">0.00011</Y>
          <Y t="3">0.00016</Y>
          <Y t="4">0.00019</Y>
          <Y t="5">0.00021</Y>
          <Y t="6">0.00023</Y>
          <Y t="7">0.00026</Y>
          <Y t="8">0.0003</Y>
          <Y t="9">0.00037</Y>
          <Y t="10">0.00043</Y>
          <Y t="11">0.00048</Y>
          <Y t="12">0.00052</Y>
          <Y t="13">0.00057</Y>
          <Y t="14">0.00063</Y>
          <Y t="15">0.00071</Y>
          <Y t="16">0.00081</Y>
          <Y t="17">0.0009</Y>
          <Y t="18">0.00098</Y>
          <Y t="19">0.00108</Y>
          <Y t="20">0.0012</Y>
          <Y t="21">0.00135</Y>
          <Y t="22">0.00153</Y>
          <Y t="23">0.00173</Y>
          <Y t="24">0.00195</Y>
          <Y t="25">0.00218</Y>
        </Axis>
      </Axis>
      <Axis t="32">
        <Axis>
          <Y t="1">0.0001</Y>
          <Y t="2">0.00011</Y>
          <Y t="3">0.00016</Y>
          <Y t="4">0.00019</Y>
          <Y t="5">0.00021</Y>
          <Y t="6">0.00024</Y>
          <Y t="7">0.00028</Y>
          <Y t="8">0.00032</Y>
          <Y t="9">0.0004</Y>
          <Y t="10">0.00046</Y>
          <Y t="11">0.0005</Y>
          <Y t="12">0.00053</Y>
          <Y t="13">0.00058</Y>
          <Y t="14">0.00066</Y>
          <Y t="15">0.00075</Y>
          <Y t="16">0.00085</Y>
          <Y t="17">0.00095</Y>
          <Y t="18">0.00104</Y>
          <Y t="19">0.00114</Y>
          <Y t="20">0.00127</Y>
          <Y t="21">0.00145</Y>
          <Y t="22">0.00165</Y>
          <Y t="23">0.00186</Y>
          <Y t="24">0.00209</Y>
          <Y t="25">0.0023</Y>
        </Axis>
      </Axis>
      <Axis t="33">
        <Axis>
          <Y t="1">0.0001</Y>
          <Y t="2">0.00011</Y>
          <Y t="3">0.00017</Y>
          <Y t="4">0.0002</Y>
          <Y t="5">0.00022</Y>
          <Y t="6">0.00026</Y>
          <Y t="7">0.0003</Y>
          <Y t="8">0.00035</Y>
          <Y t="9">0.00042</Y>
          <Y t="10">0.00048</Y>
          <Y t="11">0.00051</Y>
          <Y t="12">0.00055</Y>
          <Y t="13">0.00061</Y>
          <Y t="14">0.00069</Y>
          <Y t="15">0.00079</Y>
          <Y t="16">0.00089</Y>
          <Y t="17">0.00099</Y>
          <Y t="18">0.00109</Y>
          <Y t="19">0.00121</Y>
          <Y t="20">0.00136</Y>
          <Y t="21">0.00155</Y>
          <Y t="22">0.00177</Y>
          <Y t="23">0.002</Y>
          <Y t="24">0.00223</Y>
          <Y t="25">0.00243</Y>
        </Axis>
      </Axis>
      <Axis t="34">
        <Axis>
          <Y t="1">0.0001</Y>
          <Y t="2">0.00012</Y>
          <Y t="3">0.00018</Y>
          <Y t="4">0.00021</Y>
          <Y t="5">0.00024</Y>
          <Y t="6">0.00028</Y>
          <Y t="7">0.00032</Y>
          <Y t="8">0.00038</Y>
          <Y t="9">0.00045</Y>
          <Y t="10">0.00049</Y>
          <Y t="11">0.00053</Y>
          <Y t="12">0.00057</Y>
          <Y t="13">0.00065</Y>
          <Y t="14">0.00074</Y>
          <Y t="15">0.00083</Y>
          <Y t="16">0.00094</Y>
          <Y t="17">0.00104</Y>
          <Y t="18">0.00115</Y>
          <Y t="19">0.00129</Y>
          <Y t="20">0.00146</Y>
          <Y t="21">0.00167</Y>
          <Y t="22">0.00191</Y>
          <Y t="23">0.00215</Y>
          <Y t="24">0.00237</Y>
          <Y t="25">0.00258</Y>
        </Axis>
      </Axis>
      <Axis t="35">
        <Axis>
          <Y t="1">0.0001</Y>
          <Y t="2">0.00012</Y>
          <Y t="3">0.00019</Y>
          <Y t="4">0.00023</Y>
          <Y t="5">0.00027</Y>
          <Y t="6">0.0003</Y>
          <Y t="7">0.00034</Y>
          <Y t="8">0.00041</Y>
          <Y t="9">0.00047</Y>
          <Y t="10">0.00051</Y>
          <Y t="11">0.00055</Y>
          <Y t="12">0.00061</Y>
          <Y t="13">0.0007</Y>
          <Y t="14">0.00079</Y>
          <Y t="15">0.00088</Y>
          <Y t="16">0.00099</Y>
          <Y t="17">0.0011</Y>
          <Y t="18">0.00122</Y>
          <Y t="19">0.00138</Y>
          <Y t="20">0.00158</Y>
          <Y t="21">0.00182</Y>
          <Y t="22">0.00207</Y>
          <Y t="23">0.00231</Y>
          <Y t="24">0.00254</Y>
          <Y t="25">0.00277</Y>
        </Axis>
      </Axis>
      <Axis t="36">
        <Axis>
          <Y t="1">0.0001</Y>
          <Y t="2">0.00013</Y>
          <Y t="3">0.0002</Y>
          <Y t="4">0.00025</Y>
          <Y t="5">0.00029</Y>
          <Y t="6">0.00032</Y>
          <Y t="7">0.00038</Y>
          <Y t="8">0.00044</Y>
          <Y t="9">0.00048</Y>
          <Y t="10">0.00053</Y>
          <Y t="11">0.00059</Y>
          <Y t="12">0.00066</Y>
          <Y t="13">0.00075</Y>
          <Y t="14">0.00084</Y>
          <Y t="15">0.00094</Y>
          <Y t="16">0.00105</Y>
          <Y t="17">0.00117</Y>
          <Y t="18">0.00131</Y>
          <Y t="19">0.00149</Y>
          <Y t="20">0.00172</Y>
          <Y t="21">0.00199</Y>
          <Y t="22">0.00225</Y>
          <Y t="23">0.0025</Y>
          <Y t="24">0.00273</Y>
          <Y t="25">0.00301</Y>
        </Axis>
      </Axis>
      <Axis t="37">
        <Axis>
          <Y t="1">0.0001</Y>
          <Y t="2">0.00014</Y>
          <Y t="3">0.00022</Y>
          <Y t="4">0.00027</Y>
          <Y t="5">0.00031</Y>
          <Y t="6">0.00035</Y>
          <Y t="7">0.00041</Y>
          <Y t="8">0.00046</Y>
          <Y t="9">0.00051</Y>
          <Y t="10">0.00057</Y>
          <Y t="11">0.00064</Y>
          <Y t="12">0.00072</Y>
          <Y t="13">0.00081</Y>
          <Y t="14">0.00091</Y>
          <Y t="15">0.00101</Y>
          <Y t="16">0.00113</Y>
          <Y t="17">0.00126</Y>
          <Y t="18">0.00142</Y>
          <Y t="19">0.00164</Y>
          <Y t="20">0.0019</Y>
          <Y t="21">0.00219</Y>
          <Y t="22">0.00246</Y>
          <Y t="23">0.0027</Y>
          <Y t="24">0.00298</Y>
          <Y t="25">0.00331</Y>
        </Axis>
      </Axis>
      <Axis t="38">
        <Axis>
          <Y t="1">0.0001</Y>
          <Y t="2">0.00016</Y>
          <Y t="3">0.00024</Y>
          <Y t="4">0.00028</Y>
          <Y t="5">0.00033</Y>
          <Y t="6">0.00038</Y>
          <Y t="7">0.00044</Y>
          <Y t="8">0.00049</Y>
          <Y t="9">0.00055</Y>
          <Y t="10">0.00062</Y>
          <Y t="11">0.0007</Y>
          <Y t="12">0.00078</Y>
          <Y t="13">0.00088</Y>
          <Y t="14">0.00098</Y>
          <Y t="15">0.00109</Y>
          <Y t="16">0.00122</Y>
          <Y t="17">0.00138</Y>
          <Y t="18">0.00157</Y>
          <Y t="19">0.00183</Y>
          <Y t="20">0.00212</Y>
          <Y t="21">0.00241</Y>
          <Y t="22">0.00268</Y>
          <Y t="23">0.00295</Y>
          <Y t="24">0.00327</Y>
          <Y t="25">0.00368</Y>
        </Axis>
      </Axis>
      <Axis t="39">
        <Axis>
          <Y t="1">0.0001</Y>
          <Y t="2">0.00018</Y>
          <Y t="3">0.00026</Y>
          <Y t="4">0.00031</Y>
          <Y t="5">0.00036</Y>
          <Y t="6">0.00041</Y>
          <Y t="7">0.00047</Y>
          <Y t="8">0.00052</Y>
          <Y t="9">0.0006</Y>
          <Y t="10">0.00068</Y>
          <Y t="11">0.00077</Y>
          <Y t="12">0.00085</Y>
          <Y t="13">0.00096</Y>
          <Y t="14">0.00107</Y>
          <Y t="15">0.00119</Y>
          <Y t="16">0.00134</Y>
          <Y t="17">0.00152</Y>
          <Y t="18">0.00176</Y>
          <Y t="19">0.00205</Y>
          <Y t="20">0.00236</Y>
          <Y t="21">0.00265</Y>
          <Y t="22">0.00293</Y>
          <Y t="23">0.00323</Y>
          <Y t="24">0.00361</Y>
          <Y t="25">0.00411</Y>
        </Axis>
      </Axis>
      <Axis t="40">
        <Axis>
          <Y t="1">0.00011</Y>
          <Y t="2">0.00021</Y>
          <Y t="3">0.00028</Y>
          <Y t="4">0.00034</Y>
          <Y t="5">0.00039</Y>
          <Y t="6">0.00044</Y>
          <Y t="7">0.0005</Y>
          <Y t="8">0.00056</Y>
          <Y t="9">0.00065</Y>
          <Y t="10">0.00075</Y>
          <Y t="11">0.00084</Y>
          <Y t="12">0.00093</Y>
          <Y t="13">0.00105</Y>
          <Y t="14">0.00118</Y>
          <Y t="15">0.00131</Y>
          <Y t="16">0.00148</Y>
          <Y t="17">0.00171</Y>
          <Y t="18">0.00199</Y>
          <Y t="19">0.00231</Y>
          <Y t="20">0.00263</Y>
          <Y t="21">0.00292</Y>
          <Y t="22">0.00321</Y>
          <Y t="23">0.00355</Y>
          <Y t="24">0.00404</Y>
          <Y t="25">0.00458</Y>
        </Axis>
      </Axis>
      <Axis t="41">
        <Axis>
          <Y t="1">0.00013</Y>
          <Y t="2">0.00023</Y>
          <Y t="3">0.00031</Y>
          <Y t="4">0.00036</Y>
          <Y t="5">0.00042</Y>
          <Y t="6">0.00047</Y>
          <Y t="7">0.00053</Y>
          <Y t="8">0.00061</Y>
          <Y t="9">0.00071</Y>
          <Y t="10">0.00081</Y>
          <Y t="11">0.00091</Y>
          <Y t="12">0.00101</Y>
          <Y t="13">0.00115</Y>
          <Y t="14">0.0013</Y>
          <Y t="15">0.00146</Y>
          <Y t="16">0.00166</Y>
          <Y t="17">0.00194</Y>
          <Y t="18">0.00226</Y>
          <Y t="19">0.0026</Y>
          <Y t="20">0.00291</Y>
          <Y t="21">0.0032</Y>
          <Y t="22">0.00352</Y>
          <Y t="23">0.00393</Y>
          <Y t="24">0.00449</Y>
          <Y t="25">0.00509</Y>
        </Axis>
      </Axis>
      <Axis t="42">
        <Axis>
          <Y t="1">0.00015</Y>
          <Y t="2">0.00026</Y>
          <Y t="3">0.00033</Y>
          <Y t="4">0.00039</Y>
          <Y t="5">0.00045</Y>
          <Y t="6">0.0005</Y>
          <Y t="7">0.00056</Y>
          <Y t="8">0.00066</Y>
          <Y t="9">0.00077</Y>
          <Y t="10">0.00088</Y>
          <Y t="11">0.00098</Y>
          <Y t="12">0.00111</Y>
          <Y t="13">0.00127</Y>
          <Y t="14">0.00144</Y>
          <Y t="15">0.00162</Y>
          <Y t="16">0.00187</Y>
          <Y t="17">0.0022</Y>
          <Y t="18">0.00255</Y>
          <Y t="19">0.00289</Y>
          <Y t="20">0.00319</Y>
          <Y t="21">0.00349</Y>
          <Y t="22">0.00387</Y>
          <Y t="23">0.00437</Y>
          <Y t="24">0.00498</Y>
          <Y t="25">0.00566</Y>
        </Axis>
      </Axis>
      <Axis t="43">
        <Axis>
          <Y t="1">0.00018</Y>
          <Y t="2">0.00028</Y>
          <Y t="3">0.00035</Y>
          <Y t="4">0.00043</Y>
          <Y t="5">0.00048</Y>
          <Y t="6">0.00053</Y>
          <Y t="7">0.00061</Y>
          <Y t="8">0.00072</Y>
          <Y t="9">0.00084</Y>
          <Y t="10">0.00095</Y>
          <Y t="11">0.00107</Y>
          <Y t="12">0.00121</Y>
          <Y t="13">0.0014</Y>
          <Y t="14">0.0016</Y>
          <Y t="15">0.00182</Y>
          <Y t="16">0.00212</Y>
          <Y t="17">0.00249</Y>
          <Y t="18">0.00286</Y>
          <Y t="19">0.00318</Y>
          <Y t="20">0.00348</Y>
          <Y t="21">0.00382</Y>
          <Y t="22">0.00429</Y>
          <Y t="23">0.00489</Y>
          <Y t="24">0.00557</Y>
          <Y t="25">0.00633</Y>
        </Axis>
      </Axis>
      <Axis t="44">
        <Axis>
          <Y t="1">0.00021</Y>
          <Y t="2">0.0003</Y>
          <Y t="3">0.00038</Y>
          <Y t="4">0.00046</Y>
          <Y t="5">0.00051</Y>
          <Y t="6">0.00057</Y>
          <Y t="7">0.00067</Y>
          <Y t="8">0.00079</Y>
          <Y t="9">0.00091</Y>
          <Y t="10">0.00103</Y>
          <Y t="11">0.00117</Y>
          <Y t="12">0.00134</Y>
          <Y t="13">0.00155</Y>
          <Y t="14">0.00178</Y>
          <Y t="15">0.00204</Y>
          <Y t="16">0.00238</Y>
          <Y t="17">0.00278</Y>
          <Y t="18">0.00316</Y>
          <Y t="19">0.00348</Y>
          <Y t="20">0.00381</Y>
          <Y t="21">0.00421</Y>
          <Y t="22">0.00481</Y>
          <Y t="23">0.00551</Y>
          <Y t="24">0.00627</Y>
          <Y t="25">0.00711</Y>
        </Axis>
      </Axis>
      <Axis t="45">
        <Axis>
          <Y t="1">0.00024</Y>
          <Y t="2">0.00031</Y>
          <Y t="3">0.00041</Y>
          <Y t="4">0.0005</Y>
          <Y t="5">0.00055</Y>
          <Y t="6">0.00063</Y>
          <Y t="7">0.00074</Y>
          <Y t="8">0.00087</Y>
          <Y t="9">0.00098</Y>
          <Y t="10">0.00112</Y>
          <Y t="11">0.00129</Y>
          <Y t="12">0.00149</Y>
          <Y t="13">0.00173</Y>
          <Y t="14">0.00198</Y>
          <Y t="15">0.00228</Y>
          <Y t="16">0.00266</Y>
          <Y t="17">0.00309</Y>
          <Y t="18">0.00347</Y>
          <Y t="19">0.00381</Y>
          <Y t="20">0.0042</Y>
          <Y t="21">0.00469</Y>
          <Y t="22">0.00544</Y>
          <Y t="23">0.00623</Y>
          <Y t="24">0.00708</Y>
          <Y t="25">0.00804</Y>
        </Axis>
      </Axis>
      <Axis t="46">
        <Axis>
          <Y t="1">0.00027</Y>
          <Y t="2">0.00033</Y>
          <Y t="3">0.00045</Y>
          <Y t="4">0.00055</Y>
          <Y t="5">0.00061</Y>
          <Y t="6">0.0007</Y>
          <Y t="7">0.00083</Y>
          <Y t="8">0.00096</Y>
          <Y t="9">0.00107</Y>
          <Y t="10">0.00124</Y>
          <Y t="11">0.00144</Y>
          <Y t="12">0.00166</Y>
          <Y t="13">0.00191</Y>
          <Y t="14">0.00219</Y>
          <Y t="15">0.00253</Y>
          <Y t="16">0.00296</Y>
          <Y t="17">0.00341</Y>
          <Y t="18">0.0038</Y>
          <Y t="19">0.00418</Y>
          <Y t="20">0.00463</Y>
          <Y t="21">0.00527</Y>
          <Y t="22">0.00618</Y>
          <Y t="23">0.00705</Y>
          <Y t="24">0.00802</Y>
          <Y t="25">0.00913</Y>
        </Axis>
      </Axis>
      <Axis t="47">
        <Axis>
          <Y t="1">0.0003</Y>
          <Y t="2">0.00035</Y>
          <Y t="3">0.00049</Y>
          <Y t="4">0.0006</Y>
          <Y t="5">0.00067</Y>
          <Y t="6">0.0008</Y>
          <Y t="7">0.00093</Y>
          <Y t="8">0.00105</Y>
          <Y t="9">0.00118</Y>
          <Y t="10">0.00138</Y>
          <Y t="11">0.00161</Y>
          <Y t="12">0.00185</Y>
          <Y t="13">0.00212</Y>
          <Y t="14">0.00242</Y>
          <Y t="15">0.0028</Y>
          <Y t="16">0.00327</Y>
          <Y t="17">0.00375</Y>
          <Y t="18">0.00417</Y>
          <Y t="19">0.0046</Y>
          <Y t="20">0.00515</Y>
          <Y t="21">0.00596</Y>
          <Y t="22">0.00702</Y>
          <Y t="23">0.008</Y>
          <Y t="24">0.00911</Y>
          <Y t="25">0.0104</Y>
        </Axis>
      </Axis>
      <Axis t="48">
        <Axis>
          <Y t="1">0.00032</Y>
          <Y t="2">0.00037</Y>
          <Y t="3">0.00053</Y>
          <Y t="4">0.00065</Y>
          <Y t="5">0.00076</Y>
          <Y t="6">0.0009</Y>
          <Y t="7">0.00104</Y>
          <Y t="8">0.00115</Y>
          <Y t="9">0.00131</Y>
          <Y t="10">0.00155</Y>
          <Y t="11">0.00181</Y>
          <Y t="12">0.00205</Y>
          <Y t="13">0.00233</Y>
          <Y t="14">0.00266</Y>
          <Y t="15">0.00309</Y>
          <Y t="16">0.0036</Y>
          <Y t="17">0.00411</Y>
          <Y t="18">0.00457</Y>
          <Y t="19">0.00509</Y>
          <Y t="20">0.00578</Y>
          <Y t="21">0.00678</Y>
          <Y t="22">0.00798</Y>
          <Y t="23">0.0091</Y>
          <Y t="24">0.01038</Y>
          <Y t="25">0.01188</Y>
        </Axis>
      </Axis>
      <Axis t="49">
        <Axis>
          <Y t="1">0.00033</Y>
          <Y t="2">0.00041</Y>
          <Y t="3">0.00059</Y>
          <Y t="4">0.00071</Y>
          <Y t="5">0.00085</Y>
          <Y t="6">0.00101</Y>
          <Y t="7">0.00114</Y>
          <Y t="8">0.00126</Y>
          <Y t="9">0.00147</Y>
          <Y t="10">0.00175</Y>
          <Y t="11">0.00202</Y>
          <Y t="12">0.00226</Y>
          <Y t="13">0.00255</Y>
          <Y t="14">0.00292</Y>
          <Y t="15">0.0034</Y>
          <Y t="16">0.00396</Y>
          <Y t="17">0.00451</Y>
          <Y t="18">0.00503</Y>
          <Y t="19">0.00566</Y>
          <Y t="20">0.00652</Y>
          <Y t="21">0.0077</Y>
          <Y t="22">0.00902</Y>
          <Y t="23">0.01033</Y>
          <Y t="24">0.01186</Y>
          <Y t="25">0.01363</Y>
        </Axis>
      </Axis>
      <Axis t="50">
        <Axis>
          <Y t="1">0.00033</Y>
          <Y t="2">0.00046</Y>
          <Y t="3">0.00065</Y>
          <Y t="4">0.00079</Y>
          <Y t="5">0.00096</Y>
          <Y t="6">0.00111</Y>
          <Y t="7">0.00123</Y>
          <Y t="8">0.00139</Y>
          <Y t="9">0.00165</Y>
          <Y t="10">0.00197</Y>
          <Y t="11">0.00224</Y>
          <Y t="12">0.0025</Y>
          <Y t="13">0.00279</Y>
          <Y t="14">0.00322</Y>
          <Y t="15">0.00376</Y>
          <Y t="16">0.00437</Y>
          <Y t="17">0.00496</Y>
          <Y t="18">0.00556</Y>
          <Y t="19">0.00633</Y>
          <Y t="20">0.00737</Y>
          <Y t="21">0.0087</Y>
          <Y t="22">0.01014</Y>
          <Y t="23">0.01169</Y>
          <Y t="24">0.01353</Y>
          <Y t="25">0.01564</Y>
        </Axis>
      </Axis>
      <Axis t="51">
        <Axis>
          <Y t="1">0.00034</Y>
          <Y t="2">0.00053</Y>
          <Y t="3">0.00072</Y>
          <Y t="4">0.00088</Y>
          <Y t="5">0.00106</Y>
          <Y t="6">0.0012</Y>
          <Y t="7">0.00132</Y>
          <Y t="8">0.00153</Y>
          <Y t="9">0.00185</Y>
          <Y t="10">0.00221</Y>
          <Y t="11">0.00248</Y>
          <Y t="12">0.00277</Y>
          <Y t="13">0.00309</Y>
          <Y t="14">0.00359</Y>
          <Y t="15">0.0042</Y>
          <Y t="16">0.00485</Y>
          <Y t="17">0.0055</Y>
          <Y t="18">0.00621</Y>
          <Y t="19">0.00715</Y>
          <Y t="20">0.00837</Y>
          <Y t="21">0.00985</Y>
          <Y t="22">0.01141</Y>
          <Y t="23">0.0132</Y>
          <Y t="24">0.01535</Y>
          <Y t="25">0.01783</Y>
        </Axis>
      </Axis>
      <Axis t="52">
        <Axis>
          <Y t="1">0.00034</Y>
          <Y t="2">0.0006</Y>
          <Y t="3">0.00081</Y>
          <Y t="4">0.00099</Y>
          <Y t="5">0.00117</Y>
          <Y t="6">0.00128</Y>
          <Y t="7">0.00144</Y>
          <Y t="8">0.0017</Y>
          <Y t="9">0.00208</Y>
          <Y t="10">0.00246</Y>
          <Y t="11">0.00274</Y>
          <Y t="12">0.00306</Y>
          <Y t="13">0.00345</Y>
          <Y t="14">0.00405</Y>
          <Y t="15">0.00473</Y>
          <Y t="16">0.00545</Y>
          <Y t="17">0.00618</Y>
          <Y t="18">0.00707</Y>
          <Y t="19">0.00814</Y>
          <Y t="20">0.00953</Y>
          <Y t="21">0.01116</Y>
          <Y t="22">0.01292</Y>
          <Y t="23">0.01496</Y>
          <Y t="24">0.01744</Y>
          <Y t="25">0.02029</Y>
        </Axis>
      </Axis>
      <Axis t="53">
        <Axis>
          <Y t="1">0.00035</Y>
          <Y t="2">0.00068</Y>
          <Y t="3">0.00091</Y>
          <Y t="4">0.00112</Y>
          <Y t="5">0.00127</Y>
          <Y t="6">0.00139</Y>
          <Y t="7">0.00158</Y>
          <Y t="8">0.0019</Y>
          <Y t="9">0.00234</Y>
          <Y t="10">0.00273</Y>
          <Y t="11">0.00304</Y>
          <Y t="12">0.0034</Y>
          <Y t="13">0.00393</Y>
          <Y t="14">0.00464</Y>
          <Y t="15">0.0054</Y>
          <Y t="16">0.00618</Y>
          <Y t="17">0.00705</Y>
          <Y t="18">0.0081</Y>
          <Y t="19">0.00934</Y>
          <Y t="20">0.01089</Y>
          <Y t="21">0.01268</Y>
          <Y t="22">0.01478</Y>
          <Y t="23">0.01721</Y>
          <Y t="24">0.02005</Y>
          <Y t="25">0.02319</Y>
        </Axis>
      </Axis>
      <Axis t="54">
        <Axis>
          <Y t="1">0.00035</Y>
          <Y t="2">0.00074</Y>
          <Y t="3">0.00102</Y>
          <Y t="4">0.00125</Y>
          <Y t="5">0.00138</Y>
          <Y t="6">0.00151</Y>
          <Y t="7">0.00175</Y>
          <Y t="8">0.00216</Y>
          <Y t="9">0.00262</Y>
          <Y t="10">0.00303</Y>
          <Y t="11">0.00338</Y>
          <Y t="12">0.00385</Y>
          <Y t="13">0.00455</Y>
          <Y t="14">0.00536</Y>
          <Y t="15">0.00617</Y>
          <Y t="16">0.00704</Y>
          <Y t="17">0.00805</Y>
          <Y t="18">0.00925</Y>
          <Y t="19">0.01077</Y>
          <Y t="20">0.01255</Y>
          <Y t="21">0.01455</Y>
          <Y t="22">0.01707</Y>
          <Y t="23">0.01992</Y>
          <Y t="24">0.02312</Y>
          <Y t="25">0.02683</Y>
        </Axis>
      </Axis>
      <Axis t="55">
        <Axis>
          <Y t="1">0.00039</Y>
          <Y t="2">0.00078</Y>
          <Y t="3">0.00113</Y>
          <Y t="4">0.00136</Y>
          <Y t="5">0.00149</Y>
          <Y t="6">0.00165</Y>
          <Y t="7">0.00197</Y>
          <Y t="8">0.00245</Y>
          <Y t="9">0.00294</Y>
          <Y t="10">0.00337</Y>
          <Y t="11">0.00382</Y>
          <Y t="12">0.00445</Y>
          <Y t="13">0.00527</Y>
          <Y t="14">0.00615</Y>
          <Y t="15">0.00702</Y>
          <Y t="16">0.00802</Y>
          <Y t="17">0.00919</Y>
          <Y t="18">0.01066</Y>
          <Y t="19">0.01246</Y>
          <Y t="20">0.01449</Y>
          <Y t="21">0.01685</Y>
          <Y t="22">0.01975</Y>
          <Y t="23">0.02299</Y>
          <Y t="24">0.0268</Y>
          <Y t="25">0.03101</Y>
        </Axis>
      </Axis>
      <Axis t="56">
        <Axis>
          <Y t="1">0.00046</Y>
          <Y t="2">0.00082</Y>
          <Y t="3">0.00125</Y>
          <Y t="4">0.00147</Y>
          <Y t="5">0.00163</Y>
          <Y t="6">0.00184</Y>
          <Y t="7">0.00226</Y>
          <Y t="8">0.00279</Y>
          <Y t="9">0.00329</Y>
          <Y t="10">0.00377</Y>
          <Y t="11">0.00436</Y>
          <Y t="12">0.00515</Y>
          <Y t="13">0.00609</Y>
          <Y t="14">0.007</Y>
          <Y t="15">0.00796</Y>
          <Y t="16">0.00914</Y>
          <Y t="17">0.01058</Y>
          <Y t="18">0.01231</Y>
          <Y t="19">0.01439</Y>
          <Y t="20">0.01673</Y>
          <Y t="21">0.01946</Y>
          <Y t="22">0.02273</Y>
          <Y t="23">0.02656</Y>
          <Y t="24">0.03101</Y>
          <Y t="25">0.03551</Y>
        </Axis>
      </Axis>
      <Axis t="57">
        <Axis>
          <Y t="1">0.00057</Y>
          <Y t="2">0.00085</Y>
          <Y t="3">0.00137</Y>
          <Y t="4">0.0016</Y>
          <Y t="5">0.0018</Y>
          <Y t="6">0.00209</Y>
          <Y t="7">0.00261</Y>
          <Y t="8">0.00316</Y>
          <Y t="9">0.00367</Y>
          <Y t="10">0.00425</Y>
          <Y t="11">0.00499</Y>
          <Y t="12">0.00594</Y>
          <Y t="13">0.00697</Y>
          <Y t="14">0.00794</Y>
          <Y t="15">0.00904</Y>
          <Y t="16">0.01045</Y>
          <Y t="17">0.01221</Y>
          <Y t="18">0.01424</Y>
          <Y t="19">0.0166</Y>
          <Y t="20">0.01929</Y>
          <Y t="21">0.02251</Y>
          <Y t="22">0.0263</Y>
          <Y t="23">0.03078</Y>
          <Y t="24">0.03551</Y>
          <Y t="25">0.04062</Y>
        </Axis>
      </Axis>
      <Axis t="58">
        <Axis>
          <Y t="1">0.0007</Y>
          <Y t="2">0.0009</Y>
          <Y t="3">0.00147</Y>
          <Y t="4">0.00175</Y>
          <Y t="5">0.00198</Y>
          <Y t="6">0.0024</Y>
          <Y t="7">0.00298</Y>
          <Y t="8">0.00355</Y>
          <Y t="9">0.0041</Y>
          <Y t="10">0.00481</Y>
          <Y t="11">0.00571</Y>
          <Y t="12">0.00678</Y>
          <Y t="13">0.0079</Y>
          <Y t="14">0.00903</Y>
          <Y t="15">0.01032</Y>
          <Y t="16">0.01198</Y>
          <Y t="17">0.01411</Y>
          <Y t="18">0.01646</Y>
          <Y t="19">0.01912</Y>
          <Y t="20">0.02215</Y>
          <Y t="21">0.02595</Y>
          <Y t="22">0.03036</Y>
          <Y t="23">0.03551</Y>
          <Y t="24">0.04062</Y>
          <Y t="25">0.04648</Y>
        </Axis>
      </Axis>
      <Axis t="59">
        <Axis>
          <Y t="1">0.00084</Y>
          <Y t="2">0.00098</Y>
          <Y t="3">0.00155</Y>
          <Y t="4">0.00187</Y>
          <Y t="5">0.00218</Y>
          <Y t="6">0.00273</Y>
          <Y t="7">0.00336</Y>
          <Y t="8">0.00394</Y>
          <Y t="9">0.00458</Y>
          <Y t="10">0.00544</Y>
          <Y t="11">0.00652</Y>
          <Y t="12">0.0077</Y>
          <Y t="13">0.00893</Y>
          <Y t="14">0.01022</Y>
          <Y t="15">0.01173</Y>
          <Y t="16">0.01374</Y>
          <Y t="17">0.01626</Y>
          <Y t="18">0.01897</Y>
          <Y t="19">0.02201</Y>
          <Y t="20">0.02559</Y>
          <Y t="21">0.02994</Y>
          <Y t="22">0.03514</Y>
          <Y t="23">0.04062</Y>
          <Y t="24">0.04648</Y>
          <Y t="25">0.05327</Y>
        </Axis>
      </Axis>
      <Axis t="60">
        <Axis>
          <Y t="1">0.00097</Y>
          <Y t="2">0.0011</Y>
          <Y t="3">0.00163</Y>
          <Y t="4">0.00196</Y>
          <Y t="5">0.00242</Y>
          <Y t="6">0.00308</Y>
          <Y t="7">0.00372</Y>
          <Y t="8">0.00434</Y>
          <Y t="9">0.0051</Y>
          <Y t="10">0.00614</Y>
          <Y t="11">0.00737</Y>
          <Y t="12">0.00868</Y>
          <Y t="13">0.01001</Y>
          <Y t="14">0.01147</Y>
          <Y t="15">0.01332</Y>
          <Y t="16">0.01574</Y>
          <Y t="17">0.01866</Y>
          <Y t="18">0.0218</Y>
          <Y t="19">0.02536</Y>
          <Y t="20">0.02959</Y>
          <Y t="21">0.03459</Y>
          <Y t="22">0.04062</Y>
          <Y t="23">0.04648</Y>
          <Y t="24">0.05327</Y>
          <Y t="25">0.0612</Y>
        </Axis>
      </Axis>
      <Axis t="61">
        <Axis>
          <Y t="1">0.00106</Y>
          <Y t="2">0.00127</Y>
          <Y t="3">0.00173</Y>
          <Y t="4">0.00209</Y>
          <Y t="5">0.0027</Y>
          <Y t="6">0.00342</Y>
          <Y t="7">0.00408</Y>
          <Y t="8">0.00477</Y>
          <Y t="9">0.00569</Y>
          <Y t="10">0.00689</Y>
          <Y t="11">0.00823</Y>
          <Y t="12">0.00963</Y>
          <Y t="13">0.01111</Y>
          <Y t="14">0.01285</Y>
          <Y t="15">0.0151</Y>
          <Y t="16">0.01797</Y>
          <Y t="17">0.02133</Y>
          <Y t="18">0.02501</Y>
          <Y t="19">0.02927</Y>
          <Y t="20">0.03419</Y>
          <Y t="21">0.04014</Y>
          <Y t="22">0.04648</Y>
          <Y t="23">0.05327</Y>
          <Y t="24">0.0612</Y>
          <Y t="25">0.07045</Y>
        </Axis>
      </Axis>
      <Axis t="62">
        <Axis>
          <Y t="1">0.00112</Y>
          <Y t="2">0.00146</Y>
          <Y t="3">0.00187</Y>
          <Y t="4">0.00229</Y>
          <Y t="5">0.00303</Y>
          <Y t="6">0.00377</Y>
          <Y t="7">0.00445</Y>
          <Y t="8">0.00525</Y>
          <Y t="9">0.00634</Y>
          <Y t="10">0.00769</Y>
          <Y t="11">0.00914</Y>
          <Y t="12">0.01065</Y>
          <Y t="13">0.01234</Y>
          <Y t="14">0.01444</Y>
          <Y t="15">0.01713</Y>
          <Y t="16">0.02047</Y>
          <Y t="17">0.02433</Y>
          <Y t="18">0.02859</Y>
          <Y t="19">0.03362</Y>
          <Y t="20">0.03933</Y>
          <Y t="21">0.04648</Y>
          <Y t="22">0.05327</Y>
          <Y t="23">0.0612</Y>
          <Y t="24">0.07045</Y>
          <Y t="25">0.08119</Y>
        </Axis>
      </Axis>
      <Axis t="63">
        <Axis>
          <Y t="1">0.00117</Y>
          <Y t="2">0.00168</Y>
          <Y t="3">0.00208</Y>
          <Y t="4">0.00258</Y>
          <Y t="5">0.0034</Y>
          <Y t="6">0.00414</Y>
          <Y t="7">0.00487</Y>
          <Y t="8">0.00581</Y>
          <Y t="9">0.00707</Y>
          <Y t="10">0.00857</Y>
          <Y t="11">0.01012</Y>
          <Y t="12">0.01176</Y>
          <Y t="13">0.01372</Y>
          <Y t="14">0.01621</Y>
          <Y t="15">0.01936</Y>
          <Y t="16">0.02325</Y>
          <Y t="17">0.02779</Y>
          <Y t="18">0.0329</Y>
          <Y t="19">0.03879</Y>
          <Y t="20">0.04574</Y>
          <Y t="21">0.05327</Y>
          <Y t="22">0.0612</Y>
          <Y t="23">0.07045</Y>
          <Y t="24">0.08119</Y>
          <Y t="25">0.09349</Y>
        </Axis>
      </Axis>
      <Axis t="64">
        <Axis>
          <Y t="1">0.00122</Y>
          <Y t="2">0.00192</Y>
          <Y t="3">0.00235</Y>
          <Y t="4">0.00294</Y>
          <Y t="5">0.00384</Y>
          <Y t="6">0.00456</Y>
          <Y t="7">0.00537</Y>
          <Y t="8">0.00647</Y>
          <Y t="9">0.00791</Y>
          <Y t="10">0.00957</Y>
          <Y t="11">0.01122</Y>
          <Y t="12">0.01302</Y>
          <Y t="13">0.0153</Y>
          <Y t="14">0.01821</Y>
          <Y t="15">0.02181</Y>
          <Y t="16">0.02637</Y>
          <Y t="17">0.03181</Y>
          <Y t="18">0.03796</Y>
          <Y t="19">0.04505</Y>
          <Y t="20">0.05327</Y>
          <Y t="21">0.0612</Y>
          <Y t="22">0.07045</Y>
          <Y t="23">0.08119</Y>
          <Y t="24">0.09349</Y>
          <Y t="25">0.10722</Y>
        </Axis>
      </Axis>
      <Axis t="65">
        <Axis>
          <Y t="1">0.00129</Y>
          <Y t="2">0.00217</Y>
          <Y t="3">0.00267</Y>
          <Y t="4">0.00336</Y>
          <Y t="5">0.00434</Y>
          <Y t="6">0.00506</Y>
          <Y t="7">0.00598</Y>
          <Y t="8">0.00725</Y>
          <Y t="9">0.00888</Y>
          <Y t="10">0.01074</Y>
          <Y t="11">0.01256</Y>
          <Y t="12">0.01457</Y>
          <Y t="13">0.01723</Y>
          <Y t="14">0.02057</Y>
          <Y t="15">0.02464</Y>
          <Y t="16">0.03013</Y>
          <Y t="17">0.0369</Y>
          <Y t="18">0.0442</Y>
          <Y t="19">0.05261</Y>
          <Y t="20">0.0612</Y>
          <Y t="21">0.07045</Y>
          <Y t="22">0.08119</Y>
          <Y t="23">0.09349</Y>
          <Y t="24">0.10722</Y>
          <Y t="25">0.12209</Y>
        </Axis>
      </Axis>
      <Axis t="66">
        <Axis>
          <Y t="1">0.00137</Y>
          <Y t="2">0.0024</Y>
          <Y t="3">0.00304</Y>
          <Y t="4">0.00384</Y>
          <Y t="5">0.00491</Y>
          <Y t="6">0.00566</Y>
          <Y t="7">0.00671</Y>
          <Y t="8">0.00816</Y>
          <Y t="9">0.01001</Y>
          <Y t="10">0.01216</Y>
          <Y t="11">0.01426</Y>
          <Y t="12">0.01658</Y>
          <Y t="13">0.01966</Y>
          <Y t="14">0.02348</Y>
          <Y t="15">0.02808</Y>
          <Y t="16">0.03457</Y>
          <Y t="17">0.04288</Y>
          <Y t="18">0.05146</Y>
          <Y t="19">0.0612</Y>
          <Y t="20">0.07045</Y>
          <Y t="21">0.08119</Y>
          <Y t="22">0.09349</Y>
          <Y t="23">0.10722</Y>
          <Y t="24">0.12209</Y>
          <Y t="25">0.13801</Y>
        </Axis>
      </Axis>
      <Axis t="67">
        <Axis>
          <Y t="1">0.00148</Y>
          <Y t="2">0.00263</Y>
          <Y t="3">0.00345</Y>
          <Y t="4">0.00438</Y>
          <Y t="5">0.00549</Y>
          <Y t="6">0.00637</Y>
          <Y t="7">0.00756</Y>
          <Y t="8">0.00922</Y>
          <Y t="9">0.01138</Y>
          <Y t="10">0.01392</Y>
          <Y t="11">0.01642</Y>
          <Y t="12">0.01931</Y>
          <Y t="13">0.02275</Y>
          <Y t="14">0.02713</Y>
          <Y t="15">0.03231</Y>
          <Y t="16">0.03982</Y>
          <Y t="17">0.04953</Y>
          <Y t="18">0.05936</Y>
          <Y t="19">0.07045</Y>
          <Y t="20">0.08119</Y>
          <Y t="21">0.09349</Y>
          <Y t="22">0.10722</Y>
          <Y t="23">0.12209</Y>
          <Y t="24">0.13801</Y>
          <Y t="25">0.15457</Y>
        </Axis>
      </Axis>
      <Axis t="68">
        <Axis>
          <Y t="1">0.00161</Y>
          <Y t="2">0.00287</Y>
          <Y t="3">0.0039</Y>
          <Y t="4">0.005</Y>
          <Y t="5">0.00614</Y>
          <Y t="6">0.00719</Y>
          <Y t="7">0.00854</Y>
          <Y t="8">0.01046</Y>
          <Y t="9">0.01315</Y>
          <Y t="10">0.01609</Y>
          <Y t="11">0.01917</Y>
          <Y t="12">0.02264</Y>
          <Y t="13">0.02663</Y>
          <Y t="14">0.03178</Y>
          <Y t="15">0.0377</Y>
          <Y t="16">0.04639</Y>
          <Y t="17">0.05736</Y>
          <Y t="18">0.06857</Y>
          <Y t="19">0.08119</Y>
          <Y t="20">0.09349</Y>
          <Y t="21">0.10722</Y>
          <Y t="22">0.12209</Y>
          <Y t="23">0.13801</Y>
          <Y t="24">0.15457</Y>
          <Y t="25">0.17128</Y>
        </Axis>
      </Axis>
      <Axis t="69">
        <Axis>
          <Y t="1">0.00176</Y>
          <Y t="2">0.00309</Y>
          <Y t="3">0.00437</Y>
          <Y t="4">0.00565</Y>
          <Y t="5">0.00687</Y>
          <Y t="6">0.00801</Y>
          <Y t="7">0.00959</Y>
          <Y t="8">0.01208</Y>
          <Y t="9">0.01512</Y>
          <Y t="10">0.01853</Y>
          <Y t="11">0.02246</Y>
          <Y t="12">0.02644</Y>
          <Y t="13">0.03153</Y>
          <Y t="14">0.03755</Y>
          <Y t="15">0.0451</Y>
          <Y t="16">0.0547</Y>
          <Y t="17">0.06724</Y>
          <Y t="18">0.08018</Y>
          <Y t="19">0.09349</Y>
          <Y t="20">0.10722</Y>
          <Y t="21">0.12209</Y>
          <Y t="22">0.13801</Y>
          <Y t="23">0.15457</Y>
          <Y t="24">0.17128</Y>
          <Y t="25">0.18766</Y>
        </Axis>
      </Axis>
      <Axis t="70">
        <Axis>
          <Y t="1">0.0019</Y>
          <Y t="2">0.00328</Y>
          <Y t="3">0.00481</Y>
          <Y t="4">0.00628</Y>
          <Y t="5">0.00752</Y>
          <Y t="6">0.00886</Y>
          <Y t="7">0.01088</Y>
          <Y t="8">0.01388</Y>
          <Y t="9">0.01712</Y>
          <Y t="10">0.02114</Y>
          <Y t="11">0.02617</Y>
          <Y t="12">0.03132</Y>
          <Y t="13">0.03731</Y>
          <Y t="14">0.04473</Y>
          <Y t="15">0.053</Y>
          <Y t="16">0.06422</Y>
          <Y t="17">0.07863</Y>
          <Y t="18">0.09349</Y>
          <Y t="19">0.10722</Y>
          <Y t="20">0.12209</Y>
          <Y t="21">0.13801</Y>
          <Y t="22">0.15457</Y>
          <Y t="23">0.17128</Y>
          <Y t="24">0.18766</Y>
          <Y t="25">0.20298</Y>
        </Axis>
      </Axis>
      <Axis t="71">
        <Axis>
          <Y t="1">0.00206</Y>
          <Y t="2">0.00346</Y>
          <Y t="3">0.00527</Y>
          <Y t="4">0.00694</Y>
          <Y t="5">0.00823</Y>
          <Y t="6">0.01001</Y>
          <Y t="7">0.01247</Y>
          <Y t="8">0.01566</Y>
          <Y t="9">0.01949</Y>
          <Y t="10">0.02448</Y>
          <Y t="11">0.03081</Y>
          <Y t="12">0.0371</Y>
          <Y t="13">0.04426</Y>
          <Y t="14">0.05253</Y>
          <Y t="15">0.061</Y>
          <Y t="16">0.0745</Y>
          <Y t="17">0.09072</Y>
          <Y t="18">0.10722</Y>
          <Y t="19">0.12209</Y>
          <Y t="20">0.13801</Y>
          <Y t="21">0.15457</Y>
          <Y t="22">0.17128</Y>
          <Y t="23">0.18766</Y>
          <Y t="24">0.20298</Y>
          <Y t="25">0.21845</Y>
        </Axis>
      </Axis>
      <Axis t="72">
        <Axis>
          <Y t="1">0.00224</Y>
          <Y t="2">0.0037</Y>
          <Y t="3">0.00579</Y>
          <Y t="4">0.00771</Y>
          <Y t="5">0.0093</Y>
          <Y t="6">0.01149</Y>
          <Y t="7">0.01423</Y>
          <Y t="8">0.01775</Y>
          <Y t="9">0.02261</Y>
          <Y t="10">0.02878</Y>
          <Y t="11">0.03659</Y>
          <Y t="12">0.04398</Y>
          <Y t="13">0.0521</Y>
          <Y t="14">0.06072</Y>
          <Y t="15">0.07228</Y>
          <Y t="16">0.08818</Y>
          <Y t="17">0.10571</Y>
          <Y t="18">0.12209</Y>
          <Y t="19">0.13801</Y>
          <Y t="20">0.15457</Y>
          <Y t="21">0.17128</Y>
          <Y t="22">0.18766</Y>
          <Y t="23">0.20298</Y>
          <Y t="24">0.21845</Y>
          <Y t="25">0.23554</Y>
        </Axis>
      </Axis>
      <Axis t="73">
        <Axis>
          <Y t="1">0.00247</Y>
          <Y t="2">0.00403</Y>
          <Y t="3">0.00646</Y>
          <Y t="4">0.00869</Y>
          <Y t="5">0.01069</Y>
          <Y t="6">0.01321</Y>
          <Y t="7">0.01644</Y>
          <Y t="8">0.02053</Y>
          <Y t="9">0.0265</Y>
          <Y t="10">0.0339</Y>
          <Y t="11">0.04359</Y>
          <Y t="12">0.05185</Y>
          <Y t="13">0.06046</Y>
          <Y t="14">0.071</Y>
          <Y t="15">0.08598</Y>
          <Y t="16">0.10411</Y>
          <Y t="17">0.12209</Y>
          <Y t="18">0.13801</Y>
          <Y t="19">0.15457</Y>
          <Y t="20">0.17128</Y>
          <Y t="21">0.18766</Y>
          <Y t="22">0.20298</Y>
          <Y t="23">0.21845</Y>
          <Y t="24">0.23554</Y>
          <Y t="25">0.25392</Y>
        </Axis>
      </Axis>
      <Axis t="74">
        <Axis>
          <Y t="1">0.00274</Y>
          <Y t="2">0.00448</Y>
          <Y t="3">0.00729</Y>
          <Y t="4">0.00989</Y>
          <Y t="5">0.01226</Y>
          <Y t="6">0.01531</Y>
          <Y t="7">0.01919</Y>
          <Y t="8">0.02405</Y>
          <Y t="9">0.03121</Y>
          <Y t="10">0.03998</Y>
          <Y t="11">0.05156</Y>
          <Y t="12">0.06025</Y>
          <Y t="13">0.07043</Y>
          <Y t="14">0.08419</Y>
          <Y t="15">0.10097</Y>
          <Y t="16">0.12067</Y>
          <Y t="17">0.13801</Y>
          <Y t="18">0.15457</Y>
          <Y t="19">0.17128</Y>
          <Y t="20">0.18766</Y>
          <Y t="21">0.20298</Y>
          <Y t="22">0.21845</Y>
          <Y t="23">0.23554</Y>
          <Y t="24">0.25392</Y>
          <Y t="25">0.27364</Y>
        </Axis>
      </Axis>
      <Axis t="75">
        <Axis>
          <Y t="1">0.003</Y>
          <Y t="2">0.00493</Y>
          <Y t="3">0.00817</Y>
          <Y t="4">0.01129</Y>
          <Y t="5">0.01413</Y>
          <Y t="6">0.01777</Y>
          <Y t="7">0.02235</Y>
          <Y t="8">0.02816</Y>
          <Y t="9">0.03662</Y>
          <Y t="10">0.04663</Y>
          <Y t="11">0.05961</Y>
          <Y t="12">0.0697</Y>
          <Y t="13">0.08317</Y>
          <Y t="14">0.09981</Y>
          <Y t="15">0.11939</Y>
          <Y t="16">0.13801</Y>
          <Y t="17">0.15457</Y>
          <Y t="18">0.17128</Y>
          <Y t="19">0.18766</Y>
          <Y t="20">0.20298</Y>
          <Y t="21">0.21845</Y>
          <Y t="22">0.23554</Y>
          <Y t="23">0.25392</Y>
          <Y t="24">0.27364</Y>
          <Y t="25">0.29431</Y>
        </Axis>
      </Axis>
      <Axis t="76">
        <Axis>
          <Y t="1">0.0032</Y>
          <Y t="2">0.00526</Y>
          <Y t="3">0.00885</Y>
          <Y t="4">0.01252</Y>
          <Y t="5">0.01595</Y>
          <Y t="6">0.02011</Y>
          <Y t="7">0.02542</Y>
          <Y t="8">0.03289</Y>
          <Y t="9">0.04255</Y>
          <Y t="10">0.05363</Y>
          <Y t="11">0.0684</Y>
          <Y t="12">0.08165</Y>
          <Y t="13">0.09868</Y>
          <Y t="14">0.11878</Y>
          <Y t="15">0.13801</Y>
          <Y t="16">0.15457</Y>
          <Y t="17">0.17128</Y>
          <Y t="18">0.18766</Y>
          <Y t="19">0.20298</Y>
          <Y t="20">0.21845</Y>
          <Y t="21">0.23554</Y>
          <Y t="22">0.25392</Y>
          <Y t="23">0.27364</Y>
          <Y t="24">0.29431</Y>
          <Y t="25">0.31552</Y>
        </Axis>
      </Axis>
      <Axis t="77">
        <Axis>
          <Y t="1">0.00334</Y>
          <Y t="2">0.00551</Y>
          <Y t="3">0.00939</Y>
          <Y t="4">0.01357</Y>
          <Y t="5">0.01752</Y>
          <Y t="6">0.02247</Y>
          <Y t="7">0.02851</Y>
          <Y t="8">0.03825</Y>
          <Y t="9">0.04906</Y>
          <Y t="10">0.06141</Y>
          <Y t="11">0.07965</Y>
          <Y t="12">0.0967</Y>
          <Y t="13">0.11622</Y>
          <Y t="14">0.13801</Y>
          <Y t="15">0.15457</Y>
          <Y t="16">0.17128</Y>
          <Y t="17">0.18766</Y>
          <Y t="18">0.20298</Y>
          <Y t="19">0.21845</Y>
          <Y t="20">0.23554</Y>
          <Y t="21">0.25392</Y>
          <Y t="22">0.27364</Y>
          <Y t="23">0.29431</Y>
          <Y t="24">0.31552</Y>
          <Y t="25">0.33699</Y>
        </Axis>
      </Axis>
      <Axis t="78">
        <Axis>
          <Y t="1">0.00349</Y>
          <Y t="2">0.00577</Y>
          <Y t="3">0.00998</Y>
          <Y t="4">0.01468</Y>
          <Y t="5">0.01916</Y>
          <Y t="6">0.02494</Y>
          <Y t="7">0.032</Y>
          <Y t="8">0.04336</Y>
          <Y t="9">0.05544</Y>
          <Y t="10">0.07034</Y>
          <Y t="11">0.09287</Y>
          <Y t="12">0.11316</Y>
          <Y t="13">0.13577</Y>
          <Y t="14">0.15457</Y>
          <Y t="15">0.17128</Y>
          <Y t="16">0.18766</Y>
          <Y t="17">0.20298</Y>
          <Y t="18">0.21845</Y>
          <Y t="19">0.23554</Y>
          <Y t="20">0.25392</Y>
          <Y t="21">0.27364</Y>
          <Y t="22">0.29431</Y>
          <Y t="23">0.31552</Y>
          <Y t="24">0.33699</Y>
          <Y t="25">0.35854</Y>
        </Axis>
      </Axis>
      <Axis t="79">
        <Axis>
          <Y t="1">0.00362</Y>
          <Y t="2">0.00602</Y>
          <Y t="3">0.01059</Y>
          <Y t="4">0.01585</Y>
          <Y t="5">0.02088</Y>
          <Y t="6">0.02717</Y>
          <Y t="7">0.03564</Y>
          <Y t="8">0.04781</Y>
          <Y t="9">0.0617</Y>
          <Y t="10">0.08048</Y>
          <Y t="11">0.10767</Y>
          <Y t="12">0.13368</Y>
          <Y t="13">0.15457</Y>
          <Y t="14">0.17128</Y>
          <Y t="15">0.18766</Y>
          <Y t="16">0.20298</Y>
          <Y t="17">0.21845</Y>
          <Y t="18">0.23554</Y>
          <Y t="19">0.25392</Y>
          <Y t="20">0.27364</Y>
          <Y t="21">0.29431</Y>
          <Y t="22">0.31552</Y>
          <Y t="23">0.33699</Y>
          <Y t="24">0.35854</Y>
          <Y t="25">0.37981</Y>
        </Axis>
      </Axis>
      <Axis t="80">
        <Axis>
          <Y t="1">0.00383</Y>
          <Y t="2">0.00644</Y>
          <Y t="3">0.01159</Y>
          <Y t="4">0.01759</Y>
          <Y t="5">0.02319</Y>
          <Y t="6">0.03023</Y>
          <Y t="7">0.04036</Y>
          <Y t="8">0.05349</Y>
          <Y t="9">0.07074</Y>
          <Y t="10">0.09387</Y>
          <Y t="11">0.12432</Y>
          <Y t="12">0.15457</Y>
          <Y t="13">0.17128</Y>
          <Y t="14">0.18766</Y>
          <Y t="15">0.20298</Y>
          <Y t="16">0.21845</Y>
          <Y t="17">0.23554</Y>
          <Y t="18">0.25392</Y>
          <Y t="19">0.27364</Y>
          <Y t="20">0.29431</Y>
          <Y t="21">0.31552</Y>
          <Y t="22">0.33699</Y>
          <Y t="23">0.35854</Y>
          <Y t="24">0.37981</Y>
          <Y t="25">0.40044</Y>
        </Axis>
      </Axis>
      <Axis t="81">
        <Axis>
          <Y t="1">0.00418</Y>
          <Y t="2">0.00709</Y>
          <Y t="3">0.01312</Y>
          <Y t="4">0.02008</Y>
          <Y t="5">0.02654</Y>
          <Y t="6">0.03456</Y>
          <Y t="7">0.04689</Y>
          <Y t="8">0.06285</Y>
          <Y t="9">0.08421</Y>
          <Y t="10">0.11369</Y>
          <Y t="11">0.14747</Y>
          <Y t="12">0.17128</Y>
          <Y t="13">0.18766</Y>
          <Y t="14">0.20298</Y>
          <Y t="15">0.21845</Y>
          <Y t="16">0.23554</Y>
          <Y t="17">0.25392</Y>
          <Y t="18">0.27364</Y>
          <Y t="19">0.29431</Y>
          <Y t="20">0.31552</Y>
          <Y t="21">0.33699</Y>
          <Y t="22">0.35854</Y>
          <Y t="23">0.37981</Y>
          <Y t="24">0.40044</Y>
          <Y t="25">0.42009</Y>
        </Axis>
      </Axis>
      <Axis t="82">
        <Axis>
          <Y t="1">0.0047</Y>
          <Y t="2">0.00807</Y>
          <Y t="3">0.01528</Y>
          <Y t="4">0.02351</Y>
          <Y t="5">0.03129</Y>
          <Y t="6">0.04076</Y>
          <Y t="7">0.05604</Y>
          <Y t="8">0.07699</Y>
          <Y t="9">0.10455</Y>
          <Y t="10">0.14369</Y>
          <Y t="11">0.17128</Y>
          <Y t="12">0.18766</Y>
          <Y t="13">0.20298</Y>
          <Y t="14">0.21845</Y>
          <Y t="15">0.23554</Y>
          <Y t="16">0.25392</Y>
          <Y t="17">0.27364</Y>
          <Y t="18">0.29431</Y>
          <Y t="19">0.31552</Y>
          <Y t="20">0.33699</Y>
          <Y t="21">0.35854</Y>
          <Y t="22">0.37981</Y>
          <Y t="23">0.40044</Y>
          <Y t="24">0.42009</Y>
          <Y t="25">0.4384</Y>
        </Axis>
      </Axis>
      <Axis t="83">
        <Axis>
          <Y t="1">0.00545</Y>
          <Y t="2">0.00959</Y>
          <Y t="3">0.01868</Y>
          <Y t="4">0.02884</Y>
          <Y t="5">0.03861</Y>
          <Y t="6">0.05098</Y>
          <Y t="7">0.07034</Y>
          <Y t="8">0.09913</Y>
          <Y t="9">0.13944</Y>
          <Y t="10">0.17128</Y>
          <Y t="11">0.18766</Y>
          <Y t="12">0.20298</Y>
          <Y t="13">0.21845</Y>
          <Y t="14">0.23554</Y>
          <Y t="15">0.25392</Y>
          <Y t="16">0.27364</Y>
          <Y t="17">0.29431</Y>
          <Y t="18">0.31552</Y>
          <Y t="19">0.33699</Y>
          <Y t="20">0.35854</Y>
          <Y t="21">0.37981</Y>
          <Y t="22">0.40044</Y>
          <Y t="23">0.42009</Y>
          <Y t="24">0.4384</Y>
          <Y t="25">0.45501</Y>
        </Axis>
      </Axis>
      <Axis t="84">
        <Axis>
          <Y t="1">0.00641</Y>
          <Y t="2">0.01156</Y>
          <Y t="3">0.02311</Y>
          <Y t="4">0.03586</Y>
          <Y t="5">0.04852</Y>
          <Y t="6">0.06524</Y>
          <Y t="7">0.09063</Y>
          <Y t="8">0.12432</Y>
          <Y t="9">0.17128</Y>
          <Y t="10">0.18766</Y>
          <Y t="11">0.20298</Y>
          <Y t="12">0.21845</Y>
          <Y t="13">0.23554</Y>
          <Y t="14">0.25392</Y>
          <Y t="15">0.27364</Y>
          <Y t="16">0.29431</Y>
          <Y t="17">0.31552</Y>
          <Y t="18">0.33699</Y>
          <Y t="19">0.35854</Y>
          <Y t="20">0.37981</Y>
          <Y t="21">0.40044</Y>
          <Y t="22">0.42009</Y>
          <Y t="23">0.4384</Y>
          <Y t="24">0.45501</Y>
          <Y t="25">0.46956</Y>
        </Axis>
      </Axis>
      <Axis t="85">
        <Axis>
          <Y t="1">0.00763</Y>
          <Y t="2">0.01407</Y>
          <Y t="3">0.0288</Y>
          <Y t="4">0.04507</Y>
          <Y t="5">0.06216</Y>
          <Y t="6">0.08491</Y>
          <Y t="7">0.11599</Y>
          <Y t="8">0.15665</Y>
          <Y t="9">0.18766</Y>
          <Y t="10">0.20298</Y>
          <Y t="11">0.21845</Y>
          <Y t="12">0.23554</Y>
          <Y t="13">0.25392</Y>
          <Y t="14">0.27364</Y>
          <Y t="15">0.29431</Y>
          <Y t="16">0.31552</Y>
          <Y t="17">0.33699</Y>
          <Y t="18">0.35854</Y>
          <Y t="19">0.37981</Y>
          <Y t="20">0.40044</Y>
          <Y t="21">0.42009</Y>
          <Y t="22">0.4384</Y>
          <Y t="23">0.45501</Y>
          <Y t="24">0.46956</Y>
          <Y t="25">0.4817</Y>
        </Axis>
      </Axis>
      <Axis t="86">
        <Axis>
          <Y t="1">0.00913</Y>
          <Y t="2">0.0173</Y>
          <Y t="3">0.03635</Y>
          <Y t="4">0.05804</Y>
          <Y t="5">0.08149</Y>
          <Y t="6">0.1112</Y>
          <Y t="7">0.15384</Y>
          <Y t="8">0.18766</Y>
          <Y t="9">0.20298</Y>
          <Y t="10">0.21845</Y>
          <Y t="11">0.23554</Y>
          <Y t="12">0.25392</Y>
          <Y t="13">0.27364</Y>
          <Y t="14">0.29431</Y>
          <Y t="15">0.31552</Y>
          <Y t="16">0.33699</Y>
          <Y t="17">0.35854</Y>
          <Y t="18">0.37981</Y>
          <Y t="19">0.40044</Y>
          <Y t="20">0.42009</Y>
          <Y t="21">0.4384</Y>
          <Y t="22">0.45501</Y>
          <Y t="23">0.46956</Y>
          <Y t="24">0.4817</Y>
          <Y t="25">0.49107</Y>
        </Axis>
      </Axis>
      <Axis t="87">
        <Axis>
          <Y t="1">0.01074</Y>
          <Y t="2">0.02111</Y>
          <Y t="3">0.04559</Y>
          <Y t="4">0.07461</Y>
          <Y t="5">0.10644</Y>
          <Y t="6">0.15167</Y>
          <Y t="7">0.18766</Y>
          <Y t="8">0.20298</Y>
          <Y t="9">0.21845</Y>
          <Y t="10">0.23554</Y>
          <Y t="11">0.25392</Y>
          <Y t="12">0.27364</Y>
          <Y t="13">0.29431</Y>
          <Y t="14">0.31552</Y>
          <Y t="15">0.33699</Y>
          <Y t="16">0.35854</Y>
          <Y t="17">0.37981</Y>
          <Y t="18">0.40044</Y>
          <Y t="19">0.42009</Y>
          <Y t="20">0.4384</Y>
          <Y t="21">0.45501</Y>
          <Y t="22">0.46956</Y>
          <Y t="23">0.4817</Y>
          <Y t="24">0.49107</Y>
          <Y t="25">0.49731</Y>
        </Axis>
      </Axis>
      <Axis t="88">
        <Axis>
          <Y t="1">0.01237</Y>
          <Y t="2">0.02521</Y>
          <Y t="3">0.05641</Y>
          <Y t="4">0.09464</Y>
          <Y t="5">0.13641</Y>
          <Y t="6">0.18766</Y>
          <Y t="7">0.20298</Y>
          <Y t="8">0.21845</Y>
          <Y t="9">0.23554</Y>
          <Y t="10">0.25392</Y>
          <Y t="11">0.27364</Y>
          <Y t="12">0.29431</Y>
          <Y t="13">0.31552</Y>
          <Y t="14">0.33699</Y>
          <Y t="15">0.35854</Y>
          <Y t="16">0.37981</Y>
          <Y t="17">0.40044</Y>
          <Y t="18">0.42009</Y>
          <Y t="19">0.4384</Y>
          <Y t="20">0.45501</Y>
          <Y t="21">0.46956</Y>
          <Y t="22">0.4817</Y>
          <Y t="23">0.49107</Y>
          <Y t="24">0.49731</Y>
          <Y t="25">0.5</Y>
        </Axis>
      </Axis>
      <Axis t="89">
        <Axis>
          <Y t="1">0.01413</Y>
          <Y t="2">0.02974</Y>
          <Y t="3">0.06922</Y>
          <Y t="4">0.11959</Y>
          <Y t="5">0.17337</Y>
          <Y t="6">0.20298</Y>
          <Y t="7">0.21845</Y>
          <Y t="8">0.23554</Y>
          <Y t="9">0.25392</Y>
          <Y t="10">0.27364</Y>
          <Y t="11">0.29431</Y>
          <Y t="12">0.31552</Y>
          <Y t="13">0.33699</Y>
          <Y t="14">0.35854</Y>
          <Y t="15">0.37981</Y>
          <Y t="16">0.40044</Y>
          <Y t="17">0.42009</Y>
          <Y t="18">0.4384</Y>
          <Y t="19">0.45501</Y>
          <Y t="20">0.46956</Y>
          <Y t="21">0.4817</Y>
          <Y t="22">0.49107</Y>
          <Y t="23">0.49731</Y>
          <Y t="24">0.5</Y>
          <Y t="25">0.5</Y>
        </Axis>
      </Axis>
      <Axis t="90">
        <Axis>
          <Y t="1">0.017</Y>
          <Y t="2">0.04148</Y>
          <Y t="3">0.09684</Y>
          <Y t="4">0.16331</Y>
          <Y t="5">0.20298</Y>
          <Y t="6">0.21845</Y>
          <Y t="7">0.23554</Y>
          <Y t="8">0.25392</Y>
          <Y t="9">0.27364</Y>
          <Y t="10">0.29431</Y>
          <Y t="11">0.31552</Y>
          <Y t="12">0.33699</Y>
          <Y t="13">0.35854</Y>
          <Y t="14">0.37981</Y>
          <Y t="15">0.40044</Y>
          <Y t="16">0.42009</Y>
          <Y t="17">0.4384</Y>
          <Y t="18">0.45501</Y>
          <Y t="19">0.46956</Y>
          <Y t="20">0.4817</Y>
          <Y t="21">0.49107</Y>
          <Y t="22">0.49731</Y>
          <Y t="23">0.5</Y>
          <Y t="24">0.5</Y>
          <Y t="25">0.5</Y>
        </Axis>
      </Axis>
      <Axis t="91">
        <Axis>
          <Y t="1">0.02285</Y>
          <Y t="2">0.06447</Y>
          <Y t="3">0.15522</Y>
          <Y t="4">0.20298</Y>
          <Y t="5">0.21845</Y>
          <Y t="6">0.23554</Y>
          <Y t="7">0.25392</Y>
          <Y t="8">0.27364</Y>
          <Y t="9">0.29431</Y>
          <Y t="10">0.31552</Y>
          <Y t="11">0.33699</Y>
          <Y t="12">0.35854</Y>
          <Y t="13">0.37981</Y>
          <Y t="14">0.40044</Y>
          <Y t="15">0.42009</Y>
          <Y t="16">0.4384</Y>
          <Y t="17">0.45501</Y>
          <Y t="18">0.46956</Y>
          <Y t="19">0.4817</Y>
          <Y t="20">0.49107</Y>
          <Y t="21">0.49731</Y>
          <Y t="22">0.5</Y>
          <Y t="23">0.5</Y>
          <Y t="24">0.5</Y>
          <Y t="25">0.5</Y>
        </Axis>
      </Axis>
      <Axis t="92">
        <Axis>
          <Y t="1">0.03318</Y>
          <Y t="2">0.09852</Y>
          <Y t="3">0.20298</Y>
          <Y t="4">0.21845</Y>
          <Y t="5">0.23554</Y>
          <Y t="6">0.25392</Y>
          <Y t="7">0.27364</Y>
          <Y t="8">0.29431</Y>
          <Y t="9">0.31552</Y>
          <Y t="10">0.33699</Y>
          <Y t="11">0.35854</Y>
          <Y t="12">0.37981</Y>
          <Y t="13">0.40044</Y>
          <Y t="14">0.42009</Y>
          <Y t="15">0.4384</Y>
          <Y t="16">0.45501</Y>
          <Y t="17">0.46956</Y>
          <Y t="18">0.4817</Y>
          <Y t="19">0.49107</Y>
          <Y t="20">0.49731</Y>
          <Y t="21">0.5</Y>
          <Y t="22">0.5</Y>
          <Y t="23">0.5</Y>
          <Y t="24">0.5</Y>
          <Y t="25">0.5</Y>
        </Axis>
      </Axis>
      <Axis t="93">
        <Axis>
          <Y t="1">0.04873</Y>
          <Y t="2">0.12953</Y>
          <Y t="3">0.21845</Y>
          <Y t="4">0.23554</Y>
          <Y t="5">0.25392</Y>
          <Y t="6">0.27364</Y>
          <Y t="7">0.29431</Y>
          <Y t="8">0.31552</Y>
          <Y t="9">0.33699</Y>
          <Y t="10">0.35854</Y>
          <Y t="11">0.37981</Y>
          <Y t="12">0.40044</Y>
          <Y t="13">0.42009</Y>
          <Y t="14">0.4384</Y>
          <Y t="15">0.45501</Y>
          <Y t="16">0.46956</Y>
          <Y t="17">0.4817</Y>
          <Y t="18">0.49107</Y>
          <Y t="19">0.49731</Y>
          <Y t="20">0.5</Y>
          <Y t="21">0.5</Y>
          <Y t="22">0.5</Y>
          <Y t="23">0.5</Y>
          <Y t="24">0.5</Y>
          <Y t="25">0.5</Y>
        </Axis>
      </Axis>
      <Axis t="94">
        <Axis>
          <Y t="1">0.06997</Y>
          <Y t="2">0.18072</Y>
          <Y t="3">0.23554</Y>
          <Y t="4">0.25392</Y>
          <Y t="5">0.27364</Y>
          <Y t="6">0.29431</Y>
          <Y t="7">0.31552</Y>
          <Y t="8">0.33699</Y>
          <Y t="9">0.35854</Y>
          <Y t="10">0.37981</Y>
          <Y t="11">0.40044</Y>
          <Y t="12">0.42009</Y>
          <Y t="13">0.4384</Y>
          <Y t="14">0.45501</Y>
          <Y t="15">0.46956</Y>
          <Y t="16">0.4817</Y>
          <Y t="17">0.49107</Y>
          <Y t="18">0.49731</Y>
          <Y t="19">0.5</Y>
          <Y t="20">0.5</Y>
          <Y t="21">0.5</Y>
          <Y t="22">0.5</Y>
          <Y t="23">0.5</Y>
          <Y t="24">0.5</Y>
          <Y t="25">0.5</Y>
        </Axis>
      </Axis>
      <Axis t="95">
        <Axis>
          <Y t="1">0.09719</Y>
          <Y t="2">0.23554</Y>
          <Y t="3">0.25392</Y>
          <Y t="4">0.27364</Y>
          <Y t="5">0.29431</Y>
          <Y t="6">0.31552</Y>
          <Y t="7">0.33699</Y>
          <Y t="8">0.35854</Y>
          <Y t="9">0.37981</Y>
          <Y t="10">0.40044</Y>
          <Y t="11">0.42009</Y>
          <Y t="12">0.4384</Y>
          <Y t="13">0.45501</Y>
          <Y t="14">0.46956</Y>
          <Y t="15">0.4817</Y>
          <Y t="16">0.49107</Y>
          <Y t="17">0.49731</Y>
          <Y t="18">0.5</Y>
          <Y t="19">0.5</Y>
          <Y t="20">0.5</Y>
          <Y t="21">0.5</Y>
          <Y t="22">0.5</Y>
          <Y t="23">0.5</Y>
          <Y t="24">0.5</Y>
          <Y t="25">0.5</Y>
        </Axis>
      </Axis>
    </Values>
  </Table>
  <Table>
    <MetaData>
      <ScalingFactor>0</ScalingFactor>
      <DataType tc="2">Floating Point</DataType>
      <Nation tc="1">United States of America</Nation>
      <TableDescription>2015 VBT Relative Risk Table - Male 70% Non-Smoker, Age Last Birthday, Ultimate</TableDescription>
      <AxisDef id="Age">
        <ScaleType tc="3">Age</ScaleType>
        <AxisName>Age</AxisName>
        <MinScaleValue>18</MinScaleValue>
        <MaxScaleValue>120</MaxScaleValue>
        <Increment>1</Increment>
      </AxisDef>
    </MetaData>
    <Values>
      <Axis>
        <Y t="18">0.00052</Y>
        <Y t="19">0.00054</Y>
        <Y t="20">0.00056</Y>
        <Y t="21">0.00056</Y>
        <Y t="22">0.00055</Y>
        <Y t="23">0.00054</Y>
        <Y t="24">0.00054</Y>
        <Y t="25">0.00052</Y>
        <Y t="26">0.00045</Y>
        <Y t="27">0.00041</Y>
        <Y t="28">0.00039</Y>
        <Y t="29">0.00037</Y>
        <Y t="30">0.00036</Y>
        <Y t="31">0.00038</Y>
        <Y t="32">0.00041</Y>
        <Y t="33">0.00045</Y>
        <Y t="34">0.00052</Y>
        <Y t="35">0.00061</Y>
        <Y t="36">0.0007</Y>
        <Y t="37">0.0008</Y>
        <Y t="38">0.00087</Y>
        <Y t="39">0.00092</Y>
        <Y t="40">0.00097</Y>
        <Y t="41">0.00103</Y>
        <Y t="42">0.0011</Y>
        <Y t="43">0.00117</Y>
        <Y t="44">0.00121</Y>
        <Y t="45">0.00125</Y>
        <Y t="46">0.0013</Y>
        <Y t="47">0.00135</Y>
        <Y t="48">0.00141</Y>
        <Y t="49">0.00149</Y>
        <Y t="50">0.00158</Y>
        <Y t="51">0.0017</Y>
        <Y t="52">0.00183</Y>
        <Y t="53">0.00197</Y>
        <Y t="54">0.00212</Y>
        <Y t="55">0.00225</Y>
        <Y t="56">0.00237</Y>
        <Y t="57">0.00249</Y>
        <Y t="58">0.00263</Y>
        <Y t="59">0.00281</Y>
        <Y t="60">0.00304</Y>
        <Y t="61">0.00336</Y>
        <Y t="62">0.00373</Y>
        <Y t="63">0.00416</Y>
        <Y t="64">0.00465</Y>
        <Y t="65">0.00519</Y>
        <Y t="66">0.00578</Y>
        <Y t="67">0.00644</Y>
        <Y t="68">0.0072</Y>
        <Y t="69">0.00809</Y>
        <Y t="70">0.00916</Y>
        <Y t="71">0.01045</Y>
        <Y t="72">0.012</Y>
        <Y t="73">0.0138</Y>
        <Y t="74">0.01587</Y>
        <Y t="75">0.0182</Y>
        <Y t="76">0.02081</Y>
        <Y t="77">0.02375</Y>
        <Y t="78">0.02711</Y>
        <Y t="79">0.03101</Y>
        <Y t="80">0.03551</Y>
        <Y t="81">0.04062</Y>
        <Y t="82">0.04648</Y>
        <Y t="83">0.05327</Y>
        <Y t="84">0.0612</Y>
        <Y t="85">0.07045</Y>
        <Y t="86">0.08119</Y>
        <Y t="87">0.09349</Y>
        <Y t="88">0.10722</Y>
        <Y t="89">0.12209</Y>
        <Y t="90">0.13801</Y>
        <Y t="91">0.15457</Y>
        <Y t="92">0.17128</Y>
        <Y t="93">0.18766</Y>
        <Y t="94">0.20298</Y>
        <Y t="95">0.21845</Y>
        <Y t="96">0.23554</Y>
        <Y t="97">0.25392</Y>
        <Y t="98">0.27364</Y>
        <Y t="99">0.29431</Y>
        <Y t="100">0.31552</Y>
        <Y t="101">0.33699</Y>
        <Y t="102">0.35854</Y>
        <Y t="103">0.37981</Y>
        <Y t="104">0.40044</Y>
        <Y t="105">0.42009</Y>
        <Y t="106">0.4384</Y>
        <Y t="107">0.45501</Y>
        <Y t="108">0.46956</Y>
        <Y t="109">0.4817</Y>
        <Y t="110">0.49107</Y>
        <Y t="111">0.49731</Y>
        <Y t="112">0.5</Y>
        <Y t="113">0.5</Y>
        <Y t="114">0.5</Y>
        <Y t="115">0.5</Y>
        <Y t="116">0.5</Y>
        <Y t="117">0.5</Y>
        <Y t="118">0.5</Y>
        <Y t="119">0.5</Y>
        <Y t="120">0.5</Y>
      </Axis>
    </Values>
  </Table>
</XTbML>