﻿<?xml version="1.0" encoding="utf-8"?>
<XTbML>
  <ContentClassification>
    <TableIdentity>3238</TableIdentity>
    <ProviderDomain>soa.org</ProviderDomain>
    <ProviderName>American Academy of Actuaries along with the Society of Actuaries</ProviderName>
    <TableReference>Society of Actuaries website, 2015 Valuation Basic Tables. Accessed: March, 2016 from https://www.soa.org/Research/Experience-Study/Ind-Life/Valuation/2015-valuation-basic-tables.aspx</TableReference>
    <ContentType tc="4">Insured Lives Mortality</ContentType>
    <TableName>2015 VBT Male Non-Smoker RR60 ALB</TableName>
    <TableDescription>2015 Valuation Basic Table (VBT) Relative Risk Table - Male 60%, Non-Smoker, Age Last Birthday. Minimum Age: 18. Maximum Age: 95.</TableDescription>
    <Comments>Study Data: The 2015 VBT was developed based on the mortality experience from the SOA Individual Life Experience Committee studies from the 2002-2009 study period. Additional data from other sources was used to supplement the 2002-2009 experience at younger and older ages where industry experience was sparse.To develop the 2015 VBT table, the mortality was projected from March 1st, 2006 to July 1st, 2015, using recent mortality improvement trends. Data Certified: 07/2018.</Comments>
    <KeyWord>Select</KeyWord>
    <KeyWord>Insured Lives Mortality</KeyWord>
    <KeyWord>United States of America</KeyWord>
  </ContentClassification>
  <Table>
    <MetaData>
      <ScalingFactor>0</ScalingFactor>
      <DataType tc="2">Floating Point</DataType>
      <Nation tc="1">United States of America</Nation>
      <TableDescription>2015 VBT Relative Risk Table - Male 60% Non-Smoker, Age Last Birthday, Select</TableDescription>
      <AxisDef id="Age">
        <ScaleType tc="3">Age</ScaleType>
        <AxisName>Age</AxisName>
        <MinScaleValue>18</MinScaleValue>
        <MaxScaleValue>95</MaxScaleValue>
        <Increment>1</Increment>
      </AxisDef>
      <AxisDef id="Duration">
        <ScaleType tc="2">Ordinal Date</ScaleType>
        <AxisName>Duration</AxisName>
        <MinScaleValue>1</MinScaleValue>
        <MaxScaleValue>25</MaxScaleValue>
        <Increment>1</Increment>
      </AxisDef>
    </MetaData>
    <Values>
      <Axis t="18">
        <Axis>
          <Y t="1">0.00048</Y>
          <Y t="2">0.0005</Y>
          <Y t="3">0.00051</Y>
          <Y t="4">0.00051</Y>
          <Y t="5">0.0005</Y>
          <Y t="6">0.00049</Y>
          <Y t="7">0.00049</Y>
          <Y t="8">0.00047</Y>
          <Y t="9">0.00041</Y>
          <Y t="10">0.00037</Y>
          <Y t="11">0.00036</Y>
          <Y t="12">0.00034</Y>
          <Y t="13">0.00033</Y>
          <Y t="14">0.00035</Y>
          <Y t="15">0.00037</Y>
          <Y t="16">0.00041</Y>
          <Y t="17">0.00047</Y>
          <Y t="18">0.00055</Y>
          <Y t="19">0.00064</Y>
          <Y t="20">0.00072</Y>
          <Y t="21">0.0008</Y>
          <Y t="22">0.00084</Y>
          <Y t="23">0.00088</Y>
          <Y t="24">0.00094</Y>
          <Y t="25">0.001</Y>
        </Axis>
      </Axis>
      <Axis t="19">
        <Axis>
          <Y t="1">0.00043</Y>
          <Y t="2">0.00044</Y>
          <Y t="3">0.00047</Y>
          <Y t="4">0.00045</Y>
          <Y t="5">0.00044</Y>
          <Y t="6">0.00044</Y>
          <Y t="7">0.00043</Y>
          <Y t="8">0.0004</Y>
          <Y t="9">0.00035</Y>
          <Y t="10">0.00033</Y>
          <Y t="11">0.00033</Y>
          <Y t="12">0.00032</Y>
          <Y t="13">0.00033</Y>
          <Y t="14">0.00036</Y>
          <Y t="15">0.00039</Y>
          <Y t="16">0.00043</Y>
          <Y t="17">0.00049</Y>
          <Y t="18">0.00057</Y>
          <Y t="19">0.00066</Y>
          <Y t="20">0.00074</Y>
          <Y t="21">0.00082</Y>
          <Y t="22">0.00086</Y>
          <Y t="23">0.00091</Y>
          <Y t="24">0.00097</Y>
          <Y t="25">0.00103</Y>
        </Axis>
      </Axis>
      <Axis t="20">
        <Axis>
          <Y t="1">0.00036</Y>
          <Y t="2">0.00041</Y>
          <Y t="3">0.00041</Y>
          <Y t="4">0.00039</Y>
          <Y t="5">0.00038</Y>
          <Y t="6">0.00037</Y>
          <Y t="7">0.00036</Y>
          <Y t="8">0.00034</Y>
          <Y t="9">0.00031</Y>
          <Y t="10">0.00032</Y>
          <Y t="11">0.00031</Y>
          <Y t="12">0.00032</Y>
          <Y t="13">0.00033</Y>
          <Y t="14">0.00037</Y>
          <Y t="15">0.00041</Y>
          <Y t="16">0.00044</Y>
          <Y t="17">0.00051</Y>
          <Y t="18">0.00059</Y>
          <Y t="19">0.00067</Y>
          <Y t="20">0.00076</Y>
          <Y t="21">0.00083</Y>
          <Y t="22">0.00087</Y>
          <Y t="23">0.00092</Y>
          <Y t="24">0.00099</Y>
          <Y t="25">0.00106</Y>
        </Axis>
      </Axis>
      <Axis t="21">
        <Axis>
          <Y t="1">0.00033</Y>
          <Y t="2">0.00037</Y>
          <Y t="3">0.00033</Y>
          <Y t="4">0.00032</Y>
          <Y t="5">0.00031</Y>
          <Y t="6">0.00031</Y>
          <Y t="7">0.0003</Y>
          <Y t="8">0.00029</Y>
          <Y t="9">0.00027</Y>
          <Y t="10">0.0003</Y>
          <Y t="11">0.00031</Y>
          <Y t="12">0.00032</Y>
          <Y t="13">0.00034</Y>
          <Y t="14">0.00038</Y>
          <Y t="15">0.00042</Y>
          <Y t="16">0.00046</Y>
          <Y t="17">0.00052</Y>
          <Y t="18">0.0006</Y>
          <Y t="19">0.0007</Y>
          <Y t="20">0.00078</Y>
          <Y t="21">0.00084</Y>
          <Y t="22">0.00088</Y>
          <Y t="23">0.00093</Y>
          <Y t="24">0.00101</Y>
          <Y t="25">0.0011</Y>
        </Axis>
      </Axis>
      <Axis t="22">
        <Axis>
          <Y t="1">0.00029</Y>
          <Y t="2">0.00031</Y>
          <Y t="3">0.00028</Y>
          <Y t="4">0.00026</Y>
          <Y t="5">0.00026</Y>
          <Y t="6">0.00026</Y>
          <Y t="7">0.00025</Y>
          <Y t="8">0.00025</Y>
          <Y t="9">0.00025</Y>
          <Y t="10">0.00029</Y>
          <Y t="11">0.00031</Y>
          <Y t="12">0.00033</Y>
          <Y t="13">0.00035</Y>
          <Y t="14">0.0004</Y>
          <Y t="15">0.00044</Y>
          <Y t="16">0.00048</Y>
          <Y t="17">0.00054</Y>
          <Y t="18">0.00063</Y>
          <Y t="19">0.00072</Y>
          <Y t="20">0.00079</Y>
          <Y t="21">0.00084</Y>
          <Y t="22">0.00088</Y>
          <Y t="23">0.00093</Y>
          <Y t="24">0.00102</Y>
          <Y t="25">0.00113</Y>
        </Axis>
      </Axis>
      <Axis t="23">
        <Axis>
          <Y t="1">0.00025</Y>
          <Y t="2">0.00026</Y>
          <Y t="3">0.00023</Y>
          <Y t="4">0.00022</Y>
          <Y t="5">0.00022</Y>
          <Y t="6">0.00022</Y>
          <Y t="7">0.00022</Y>
          <Y t="8">0.00023</Y>
          <Y t="9">0.00025</Y>
          <Y t="10">0.00029</Y>
          <Y t="11">0.00031</Y>
          <Y t="12">0.00034</Y>
          <Y t="13">0.00037</Y>
          <Y t="14">0.00042</Y>
          <Y t="15">0.00046</Y>
          <Y t="16">0.0005</Y>
          <Y t="17">0.00057</Y>
          <Y t="18">0.00066</Y>
          <Y t="19">0.00074</Y>
          <Y t="20">0.0008</Y>
          <Y t="21">0.00085</Y>
          <Y t="22">0.00088</Y>
          <Y t="23">0.00094</Y>
          <Y t="24">0.00104</Y>
          <Y t="25">0.00117</Y>
        </Axis>
      </Axis>
      <Axis t="24">
        <Axis>
          <Y t="1">0.00021</Y>
          <Y t="2">0.00022</Y>
          <Y t="3">0.0002</Y>
          <Y t="4">0.00019</Y>
          <Y t="5">0.00019</Y>
          <Y t="6">0.00019</Y>
          <Y t="7">0.00021</Y>
          <Y t="8">0.00023</Y>
          <Y t="9">0.00024</Y>
          <Y t="10">0.00029</Y>
          <Y t="11">0.00032</Y>
          <Y t="12">0.00036</Y>
          <Y t="13">0.00039</Y>
          <Y t="14">0.00044</Y>
          <Y t="15">0.00048</Y>
          <Y t="16">0.00052</Y>
          <Y t="17">0.0006</Y>
          <Y t="18">0.00069</Y>
          <Y t="19">0.00076</Y>
          <Y t="20">0.0008</Y>
          <Y t="21">0.00085</Y>
          <Y t="22">0.00089</Y>
          <Y t="23">0.00097</Y>
          <Y t="24">0.00109</Y>
          <Y t="25">0.00122</Y>
        </Axis>
      </Axis>
      <Axis t="25">
        <Axis>
          <Y t="1">0.00018</Y>
          <Y t="2">0.00019</Y>
          <Y t="3">0.00018</Y>
          <Y t="4">0.00018</Y>
          <Y t="5">0.00018</Y>
          <Y t="6">0.00018</Y>
          <Y t="7">0.0002</Y>
          <Y t="8">0.00023</Y>
          <Y t="9">0.00025</Y>
          <Y t="10">0.0003</Y>
          <Y t="11">0.00034</Y>
          <Y t="12">0.00038</Y>
          <Y t="13">0.00041</Y>
          <Y t="14">0.00046</Y>
          <Y t="15">0.00051</Y>
          <Y t="16">0.00056</Y>
          <Y t="17">0.00065</Y>
          <Y t="18">0.00073</Y>
          <Y t="19">0.00078</Y>
          <Y t="20">0.00081</Y>
          <Y t="21">0.00086</Y>
          <Y t="22">0.00092</Y>
          <Y t="23">0.00103</Y>
          <Y t="24">0.00116</Y>
          <Y t="25">0.0013</Y>
        </Axis>
      </Axis>
      <Axis t="26">
        <Axis>
          <Y t="1">0.00016</Y>
          <Y t="2">0.00017</Y>
          <Y t="3">0.00016</Y>
          <Y t="4">0.00017</Y>
          <Y t="5">0.00017</Y>
          <Y t="6">0.00018</Y>
          <Y t="7">0.00021</Y>
          <Y t="8">0.00024</Y>
          <Y t="9">0.00026</Y>
          <Y t="10">0.00032</Y>
          <Y t="11">0.00036</Y>
          <Y t="12">0.0004</Y>
          <Y t="13">0.00044</Y>
          <Y t="14">0.00049</Y>
          <Y t="15">0.00054</Y>
          <Y t="16">0.0006</Y>
          <Y t="17">0.00068</Y>
          <Y t="18">0.00075</Y>
          <Y t="19">0.00079</Y>
          <Y t="20">0.00082</Y>
          <Y t="21">0.00088</Y>
          <Y t="22">0.00098</Y>
          <Y t="23">0.0011</Y>
          <Y t="24">0.00124</Y>
          <Y t="25">0.00139</Y>
        </Axis>
      </Axis>
      <Axis t="27">
        <Axis>
          <Y t="1">0.00014</Y>
          <Y t="2">0.00015</Y>
          <Y t="3">0.00015</Y>
          <Y t="4">0.00016</Y>
          <Y t="5">0.00018</Y>
          <Y t="6">0.00019</Y>
          <Y t="7">0.00021</Y>
          <Y t="8">0.00024</Y>
          <Y t="9">0.00027</Y>
          <Y t="10">0.00033</Y>
          <Y t="11">0.00038</Y>
          <Y t="12">0.00042</Y>
          <Y t="13">0.00046</Y>
          <Y t="14">0.00052</Y>
          <Y t="15">0.00058</Y>
          <Y t="16">0.00063</Y>
          <Y t="17">0.00071</Y>
          <Y t="18">0.00076</Y>
          <Y t="19">0.0008</Y>
          <Y t="20">0.00085</Y>
          <Y t="21">0.00092</Y>
          <Y t="22">0.00104</Y>
          <Y t="23">0.00117</Y>
          <Y t="24">0.00132</Y>
          <Y t="25">0.00148</Y>
        </Axis>
      </Axis>
      <Axis t="28">
        <Axis>
          <Y t="1">0.00012</Y>
          <Y t="2">0.00013</Y>
          <Y t="3">0.00014</Y>
          <Y t="4">0.00016</Y>
          <Y t="5">0.00018</Y>
          <Y t="6">0.0002</Y>
          <Y t="7">0.00022</Y>
          <Y t="8">0.00025</Y>
          <Y t="9">0.00028</Y>
          <Y t="10">0.00035</Y>
          <Y t="11">0.0004</Y>
          <Y t="12">0.00044</Y>
          <Y t="13">0.00047</Y>
          <Y t="14">0.00053</Y>
          <Y t="15">0.00059</Y>
          <Y t="16">0.00065</Y>
          <Y t="17">0.00072</Y>
          <Y t="18">0.00077</Y>
          <Y t="19">0.00082</Y>
          <Y t="20">0.00089</Y>
          <Y t="21">0.00098</Y>
          <Y t="22">0.00111</Y>
          <Y t="23">0.00125</Y>
          <Y t="24">0.00141</Y>
          <Y t="25">0.00159</Y>
        </Axis>
      </Axis>
      <Axis t="29">
        <Axis>
          <Y t="1">0.00011</Y>
          <Y t="2">0.00012</Y>
          <Y t="3">0.00014</Y>
          <Y t="4">0.00016</Y>
          <Y t="5">0.00018</Y>
          <Y t="6">0.0002</Y>
          <Y t="7">0.00023</Y>
          <Y t="8">0.00025</Y>
          <Y t="9">0.00029</Y>
          <Y t="10">0.00036</Y>
          <Y t="11">0.00041</Y>
          <Y t="12">0.00044</Y>
          <Y t="13">0.00048</Y>
          <Y t="14">0.00054</Y>
          <Y t="15">0.00059</Y>
          <Y t="16">0.00066</Y>
          <Y t="17">0.00073</Y>
          <Y t="18">0.00079</Y>
          <Y t="19">0.00085</Y>
          <Y t="20">0.00093</Y>
          <Y t="21">0.00104</Y>
          <Y t="22">0.00118</Y>
          <Y t="23">0.00133</Y>
          <Y t="24">0.0015</Y>
          <Y t="25">0.0017</Y>
        </Axis>
      </Axis>
      <Axis t="30">
        <Axis>
          <Y t="1">9E-05</Y>
          <Y t="2">0.0001</Y>
          <Y t="3">0.00014</Y>
          <Y t="4">0.00016</Y>
          <Y t="5">0.00018</Y>
          <Y t="6">0.0002</Y>
          <Y t="7">0.00023</Y>
          <Y t="8">0.00025</Y>
          <Y t="9">0.0003</Y>
          <Y t="10">0.00036</Y>
          <Y t="11">0.00041</Y>
          <Y t="12">0.00045</Y>
          <Y t="13">0.00048</Y>
          <Y t="14">0.00055</Y>
          <Y t="15">0.0006</Y>
          <Y t="16">0.00068</Y>
          <Y t="17">0.00076</Y>
          <Y t="18">0.00082</Y>
          <Y t="19">0.00089</Y>
          <Y t="20">0.00099</Y>
          <Y t="21">0.00111</Y>
          <Y t="22">0.00126</Y>
          <Y t="23">0.00142</Y>
          <Y t="24">0.00161</Y>
          <Y t="25">0.00181</Y>
        </Axis>
      </Axis>
      <Axis t="31">
        <Axis>
          <Y t="1">8E-05</Y>
          <Y t="2">0.0001</Y>
          <Y t="3">0.00014</Y>
          <Y t="4">0.00016</Y>
          <Y t="5">0.00018</Y>
          <Y t="6">0.0002</Y>
          <Y t="7">0.00023</Y>
          <Y t="8">0.00026</Y>
          <Y t="9">0.00032</Y>
          <Y t="10">0.00038</Y>
          <Y t="11">0.00042</Y>
          <Y t="12">0.00045</Y>
          <Y t="13">0.00049</Y>
          <Y t="14">0.00055</Y>
          <Y t="15">0.00061</Y>
          <Y t="16">0.0007</Y>
          <Y t="17">0.00078</Y>
          <Y t="18">0.00086</Y>
          <Y t="19">0.00094</Y>
          <Y t="20">0.00104</Y>
          <Y t="21">0.00118</Y>
          <Y t="22">0.00134</Y>
          <Y t="23">0.00152</Y>
          <Y t="24">0.00171</Y>
          <Y t="25">0.00191</Y>
        </Axis>
      </Axis>
      <Axis t="32">
        <Axis>
          <Y t="1">8E-05</Y>
          <Y t="2">0.0001</Y>
          <Y t="3">0.00014</Y>
          <Y t="4">0.00017</Y>
          <Y t="5">0.00018</Y>
          <Y t="6">0.0002</Y>
          <Y t="7">0.00024</Y>
          <Y t="8">0.00028</Y>
          <Y t="9">0.00034</Y>
          <Y t="10">0.00039</Y>
          <Y t="11">0.00043</Y>
          <Y t="12">0.00046</Y>
          <Y t="13">0.0005</Y>
          <Y t="14">0.00056</Y>
          <Y t="15">0.00064</Y>
          <Y t="16">0.00073</Y>
          <Y t="17">0.00081</Y>
          <Y t="18">0.00089</Y>
          <Y t="19">0.00098</Y>
          <Y t="20">0.0011</Y>
          <Y t="21">0.00125</Y>
          <Y t="22">0.00143</Y>
          <Y t="23">0.00162</Y>
          <Y t="24">0.00182</Y>
          <Y t="25">0.00201</Y>
        </Axis>
      </Axis>
      <Axis t="33">
        <Axis>
          <Y t="1">8E-05</Y>
          <Y t="2">0.0001</Y>
          <Y t="3">0.00015</Y>
          <Y t="4">0.00017</Y>
          <Y t="5">0.00019</Y>
          <Y t="6">0.00022</Y>
          <Y t="7">0.00025</Y>
          <Y t="8">0.0003</Y>
          <Y t="9">0.00036</Y>
          <Y t="10">0.00041</Y>
          <Y t="11">0.00043</Y>
          <Y t="12">0.00046</Y>
          <Y t="13">0.00052</Y>
          <Y t="14">0.00059</Y>
          <Y t="15">0.00067</Y>
          <Y t="16">0.00076</Y>
          <Y t="17">0.00085</Y>
          <Y t="18">0.00093</Y>
          <Y t="19">0.00103</Y>
          <Y t="20">0.00117</Y>
          <Y t="21">0.00133</Y>
          <Y t="22">0.00152</Y>
          <Y t="23">0.00173</Y>
          <Y t="24">0.00193</Y>
          <Y t="25">0.00211</Y>
        </Axis>
      </Axis>
      <Axis t="34">
        <Axis>
          <Y t="1">8E-05</Y>
          <Y t="2">0.0001</Y>
          <Y t="3">0.00015</Y>
          <Y t="4">0.00018</Y>
          <Y t="5">0.0002</Y>
          <Y t="6">0.00023</Y>
          <Y t="7">0.00027</Y>
          <Y t="8">0.00032</Y>
          <Y t="9">0.00037</Y>
          <Y t="10">0.00041</Y>
          <Y t="11">0.00044</Y>
          <Y t="12">0.00048</Y>
          <Y t="13">0.00055</Y>
          <Y t="14">0.00062</Y>
          <Y t="15">0.0007</Y>
          <Y t="16">0.00079</Y>
          <Y t="17">0.00088</Y>
          <Y t="18">0.00098</Y>
          <Y t="19">0.00109</Y>
          <Y t="20">0.00124</Y>
          <Y t="21">0.00143</Y>
          <Y t="22">0.00164</Y>
          <Y t="23">0.00185</Y>
          <Y t="24">0.00204</Y>
          <Y t="25">0.00223</Y>
        </Axis>
      </Axis>
      <Axis t="35">
        <Axis>
          <Y t="1">8E-05</Y>
          <Y t="2">0.0001</Y>
          <Y t="3">0.00016</Y>
          <Y t="4">0.00019</Y>
          <Y t="5">0.00022</Y>
          <Y t="6">0.00025</Y>
          <Y t="7">0.00028</Y>
          <Y t="8">0.00034</Y>
          <Y t="9">0.00039</Y>
          <Y t="10">0.00042</Y>
          <Y t="11">0.00046</Y>
          <Y t="12">0.00051</Y>
          <Y t="13">0.00058</Y>
          <Y t="14">0.00066</Y>
          <Y t="15">0.00074</Y>
          <Y t="16">0.00083</Y>
          <Y t="17">0.00093</Y>
          <Y t="18">0.00103</Y>
          <Y t="19">0.00116</Y>
          <Y t="20">0.00134</Y>
          <Y t="21">0.00154</Y>
          <Y t="22">0.00176</Y>
          <Y t="23">0.00198</Y>
          <Y t="24">0.00218</Y>
          <Y t="25">0.00238</Y>
        </Axis>
      </Axis>
      <Axis t="36">
        <Axis>
          <Y t="1">8E-05</Y>
          <Y t="2">0.00011</Y>
          <Y t="3">0.00017</Y>
          <Y t="4">0.0002</Y>
          <Y t="5">0.00024</Y>
          <Y t="6">0.00027</Y>
          <Y t="7">0.00031</Y>
          <Y t="8">0.00036</Y>
          <Y t="9">0.0004</Y>
          <Y t="10">0.00044</Y>
          <Y t="11">0.00049</Y>
          <Y t="12">0.00055</Y>
          <Y t="13">0.00062</Y>
          <Y t="14">0.0007</Y>
          <Y t="15">0.00078</Y>
          <Y t="16">0.00088</Y>
          <Y t="17">0.00098</Y>
          <Y t="18">0.0011</Y>
          <Y t="19">0.00125</Y>
          <Y t="20">0.00145</Y>
          <Y t="21">0.00168</Y>
          <Y t="22">0.00191</Y>
          <Y t="23">0.00213</Y>
          <Y t="24">0.00234</Y>
          <Y t="25">0.00258</Y>
        </Axis>
      </Axis>
      <Axis t="37">
        <Axis>
          <Y t="1">8E-05</Y>
          <Y t="2">0.00011</Y>
          <Y t="3">0.00018</Y>
          <Y t="4">0.00022</Y>
          <Y t="5">0.00025</Y>
          <Y t="6">0.00029</Y>
          <Y t="7">0.00034</Y>
          <Y t="8">0.00038</Y>
          <Y t="9">0.00042</Y>
          <Y t="10">0.00047</Y>
          <Y t="11">0.00053</Y>
          <Y t="12">0.00059</Y>
          <Y t="13">0.00067</Y>
          <Y t="14">0.00075</Y>
          <Y t="15">0.00084</Y>
          <Y t="16">0.00094</Y>
          <Y t="17">0.00105</Y>
          <Y t="18">0.00119</Y>
          <Y t="19">0.00137</Y>
          <Y t="20">0.0016</Y>
          <Y t="21">0.00184</Y>
          <Y t="22">0.00208</Y>
          <Y t="23">0.0023</Y>
          <Y t="24">0.00254</Y>
          <Y t="25">0.00284</Y>
        </Axis>
      </Axis>
      <Axis t="38">
        <Axis>
          <Y t="1">8E-05</Y>
          <Y t="2">0.00013</Y>
          <Y t="3">0.0002</Y>
          <Y t="4">0.00023</Y>
          <Y t="5">0.00027</Y>
          <Y t="6">0.00031</Y>
          <Y t="7">0.00036</Y>
          <Y t="8">0.0004</Y>
          <Y t="9">0.00045</Y>
          <Y t="10">0.00051</Y>
          <Y t="11">0.00058</Y>
          <Y t="12">0.00064</Y>
          <Y t="13">0.00072</Y>
          <Y t="14">0.00081</Y>
          <Y t="15">0.0009</Y>
          <Y t="16">0.00101</Y>
          <Y t="17">0.00114</Y>
          <Y t="18">0.00131</Y>
          <Y t="19">0.00153</Y>
          <Y t="20">0.00178</Y>
          <Y t="21">0.00203</Y>
          <Y t="22">0.00227</Y>
          <Y t="23">0.00251</Y>
          <Y t="24">0.00279</Y>
          <Y t="25">0.00315</Y>
        </Axis>
      </Axis>
      <Axis t="39">
        <Axis>
          <Y t="1">8E-05</Y>
          <Y t="2">0.00014</Y>
          <Y t="3">0.00021</Y>
          <Y t="4">0.00025</Y>
          <Y t="5">0.00029</Y>
          <Y t="6">0.00034</Y>
          <Y t="7">0.00038</Y>
          <Y t="8">0.00042</Y>
          <Y t="9">0.00048</Y>
          <Y t="10">0.00056</Y>
          <Y t="11">0.00063</Y>
          <Y t="12">0.0007</Y>
          <Y t="13">0.00079</Y>
          <Y t="14">0.00088</Y>
          <Y t="15">0.00098</Y>
          <Y t="16">0.00111</Y>
          <Y t="17">0.00126</Y>
          <Y t="18">0.00146</Y>
          <Y t="19">0.00171</Y>
          <Y t="20">0.00198</Y>
          <Y t="21">0.00224</Y>
          <Y t="22">0.00248</Y>
          <Y t="23">0.00275</Y>
          <Y t="24">0.00309</Y>
          <Y t="25">0.00353</Y>
        </Axis>
      </Axis>
      <Axis t="40">
        <Axis>
          <Y t="1">9E-05</Y>
          <Y t="2">0.00017</Y>
          <Y t="3">0.00023</Y>
          <Y t="4">0.00027</Y>
          <Y t="5">0.00031</Y>
          <Y t="6">0.00036</Y>
          <Y t="7">0.0004</Y>
          <Y t="8">0.00046</Y>
          <Y t="9">0.00053</Y>
          <Y t="10">0.00061</Y>
          <Y t="11">0.00068</Y>
          <Y t="12">0.00076</Y>
          <Y t="13">0.00086</Y>
          <Y t="14">0.00097</Y>
          <Y t="15">0.00108</Y>
          <Y t="16">0.00123</Y>
          <Y t="17">0.00142</Y>
          <Y t="18">0.00166</Y>
          <Y t="19">0.00193</Y>
          <Y t="20">0.00221</Y>
          <Y t="21">0.00246</Y>
          <Y t="22">0.00273</Y>
          <Y t="23">0.00303</Y>
          <Y t="24">0.00346</Y>
          <Y t="25">0.00395</Y>
        </Axis>
      </Axis>
      <Axis t="41">
        <Axis>
          <Y t="1">0.0001</Y>
          <Y t="2">0.00019</Y>
          <Y t="3">0.00025</Y>
          <Y t="4">0.00029</Y>
          <Y t="5">0.00034</Y>
          <Y t="6">0.00038</Y>
          <Y t="7">0.00043</Y>
          <Y t="8">0.00049</Y>
          <Y t="9">0.00057</Y>
          <Y t="10">0.00066</Y>
          <Y t="11">0.00074</Y>
          <Y t="12">0.00083</Y>
          <Y t="13">0.00094</Y>
          <Y t="14">0.00107</Y>
          <Y t="15">0.0012</Y>
          <Y t="16">0.00138</Y>
          <Y t="17">0.00161</Y>
          <Y t="18">0.00188</Y>
          <Y t="19">0.00218</Y>
          <Y t="20">0.00245</Y>
          <Y t="21">0.00271</Y>
          <Y t="22">0.00299</Y>
          <Y t="23">0.00337</Y>
          <Y t="24">0.00386</Y>
          <Y t="25">0.0044</Y>
        </Axis>
      </Axis>
      <Axis t="42">
        <Axis>
          <Y t="1">0.00012</Y>
          <Y t="2">0.00021</Y>
          <Y t="3">0.00026</Y>
          <Y t="4">0.00031</Y>
          <Y t="5">0.00036</Y>
          <Y t="6">0.0004</Y>
          <Y t="7">0.00046</Y>
          <Y t="8">0.00053</Y>
          <Y t="9">0.00062</Y>
          <Y t="10">0.00071</Y>
          <Y t="11">0.0008</Y>
          <Y t="12">0.0009</Y>
          <Y t="13">0.00104</Y>
          <Y t="14">0.00118</Y>
          <Y t="15">0.00134</Y>
          <Y t="16">0.00156</Y>
          <Y t="17">0.00183</Y>
          <Y t="18">0.00214</Y>
          <Y t="19">0.00243</Y>
          <Y t="20">0.0027</Y>
          <Y t="21">0.00297</Y>
          <Y t="22">0.00331</Y>
          <Y t="23">0.00376</Y>
          <Y t="24">0.0043</Y>
          <Y t="25">0.00492</Y>
        </Axis>
      </Axis>
      <Axis t="43">
        <Axis>
          <Y t="1">0.00014</Y>
          <Y t="2">0.00022</Y>
          <Y t="3">0.00028</Y>
          <Y t="4">0.00034</Y>
          <Y t="5">0.00039</Y>
          <Y t="6">0.00043</Y>
          <Y t="7">0.00049</Y>
          <Y t="8">0.00058</Y>
          <Y t="9">0.00068</Y>
          <Y t="10">0.00077</Y>
          <Y t="11">0.00087</Y>
          <Y t="12">0.00099</Y>
          <Y t="13">0.00115</Y>
          <Y t="14">0.00132</Y>
          <Y t="15">0.00151</Y>
          <Y t="16">0.00176</Y>
          <Y t="17">0.00208</Y>
          <Y t="18">0.0024</Y>
          <Y t="19">0.00269</Y>
          <Y t="20">0.00296</Y>
          <Y t="21">0.00327</Y>
          <Y t="22">0.00369</Y>
          <Y t="23">0.00422</Y>
          <Y t="24">0.00484</Y>
          <Y t="25">0.00553</Y>
        </Axis>
      </Axis>
      <Axis t="44">
        <Axis>
          <Y t="1">0.00017</Y>
          <Y t="2">0.00024</Y>
          <Y t="3">0.0003</Y>
          <Y t="4">0.00037</Y>
          <Y t="5">0.00041</Y>
          <Y t="6">0.00046</Y>
          <Y t="7">0.00054</Y>
          <Y t="8">0.00064</Y>
          <Y t="9">0.00074</Y>
          <Y t="10">0.00084</Y>
          <Y t="11">0.00095</Y>
          <Y t="12">0.0011</Y>
          <Y t="13">0.00128</Y>
          <Y t="14">0.00147</Y>
          <Y t="15">0.0017</Y>
          <Y t="16">0.00199</Y>
          <Y t="17">0.00234</Y>
          <Y t="18">0.00267</Y>
          <Y t="19">0.00295</Y>
          <Y t="20">0.00325</Y>
          <Y t="21">0.00362</Y>
          <Y t="22">0.00416</Y>
          <Y t="23">0.00478</Y>
          <Y t="24">0.00548</Y>
          <Y t="25">0.00625</Y>
        </Axis>
      </Axis>
      <Axis t="45">
        <Axis>
          <Y t="1">0.00019</Y>
          <Y t="2">0.00025</Y>
          <Y t="3">0.00033</Y>
          <Y t="4">0.00041</Y>
          <Y t="5">0.00045</Y>
          <Y t="6">0.00051</Y>
          <Y t="7">0.0006</Y>
          <Y t="8">0.00071</Y>
          <Y t="9">0.0008</Y>
          <Y t="10">0.00092</Y>
          <Y t="11">0.00106</Y>
          <Y t="12">0.00123</Y>
          <Y t="13">0.00143</Y>
          <Y t="14">0.00165</Y>
          <Y t="15">0.00191</Y>
          <Y t="16">0.00224</Y>
          <Y t="17">0.00261</Y>
          <Y t="18">0.00295</Y>
          <Y t="19">0.00325</Y>
          <Y t="20">0.0036</Y>
          <Y t="21">0.00405</Y>
          <Y t="22">0.00473</Y>
          <Y t="23">0.00545</Y>
          <Y t="24">0.00623</Y>
          <Y t="25">0.00712</Y>
        </Axis>
      </Axis>
      <Axis t="46">
        <Axis>
          <Y t="1">0.00022</Y>
          <Y t="2">0.00026</Y>
          <Y t="3">0.00036</Y>
          <Y t="4">0.00044</Y>
          <Y t="5">0.00049</Y>
          <Y t="6">0.00057</Y>
          <Y t="7">0.00068</Y>
          <Y t="8">0.00078</Y>
          <Y t="9">0.00088</Y>
          <Y t="10">0.00102</Y>
          <Y t="11">0.00119</Y>
          <Y t="12">0.00138</Y>
          <Y t="13">0.00159</Y>
          <Y t="14">0.00183</Y>
          <Y t="15">0.00213</Y>
          <Y t="16">0.0025</Y>
          <Y t="17">0.0029</Y>
          <Y t="18">0.00324</Y>
          <Y t="19">0.00359</Y>
          <Y t="20">0.004</Y>
          <Y t="21">0.00458</Y>
          <Y t="22">0.0054</Y>
          <Y t="23">0.0062</Y>
          <Y t="24">0.0071</Y>
          <Y t="25">0.00813</Y>
        </Axis>
      </Axis>
      <Axis t="47">
        <Axis>
          <Y t="1">0.00024</Y>
          <Y t="2">0.00028</Y>
          <Y t="3">0.00039</Y>
          <Y t="4">0.00048</Y>
          <Y t="5">0.00055</Y>
          <Y t="6">0.00065</Y>
          <Y t="7">0.00076</Y>
          <Y t="8">0.00086</Y>
          <Y t="9">0.00097</Y>
          <Y t="10">0.00114</Y>
          <Y t="11">0.00134</Y>
          <Y t="12">0.00154</Y>
          <Y t="13">0.00177</Y>
          <Y t="14">0.00203</Y>
          <Y t="15">0.00237</Y>
          <Y t="16">0.00278</Y>
          <Y t="17">0.0032</Y>
          <Y t="18">0.00358</Y>
          <Y t="19">0.00397</Y>
          <Y t="20">0.00448</Y>
          <Y t="21">0.00521</Y>
          <Y t="22">0.00618</Y>
          <Y t="23">0.00708</Y>
          <Y t="24">0.00811</Y>
          <Y t="25">0.00931</Y>
        </Axis>
      </Axis>
      <Axis t="48">
        <Axis>
          <Y t="1">0.00026</Y>
          <Y t="2">0.0003</Y>
          <Y t="3">0.00043</Y>
          <Y t="4">0.00053</Y>
          <Y t="5">0.00062</Y>
          <Y t="6">0.00074</Y>
          <Y t="7">0.00085</Y>
          <Y t="8">0.00095</Y>
          <Y t="9">0.00108</Y>
          <Y t="10">0.00129</Y>
          <Y t="11">0.00151</Y>
          <Y t="12">0.00172</Y>
          <Y t="13">0.00196</Y>
          <Y t="14">0.00225</Y>
          <Y t="15">0.00262</Y>
          <Y t="16">0.00307</Y>
          <Y t="17">0.00353</Y>
          <Y t="18">0.00395</Y>
          <Y t="19">0.00442</Y>
          <Y t="20">0.00506</Y>
          <Y t="21">0.00596</Y>
          <Y t="22">0.00706</Y>
          <Y t="23">0.0081</Y>
          <Y t="24">0.00929</Y>
          <Y t="25">0.01071</Y>
        </Axis>
      </Axis>
      <Axis t="49">
        <Axis>
          <Y t="1">0.00027</Y>
          <Y t="2">0.00033</Y>
          <Y t="3">0.00048</Y>
          <Y t="4">0.00058</Y>
          <Y t="5">0.0007</Y>
          <Y t="6">0.00083</Y>
          <Y t="7">0.00093</Y>
          <Y t="8">0.00104</Y>
          <Y t="9">0.00122</Y>
          <Y t="10">0.00146</Y>
          <Y t="11">0.00169</Y>
          <Y t="12">0.0019</Y>
          <Y t="13">0.00215</Y>
          <Y t="14">0.00248</Y>
          <Y t="15">0.0029</Y>
          <Y t="16">0.0034</Y>
          <Y t="17">0.0039</Y>
          <Y t="18">0.00437</Y>
          <Y t="19">0.00495</Y>
          <Y t="20">0.00573</Y>
          <Y t="21">0.00681</Y>
          <Y t="22">0.00804</Y>
          <Y t="23">0.00926</Y>
          <Y t="24">0.01069</Y>
          <Y t="25">0.01237</Y>
        </Axis>
      </Axis>
      <Axis t="50">
        <Axis>
          <Y t="1">0.00027</Y>
          <Y t="2">0.00038</Y>
          <Y t="3">0.00053</Y>
          <Y t="4">0.00064</Y>
          <Y t="5">0.00079</Y>
          <Y t="6">0.00091</Y>
          <Y t="7">0.00102</Y>
          <Y t="8">0.00115</Y>
          <Y t="9">0.00137</Y>
          <Y t="10">0.00165</Y>
          <Y t="11">0.00189</Y>
          <Y t="12">0.00211</Y>
          <Y t="13">0.00237</Y>
          <Y t="14">0.00275</Y>
          <Y t="15">0.00323</Y>
          <Y t="16">0.00377</Y>
          <Y t="17">0.00431</Y>
          <Y t="18">0.00486</Y>
          <Y t="19">0.00557</Y>
          <Y t="20">0.00653</Y>
          <Y t="21">0.00775</Y>
          <Y t="22">0.00909</Y>
          <Y t="23">0.01054</Y>
          <Y t="24">0.01227</Y>
          <Y t="25">0.01428</Y>
        </Axis>
      </Axis>
      <Axis t="51">
        <Axis>
          <Y t="1">0.00027</Y>
          <Y t="2">0.00043</Y>
          <Y t="3">0.00059</Y>
          <Y t="4">0.00072</Y>
          <Y t="5">0.00088</Y>
          <Y t="6">0.00099</Y>
          <Y t="7">0.0011</Y>
          <Y t="8">0.00127</Y>
          <Y t="9">0.00155</Y>
          <Y t="10">0.00186</Y>
          <Y t="11">0.0021</Y>
          <Y t="12">0.00235</Y>
          <Y t="13">0.00264</Y>
          <Y t="14">0.00309</Y>
          <Y t="15">0.00363</Y>
          <Y t="16">0.00422</Y>
          <Y t="17">0.00481</Y>
          <Y t="18">0.00546</Y>
          <Y t="19">0.00633</Y>
          <Y t="20">0.00746</Y>
          <Y t="21">0.00882</Y>
          <Y t="22">0.01029</Y>
          <Y t="23">0.01198</Y>
          <Y t="24">0.01401</Y>
          <Y t="25">0.01638</Y>
        </Axis>
      </Axis>
      <Axis t="52">
        <Axis>
          <Y t="1">0.00028</Y>
          <Y t="2">0.00049</Y>
          <Y t="3">0.00066</Y>
          <Y t="4">0.00082</Y>
          <Y t="5">0.00097</Y>
          <Y t="6">0.00107</Y>
          <Y t="7">0.0012</Y>
          <Y t="8">0.00142</Y>
          <Y t="9">0.00176</Y>
          <Y t="10">0.00208</Y>
          <Y t="11">0.00233</Y>
          <Y t="12">0.00262</Y>
          <Y t="13">0.00297</Y>
          <Y t="14">0.00351</Y>
          <Y t="15">0.00412</Y>
          <Y t="16">0.00477</Y>
          <Y t="17">0.00544</Y>
          <Y t="18">0.00626</Y>
          <Y t="19">0.00725</Y>
          <Y t="20">0.00855</Y>
          <Y t="21">0.01007</Y>
          <Y t="22">0.01172</Y>
          <Y t="23">0.01366</Y>
          <Y t="24">0.01602</Y>
          <Y t="25">0.01876</Y>
        </Axis>
      </Axis>
      <Axis t="53">
        <Axis>
          <Y t="1">0.00028</Y>
          <Y t="2">0.00056</Y>
          <Y t="3">0.00075</Y>
          <Y t="4">0.00093</Y>
          <Y t="5">0.00105</Y>
          <Y t="6">0.00116</Y>
          <Y t="7">0.00133</Y>
          <Y t="8">0.0016</Y>
          <Y t="9">0.00198</Y>
          <Y t="10">0.00232</Y>
          <Y t="11">0.0026</Y>
          <Y t="12">0.00292</Y>
          <Y t="13">0.0034</Y>
          <Y t="14">0.00404</Y>
          <Y t="15">0.00472</Y>
          <Y t="16">0.00544</Y>
          <Y t="17">0.00625</Y>
          <Y t="18">0.00721</Y>
          <Y t="19">0.00837</Y>
          <Y t="20">0.00983</Y>
          <Y t="21">0.01151</Y>
          <Y t="22">0.0135</Y>
          <Y t="23">0.01582</Y>
          <Y t="24">0.01853</Y>
          <Y t="25">0.02157</Y>
        </Axis>
      </Axis>
      <Axis t="54">
        <Axis>
          <Y t="1">0.00029</Y>
          <Y t="2">0.00061</Y>
          <Y t="3">0.00084</Y>
          <Y t="4">0.00104</Y>
          <Y t="5">0.00115</Y>
          <Y t="6">0.00127</Y>
          <Y t="7">0.00147</Y>
          <Y t="8">0.00182</Y>
          <Y t="9">0.00223</Y>
          <Y t="10">0.00259</Y>
          <Y t="11">0.00291</Y>
          <Y t="12">0.00333</Y>
          <Y t="13">0.00396</Y>
          <Y t="14">0.00469</Y>
          <Y t="15">0.00543</Y>
          <Y t="16">0.00623</Y>
          <Y t="17">0.00717</Y>
          <Y t="18">0.00829</Y>
          <Y t="19">0.00972</Y>
          <Y t="20">0.01139</Y>
          <Y t="21">0.01329</Y>
          <Y t="22">0.01568</Y>
          <Y t="23">0.01841</Y>
          <Y t="24">0.0215</Y>
          <Y t="25">0.02517</Y>
        </Axis>
      </Axis>
      <Axis t="55">
        <Axis>
          <Y t="1">0.00032</Y>
          <Y t="2">0.00065</Y>
          <Y t="3">0.00094</Y>
          <Y t="4">0.00113</Y>
          <Y t="5">0.00125</Y>
          <Y t="6">0.00139</Y>
          <Y t="7">0.00167</Y>
          <Y t="8">0.00209</Y>
          <Y t="9">0.00251</Y>
          <Y t="10">0.0029</Y>
          <Y t="11">0.00331</Y>
          <Y t="12">0.00387</Y>
          <Y t="13">0.00461</Y>
          <Y t="14">0.00541</Y>
          <Y t="15">0.00621</Y>
          <Y t="16">0.00714</Y>
          <Y t="17">0.00824</Y>
          <Y t="18">0.00961</Y>
          <Y t="19">0.01131</Y>
          <Y t="20">0.01324</Y>
          <Y t="21">0.01549</Y>
          <Y t="22">0.01826</Y>
          <Y t="23">0.02139</Y>
          <Y t="24">0.02514</Y>
          <Y t="25">0.02933</Y>
        </Axis>
      </Axis>
      <Axis t="56">
        <Axis>
          <Y t="1">0.00038</Y>
          <Y t="2">0.00068</Y>
          <Y t="3">0.00105</Y>
          <Y t="4">0.00123</Y>
          <Y t="5">0.00137</Y>
          <Y t="6">0.00156</Y>
          <Y t="7">0.00193</Y>
          <Y t="8">0.00239</Y>
          <Y t="9">0.00283</Y>
          <Y t="10">0.00326</Y>
          <Y t="11">0.00379</Y>
          <Y t="12">0.00451</Y>
          <Y t="13">0.00536</Y>
          <Y t="14">0.0062</Y>
          <Y t="15">0.00709</Y>
          <Y t="16">0.00819</Y>
          <Y t="17">0.00954</Y>
          <Y t="18">0.01117</Y>
          <Y t="19">0.01313</Y>
          <Y t="20">0.01537</Y>
          <Y t="21">0.01799</Y>
          <Y t="22">0.02114</Y>
          <Y t="23">0.02486</Y>
          <Y t="24">0.02933</Y>
          <Y t="25">0.03376</Y>
        </Axis>
      </Axis>
      <Axis t="57">
        <Axis>
          <Y t="1">0.00047</Y>
          <Y t="2">0.00071</Y>
          <Y t="3">0.00115</Y>
          <Y t="4">0.00135</Y>
          <Y t="5">0.00152</Y>
          <Y t="6">0.00178</Y>
          <Y t="7">0.00223</Y>
          <Y t="8">0.00272</Y>
          <Y t="9">0.00317</Y>
          <Y t="10">0.0037</Y>
          <Y t="11">0.00437</Y>
          <Y t="12">0.00523</Y>
          <Y t="13">0.00617</Y>
          <Y t="14">0.00707</Y>
          <Y t="15">0.0081</Y>
          <Y t="16">0.00942</Y>
          <Y t="17">0.01108</Y>
          <Y t="18">0.013</Y>
          <Y t="19">0.01525</Y>
          <Y t="20">0.01783</Y>
          <Y t="21">0.02093</Y>
          <Y t="22">0.02461</Y>
          <Y t="23">0.02906</Y>
          <Y t="24">0.03376</Y>
          <Y t="25">0.03878</Y>
        </Axis>
      </Axis>
      <Axis t="58">
        <Axis>
          <Y t="1">0.00058</Y>
          <Y t="2">0.00076</Y>
          <Y t="3">0.00123</Y>
          <Y t="4">0.00148</Y>
          <Y t="5">0.00168</Y>
          <Y t="6">0.00205</Y>
          <Y t="7">0.00256</Y>
          <Y t="8">0.00306</Y>
          <Y t="9">0.00356</Y>
          <Y t="10">0.0042</Y>
          <Y t="11">0.00502</Y>
          <Y t="12">0.006</Y>
          <Y t="13">0.00703</Y>
          <Y t="14">0.00809</Y>
          <Y t="15">0.0093</Y>
          <Y t="16">0.01087</Y>
          <Y t="17">0.01287</Y>
          <Y t="18">0.01512</Y>
          <Y t="19">0.01766</Y>
          <Y t="20">0.0206</Y>
          <Y t="21">0.02427</Y>
          <Y t="22">0.02857</Y>
          <Y t="23">0.03376</Y>
          <Y t="24">0.03878</Y>
          <Y t="25">0.04455</Y>
        </Axis>
      </Axis>
      <Axis t="59">
        <Axis>
          <Y t="1">0.0007</Y>
          <Y t="2">0.00083</Y>
          <Y t="3">0.00131</Y>
          <Y t="4">0.00159</Y>
          <Y t="5">0.00186</Y>
          <Y t="6">0.00235</Y>
          <Y t="7">0.0029</Y>
          <Y t="8">0.00342</Y>
          <Y t="9">0.004</Y>
          <Y t="10">0.00478</Y>
          <Y t="11">0.00577</Y>
          <Y t="12">0.00685</Y>
          <Y t="13">0.008</Y>
          <Y t="14">0.00921</Y>
          <Y t="15">0.01064</Y>
          <Y t="16">0.01254</Y>
          <Y t="17">0.01492</Y>
          <Y t="18">0.01753</Y>
          <Y t="19">0.02046</Y>
          <Y t="20">0.02394</Y>
          <Y t="21">0.02817</Y>
          <Y t="22">0.03332</Y>
          <Y t="23">0.03878</Y>
          <Y t="24">0.04455</Y>
          <Y t="25">0.05125</Y>
        </Axis>
      </Axis>
      <Axis t="60">
        <Axis>
          <Y t="1">0.00081</Y>
          <Y t="2">0.00093</Y>
          <Y t="3">0.00138</Y>
          <Y t="4">0.00167</Y>
          <Y t="5">0.00208</Y>
          <Y t="6">0.00266</Y>
          <Y t="7">0.00323</Y>
          <Y t="8">0.00379</Y>
          <Y t="9">0.00448</Y>
          <Y t="10">0.00543</Y>
          <Y t="11">0.00656</Y>
          <Y t="12">0.00776</Y>
          <Y t="13">0.00902</Y>
          <Y t="14">0.01039</Y>
          <Y t="15">0.01214</Y>
          <Y t="16">0.01444</Y>
          <Y t="17">0.01723</Y>
          <Y t="18">0.02026</Y>
          <Y t="19">0.02371</Y>
          <Y t="20">0.02783</Y>
          <Y t="21">0.03271</Y>
          <Y t="22">0.03878</Y>
          <Y t="23">0.04455</Y>
          <Y t="24">0.05125</Y>
          <Y t="25">0.0591</Y>
        </Axis>
      </Axis>
      <Axis t="61">
        <Axis>
          <Y t="1">0.00089</Y>
          <Y t="2">0.00107</Y>
          <Y t="3">0.00148</Y>
          <Y t="4">0.00179</Y>
          <Y t="5">0.00233</Y>
          <Y t="6">0.00297</Y>
          <Y t="7">0.00356</Y>
          <Y t="8">0.00419</Y>
          <Y t="9">0.00502</Y>
          <Y t="10">0.00613</Y>
          <Y t="11">0.00736</Y>
          <Y t="12">0.00867</Y>
          <Y t="13">0.01006</Y>
          <Y t="14">0.01171</Y>
          <Y t="15">0.01386</Y>
          <Y t="16">0.01659</Y>
          <Y t="17">0.01982</Y>
          <Y t="18">0.02338</Y>
          <Y t="19">0.02752</Y>
          <Y t="20">0.03232</Y>
          <Y t="21">0.03823</Y>
          <Y t="22">0.04455</Y>
          <Y t="23">0.05125</Y>
          <Y t="24">0.0591</Y>
          <Y t="25">0.06828</Y>
        </Axis>
      </Axis>
      <Axis t="62">
        <Axis>
          <Y t="1">0.00095</Y>
          <Y t="2">0.00125</Y>
          <Y t="3">0.00161</Y>
          <Y t="4">0.00197</Y>
          <Y t="5">0.00262</Y>
          <Y t="6">0.00329</Y>
          <Y t="7">0.00391</Y>
          <Y t="8">0.00464</Y>
          <Y t="9">0.00563</Y>
          <Y t="10">0.00688</Y>
          <Y t="11">0.00822</Y>
          <Y t="12">0.00964</Y>
          <Y t="13">0.01124</Y>
          <Y t="14">0.01324</Y>
          <Y t="15">0.01581</Y>
          <Y t="16">0.01901</Y>
          <Y t="17">0.02274</Y>
          <Y t="18">0.02687</Y>
          <Y t="19">0.03176</Y>
          <Y t="20">0.03734</Y>
          <Y t="21">0.04455</Y>
          <Y t="22">0.05125</Y>
          <Y t="23">0.0591</Y>
          <Y t="24">0.06828</Y>
          <Y t="25">0.07896</Y>
        </Axis>
      </Axis>
      <Axis t="63">
        <Axis>
          <Y t="1">0.00099</Y>
          <Y t="2">0.00144</Y>
          <Y t="3">0.00179</Y>
          <Y t="4">0.00224</Y>
          <Y t="5">0.00297</Y>
          <Y t="6">0.00363</Y>
          <Y t="7">0.0043</Y>
          <Y t="8">0.00516</Y>
          <Y t="9">0.00632</Y>
          <Y t="10">0.00771</Y>
          <Y t="11">0.00915</Y>
          <Y t="12">0.01071</Y>
          <Y t="13">0.01257</Y>
          <Y t="14">0.01495</Y>
          <Y t="15">0.01797</Y>
          <Y t="16">0.02172</Y>
          <Y t="17">0.02611</Y>
          <Y t="18">0.03108</Y>
          <Y t="19">0.03682</Y>
          <Y t="20">0.04373</Y>
          <Y t="21">0.05125</Y>
          <Y t="22">0.0591</Y>
          <Y t="23">0.06828</Y>
          <Y t="24">0.07896</Y>
          <Y t="25">0.09123</Y>
        </Axis>
      </Axis>
      <Axis t="64">
        <Axis>
          <Y t="1">0.00105</Y>
          <Y t="2">0.00165</Y>
          <Y t="3">0.00203</Y>
          <Y t="4">0.00256</Y>
          <Y t="5">0.00336</Y>
          <Y t="6">0.00402</Y>
          <Y t="7">0.00477</Y>
          <Y t="8">0.00578</Y>
          <Y t="9">0.00711</Y>
          <Y t="10">0.00866</Y>
          <Y t="11">0.01021</Y>
          <Y t="12">0.01193</Y>
          <Y t="13">0.01411</Y>
          <Y t="14">0.0169</Y>
          <Y t="15">0.02037</Y>
          <Y t="16">0.02478</Y>
          <Y t="17">0.03006</Y>
          <Y t="18">0.03606</Y>
          <Y t="19">0.04301</Y>
          <Y t="20">0.05125</Y>
          <Y t="21">0.0591</Y>
          <Y t="22">0.06828</Y>
          <Y t="23">0.07896</Y>
          <Y t="24">0.09123</Y>
          <Y t="25">0.10495</Y>
        </Axis>
      </Axis>
      <Axis t="65">
        <Axis>
          <Y t="1">0.00111</Y>
          <Y t="2">0.00187</Y>
          <Y t="3">0.00232</Y>
          <Y t="4">0.00294</Y>
          <Y t="5">0.00382</Y>
          <Y t="6">0.00448</Y>
          <Y t="7">0.00534</Y>
          <Y t="8">0.00651</Y>
          <Y t="9">0.00802</Y>
          <Y t="10">0.00977</Y>
          <Y t="11">0.0115</Y>
          <Y t="12">0.01343</Y>
          <Y t="13">0.01598</Y>
          <Y t="14">0.0192</Y>
          <Y t="15">0.02315</Y>
          <Y t="16">0.02847</Y>
          <Y t="17">0.03506</Y>
          <Y t="18">0.04221</Y>
          <Y t="19">0.05056</Y>
          <Y t="20">0.0591</Y>
          <Y t="21">0.06828</Y>
          <Y t="22">0.07896</Y>
          <Y t="23">0.09123</Y>
          <Y t="24">0.10495</Y>
          <Y t="25">0.11987</Y>
        </Axis>
      </Axis>
      <Axis t="66">
        <Axis>
          <Y t="1">0.00118</Y>
          <Y t="2">0.00209</Y>
          <Y t="3">0.00266</Y>
          <Y t="4">0.00337</Y>
          <Y t="5">0.00435</Y>
          <Y t="6">0.00504</Y>
          <Y t="7">0.00602</Y>
          <Y t="8">0.00737</Y>
          <Y t="9">0.0091</Y>
          <Y t="10">0.01113</Y>
          <Y t="11">0.01314</Y>
          <Y t="12">0.01538</Y>
          <Y t="13">0.01835</Y>
          <Y t="14">0.02205</Y>
          <Y t="15">0.02652</Y>
          <Y t="16">0.03282</Y>
          <Y t="17">0.04092</Y>
          <Y t="18">0.04936</Y>
          <Y t="19">0.0591</Y>
          <Y t="20">0.06828</Y>
          <Y t="21">0.07896</Y>
          <Y t="22">0.09123</Y>
          <Y t="23">0.10495</Y>
          <Y t="24">0.11987</Y>
          <Y t="25">0.13595</Y>
        </Axis>
      </Axis>
      <Axis t="67">
        <Axis>
          <Y t="1">0.00128</Y>
          <Y t="2">0.0023</Y>
          <Y t="3">0.00303</Y>
          <Y t="4">0.00387</Y>
          <Y t="5">0.00489</Y>
          <Y t="6">0.00571</Y>
          <Y t="7">0.00682</Y>
          <Y t="8">0.00838</Y>
          <Y t="9">0.0104</Y>
          <Y t="10">0.01282</Y>
          <Y t="11">0.01522</Y>
          <Y t="12">0.01801</Y>
          <Y t="13">0.02135</Y>
          <Y t="14">0.02561</Y>
          <Y t="15">0.03066</Y>
          <Y t="16">0.03799</Y>
          <Y t="17">0.04748</Y>
          <Y t="18">0.05716</Y>
          <Y t="19">0.06828</Y>
          <Y t="20">0.07896</Y>
          <Y t="21">0.09123</Y>
          <Y t="22">0.10495</Y>
          <Y t="23">0.11987</Y>
          <Y t="24">0.13595</Y>
          <Y t="25">0.15284</Y>
        </Axis>
      </Axis>
      <Axis t="68">
        <Axis>
          <Y t="1">0.0014</Y>
          <Y t="2">0.00251</Y>
          <Y t="3">0.00345</Y>
          <Y t="4">0.00445</Y>
          <Y t="5">0.00549</Y>
          <Y t="6">0.00648</Y>
          <Y t="7">0.00774</Y>
          <Y t="8">0.00956</Y>
          <Y t="9">0.01209</Y>
          <Y t="10">0.01489</Y>
          <Y t="11">0.01786</Y>
          <Y t="12">0.02123</Y>
          <Y t="13">0.02512</Y>
          <Y t="14">0.03015</Y>
          <Y t="15">0.03594</Y>
          <Y t="16">0.04444</Y>
          <Y t="17">0.0552</Y>
          <Y t="18">0.06629</Y>
          <Y t="19">0.07896</Y>
          <Y t="20">0.09123</Y>
          <Y t="21">0.10495</Y>
          <Y t="22">0.11987</Y>
          <Y t="23">0.13595</Y>
          <Y t="24">0.15284</Y>
          <Y t="25">0.16994</Y>
        </Axis>
      </Axis>
      <Axis t="69">
        <Axis>
          <Y t="1">0.00154</Y>
          <Y t="2">0.00272</Y>
          <Y t="3">0.00388</Y>
          <Y t="4">0.00505</Y>
          <Y t="5">0.00618</Y>
          <Y t="6">0.00726</Y>
          <Y t="7">0.00874</Y>
          <Y t="8">0.01109</Y>
          <Y t="9">0.01398</Y>
          <Y t="10">0.01725</Y>
          <Y t="11">0.02104</Y>
          <Y t="12">0.02492</Y>
          <Y t="13">0.02989</Y>
          <Y t="14">0.03578</Y>
          <Y t="15">0.04319</Y>
          <Y t="16">0.05262</Y>
          <Y t="17">0.06497</Y>
          <Y t="18">0.07789</Y>
          <Y t="19">0.09123</Y>
          <Y t="20">0.10495</Y>
          <Y t="21">0.11987</Y>
          <Y t="22">0.13595</Y>
          <Y t="23">0.15284</Y>
          <Y t="24">0.16994</Y>
          <Y t="25">0.18679</Y>
        </Axis>
      </Axis>
      <Axis t="70">
        <Axis>
          <Y t="1">0.00167</Y>
          <Y t="2">0.0029</Y>
          <Y t="3">0.00429</Y>
          <Y t="4">0.00564</Y>
          <Y t="5">0.0068</Y>
          <Y t="6">0.00806</Y>
          <Y t="7">0.00998</Y>
          <Y t="8">0.01281</Y>
          <Y t="9">0.01591</Y>
          <Y t="10">0.01978</Y>
          <Y t="11">0.02464</Y>
          <Y t="12">0.02966</Y>
          <Y t="13">0.03552</Y>
          <Y t="14">0.0428</Y>
          <Y t="15">0.05095</Y>
          <Y t="16">0.06201</Y>
          <Y t="17">0.07624</Y>
          <Y t="18">0.09123</Y>
          <Y t="19">0.10495</Y>
          <Y t="20">0.11987</Y>
          <Y t="21">0.13595</Y>
          <Y t="22">0.15284</Y>
          <Y t="23">0.16994</Y>
          <Y t="24">0.18679</Y>
          <Y t="25">0.20266</Y>
        </Axis>
      </Axis>
      <Axis t="71">
        <Axis>
          <Y t="1">0.00181</Y>
          <Y t="2">0.00308</Y>
          <Y t="3">0.00471</Y>
          <Y t="4">0.00626</Y>
          <Y t="5">0.00748</Y>
          <Y t="6">0.00915</Y>
          <Y t="7">0.01148</Y>
          <Y t="8">0.01453</Y>
          <Y t="9">0.01821</Y>
          <Y t="10">0.02302</Y>
          <Y t="11">0.02914</Y>
          <Y t="12">0.03528</Y>
          <Y t="13">0.04231</Y>
          <Y t="14">0.05045</Y>
          <Y t="15">0.05885</Y>
          <Y t="16">0.07219</Y>
          <Y t="17">0.08826</Y>
          <Y t="18">0.10495</Y>
          <Y t="19">0.11987</Y>
          <Y t="20">0.13595</Y>
          <Y t="21">0.15284</Y>
          <Y t="22">0.16994</Y>
          <Y t="23">0.18679</Y>
          <Y t="24">0.20266</Y>
          <Y t="25">0.21845</Y>
        </Axis>
      </Axis>
      <Axis t="72">
        <Axis>
          <Y t="1">0.00198</Y>
          <Y t="2">0.0033</Y>
          <Y t="3">0.0052</Y>
          <Y t="4">0.00698</Y>
          <Y t="5">0.00849</Y>
          <Y t="6">0.01056</Y>
          <Y t="7">0.01318</Y>
          <Y t="8">0.01655</Y>
          <Y t="9">0.02122</Y>
          <Y t="10">0.02718</Y>
          <Y t="11">0.03475</Y>
          <Y t="12">0.04199</Y>
          <Y t="13">0.04999</Y>
          <Y t="14">0.05853</Y>
          <Y t="15">0.06998</Y>
          <Y t="16">0.08572</Y>
          <Y t="17">0.10333</Y>
          <Y t="18">0.11987</Y>
          <Y t="19">0.13595</Y>
          <Y t="20">0.15284</Y>
          <Y t="21">0.16994</Y>
          <Y t="22">0.18679</Y>
          <Y t="23">0.20266</Y>
          <Y t="24">0.21845</Y>
          <Y t="25">0.23554</Y>
        </Axis>
      </Axis>
      <Axis t="73">
        <Axis>
          <Y t="1">0.00219</Y>
          <Y t="2">0.00361</Y>
          <Y t="3">0.00583</Y>
          <Y t="4">0.00789</Y>
          <Y t="5">0.00979</Y>
          <Y t="6">0.0122</Y>
          <Y t="7">0.01529</Y>
          <Y t="8">0.01923</Y>
          <Y t="9">0.02497</Y>
          <Y t="10">0.03214</Y>
          <Y t="11">0.04155</Y>
          <Y t="12">0.04968</Y>
          <Y t="13">0.05821</Y>
          <Y t="14">0.06867</Y>
          <Y t="15">0.08351</Y>
          <Y t="16">0.10151</Y>
          <Y t="17">0.11987</Y>
          <Y t="18">0.13595</Y>
          <Y t="19">0.15284</Y>
          <Y t="20">0.16994</Y>
          <Y t="21">0.18679</Y>
          <Y t="22">0.20266</Y>
          <Y t="23">0.21845</Y>
          <Y t="24">0.23554</Y>
          <Y t="25">0.25392</Y>
        </Axis>
      </Axis>
      <Axis t="74">
        <Axis>
          <Y t="1">0.00244</Y>
          <Y t="2">0.00401</Y>
          <Y t="3">0.00659</Y>
          <Y t="4">0.00902</Y>
          <Y t="5">0.01127</Y>
          <Y t="6">0.01419</Y>
          <Y t="7">0.01792</Y>
          <Y t="8">0.02262</Y>
          <Y t="9">0.02954</Y>
          <Y t="10">0.03806</Y>
          <Y t="11">0.04936</Y>
          <Y t="12">0.05795</Y>
          <Y t="13">0.06806</Y>
          <Y t="14">0.08171</Y>
          <Y t="15">0.09837</Y>
          <Y t="16">0.11825</Y>
          <Y t="17">0.13595</Y>
          <Y t="18">0.15284</Y>
          <Y t="19">0.16994</Y>
          <Y t="20">0.18679</Y>
          <Y t="21">0.20266</Y>
          <Y t="22">0.21845</Y>
          <Y t="23">0.23554</Y>
          <Y t="24">0.25392</Y>
          <Y t="25">0.27364</Y>
        </Axis>
      </Axis>
      <Axis t="75">
        <Axis>
          <Y t="1">0.00268</Y>
          <Y t="2">0.00443</Y>
          <Y t="3">0.00741</Y>
          <Y t="4">0.01033</Y>
          <Y t="5">0.01303</Y>
          <Y t="6">0.01652</Y>
          <Y t="7">0.02093</Y>
          <Y t="8">0.02655</Y>
          <Y t="9">0.03475</Y>
          <Y t="10">0.0445</Y>
          <Y t="11">0.0572</Y>
          <Y t="12">0.06722</Y>
          <Y t="13">0.08059</Y>
          <Y t="14">0.09713</Y>
          <Y t="15">0.11696</Y>
          <Y t="16">0.13595</Y>
          <Y t="17">0.15284</Y>
          <Y t="18">0.16994</Y>
          <Y t="19">0.18679</Y>
          <Y t="20">0.20266</Y>
          <Y t="21">0.21845</Y>
          <Y t="22">0.23554</Y>
          <Y t="23">0.25392</Y>
          <Y t="24">0.27364</Y>
          <Y t="25">0.29431</Y>
        </Axis>
      </Axis>
      <Axis t="76">
        <Axis>
          <Y t="1">0.00285</Y>
          <Y t="2">0.00474</Y>
          <Y t="3">0.00805</Y>
          <Y t="4">0.01148</Y>
          <Y t="5">0.01474</Y>
          <Y t="6">0.01872</Y>
          <Y t="7">0.02383</Y>
          <Y t="8">0.03104</Y>
          <Y t="9">0.04041</Y>
          <Y t="10">0.05124</Y>
          <Y t="11">0.06572</Y>
          <Y t="12">0.07886</Y>
          <Y t="13">0.09579</Y>
          <Y t="14">0.11626</Y>
          <Y t="15">0.13595</Y>
          <Y t="16">0.15284</Y>
          <Y t="17">0.16994</Y>
          <Y t="18">0.18679</Y>
          <Y t="19">0.20266</Y>
          <Y t="20">0.21845</Y>
          <Y t="21">0.23554</Y>
          <Y t="22">0.25392</Y>
          <Y t="23">0.27364</Y>
          <Y t="24">0.29431</Y>
          <Y t="25">0.31552</Y>
        </Axis>
      </Axis>
      <Axis t="77">
        <Axis>
          <Y t="1">0.00299</Y>
          <Y t="2">0.00497</Y>
          <Y t="3">0.00855</Y>
          <Y t="4">0.01245</Y>
          <Y t="5">0.01621</Y>
          <Y t="6">0.02094</Y>
          <Y t="7">0.02676</Y>
          <Y t="8">0.03615</Y>
          <Y t="9">0.04666</Y>
          <Y t="10">0.05877</Y>
          <Y t="11">0.07668</Y>
          <Y t="12">0.09362</Y>
          <Y t="13">0.11313</Y>
          <Y t="14">0.13595</Y>
          <Y t="15">0.15284</Y>
          <Y t="16">0.16994</Y>
          <Y t="17">0.18679</Y>
          <Y t="18">0.20266</Y>
          <Y t="19">0.21845</Y>
          <Y t="20">0.23554</Y>
          <Y t="21">0.25392</Y>
          <Y t="22">0.27364</Y>
          <Y t="23">0.29431</Y>
          <Y t="24">0.31552</Y>
          <Y t="25">0.33699</Y>
        </Axis>
      </Axis>
      <Axis t="78">
        <Axis>
          <Y t="1">0.00312</Y>
          <Y t="2">0.00521</Y>
          <Y t="3">0.00909</Y>
          <Y t="4">0.01347</Y>
          <Y t="5">0.01773</Y>
          <Y t="6">0.02327</Y>
          <Y t="7">0.03007</Y>
          <Y t="8">0.04104</Y>
          <Y t="9">0.05283</Y>
          <Y t="10">0.06748</Y>
          <Y t="11">0.08965</Y>
          <Y t="12">0.1099</Y>
          <Y t="13">0.1332</Y>
          <Y t="14">0.15284</Y>
          <Y t="15">0.16994</Y>
          <Y t="16">0.18679</Y>
          <Y t="17">0.20266</Y>
          <Y t="18">0.21845</Y>
          <Y t="19">0.23554</Y>
          <Y t="20">0.25392</Y>
          <Y t="21">0.27364</Y>
          <Y t="22">0.29431</Y>
          <Y t="23">0.31552</Y>
          <Y t="24">0.33699</Y>
          <Y t="25">0.35854</Y>
        </Axis>
      </Axis>
      <Axis t="79">
        <Axis>
          <Y t="1">0.00323</Y>
          <Y t="2">0.00543</Y>
          <Y t="3">0.00964</Y>
          <Y t="4">0.01455</Y>
          <Y t="5">0.01933</Y>
          <Y t="6">0.02536</Y>
          <Y t="7">0.03353</Y>
          <Y t="8">0.04532</Y>
          <Y t="9">0.0589</Y>
          <Y t="10">0.07737</Y>
          <Y t="11">0.10421</Y>
          <Y t="12">0.13103</Y>
          <Y t="13">0.15284</Y>
          <Y t="14">0.16994</Y>
          <Y t="15">0.18679</Y>
          <Y t="16">0.20266</Y>
          <Y t="17">0.21845</Y>
          <Y t="18">0.23554</Y>
          <Y t="19">0.25392</Y>
          <Y t="20">0.27364</Y>
          <Y t="21">0.29431</Y>
          <Y t="22">0.31552</Y>
          <Y t="23">0.33699</Y>
          <Y t="24">0.35854</Y>
          <Y t="25">0.37981</Y>
        </Axis>
      </Axis>
      <Axis t="80">
        <Axis>
          <Y t="1">0.00342</Y>
          <Y t="2">0.0058</Y>
          <Y t="3">0.01054</Y>
          <Y t="4">0.01615</Y>
          <Y t="5">0.02148</Y>
          <Y t="6">0.02823</Y>
          <Y t="7">0.038</Y>
          <Y t="8">0.05076</Y>
          <Y t="9">0.06764</Y>
          <Y t="10">0.09043</Y>
          <Y t="11">0.12063</Y>
          <Y t="12">0.15284</Y>
          <Y t="13">0.16994</Y>
          <Y t="14">0.18679</Y>
          <Y t="15">0.20266</Y>
          <Y t="16">0.21845</Y>
          <Y t="17">0.23554</Y>
          <Y t="18">0.25392</Y>
          <Y t="19">0.27364</Y>
          <Y t="20">0.29431</Y>
          <Y t="21">0.31552</Y>
          <Y t="22">0.33699</Y>
          <Y t="23">0.35854</Y>
          <Y t="24">0.37981</Y>
          <Y t="25">0.40044</Y>
        </Axis>
      </Axis>
      <Axis t="81">
        <Axis>
          <Y t="1">0.00373</Y>
          <Y t="2">0.00639</Y>
          <Y t="3">0.01193</Y>
          <Y t="4">0.01844</Y>
          <Y t="5">0.02458</Y>
          <Y t="6">0.03228</Y>
          <Y t="7">0.04416</Y>
          <Y t="8">0.0597</Y>
          <Y t="9">0.08066</Y>
          <Y t="10">0.10981</Y>
          <Y t="11">0.14475</Y>
          <Y t="12">0.16994</Y>
          <Y t="13">0.18679</Y>
          <Y t="14">0.20266</Y>
          <Y t="15">0.21845</Y>
          <Y t="16">0.23554</Y>
          <Y t="17">0.25392</Y>
          <Y t="18">0.27364</Y>
          <Y t="19">0.29431</Y>
          <Y t="20">0.31552</Y>
          <Y t="21">0.33699</Y>
          <Y t="22">0.35854</Y>
          <Y t="23">0.37981</Y>
          <Y t="24">0.40044</Y>
          <Y t="25">0.42009</Y>
        </Axis>
      </Axis>
      <Axis t="82">
        <Axis>
          <Y t="1">0.00418</Y>
          <Y t="2">0.00726</Y>
          <Y t="3">0.01389</Y>
          <Y t="4">0.02157</Y>
          <Y t="5">0.02897</Y>
          <Y t="6">0.03807</Y>
          <Y t="7">0.05282</Y>
          <Y t="8">0.07324</Y>
          <Y t="9">0.10038</Y>
          <Y t="10">0.14078</Y>
          <Y t="11">0.16994</Y>
          <Y t="12">0.18679</Y>
          <Y t="13">0.20266</Y>
          <Y t="14">0.21845</Y>
          <Y t="15">0.23554</Y>
          <Y t="16">0.25392</Y>
          <Y t="17">0.27364</Y>
          <Y t="18">0.29431</Y>
          <Y t="19">0.31552</Y>
          <Y t="20">0.33699</Y>
          <Y t="21">0.35854</Y>
          <Y t="22">0.37981</Y>
          <Y t="23">0.40044</Y>
          <Y t="24">0.42009</Y>
          <Y t="25">0.4384</Y>
        </Axis>
      </Axis>
      <Axis t="83">
        <Axis>
          <Y t="1">0.00485</Y>
          <Y t="2">0.00862</Y>
          <Y t="3">0.01696</Y>
          <Y t="4">0.02646</Y>
          <Y t="5">0.03574</Y>
          <Y t="6">0.04763</Y>
          <Y t="7">0.06635</Y>
          <Y t="8">0.09448</Y>
          <Y t="9">0.13633</Y>
          <Y t="10">0.16994</Y>
          <Y t="11">0.18679</Y>
          <Y t="12">0.20266</Y>
          <Y t="13">0.21845</Y>
          <Y t="14">0.23554</Y>
          <Y t="15">0.25392</Y>
          <Y t="16">0.27364</Y>
          <Y t="17">0.29431</Y>
          <Y t="18">0.31552</Y>
          <Y t="19">0.33699</Y>
          <Y t="20">0.35854</Y>
          <Y t="21">0.37981</Y>
          <Y t="22">0.40044</Y>
          <Y t="23">0.42009</Y>
          <Y t="24">0.4384</Y>
          <Y t="25">0.45501</Y>
        </Axis>
      </Axis>
      <Axis t="84">
        <Axis>
          <Y t="1">0.00569</Y>
          <Y t="2">0.01038</Y>
          <Y t="3">0.02097</Y>
          <Y t="4">0.03287</Y>
          <Y t="5">0.0449</Y>
          <Y t="6">0.06094</Y>
          <Y t="7">0.08558</Y>
          <Y t="8">0.11878</Y>
          <Y t="9">0.16994</Y>
          <Y t="10">0.18679</Y>
          <Y t="11">0.20266</Y>
          <Y t="12">0.21845</Y>
          <Y t="13">0.23554</Y>
          <Y t="14">0.25392</Y>
          <Y t="15">0.27364</Y>
          <Y t="16">0.29431</Y>
          <Y t="17">0.31552</Y>
          <Y t="18">0.33699</Y>
          <Y t="19">0.35854</Y>
          <Y t="20">0.37981</Y>
          <Y t="21">0.40044</Y>
          <Y t="22">0.42009</Y>
          <Y t="23">0.4384</Y>
          <Y t="24">0.45501</Y>
          <Y t="25">0.46956</Y>
        </Axis>
      </Axis>
      <Axis t="85">
        <Axis>
          <Y t="1">0.00676</Y>
          <Y t="2">0.01262</Y>
          <Y t="3">0.02614</Y>
          <Y t="4">0.04136</Y>
          <Y t="5">0.05765</Y>
          <Y t="6">0.07955</Y>
          <Y t="7">0.11001</Y>
          <Y t="8">0.15306</Y>
          <Y t="9">0.18679</Y>
          <Y t="10">0.20266</Y>
          <Y t="11">0.21845</Y>
          <Y t="12">0.23554</Y>
          <Y t="13">0.25392</Y>
          <Y t="14">0.27364</Y>
          <Y t="15">0.29431</Y>
          <Y t="16">0.31552</Y>
          <Y t="17">0.33699</Y>
          <Y t="18">0.35854</Y>
          <Y t="19">0.37981</Y>
          <Y t="20">0.40044</Y>
          <Y t="21">0.42009</Y>
          <Y t="22">0.4384</Y>
          <Y t="23">0.45501</Y>
          <Y t="24">0.46956</Y>
          <Y t="25">0.4817</Y>
        </Axis>
      </Axis>
      <Axis t="86">
        <Axis>
          <Y t="1">0.00807</Y>
          <Y t="2">0.01552</Y>
          <Y t="3">0.03308</Y>
          <Y t="4">0.05354</Y>
          <Y t="5">0.0761</Y>
          <Y t="6">0.10504</Y>
          <Y t="7">0.15002</Y>
          <Y t="8">0.18679</Y>
          <Y t="9">0.20266</Y>
          <Y t="10">0.21845</Y>
          <Y t="11">0.23554</Y>
          <Y t="12">0.25392</Y>
          <Y t="13">0.27364</Y>
          <Y t="14">0.29431</Y>
          <Y t="15">0.31552</Y>
          <Y t="16">0.33699</Y>
          <Y t="17">0.35854</Y>
          <Y t="18">0.37981</Y>
          <Y t="19">0.40044</Y>
          <Y t="20">0.42009</Y>
          <Y t="21">0.4384</Y>
          <Y t="22">0.45501</Y>
          <Y t="23">0.46956</Y>
          <Y t="24">0.4817</Y>
          <Y t="25">0.49107</Y>
        </Axis>
      </Axis>
      <Axis t="87">
        <Axis>
          <Y t="1">0.00947</Y>
          <Y t="2">0.01898</Y>
          <Y t="3">0.04172</Y>
          <Y t="4">0.0694</Y>
          <Y t="5">0.10048</Y>
          <Y t="6">0.1478</Y>
          <Y t="7">0.18679</Y>
          <Y t="8">0.20266</Y>
          <Y t="9">0.21845</Y>
          <Y t="10">0.23554</Y>
          <Y t="11">0.25392</Y>
          <Y t="12">0.27364</Y>
          <Y t="13">0.29431</Y>
          <Y t="14">0.31552</Y>
          <Y t="15">0.33699</Y>
          <Y t="16">0.35854</Y>
          <Y t="17">0.37981</Y>
          <Y t="18">0.40044</Y>
          <Y t="19">0.42009</Y>
          <Y t="20">0.4384</Y>
          <Y t="21">0.45501</Y>
          <Y t="22">0.46956</Y>
          <Y t="23">0.4817</Y>
          <Y t="24">0.49107</Y>
          <Y t="25">0.49731</Y>
        </Axis>
      </Axis>
      <Axis t="88">
        <Axis>
          <Y t="1">0.01088</Y>
          <Y t="2">0.02274</Y>
          <Y t="3">0.05204</Y>
          <Y t="4">0.08905</Y>
          <Y t="5">0.13064</Y>
          <Y t="6">0.18679</Y>
          <Y t="7">0.20266</Y>
          <Y t="8">0.21845</Y>
          <Y t="9">0.23554</Y>
          <Y t="10">0.25392</Y>
          <Y t="11">0.27364</Y>
          <Y t="12">0.29431</Y>
          <Y t="13">0.31552</Y>
          <Y t="14">0.33699</Y>
          <Y t="15">0.35854</Y>
          <Y t="16">0.37981</Y>
          <Y t="17">0.40044</Y>
          <Y t="18">0.42009</Y>
          <Y t="19">0.4384</Y>
          <Y t="20">0.45501</Y>
          <Y t="21">0.46956</Y>
          <Y t="22">0.4817</Y>
          <Y t="23">0.49107</Y>
          <Y t="24">0.49731</Y>
          <Y t="25">0.5</Y>
        </Axis>
      </Axis>
      <Axis t="89">
        <Axis>
          <Y t="1">0.0124</Y>
          <Y t="2">0.02694</Y>
          <Y t="3">0.06446</Y>
          <Y t="4">0.11404</Y>
          <Y t="5">0.17022</Y>
          <Y t="6">0.20266</Y>
          <Y t="7">0.21845</Y>
          <Y t="8">0.23554</Y>
          <Y t="9">0.25392</Y>
          <Y t="10">0.27364</Y>
          <Y t="11">0.29431</Y>
          <Y t="12">0.31552</Y>
          <Y t="13">0.33699</Y>
          <Y t="14">0.35854</Y>
          <Y t="15">0.37981</Y>
          <Y t="16">0.40044</Y>
          <Y t="17">0.42009</Y>
          <Y t="18">0.4384</Y>
          <Y t="19">0.45501</Y>
          <Y t="20">0.46956</Y>
          <Y t="21">0.4817</Y>
          <Y t="22">0.49107</Y>
          <Y t="23">0.49731</Y>
          <Y t="24">0.5</Y>
          <Y t="25">0.5</Y>
        </Axis>
      </Axis>
      <Axis t="90">
        <Axis>
          <Y t="1">0.01487</Y>
          <Y t="2">0.03781</Y>
          <Y t="3">0.0913</Y>
          <Y t="4">0.16022</Y>
          <Y t="5">0.20266</Y>
          <Y t="6">0.21845</Y>
          <Y t="7">0.23554</Y>
          <Y t="8">0.25392</Y>
          <Y t="9">0.27364</Y>
          <Y t="10">0.29431</Y>
          <Y t="11">0.31552</Y>
          <Y t="12">0.33699</Y>
          <Y t="13">0.35854</Y>
          <Y t="14">0.37981</Y>
          <Y t="15">0.40044</Y>
          <Y t="16">0.42009</Y>
          <Y t="17">0.4384</Y>
          <Y t="18">0.45501</Y>
          <Y t="19">0.46956</Y>
          <Y t="20">0.4817</Y>
          <Y t="21">0.49107</Y>
          <Y t="22">0.49731</Y>
          <Y t="23">0.5</Y>
          <Y t="24">0.5</Y>
          <Y t="25">0.5</Y>
        </Axis>
      </Axis>
      <Axis t="91">
        <Axis>
          <Y t="1">0.01994</Y>
          <Y t="2">0.05933</Y>
          <Y t="3">0.15174</Y>
          <Y t="4">0.20266</Y>
          <Y t="5">0.21845</Y>
          <Y t="6">0.23554</Y>
          <Y t="7">0.25392</Y>
          <Y t="8">0.27364</Y>
          <Y t="9">0.29431</Y>
          <Y t="10">0.31552</Y>
          <Y t="11">0.33699</Y>
          <Y t="12">0.35854</Y>
          <Y t="13">0.37981</Y>
          <Y t="14">0.40044</Y>
          <Y t="15">0.42009</Y>
          <Y t="16">0.4384</Y>
          <Y t="17">0.45501</Y>
          <Y t="18">0.46956</Y>
          <Y t="19">0.4817</Y>
          <Y t="20">0.49107</Y>
          <Y t="21">0.49731</Y>
          <Y t="22">0.5</Y>
          <Y t="23">0.5</Y>
          <Y t="24">0.5</Y>
          <Y t="25">0.5</Y>
        </Axis>
      </Axis>
      <Axis t="92">
        <Axis>
          <Y t="1">0.02887</Y>
          <Y t="2">0.09231</Y>
          <Y t="3">0.20266</Y>
          <Y t="4">0.21845</Y>
          <Y t="5">0.23554</Y>
          <Y t="6">0.25392</Y>
          <Y t="7">0.27364</Y>
          <Y t="8">0.29431</Y>
          <Y t="9">0.31552</Y>
          <Y t="10">0.33699</Y>
          <Y t="11">0.35854</Y>
          <Y t="12">0.37981</Y>
          <Y t="13">0.40044</Y>
          <Y t="14">0.42009</Y>
          <Y t="15">0.4384</Y>
          <Y t="16">0.45501</Y>
          <Y t="17">0.46956</Y>
          <Y t="18">0.4817</Y>
          <Y t="19">0.49107</Y>
          <Y t="20">0.49731</Y>
          <Y t="21">0.5</Y>
          <Y t="22">0.5</Y>
          <Y t="23">0.5</Y>
          <Y t="24">0.5</Y>
          <Y t="25">0.5</Y>
        </Axis>
      </Axis>
      <Axis t="93">
        <Axis>
          <Y t="1">0.04229</Y>
          <Y t="2">0.12241</Y>
          <Y t="3">0.21845</Y>
          <Y t="4">0.23554</Y>
          <Y t="5">0.25392</Y>
          <Y t="6">0.27364</Y>
          <Y t="7">0.29431</Y>
          <Y t="8">0.31552</Y>
          <Y t="9">0.33699</Y>
          <Y t="10">0.35854</Y>
          <Y t="11">0.37981</Y>
          <Y t="12">0.40044</Y>
          <Y t="13">0.42009</Y>
          <Y t="14">0.4384</Y>
          <Y t="15">0.45501</Y>
          <Y t="16">0.46956</Y>
          <Y t="17">0.4817</Y>
          <Y t="18">0.49107</Y>
          <Y t="19">0.49731</Y>
          <Y t="20">0.5</Y>
          <Y t="21">0.5</Y>
          <Y t="22">0.5</Y>
          <Y t="23">0.5</Y>
          <Y t="24">0.5</Y>
          <Y t="25">0.5</Y>
        </Axis>
      </Axis>
      <Axis t="94">
        <Axis>
          <Y t="1">0.06054</Y>
          <Y t="2">0.17673</Y>
          <Y t="3">0.23554</Y>
          <Y t="4">0.25392</Y>
          <Y t="5">0.27364</Y>
          <Y t="6">0.29431</Y>
          <Y t="7">0.31552</Y>
          <Y t="8">0.33699</Y>
          <Y t="9">0.35854</Y>
          <Y t="10">0.37981</Y>
          <Y t="11">0.40044</Y>
          <Y t="12">0.42009</Y>
          <Y t="13">0.4384</Y>
          <Y t="14">0.45501</Y>
          <Y t="15">0.46956</Y>
          <Y t="16">0.4817</Y>
          <Y t="17">0.49107</Y>
          <Y t="18">0.49731</Y>
          <Y t="19">0.5</Y>
          <Y t="20">0.5</Y>
          <Y t="21">0.5</Y>
          <Y t="22">0.5</Y>
          <Y t="23">0.5</Y>
          <Y t="24">0.5</Y>
          <Y t="25">0.5</Y>
        </Axis>
      </Axis>
      <Axis t="95">
        <Axis>
          <Y t="1">0.08385</Y>
          <Y t="2">0.23554</Y>
          <Y t="3">0.25392</Y>
          <Y t="4">0.27364</Y>
          <Y t="5">0.29431</Y>
          <Y t="6">0.31552</Y>
          <Y t="7">0.33699</Y>
          <Y t="8">0.35854</Y>
          <Y t="9">0.37981</Y>
          <Y t="10">0.40044</Y>
          <Y t="11">0.42009</Y>
          <Y t="12">0.4384</Y>
          <Y t="13">0.45501</Y>
          <Y t="14">0.46956</Y>
          <Y t="15">0.4817</Y>
          <Y t="16">0.49107</Y>
          <Y t="17">0.49731</Y>
          <Y t="18">0.5</Y>
          <Y t="19">0.5</Y>
          <Y t="20">0.5</Y>
          <Y t="21">0.5</Y>
          <Y t="22">0.5</Y>
          <Y t="23">0.5</Y>
          <Y t="24">0.5</Y>
          <Y t="25">0.5</Y>
        </Axis>
      </Axis>
    </Values>
  </Table>
  <Table>
    <MetaData>
      <ScalingFactor>0</ScalingFactor>
      <DataType tc="2">Floating Point</DataType>
      <Nation tc="1">United States of America</Nation>
      <TableDescription>2015 VBT Relative Risk Table - Male 60% Non-Smoker, Age Last Birthday, Ultimate</TableDescription>
      <AxisDef id="Age">
        <ScaleType tc="3">Age</ScaleType>
        <AxisName>Age</AxisName>
        <MinScaleValue>18</MinScaleValue>
        <MaxScaleValue>120</MaxScaleValue>
        <Increment>1</Increment>
      </AxisDef>
    </MetaData>
    <Values>
      <Axis>
        <Y t="18">0.00048</Y>
        <Y t="19">0.0005</Y>
        <Y t="20">0.00051</Y>
        <Y t="21">0.00051</Y>
        <Y t="22">0.0005</Y>
        <Y t="23">0.00049</Y>
        <Y t="24">0.00049</Y>
        <Y t="25">0.00047</Y>
        <Y t="26">0.00041</Y>
        <Y t="27">0.00037</Y>
        <Y t="28">0.00036</Y>
        <Y t="29">0.00034</Y>
        <Y t="30">0.00033</Y>
        <Y t="31">0.00035</Y>
        <Y t="32">0.00037</Y>
        <Y t="33">0.00041</Y>
        <Y t="34">0.00047</Y>
        <Y t="35">0.00055</Y>
        <Y t="36">0.00064</Y>
        <Y t="37">0.00072</Y>
        <Y t="38">0.0008</Y>
        <Y t="39">0.00084</Y>
        <Y t="40">0.00088</Y>
        <Y t="41">0.00094</Y>
        <Y t="42">0.001</Y>
        <Y t="43">0.00106</Y>
        <Y t="44">0.0011</Y>
        <Y t="45">0.00114</Y>
        <Y t="46">0.00119</Y>
        <Y t="47">0.00123</Y>
        <Y t="48">0.00129</Y>
        <Y t="49">0.00136</Y>
        <Y t="50">0.00144</Y>
        <Y t="51">0.00155</Y>
        <Y t="52">0.00166</Y>
        <Y t="53">0.00177</Y>
        <Y t="54">0.00189</Y>
        <Y t="55">0.00199</Y>
        <Y t="56">0.00209</Y>
        <Y t="57">0.00218</Y>
        <Y t="58">0.00229</Y>
        <Y t="59">0.00244</Y>
        <Y t="60">0.00263</Y>
        <Y t="61">0.00289</Y>
        <Y t="62">0.00322</Y>
        <Y t="63">0.00359</Y>
        <Y t="64">0.00402</Y>
        <Y t="65">0.0045</Y>
        <Y t="66">0.00503</Y>
        <Y t="67">0.00564</Y>
        <Y t="68">0.00634</Y>
        <Y t="69">0.00716</Y>
        <Y t="70">0.00816</Y>
        <Y t="71">0.00938</Y>
        <Y t="72">0.01083</Y>
        <Y t="73">0.01255</Y>
        <Y t="74">0.01453</Y>
        <Y t="75">0.01678</Y>
        <Y t="76">0.01931</Y>
        <Y t="77">0.02218</Y>
        <Y t="78">0.02548</Y>
        <Y t="79">0.02933</Y>
        <Y t="80">0.03376</Y>
        <Y t="81">0.03878</Y>
        <Y t="82">0.04455</Y>
        <Y t="83">0.05125</Y>
        <Y t="84">0.0591</Y>
        <Y t="85">0.06828</Y>
        <Y t="86">0.07896</Y>
        <Y t="87">0.09123</Y>
        <Y t="88">0.10495</Y>
        <Y t="89">0.11987</Y>
        <Y t="90">0.13595</Y>
        <Y t="91">0.15284</Y>
        <Y t="92">0.16994</Y>
        <Y t="93">0.18679</Y>
        <Y t="94">0.20266</Y>
        <Y t="95">0.21845</Y>
        <Y t="96">0.23554</Y>
        <Y t="97">0.25392</Y>
        <Y t="98">0.27364</Y>
        <Y t="99">0.29431</Y>
        <Y t="100">0.31552</Y>
        <Y t="101">0.33699</Y>
        <Y t="102">0.35854</Y>
        <Y t="103">0.37981</Y>
        <Y t="104">0.40044</Y>
        <Y t="105">0.42009</Y>
        <Y t="106">0.4384</Y>
        <Y t="107">0.45501</Y>
        <Y t="108">0.46956</Y>
        <Y t="109">0.4817</Y>
        <Y t="110">0.49107</Y>
        <Y t="111">0.49731</Y>
        <Y t="112">0.5</Y>
        <Y t="113">0.5</Y>
        <Y t="114">0.5</Y>
        <Y t="115">0.5</Y>
        <Y t="116">0.5</Y>
        <Y t="117">0.5</Y>
        <Y t="118">0.5</Y>
        <Y t="119">0.5</Y>
        <Y t="120">0.5</Y>
      </Axis>
    </Values>
  </Table>
</XTbML>