﻿<?xml version="1.0" encoding="utf-8"?>
<XTbML>
  <ContentClassification>
    <TableIdentity>3358</TableIdentity>
    <ProviderDomain>soa.org</ProviderDomain>
    <ProviderName>American Academy of Actuaries along with the Society of Actuaries</ProviderName>
    <TableReference>Joint American Academy of Actuaries' Life Experience Committee and Society of Actuaries Preferred Mortality Oversight Group CSO Development Subgroup, "Report on the 2017 CSO  and on the 2017 CSO Preferred Structure Table Development", American Academy of Actuaries, (2015). Accessed: April, 2016 from https://www.soa.org/Research/Experience-Study/Ind-Life/Valuation/2017-cso-tables.aspx</TableReference>
    <ContentType tc="85">CSO / CET</ContentType>
    <TableName>2017 Unloaded CSO Preferred Structure Smoker Residual Standard Male ALB</TableName>
    <TableDescription>2017 Unloaded CSO Preferred Structure Smoker, Residual Standard, Male, Age Last Birthday. Minimum Age: 18. Maximum Age: 95.</TableDescription>
    <Comments>The 2017 Commissioners Standard Ordinary Tables (CSO) are a series of mortality tables developed for regulatory uses including CRVM, net premium reserves and non-forfeiture determination. The tables were based on life insurance mortality experience from 2002 to 2009, projected with improvement to 2017.  The tables include a margin to cover the variation of individual company’s mortality around the industry mean. Table uploaded: 02/2016. Select rates at ages 0-17 for certain durations and ultimate rates at ages 18-27, 29, 30, 32 and 37 were modified 09/2016. Data verified: 07/2018.</Comments>
    <KeyWord>Select</KeyWord>
    <KeyWord>CSO/CET</KeyWord>
    <KeyWord>United States of America</KeyWord>
  </ContentClassification>
  <Table>
    <MetaData>
      <ScalingFactor>0</ScalingFactor>
      <DataType tc="2">Floating Point</DataType>
      <Nation tc="1">United States of America</Nation>
      <TableDescription>2017 Unloaded CSO Preferred Structure Smoker, Residual Standard, Male, Select and Ultimate Table. Basis: Age Last Birthday. Minimum Select Age: 18. Maximum Select Age: 95.</TableDescription>
      <AxisDef id="Age">
        <ScaleType tc="3">Age</ScaleType>
        <AxisName>Age</AxisName>
        <MinScaleValue>18</MinScaleValue>
        <MaxScaleValue>95</MaxScaleValue>
        <Increment>1</Increment>
      </AxisDef>
      <AxisDef id="Duration">
        <ScaleType tc="2">Ordinal Date</ScaleType>
        <AxisName>Duration</AxisName>
        <MinScaleValue>1</MinScaleValue>
        <MaxScaleValue>25</MaxScaleValue>
        <Increment>1</Increment>
      </AxisDef>
    </MetaData>
    <Values>
      <Axis t="18">
        <Axis>
          <Y t="1">0.00073</Y>
          <Y t="2">0.00077</Y>
          <Y t="3">0.00079</Y>
          <Y t="4">0.00082</Y>
          <Y t="5">0.00084</Y>
          <Y t="6">0.00087</Y>
          <Y t="7">0.0009</Y>
          <Y t="8">0.00092</Y>
          <Y t="9">0.00091</Y>
          <Y t="10">0.0009</Y>
          <Y t="11">0.00089</Y>
          <Y t="12">0.00089</Y>
          <Y t="13">0.00091</Y>
          <Y t="14">0.00096</Y>
          <Y t="15">0.00103</Y>
          <Y t="16">0.0011</Y>
          <Y t="17">0.00119</Y>
          <Y t="18">0.00129</Y>
          <Y t="19">0.0014</Y>
          <Y t="20">0.00155</Y>
          <Y t="21">0.00172</Y>
          <Y t="22">0.00194</Y>
          <Y t="23">0.00218</Y>
          <Y t="24">0.00243</Y>
          <Y t="25">0.00267</Y>
        </Axis>
      </Axis>
      <Axis t="19">
        <Axis>
          <Y t="1">0.00069</Y>
          <Y t="2">0.00072</Y>
          <Y t="3">0.00074</Y>
          <Y t="4">0.00077</Y>
          <Y t="5">0.0008</Y>
          <Y t="6">0.00082</Y>
          <Y t="7">0.00085</Y>
          <Y t="8">0.00085</Y>
          <Y t="9">0.00085</Y>
          <Y t="10">0.00084</Y>
          <Y t="11">0.00084</Y>
          <Y t="12">0.00087</Y>
          <Y t="13">0.00092</Y>
          <Y t="14">0.00099</Y>
          <Y t="15">0.00107</Y>
          <Y t="16">0.00115</Y>
          <Y t="17">0.00125</Y>
          <Y t="18">0.00136</Y>
          <Y t="19">0.00152</Y>
          <Y t="20">0.0017</Y>
          <Y t="21">0.00193</Y>
          <Y t="22">0.00217</Y>
          <Y t="23">0.00242</Y>
          <Y t="24">0.00265</Y>
          <Y t="25">0.00285</Y>
        </Axis>
      </Axis>
      <Axis t="20">
        <Axis>
          <Y t="1">0.00066</Y>
          <Y t="2">0.00068</Y>
          <Y t="3">0.0007</Y>
          <Y t="4">0.00072</Y>
          <Y t="5">0.00075</Y>
          <Y t="6">0.00077</Y>
          <Y t="7">0.00079</Y>
          <Y t="8">0.00079</Y>
          <Y t="9">0.00079</Y>
          <Y t="10">0.0008</Y>
          <Y t="11">0.00083</Y>
          <Y t="12">0.00088</Y>
          <Y t="13">0.00095</Y>
          <Y t="14">0.00103</Y>
          <Y t="15">0.00111</Y>
          <Y t="16">0.00121</Y>
          <Y t="17">0.00132</Y>
          <Y t="18">0.00149</Y>
          <Y t="19">0.00169</Y>
          <Y t="20">0.00191</Y>
          <Y t="21">0.00215</Y>
          <Y t="22">0.0024</Y>
          <Y t="23">0.00263</Y>
          <Y t="24">0.00284</Y>
          <Y t="25">0.003</Y>
        </Axis>
      </Axis>
      <Axis t="21">
        <Axis>
          <Y t="1">0.00061</Y>
          <Y t="2">0.00063</Y>
          <Y t="3">0.00065</Y>
          <Y t="4">0.00067</Y>
          <Y t="5">0.0007</Y>
          <Y t="6">0.00073</Y>
          <Y t="7">0.00074</Y>
          <Y t="8">0.00074</Y>
          <Y t="9">0.00076</Y>
          <Y t="10">0.00079</Y>
          <Y t="11">0.00084</Y>
          <Y t="12">0.00091</Y>
          <Y t="13">0.00099</Y>
          <Y t="14">0.00107</Y>
          <Y t="15">0.00117</Y>
          <Y t="16">0.00128</Y>
          <Y t="17">0.00146</Y>
          <Y t="18">0.00167</Y>
          <Y t="19">0.00189</Y>
          <Y t="20">0.00213</Y>
          <Y t="21">0.00239</Y>
          <Y t="22">0.00262</Y>
          <Y t="23">0.00282</Y>
          <Y t="24">0.00299</Y>
          <Y t="25">0.00317</Y>
        </Axis>
      </Axis>
      <Axis t="22">
        <Axis>
          <Y t="1">0.00056</Y>
          <Y t="2">0.00057</Y>
          <Y t="3">0.00059</Y>
          <Y t="4">0.00062</Y>
          <Y t="5">0.00066</Y>
          <Y t="6">0.00068</Y>
          <Y t="7">0.0007</Y>
          <Y t="8">0.00071</Y>
          <Y t="9">0.00074</Y>
          <Y t="10">0.0008</Y>
          <Y t="11">0.00087</Y>
          <Y t="12">0.00095</Y>
          <Y t="13">0.00103</Y>
          <Y t="14">0.00113</Y>
          <Y t="15">0.00124</Y>
          <Y t="16">0.00143</Y>
          <Y t="17">0.00165</Y>
          <Y t="18">0.00186</Y>
          <Y t="19">0.00211</Y>
          <Y t="20">0.00236</Y>
          <Y t="21">0.0026</Y>
          <Y t="22">0.00281</Y>
          <Y t="23">0.00297</Y>
          <Y t="24">0.00316</Y>
          <Y t="25">0.00338</Y>
        </Axis>
      </Axis>
      <Axis t="23">
        <Axis>
          <Y t="1">0.00052</Y>
          <Y t="2">0.00053</Y>
          <Y t="3">0.00055</Y>
          <Y t="4">0.0006</Y>
          <Y t="5">0.00063</Y>
          <Y t="6">0.00065</Y>
          <Y t="7">0.00067</Y>
          <Y t="8">0.0007</Y>
          <Y t="9">0.00076</Y>
          <Y t="10">0.00083</Y>
          <Y t="11">0.00091</Y>
          <Y t="12">0.00099</Y>
          <Y t="13">0.00109</Y>
          <Y t="14">0.0012</Y>
          <Y t="15">0.00139</Y>
          <Y t="16">0.00163</Y>
          <Y t="17">0.00184</Y>
          <Y t="18">0.00208</Y>
          <Y t="19">0.00233</Y>
          <Y t="20">0.00258</Y>
          <Y t="21">0.00279</Y>
          <Y t="22">0.00296</Y>
          <Y t="23">0.00314</Y>
          <Y t="24">0.00337</Y>
          <Y t="25">0.00361</Y>
        </Axis>
      </Axis>
      <Axis t="24">
        <Axis>
          <Y t="1">0.00048</Y>
          <Y t="2">0.00051</Y>
          <Y t="3">0.00053</Y>
          <Y t="4">0.00057</Y>
          <Y t="5">0.0006</Y>
          <Y t="6">0.00062</Y>
          <Y t="7">0.00066</Y>
          <Y t="8">0.00072</Y>
          <Y t="9">0.00079</Y>
          <Y t="10">0.00087</Y>
          <Y t="11">0.00095</Y>
          <Y t="12">0.00104</Y>
          <Y t="13">0.00115</Y>
          <Y t="14">0.00134</Y>
          <Y t="15">0.00159</Y>
          <Y t="16">0.00181</Y>
          <Y t="17">0.00204</Y>
          <Y t="18">0.0023</Y>
          <Y t="19">0.00255</Y>
          <Y t="20">0.00277</Y>
          <Y t="21">0.00294</Y>
          <Y t="22">0.00313</Y>
          <Y t="23">0.00335</Y>
          <Y t="24">0.0036</Y>
          <Y t="25">0.00386</Y>
        </Axis>
      </Axis>
      <Axis t="25">
        <Axis>
          <Y t="1">0.00044</Y>
          <Y t="2">0.00049</Y>
          <Y t="3">0.00051</Y>
          <Y t="4">0.00055</Y>
          <Y t="5">0.00058</Y>
          <Y t="6">0.00062</Y>
          <Y t="7">0.00068</Y>
          <Y t="8">0.00075</Y>
          <Y t="9">0.00083</Y>
          <Y t="10">0.00092</Y>
          <Y t="11">0.00101</Y>
          <Y t="12">0.00111</Y>
          <Y t="13">0.00127</Y>
          <Y t="14">0.00153</Y>
          <Y t="15">0.00176</Y>
          <Y t="16">0.002</Y>
          <Y t="17">0.00226</Y>
          <Y t="18">0.00251</Y>
          <Y t="19">0.00274</Y>
          <Y t="20">0.00293</Y>
          <Y t="21">0.00313</Y>
          <Y t="22">0.00335</Y>
          <Y t="23">0.00359</Y>
          <Y t="24">0.00385</Y>
          <Y t="25">0.00414</Y>
        </Axis>
      </Axis>
      <Axis t="26">
        <Axis>
          <Y t="1">0.0004</Y>
          <Y t="2">0.00046</Y>
          <Y t="3">0.0005</Y>
          <Y t="4">0.00053</Y>
          <Y t="5">0.00058</Y>
          <Y t="6">0.00064</Y>
          <Y t="7">0.00071</Y>
          <Y t="8">0.00079</Y>
          <Y t="9">0.00088</Y>
          <Y t="10">0.00098</Y>
          <Y t="11">0.00107</Y>
          <Y t="12">0.00119</Y>
          <Y t="13">0.00144</Y>
          <Y t="14">0.00169</Y>
          <Y t="15">0.00195</Y>
          <Y t="16">0.00221</Y>
          <Y t="17">0.00247</Y>
          <Y t="18">0.0027</Y>
          <Y t="19">0.00291</Y>
          <Y t="20">0.00312</Y>
          <Y t="21">0.00334</Y>
          <Y t="22">0.00358</Y>
          <Y t="23">0.00384</Y>
          <Y t="24">0.00413</Y>
          <Y t="25">0.00446</Y>
        </Axis>
      </Axis>
      <Axis t="27">
        <Axis>
          <Y t="1">0.00037</Y>
          <Y t="2">0.00044</Y>
          <Y t="3">0.00049</Y>
          <Y t="4">0.00053</Y>
          <Y t="5">0.0006</Y>
          <Y t="6">0.00067</Y>
          <Y t="7">0.00075</Y>
          <Y t="8">0.00084</Y>
          <Y t="9">0.00094</Y>
          <Y t="10">0.00104</Y>
          <Y t="11">0.00116</Y>
          <Y t="12">0.00132</Y>
          <Y t="13">0.0016</Y>
          <Y t="14">0.00187</Y>
          <Y t="15">0.00214</Y>
          <Y t="16">0.0024</Y>
          <Y t="17">0.00265</Y>
          <Y t="18">0.00286</Y>
          <Y t="19">0.00309</Y>
          <Y t="20">0.00333</Y>
          <Y t="21">0.00357</Y>
          <Y t="22">0.00383</Y>
          <Y t="23">0.00412</Y>
          <Y t="24">0.00445</Y>
          <Y t="25">0.00482</Y>
        </Axis>
      </Axis>
      <Axis t="28">
        <Axis>
          <Y t="1">0.00035</Y>
          <Y t="2">0.00044</Y>
          <Y t="3">0.0005</Y>
          <Y t="4">0.00057</Y>
          <Y t="5">0.00064</Y>
          <Y t="6">0.00073</Y>
          <Y t="7">0.00081</Y>
          <Y t="8">0.0009</Y>
          <Y t="9">0.00101</Y>
          <Y t="10">0.00113</Y>
          <Y t="11">0.00128</Y>
          <Y t="12">0.00146</Y>
          <Y t="13">0.00176</Y>
          <Y t="14">0.00205</Y>
          <Y t="15">0.00231</Y>
          <Y t="16">0.00256</Y>
          <Y t="17">0.0028</Y>
          <Y t="18">0.00304</Y>
          <Y t="19">0.00331</Y>
          <Y t="20">0.00356</Y>
          <Y t="21">0.00382</Y>
          <Y t="22">0.00411</Y>
          <Y t="23">0.00443</Y>
          <Y t="24">0.0048</Y>
          <Y t="25">0.00522</Y>
        </Axis>
      </Axis>
      <Axis t="29">
        <Axis>
          <Y t="1">0.00034</Y>
          <Y t="2">0.00045</Y>
          <Y t="3">0.00055</Y>
          <Y t="4">0.00063</Y>
          <Y t="5">0.00071</Y>
          <Y t="6">0.0008</Y>
          <Y t="7">0.00088</Y>
          <Y t="8">0.00097</Y>
          <Y t="9">0.00108</Y>
          <Y t="10">0.00124</Y>
          <Y t="11">0.00142</Y>
          <Y t="12">0.00161</Y>
          <Y t="13">0.00192</Y>
          <Y t="14">0.0022</Y>
          <Y t="15">0.00244</Y>
          <Y t="16">0.00268</Y>
          <Y t="17">0.00296</Y>
          <Y t="18">0.00325</Y>
          <Y t="19">0.00354</Y>
          <Y t="20">0.00381</Y>
          <Y t="21">0.0041</Y>
          <Y t="22">0.00442</Y>
          <Y t="23">0.00479</Y>
          <Y t="24">0.0052</Y>
          <Y t="25">0.00567</Y>
        </Axis>
      </Axis>
      <Axis t="30">
        <Axis>
          <Y t="1">0.00034</Y>
          <Y t="2">0.00048</Y>
          <Y t="3">0.0006</Y>
          <Y t="4">0.0007</Y>
          <Y t="5">0.00079</Y>
          <Y t="6">0.00087</Y>
          <Y t="7">0.00094</Y>
          <Y t="8">0.00104</Y>
          <Y t="9">0.00119</Y>
          <Y t="10">0.00138</Y>
          <Y t="11">0.00156</Y>
          <Y t="12">0.00176</Y>
          <Y t="13">0.00206</Y>
          <Y t="14">0.00232</Y>
          <Y t="15">0.00255</Y>
          <Y t="16">0.00282</Y>
          <Y t="17">0.00316</Y>
          <Y t="18">0.00347</Y>
          <Y t="19">0.00379</Y>
          <Y t="20">0.00408</Y>
          <Y t="21">0.00441</Y>
          <Y t="22">0.00478</Y>
          <Y t="23">0.00519</Y>
          <Y t="24">0.00565</Y>
          <Y t="25">0.00617</Y>
        </Axis>
      </Axis>
      <Axis t="31">
        <Axis>
          <Y t="1">0.00034</Y>
          <Y t="2">0.0005</Y>
          <Y t="3">0.00066</Y>
          <Y t="4">0.00076</Y>
          <Y t="5">0.00086</Y>
          <Y t="6">0.00094</Y>
          <Y t="7">0.00102</Y>
          <Y t="8">0.00114</Y>
          <Y t="9">0.00132</Y>
          <Y t="10">0.00153</Y>
          <Y t="11">0.00172</Y>
          <Y t="12">0.0019</Y>
          <Y t="13">0.00218</Y>
          <Y t="14">0.00242</Y>
          <Y t="15">0.00268</Y>
          <Y t="16">0.00301</Y>
          <Y t="17">0.00338</Y>
          <Y t="18">0.00372</Y>
          <Y t="19">0.00407</Y>
          <Y t="20">0.00439</Y>
          <Y t="21">0.00476</Y>
          <Y t="22">0.00517</Y>
          <Y t="23">0.00563</Y>
          <Y t="24">0.00615</Y>
          <Y t="25">0.00673</Y>
        </Axis>
      </Axis>
      <Axis t="32">
        <Axis>
          <Y t="1">0.00035</Y>
          <Y t="2">0.00053</Y>
          <Y t="3">0.0007</Y>
          <Y t="4">0.00082</Y>
          <Y t="5">0.00093</Y>
          <Y t="6">0.00101</Y>
          <Y t="7">0.00111</Y>
          <Y t="8">0.00126</Y>
          <Y t="9">0.00146</Y>
          <Y t="10">0.00168</Y>
          <Y t="11">0.00186</Y>
          <Y t="12">0.00203</Y>
          <Y t="13">0.00229</Y>
          <Y t="14">0.00256</Y>
          <Y t="15">0.00286</Y>
          <Y t="16">0.00323</Y>
          <Y t="17">0.00362</Y>
          <Y t="18">0.00399</Y>
          <Y t="19">0.00438</Y>
          <Y t="20">0.00474</Y>
          <Y t="21">0.00516</Y>
          <Y t="22">0.00561</Y>
          <Y t="23">0.00613</Y>
          <Y t="24">0.00671</Y>
          <Y t="25">0.00737</Y>
        </Axis>
      </Axis>
      <Axis t="33">
        <Axis>
          <Y t="1">0.00036</Y>
          <Y t="2">0.00055</Y>
          <Y t="3">0.00074</Y>
          <Y t="4">0.00087</Y>
          <Y t="5">0.00098</Y>
          <Y t="6">0.00109</Y>
          <Y t="7">0.00121</Y>
          <Y t="8">0.00139</Y>
          <Y t="9">0.0016</Y>
          <Y t="10">0.00182</Y>
          <Y t="11">0.00196</Y>
          <Y t="12">0.00215</Y>
          <Y t="13">0.00243</Y>
          <Y t="14">0.00274</Y>
          <Y t="15">0.00307</Y>
          <Y t="16">0.00347</Y>
          <Y t="17">0.00389</Y>
          <Y t="18">0.0043</Y>
          <Y t="19">0.00473</Y>
          <Y t="20">0.00514</Y>
          <Y t="21">0.00559</Y>
          <Y t="22">0.0061</Y>
          <Y t="23">0.00668</Y>
          <Y t="24">0.00734</Y>
          <Y t="25">0.0081</Y>
        </Axis>
      </Axis>
      <Axis t="34">
        <Axis>
          <Y t="1">0.00036</Y>
          <Y t="2">0.00057</Y>
          <Y t="3">0.00078</Y>
          <Y t="4">0.0009</Y>
          <Y t="5">0.00103</Y>
          <Y t="6">0.00117</Y>
          <Y t="7">0.00133</Y>
          <Y t="8">0.00153</Y>
          <Y t="9">0.00174</Y>
          <Y t="10">0.00191</Y>
          <Y t="11">0.00204</Y>
          <Y t="12">0.00228</Y>
          <Y t="13">0.00261</Y>
          <Y t="14">0.00295</Y>
          <Y t="15">0.00331</Y>
          <Y t="16">0.00374</Y>
          <Y t="17">0.0042</Y>
          <Y t="18">0.00465</Y>
          <Y t="19">0.00512</Y>
          <Y t="20">0.00558</Y>
          <Y t="21">0.00608</Y>
          <Y t="22">0.00666</Y>
          <Y t="23">0.00731</Y>
          <Y t="24">0.00807</Y>
          <Y t="25">0.00892</Y>
        </Axis>
      </Axis>
      <Axis t="35">
        <Axis>
          <Y t="1">0.00037</Y>
          <Y t="2">0.0006</Y>
          <Y t="3">0.00083</Y>
          <Y t="4">0.00094</Y>
          <Y t="5">0.00109</Y>
          <Y t="6">0.00126</Y>
          <Y t="7">0.00145</Y>
          <Y t="8">0.00166</Y>
          <Y t="9">0.00183</Y>
          <Y t="10">0.00196</Y>
          <Y t="11">0.00218</Y>
          <Y t="12">0.00247</Y>
          <Y t="13">0.00281</Y>
          <Y t="14">0.00318</Y>
          <Y t="15">0.00358</Y>
          <Y t="16">0.00404</Y>
          <Y t="17">0.00455</Y>
          <Y t="18">0.00504</Y>
          <Y t="19">0.00555</Y>
          <Y t="20">0.00606</Y>
          <Y t="21">0.00663</Y>
          <Y t="22">0.00728</Y>
          <Y t="23">0.00804</Y>
          <Y t="24">0.0089</Y>
          <Y t="25">0.00987</Y>
        </Axis>
      </Axis>
      <Axis t="36">
        <Axis>
          <Y t="1">0.00039</Y>
          <Y t="2">0.00063</Y>
          <Y t="3">0.00089</Y>
          <Y t="4">0.00102</Y>
          <Y t="5">0.00118</Y>
          <Y t="6">0.00137</Y>
          <Y t="7">0.00157</Y>
          <Y t="8">0.00175</Y>
          <Y t="9">0.00187</Y>
          <Y t="10">0.00208</Y>
          <Y t="11">0.00237</Y>
          <Y t="12">0.00268</Y>
          <Y t="13">0.00305</Y>
          <Y t="14">0.00345</Y>
          <Y t="15">0.00388</Y>
          <Y t="16">0.00439</Y>
          <Y t="17">0.00494</Y>
          <Y t="18">0.00547</Y>
          <Y t="19">0.00604</Y>
          <Y t="20">0.0066</Y>
          <Y t="21">0.00725</Y>
          <Y t="22">0.00801</Y>
          <Y t="23">0.00887</Y>
          <Y t="24">0.00984</Y>
          <Y t="25">0.01094</Y>
        </Axis>
      </Axis>
      <Axis t="37">
        <Axis>
          <Y t="1">0.00041</Y>
          <Y t="2">0.00067</Y>
          <Y t="3">0.00096</Y>
          <Y t="4">0.00111</Y>
          <Y t="5">0.0013</Y>
          <Y t="6">0.00149</Y>
          <Y t="7">0.00167</Y>
          <Y t="8">0.00179</Y>
          <Y t="9">0.00197</Y>
          <Y t="10">0.00228</Y>
          <Y t="11">0.00259</Y>
          <Y t="12">0.00291</Y>
          <Y t="13">0.00332</Y>
          <Y t="14">0.00376</Y>
          <Y t="15">0.00423</Y>
          <Y t="16">0.00478</Y>
          <Y t="17">0.00537</Y>
          <Y t="18">0.00595</Y>
          <Y t="19">0.00658</Y>
          <Y t="20">0.00722</Y>
          <Y t="21">0.00799</Y>
          <Y t="22">0.00884</Y>
          <Y t="23">0.00981</Y>
          <Y t="24">0.01091</Y>
          <Y t="25">0.01217</Y>
        </Axis>
      </Axis>
      <Axis t="38">
        <Axis>
          <Y t="1">0.00045</Y>
          <Y t="2">0.00074</Y>
          <Y t="3">0.00105</Y>
          <Y t="4">0.00122</Y>
          <Y t="5">0.0014</Y>
          <Y t="6">0.00158</Y>
          <Y t="7">0.00171</Y>
          <Y t="8">0.00189</Y>
          <Y t="9">0.00218</Y>
          <Y t="10">0.00251</Y>
          <Y t="11">0.00283</Y>
          <Y t="12">0.00319</Y>
          <Y t="13">0.00363</Y>
          <Y t="14">0.00412</Y>
          <Y t="15">0.00463</Y>
          <Y t="16">0.00523</Y>
          <Y t="17">0.00586</Y>
          <Y t="18">0.00649</Y>
          <Y t="19">0.00719</Y>
          <Y t="20">0.00796</Y>
          <Y t="21">0.00882</Y>
          <Y t="22">0.00978</Y>
          <Y t="23">0.01089</Y>
          <Y t="24">0.01214</Y>
          <Y t="25">0.01355</Y>
        </Axis>
      </Axis>
      <Axis t="39">
        <Axis>
          <Y t="1">0.00049</Y>
          <Y t="2">0.00081</Y>
          <Y t="3">0.00114</Y>
          <Y t="4">0.00132</Y>
          <Y t="5">0.0015</Y>
          <Y t="6">0.00164</Y>
          <Y t="7">0.00182</Y>
          <Y t="8">0.0021</Y>
          <Y t="9">0.00241</Y>
          <Y t="10">0.00276</Y>
          <Y t="11">0.00311</Y>
          <Y t="12">0.00351</Y>
          <Y t="13">0.004</Y>
          <Y t="14">0.00453</Y>
          <Y t="15">0.0051</Y>
          <Y t="16">0.00573</Y>
          <Y t="17">0.0064</Y>
          <Y t="18">0.00709</Y>
          <Y t="19">0.00793</Y>
          <Y t="20">0.00879</Y>
          <Y t="21">0.00975</Y>
          <Y t="22">0.01086</Y>
          <Y t="23">0.01211</Y>
          <Y t="24">0.01352</Y>
          <Y t="25">0.01506</Y>
        </Axis>
      </Axis>
      <Axis t="40">
        <Axis>
          <Y t="1">0.00054</Y>
          <Y t="2">0.00089</Y>
          <Y t="3">0.00123</Y>
          <Y t="4">0.00141</Y>
          <Y t="5">0.00158</Y>
          <Y t="6">0.00176</Y>
          <Y t="7">0.00204</Y>
          <Y t="8">0.00234</Y>
          <Y t="9">0.00267</Y>
          <Y t="10">0.00305</Y>
          <Y t="11">0.00344</Y>
          <Y t="12">0.00388</Y>
          <Y t="13">0.00442</Y>
          <Y t="14">0.00501</Y>
          <Y t="15">0.00562</Y>
          <Y t="16">0.0063</Y>
          <Y t="17">0.00702</Y>
          <Y t="18">0.00787</Y>
          <Y t="19">0.00877</Y>
          <Y t="20">0.00973</Y>
          <Y t="21">0.01084</Y>
          <Y t="22">0.01209</Y>
          <Y t="23">0.01349</Y>
          <Y t="24">0.01502</Y>
          <Y t="25">0.01671</Y>
        </Axis>
      </Axis>
      <Axis t="41">
        <Axis>
          <Y t="1">0.00059</Y>
          <Y t="2">0.00098</Y>
          <Y t="3">0.00131</Y>
          <Y t="4">0.0015</Y>
          <Y t="5">0.0017</Y>
          <Y t="6">0.00197</Y>
          <Y t="7">0.00227</Y>
          <Y t="8">0.0026</Y>
          <Y t="9">0.00296</Y>
          <Y t="10">0.00337</Y>
          <Y t="11">0.0038</Y>
          <Y t="12">0.0043</Y>
          <Y t="13">0.00491</Y>
          <Y t="14">0.00556</Y>
          <Y t="15">0.00621</Y>
          <Y t="16">0.00693</Y>
          <Y t="17">0.00783</Y>
          <Y t="18">0.00875</Y>
          <Y t="19">0.00971</Y>
          <Y t="20">0.01082</Y>
          <Y t="21">0.01207</Y>
          <Y t="22">0.01347</Y>
          <Y t="23">0.015</Y>
          <Y t="24">0.01667</Y>
          <Y t="25">0.01852</Y>
        </Axis>
      </Axis>
      <Axis t="42">
        <Axis>
          <Y t="1">0.00064</Y>
          <Y t="2">0.00105</Y>
          <Y t="3">0.00138</Y>
          <Y t="4">0.00161</Y>
          <Y t="5">0.00188</Y>
          <Y t="6">0.0022</Y>
          <Y t="7">0.00254</Y>
          <Y t="8">0.0029</Y>
          <Y t="9">0.00328</Y>
          <Y t="10">0.00373</Y>
          <Y t="11">0.00422</Y>
          <Y t="12">0.00478</Y>
          <Y t="13">0.00546</Y>
          <Y t="14">0.00616</Y>
          <Y t="15">0.00688</Y>
          <Y t="16">0.00773</Y>
          <Y t="17">0.00873</Y>
          <Y t="18">0.00969</Y>
          <Y t="19">0.0108</Y>
          <Y t="20">0.01205</Y>
          <Y t="21">0.01345</Y>
          <Y t="22">0.01497</Y>
          <Y t="23">0.01664</Y>
          <Y t="24">0.01849</Y>
          <Y t="25">0.02044</Y>
        </Axis>
      </Axis>
      <Axis t="43">
        <Axis>
          <Y t="1">0.00069</Y>
          <Y t="2">0.00112</Y>
          <Y t="3">0.00147</Y>
          <Y t="4">0.00176</Y>
          <Y t="5">0.00209</Y>
          <Y t="6">0.00245</Y>
          <Y t="7">0.00283</Y>
          <Y t="8">0.00322</Y>
          <Y t="9">0.00364</Y>
          <Y t="10">0.00414</Y>
          <Y t="11">0.00469</Y>
          <Y t="12">0.00532</Y>
          <Y t="13">0.00608</Y>
          <Y t="14">0.00685</Y>
          <Y t="15">0.00767</Y>
          <Y t="16">0.00867</Y>
          <Y t="17">0.00968</Y>
          <Y t="18">0.01079</Y>
          <Y t="19">0.01203</Y>
          <Y t="20">0.01344</Y>
          <Y t="21">0.01495</Y>
          <Y t="22">0.01661</Y>
          <Y t="23">0.01846</Y>
          <Y t="24">0.02042</Y>
          <Y t="25">0.02245</Y>
        </Axis>
      </Axis>
      <Axis t="44">
        <Axis>
          <Y t="1">0.00073</Y>
          <Y t="2">0.00121</Y>
          <Y t="3">0.00159</Y>
          <Y t="4">0.00194</Y>
          <Y t="5">0.00232</Y>
          <Y t="6">0.00274</Y>
          <Y t="7">0.00315</Y>
          <Y t="8">0.00357</Y>
          <Y t="9">0.00404</Y>
          <Y t="10">0.00461</Y>
          <Y t="11">0.00523</Y>
          <Y t="12">0.00595</Y>
          <Y t="13">0.00679</Y>
          <Y t="14">0.00764</Y>
          <Y t="15">0.00857</Y>
          <Y t="16">0.00967</Y>
          <Y t="17">0.01078</Y>
          <Y t="18">0.01203</Y>
          <Y t="19">0.01343</Y>
          <Y t="20">0.01494</Y>
          <Y t="21">0.01659</Y>
          <Y t="22">0.01844</Y>
          <Y t="23">0.02041</Y>
          <Y t="24">0.02244</Y>
          <Y t="25">0.0246</Y>
        </Axis>
      </Axis>
      <Axis t="45">
        <Axis>
          <Y t="1">0.00079</Y>
          <Y t="2">0.00131</Y>
          <Y t="3">0.00173</Y>
          <Y t="4">0.00214</Y>
          <Y t="5">0.00259</Y>
          <Y t="6">0.00305</Y>
          <Y t="7">0.0035</Y>
          <Y t="8">0.00396</Y>
          <Y t="9">0.00449</Y>
          <Y t="10">0.00514</Y>
          <Y t="11">0.00586</Y>
          <Y t="12">0.00666</Y>
          <Y t="13">0.0076</Y>
          <Y t="14">0.00854</Y>
          <Y t="15">0.00959</Y>
          <Y t="16">0.01077</Y>
          <Y t="17">0.01202</Y>
          <Y t="18">0.01343</Y>
          <Y t="19">0.01493</Y>
          <Y t="20">0.01657</Y>
          <Y t="21">0.01843</Y>
          <Y t="22">0.0204</Y>
          <Y t="23">0.02243</Y>
          <Y t="24">0.02458</Y>
          <Y t="25">0.02695</Y>
        </Axis>
      </Axis>
      <Axis t="46">
        <Axis>
          <Y t="1">0.00085</Y>
          <Y t="2">0.00142</Y>
          <Y t="3">0.0019</Y>
          <Y t="4">0.00238</Y>
          <Y t="5">0.0029</Y>
          <Y t="6">0.0034</Y>
          <Y t="7">0.00388</Y>
          <Y t="8">0.00439</Y>
          <Y t="9">0.00499</Y>
          <Y t="10">0.00575</Y>
          <Y t="11">0.00657</Y>
          <Y t="12">0.00754</Y>
          <Y t="13">0.00852</Y>
          <Y t="14">0.00958</Y>
          <Y t="15">0.01074</Y>
          <Y t="16">0.01202</Y>
          <Y t="17">0.01343</Y>
          <Y t="18">0.01493</Y>
          <Y t="19">0.01656</Y>
          <Y t="20">0.01842</Y>
          <Y t="21">0.0204</Y>
          <Y t="22">0.02242</Y>
          <Y t="23">0.02458</Y>
          <Y t="24">0.02691</Y>
          <Y t="25">0.02962</Y>
        </Axis>
      </Axis>
      <Axis t="47">
        <Axis>
          <Y t="1">0.00093</Y>
          <Y t="2">0.00154</Y>
          <Y t="3">0.0021</Y>
          <Y t="4">0.00267</Y>
          <Y t="5">0.00324</Y>
          <Y t="6">0.00378</Y>
          <Y t="7">0.0043</Y>
          <Y t="8">0.00487</Y>
          <Y t="9">0.00557</Y>
          <Y t="10">0.00644</Y>
          <Y t="11">0.00749</Y>
          <Y t="12">0.00852</Y>
          <Y t="13">0.00957</Y>
          <Y t="14">0.01074</Y>
          <Y t="15">0.01202</Y>
          <Y t="16">0.01343</Y>
          <Y t="17">0.01493</Y>
          <Y t="18">0.01656</Y>
          <Y t="19">0.01842</Y>
          <Y t="20">0.0204</Y>
          <Y t="21">0.02242</Y>
          <Y t="22">0.02457</Y>
          <Y t="23">0.02688</Y>
          <Y t="24">0.02957</Y>
          <Y t="25">0.03268</Y>
        </Axis>
      </Axis>
      <Axis t="48">
        <Axis>
          <Y t="1">0.00101</Y>
          <Y t="2">0.00168</Y>
          <Y t="3">0.00233</Y>
          <Y t="4">0.003</Y>
          <Y t="5">0.00363</Y>
          <Y t="6">0.0042</Y>
          <Y t="7">0.00476</Y>
          <Y t="8">0.00541</Y>
          <Y t="9">0.00623</Y>
          <Y t="10">0.00742</Y>
          <Y t="11">0.00852</Y>
          <Y t="12">0.00957</Y>
          <Y t="13">0.01074</Y>
          <Y t="14">0.01202</Y>
          <Y t="15">0.01343</Y>
          <Y t="16">0.01493</Y>
          <Y t="17">0.01656</Y>
          <Y t="18">0.01841</Y>
          <Y t="19">0.0204</Y>
          <Y t="20">0.02242</Y>
          <Y t="21">0.02457</Y>
          <Y t="22">0.02686</Y>
          <Y t="23">0.02953</Y>
          <Y t="24">0.03264</Y>
          <Y t="25">0.03607</Y>
        </Axis>
      </Axis>
      <Axis t="49">
        <Axis>
          <Y t="1">0.00111</Y>
          <Y t="2">0.00184</Y>
          <Y t="3">0.00261</Y>
          <Y t="4">0.0034</Y>
          <Y t="5">0.00407</Y>
          <Y t="6">0.00466</Y>
          <Y t="7">0.00528</Y>
          <Y t="8">0.00603</Y>
          <Y t="9">0.0073</Y>
          <Y t="10">0.00852</Y>
          <Y t="11">0.00955</Y>
          <Y t="12">0.01073</Y>
          <Y t="13">0.01202</Y>
          <Y t="14">0.01343</Y>
          <Y t="15">0.01493</Y>
          <Y t="16">0.01655</Y>
          <Y t="17">0.01841</Y>
          <Y t="18">0.0204</Y>
          <Y t="19">0.02242</Y>
          <Y t="20">0.02457</Y>
          <Y t="21">0.02684</Y>
          <Y t="22">0.02949</Y>
          <Y t="23">0.03261</Y>
          <Y t="24">0.03605</Y>
          <Y t="25">0.03967</Y>
        </Axis>
      </Axis>
      <Axis t="50">
        <Axis>
          <Y t="1">0.00121</Y>
          <Y t="2">0.00202</Y>
          <Y t="3">0.00294</Y>
          <Y t="4">0.00386</Y>
          <Y t="5">0.00457</Y>
          <Y t="6">0.00519</Y>
          <Y t="7">0.00593</Y>
          <Y t="8">0.00713</Y>
          <Y t="9">0.00852</Y>
          <Y t="10">0.00955</Y>
          <Y t="11">0.01072</Y>
          <Y t="12">0.01201</Y>
          <Y t="13">0.01343</Y>
          <Y t="14">0.01493</Y>
          <Y t="15">0.01655</Y>
          <Y t="16">0.01841</Y>
          <Y t="17">0.0204</Y>
          <Y t="18">0.02242</Y>
          <Y t="19">0.02453</Y>
          <Y t="20">0.02682</Y>
          <Y t="21">0.02946</Y>
          <Y t="22">0.03259</Y>
          <Y t="23">0.03603</Y>
          <Y t="24">0.03964</Y>
          <Y t="25">0.04342</Y>
        </Axis>
      </Axis>
      <Axis t="51">
        <Axis>
          <Y t="1">0.00133</Y>
          <Y t="2">0.00222</Y>
          <Y t="3">0.00333</Y>
          <Y t="4">0.00439</Y>
          <Y t="5">0.00513</Y>
          <Y t="6">0.00585</Y>
          <Y t="7">0.00702</Y>
          <Y t="8">0.0084</Y>
          <Y t="9">0.00954</Y>
          <Y t="10">0.0107</Y>
          <Y t="11">0.01201</Y>
          <Y t="12">0.01342</Y>
          <Y t="13">0.01493</Y>
          <Y t="14">0.01655</Y>
          <Y t="15">0.01841</Y>
          <Y t="16">0.0204</Y>
          <Y t="17">0.02242</Y>
          <Y t="18">0.02448</Y>
          <Y t="19">0.02677</Y>
          <Y t="20">0.02943</Y>
          <Y t="21">0.03256</Y>
          <Y t="22">0.03602</Y>
          <Y t="23">0.0396</Y>
          <Y t="24">0.04339</Y>
          <Y t="25">0.04719</Y>
        </Axis>
      </Axis>
      <Axis t="52">
        <Axis>
          <Y t="1">0.00147</Y>
          <Y t="2">0.00246</Y>
          <Y t="3">0.00378</Y>
          <Y t="4">0.00501</Y>
          <Y t="5">0.0058</Y>
          <Y t="6">0.00688</Y>
          <Y t="7">0.00823</Y>
          <Y t="8">0.00947</Y>
          <Y t="9">0.01069</Y>
          <Y t="10">0.012</Y>
          <Y t="11">0.01342</Y>
          <Y t="12">0.01493</Y>
          <Y t="13">0.01655</Y>
          <Y t="14">0.0184</Y>
          <Y t="15">0.02039</Y>
          <Y t="16">0.02242</Y>
          <Y t="17">0.02443</Y>
          <Y t="18">0.0267</Y>
          <Y t="19">0.02941</Y>
          <Y t="20">0.03254</Y>
          <Y t="21">0.03601</Y>
          <Y t="22">0.03956</Y>
          <Y t="23">0.04335</Y>
          <Y t="24">0.04714</Y>
          <Y t="25">0.05086</Y>
        </Axis>
      </Axis>
      <Axis t="53">
        <Axis>
          <Y t="1">0.00162</Y>
          <Y t="2">0.00272</Y>
          <Y t="3">0.00431</Y>
          <Y t="4">0.00573</Y>
          <Y t="5">0.00672</Y>
          <Y t="6">0.00801</Y>
          <Y t="7">0.0093</Y>
          <Y t="8">0.01068</Y>
          <Y t="9">0.012</Y>
          <Y t="10">0.01341</Y>
          <Y t="11">0.01492</Y>
          <Y t="12">0.01654</Y>
          <Y t="13">0.0184</Y>
          <Y t="14">0.02038</Y>
          <Y t="15">0.02241</Y>
          <Y t="16">0.02439</Y>
          <Y t="17">0.02664</Y>
          <Y t="18">0.02938</Y>
          <Y t="19">0.03252</Y>
          <Y t="20">0.036</Y>
          <Y t="21">0.03953</Y>
          <Y t="22">0.04331</Y>
          <Y t="23">0.04709</Y>
          <Y t="24">0.05072</Y>
          <Y t="25">0.05447</Y>
        </Axis>
      </Axis>
      <Axis t="54">
        <Axis>
          <Y t="1">0.00179</Y>
          <Y t="2">0.00302</Y>
          <Y t="3">0.00492</Y>
          <Y t="4">0.00654</Y>
          <Y t="5">0.00775</Y>
          <Y t="6">0.00906</Y>
          <Y t="7">0.01048</Y>
          <Y t="8">0.01199</Y>
          <Y t="9">0.01341</Y>
          <Y t="10">0.01492</Y>
          <Y t="11">0.01654</Y>
          <Y t="12">0.0184</Y>
          <Y t="13">0.02038</Y>
          <Y t="14">0.0224</Y>
          <Y t="15">0.02434</Y>
          <Y t="16">0.02657</Y>
          <Y t="17">0.02935</Y>
          <Y t="18">0.0325</Y>
          <Y t="19">0.03599</Y>
          <Y t="20">0.03949</Y>
          <Y t="21">0.04327</Y>
          <Y t="22">0.04704</Y>
          <Y t="23">0.05059</Y>
          <Y t="24">0.05427</Y>
          <Y t="25">0.05826</Y>
        </Axis>
      </Axis>
      <Axis t="55">
        <Axis>
          <Y t="1">0.00198</Y>
          <Y t="2">0.00337</Y>
          <Y t="3">0.00562</Y>
          <Y t="4">0.00745</Y>
          <Y t="5">0.00878</Y>
          <Y t="6">0.01022</Y>
          <Y t="7">0.01179</Y>
          <Y t="8">0.0134</Y>
          <Y t="9">0.01492</Y>
          <Y t="10">0.01654</Y>
          <Y t="11">0.01839</Y>
          <Y t="12">0.02037</Y>
          <Y t="13">0.0224</Y>
          <Y t="14">0.02429</Y>
          <Y t="15">0.02651</Y>
          <Y t="16">0.02932</Y>
          <Y t="17">0.03248</Y>
          <Y t="18">0.03597</Y>
          <Y t="19">0.03945</Y>
          <Y t="20">0.04323</Y>
          <Y t="21">0.04699</Y>
          <Y t="22">0.05045</Y>
          <Y t="23">0.05406</Y>
          <Y t="24">0.05813</Y>
          <Y t="25">0.06228</Y>
        </Axis>
      </Axis>
      <Axis t="56">
        <Axis>
          <Y t="1">0.00219</Y>
          <Y t="2">0.00376</Y>
          <Y t="3">0.00639</Y>
          <Y t="4">0.00845</Y>
          <Y t="5">0.00991</Y>
          <Y t="6">0.01149</Y>
          <Y t="7">0.0132</Y>
          <Y t="8">0.01491</Y>
          <Y t="9">0.01653</Y>
          <Y t="10">0.01839</Y>
          <Y t="11">0.02036</Y>
          <Y t="12">0.02239</Y>
          <Y t="13">0.02423</Y>
          <Y t="14">0.02644</Y>
          <Y t="15">0.02929</Y>
          <Y t="16">0.03245</Y>
          <Y t="17">0.03596</Y>
          <Y t="18">0.03941</Y>
          <Y t="19">0.04319</Y>
          <Y t="20">0.04693</Y>
          <Y t="21">0.05031</Y>
          <Y t="22">0.05385</Y>
          <Y t="23">0.05799</Y>
          <Y t="24">0.06228</Y>
          <Y t="25">0.06659</Y>
        </Axis>
      </Axis>
      <Axis t="57">
        <Axis>
          <Y t="1">0.00243</Y>
          <Y t="2">0.00421</Y>
          <Y t="3">0.00723</Y>
          <Y t="4">0.00955</Y>
          <Y t="5">0.01113</Y>
          <Y t="6">0.01284</Y>
          <Y t="7">0.0147</Y>
          <Y t="8">0.01653</Y>
          <Y t="9">0.01839</Y>
          <Y t="10">0.02036</Y>
          <Y t="11">0.02238</Y>
          <Y t="12">0.02418</Y>
          <Y t="13">0.02636</Y>
          <Y t="14">0.02925</Y>
          <Y t="15">0.03242</Y>
          <Y t="16">0.03594</Y>
          <Y t="17">0.03937</Y>
          <Y t="18">0.04315</Y>
          <Y t="19">0.04687</Y>
          <Y t="20">0.05017</Y>
          <Y t="21">0.05363</Y>
          <Y t="22">0.05786</Y>
          <Y t="23">0.06227</Y>
          <Y t="24">0.06659</Y>
          <Y t="25">0.07118</Y>
        </Axis>
      </Axis>
      <Axis t="58">
        <Axis>
          <Y t="1">0.0027</Y>
          <Y t="2">0.00471</Y>
          <Y t="3">0.00812</Y>
          <Y t="4">0.01071</Y>
          <Y t="5">0.01242</Y>
          <Y t="6">0.01426</Y>
          <Y t="7">0.01624</Y>
          <Y t="8">0.01825</Y>
          <Y t="9">0.02035</Y>
          <Y t="10">0.02238</Y>
          <Y t="11">0.02412</Y>
          <Y t="12">0.02628</Y>
          <Y t="13">0.02921</Y>
          <Y t="14">0.03238</Y>
          <Y t="15">0.03593</Y>
          <Y t="16">0.03932</Y>
          <Y t="17">0.04311</Y>
          <Y t="18">0.04681</Y>
          <Y t="19">0.05001</Y>
          <Y t="20">0.05341</Y>
          <Y t="21">0.05771</Y>
          <Y t="22">0.06226</Y>
          <Y t="23">0.06659</Y>
          <Y t="24">0.07118</Y>
          <Y t="25">0.07705</Y>
        </Axis>
      </Axis>
      <Axis t="59">
        <Axis>
          <Y t="1">0.00299</Y>
          <Y t="2">0.00527</Y>
          <Y t="3">0.00904</Y>
          <Y t="4">0.01194</Y>
          <Y t="5">0.01376</Y>
          <Y t="6">0.01572</Y>
          <Y t="7">0.01779</Y>
          <Y t="8">0.01995</Y>
          <Y t="9">0.02224</Y>
          <Y t="10">0.02407</Y>
          <Y t="11">0.0262</Y>
          <Y t="12">0.02917</Y>
          <Y t="13">0.03234</Y>
          <Y t="14">0.03591</Y>
          <Y t="15">0.03928</Y>
          <Y t="16">0.04306</Y>
          <Y t="17">0.04675</Y>
          <Y t="18">0.04986</Y>
          <Y t="19">0.05318</Y>
          <Y t="20">0.05757</Y>
          <Y t="21">0.06225</Y>
          <Y t="22">0.06659</Y>
          <Y t="23">0.07118</Y>
          <Y t="24">0.07705</Y>
          <Y t="25">0.08467</Y>
        </Axis>
      </Axis>
      <Axis t="60">
        <Axis>
          <Y t="1">0.00331</Y>
          <Y t="2">0.00588</Y>
          <Y t="3">0.00998</Y>
          <Y t="4">0.01319</Y>
          <Y t="5">0.01512</Y>
          <Y t="6">0.01717</Y>
          <Y t="7">0.01915</Y>
          <Y t="8">0.02143</Y>
          <Y t="9">0.02387</Y>
          <Y t="10">0.02612</Y>
          <Y t="11">0.02912</Y>
          <Y t="12">0.0323</Y>
          <Y t="13">0.03588</Y>
          <Y t="14">0.03922</Y>
          <Y t="15">0.04301</Y>
          <Y t="16">0.04668</Y>
          <Y t="17">0.04969</Y>
          <Y t="18">0.05295</Y>
          <Y t="19">0.05742</Y>
          <Y t="20">0.06223</Y>
          <Y t="21">0.06657</Y>
          <Y t="22">0.07118</Y>
          <Y t="23">0.07705</Y>
          <Y t="24">0.08467</Y>
          <Y t="25">0.0933</Y>
        </Axis>
      </Axis>
      <Axis t="61">
        <Axis>
          <Y t="1">0.00367</Y>
          <Y t="2">0.00655</Y>
          <Y t="3">0.01091</Y>
          <Y t="4">0.01444</Y>
          <Y t="5">0.01647</Y>
          <Y t="6">0.01843</Y>
          <Y t="7">0.02021</Y>
          <Y t="8">0.02257</Y>
          <Y t="9">0.02516</Y>
          <Y t="10">0.02827</Y>
          <Y t="11">0.03146</Y>
          <Y t="12">0.03481</Y>
          <Y t="13">0.03917</Y>
          <Y t="14">0.04295</Y>
          <Y t="15">0.04661</Y>
          <Y t="16">0.04953</Y>
          <Y t="17">0.05271</Y>
          <Y t="18">0.05726</Y>
          <Y t="19">0.06222</Y>
          <Y t="20">0.06656</Y>
          <Y t="21">0.07117</Y>
          <Y t="22">0.07705</Y>
          <Y t="23">0.08467</Y>
          <Y t="24">0.0933</Y>
          <Y t="25">0.10308</Y>
        </Axis>
      </Axis>
      <Axis t="62">
        <Axis>
          <Y t="1">0.00405</Y>
          <Y t="2">0.00725</Y>
          <Y t="3">0.01184</Y>
          <Y t="4">0.01567</Y>
          <Y t="5">0.0178</Y>
          <Y t="6">0.0197</Y>
          <Y t="7">0.02121</Y>
          <Y t="8">0.02345</Y>
          <Y t="9">0.02623</Y>
          <Y t="10">0.02955</Y>
          <Y t="11">0.03289</Y>
          <Y t="12">0.03633</Y>
          <Y t="13">0.04115</Y>
          <Y t="14">0.04654</Y>
          <Y t="15">0.04935</Y>
          <Y t="16">0.05246</Y>
          <Y t="17">0.05708</Y>
          <Y t="18">0.06219</Y>
          <Y t="19">0.06654</Y>
          <Y t="20">0.07113</Y>
          <Y t="21">0.07705</Y>
          <Y t="22">0.08467</Y>
          <Y t="23">0.0933</Y>
          <Y t="24">0.10308</Y>
          <Y t="25">0.11406</Y>
        </Axis>
      </Axis>
      <Axis t="63">
        <Axis>
          <Y t="1">0.00445</Y>
          <Y t="2">0.00798</Y>
          <Y t="3">0.01274</Y>
          <Y t="4">0.01686</Y>
          <Y t="5">0.01916</Y>
          <Y t="6">0.02092</Y>
          <Y t="7">0.02244</Y>
          <Y t="8">0.02482</Y>
          <Y t="9">0.02796</Y>
          <Y t="10">0.03101</Y>
          <Y t="11">0.03436</Y>
          <Y t="12">0.03766</Y>
          <Y t="13">0.04242</Y>
          <Y t="14">0.04917</Y>
          <Y t="15">0.05221</Y>
          <Y t="16">0.05689</Y>
          <Y t="17">0.06215</Y>
          <Y t="18">0.06643</Y>
          <Y t="19">0.071</Y>
          <Y t="20">0.07701</Y>
          <Y t="21">0.08467</Y>
          <Y t="22">0.0933</Y>
          <Y t="23">0.10308</Y>
          <Y t="24">0.11406</Y>
          <Y t="25">0.12618</Y>
        </Axis>
      </Axis>
      <Axis t="64">
        <Axis>
          <Y t="1">0.00488</Y>
          <Y t="2">0.00871</Y>
          <Y t="3">0.01362</Y>
          <Y t="4">0.01807</Y>
          <Y t="5">0.02046</Y>
          <Y t="6">0.02219</Y>
          <Y t="7">0.02424</Y>
          <Y t="8">0.02708</Y>
          <Y t="9">0.03016</Y>
          <Y t="10">0.03342</Y>
          <Y t="11">0.03664</Y>
          <Y t="12">0.03963</Y>
          <Y t="13">0.04433</Y>
          <Y t="14">0.05196</Y>
          <Y t="15">0.0567</Y>
          <Y t="16">0.0621</Y>
          <Y t="17">0.06628</Y>
          <Y t="18">0.07073</Y>
          <Y t="19">0.07684</Y>
          <Y t="20">0.08467</Y>
          <Y t="21">0.0933</Y>
          <Y t="22">0.10308</Y>
          <Y t="23">0.11406</Y>
          <Y t="24">0.12618</Y>
          <Y t="25">0.13915</Y>
        </Axis>
      </Axis>
      <Axis t="65">
        <Axis>
          <Y t="1">0.00531</Y>
          <Y t="2">0.00945</Y>
          <Y t="3">0.0145</Y>
          <Y t="4">0.01935</Y>
          <Y t="5">0.02193</Y>
          <Y t="6">0.02405</Y>
          <Y t="7">0.02656</Y>
          <Y t="8">0.02954</Y>
          <Y t="9">0.03254</Y>
          <Y t="10">0.03646</Y>
          <Y t="11">0.03934</Y>
          <Y t="12">0.04298</Y>
          <Y t="13">0.04683</Y>
          <Y t="14">0.05468</Y>
          <Y t="15">0.06136</Y>
          <Y t="16">0.06617</Y>
          <Y t="17">0.07047</Y>
          <Y t="18">0.07661</Y>
          <Y t="19">0.0846</Y>
          <Y t="20">0.0933</Y>
          <Y t="21">0.10308</Y>
          <Y t="22">0.11406</Y>
          <Y t="23">0.12618</Y>
          <Y t="24">0.13915</Y>
          <Y t="25">0.1526</Y>
        </Axis>
      </Axis>
      <Axis t="66">
        <Axis>
          <Y t="1">0.00575</Y>
          <Y t="2">0.01019</Y>
          <Y t="3">0.01543</Y>
          <Y t="4">0.02081</Y>
          <Y t="5">0.02383</Y>
          <Y t="6">0.02633</Y>
          <Y t="7">0.02914</Y>
          <Y t="8">0.03219</Y>
          <Y t="9">0.03551</Y>
          <Y t="10">0.03916</Y>
          <Y t="11">0.04257</Y>
          <Y t="12">0.0464</Y>
          <Y t="13">0.04957</Y>
          <Y t="14">0.05775</Y>
          <Y t="15">0.0648</Y>
          <Y t="16">0.07023</Y>
          <Y t="17">0.07645</Y>
          <Y t="18">0.08446</Y>
          <Y t="19">0.0933</Y>
          <Y t="20">0.10308</Y>
          <Y t="21">0.11406</Y>
          <Y t="22">0.12618</Y>
          <Y t="23">0.13915</Y>
          <Y t="24">0.1526</Y>
          <Y t="25">0.16617</Y>
        </Axis>
      </Axis>
      <Axis t="67">
        <Axis>
          <Y t="1">0.00621</Y>
          <Y t="2">0.01098</Y>
          <Y t="3">0.01647</Y>
          <Y t="4">0.02254</Y>
          <Y t="5">0.02605</Y>
          <Y t="6">0.02889</Y>
          <Y t="7">0.03196</Y>
          <Y t="8">0.03516</Y>
          <Y t="9">0.03851</Y>
          <Y t="10">0.04216</Y>
          <Y t="11">0.04597</Y>
          <Y t="12">0.04937</Y>
          <Y t="13">0.05479</Y>
          <Y t="14">0.06144</Y>
          <Y t="15">0.069</Y>
          <Y t="16">0.07554</Y>
          <Y t="17">0.08427</Y>
          <Y t="18">0.09299</Y>
          <Y t="19">0.10308</Y>
          <Y t="20">0.11406</Y>
          <Y t="21">0.12618</Y>
          <Y t="22">0.13915</Y>
          <Y t="23">0.1526</Y>
          <Y t="24">0.16617</Y>
          <Y t="25">0.1794</Y>
        </Axis>
      </Axis>
      <Axis t="68">
        <Axis>
          <Y t="1">0.00671</Y>
          <Y t="2">0.01183</Y>
          <Y t="3">0.01768</Y>
          <Y t="4">0.0246</Y>
          <Y t="5">0.02858</Y>
          <Y t="6">0.0317</Y>
          <Y t="7">0.03493</Y>
          <Y t="8">0.03817</Y>
          <Y t="9">0.0415</Y>
          <Y t="10">0.04554</Y>
          <Y t="11">0.04918</Y>
          <Y t="12">0.05433</Y>
          <Y t="13">0.06068</Y>
          <Y t="14">0.06595</Y>
          <Y t="15">0.0746</Y>
          <Y t="16">0.08268</Y>
          <Y t="17">0.09266</Y>
          <Y t="18">0.10253</Y>
          <Y t="19">0.11406</Y>
          <Y t="20">0.12618</Y>
          <Y t="21">0.13915</Y>
          <Y t="22">0.1526</Y>
          <Y t="23">0.16617</Y>
          <Y t="24">0.1794</Y>
          <Y t="25">0.19217</Y>
        </Axis>
      </Axis>
      <Axis t="69">
        <Axis>
          <Y t="1">0.00727</Y>
          <Y t="2">0.0128</Y>
          <Y t="3">0.01908</Y>
          <Y t="4">0.02697</Y>
          <Y t="5">0.03135</Y>
          <Y t="6">0.03465</Y>
          <Y t="7">0.03792</Y>
          <Y t="8">0.04124</Y>
          <Y t="9">0.04497</Y>
          <Y t="10">0.04899</Y>
          <Y t="11">0.05387</Y>
          <Y t="12">0.05991</Y>
          <Y t="13">0.06494</Y>
          <Y t="14">0.07175</Y>
          <Y t="15">0.08193</Y>
          <Y t="16">0.09111</Y>
          <Y t="17">0.10206</Y>
          <Y t="18">0.1137</Y>
          <Y t="19">0.12618</Y>
          <Y t="20">0.13915</Y>
          <Y t="21">0.1526</Y>
          <Y t="22">0.16617</Y>
          <Y t="23">0.1794</Y>
          <Y t="24">0.19217</Y>
          <Y t="25">0.20418</Y>
        </Axis>
      </Axis>
      <Axis t="70">
        <Axis>
          <Y t="1">0.00791</Y>
          <Y t="2">0.0139</Y>
          <Y t="3">0.02067</Y>
          <Y t="4">0.02958</Y>
          <Y t="5">0.03427</Y>
          <Y t="6">0.03763</Y>
          <Y t="7">0.04103</Y>
          <Y t="8">0.04484</Y>
          <Y t="9">0.04891</Y>
          <Y t="10">0.05341</Y>
          <Y t="11">0.05915</Y>
          <Y t="12">0.06421</Y>
          <Y t="13">0.0695</Y>
          <Y t="14">0.07878</Y>
          <Y t="15">0.09027</Y>
          <Y t="16">0.10064</Y>
          <Y t="17">0.11335</Y>
          <Y t="18">0.12618</Y>
          <Y t="19">0.13915</Y>
          <Y t="20">0.1526</Y>
          <Y t="21">0.16617</Y>
          <Y t="22">0.1794</Y>
          <Y t="23">0.19217</Y>
          <Y t="24">0.20418</Y>
          <Y t="25">0.21487</Y>
        </Axis>
      </Axis>
      <Axis t="71">
        <Axis>
          <Y t="1">0.00865</Y>
          <Y t="2">0.01513</Y>
          <Y t="3">0.02242</Y>
          <Y t="4">0.03235</Y>
          <Y t="5">0.03722</Y>
          <Y t="6">0.04079</Y>
          <Y t="7">0.0447</Y>
          <Y t="8">0.04882</Y>
          <Y t="9">0.05331</Y>
          <Y t="10">0.05839</Y>
          <Y t="11">0.06366</Y>
          <Y t="12">0.06896</Y>
          <Y t="13">0.07584</Y>
          <Y t="14">0.0867</Y>
          <Y t="15">0.09924</Y>
          <Y t="16">0.11239</Y>
          <Y t="17">0.12597</Y>
          <Y t="18">0.13915</Y>
          <Y t="19">0.1526</Y>
          <Y t="20">0.16617</Y>
          <Y t="21">0.1794</Y>
          <Y t="22">0.19217</Y>
          <Y t="23">0.20418</Y>
          <Y t="24">0.21487</Y>
          <Y t="25">0.22652</Y>
        </Axis>
      </Axis>
      <Axis t="72">
        <Axis>
          <Y t="1">0.00949</Y>
          <Y t="2">0.01647</Y>
          <Y t="3">0.02429</Y>
          <Y t="4">0.03516</Y>
          <Y t="5">0.04013</Y>
          <Y t="6">0.04416</Y>
          <Y t="7">0.04853</Y>
          <Y t="8">0.05266</Y>
          <Y t="9">0.05756</Y>
          <Y t="10">0.06282</Y>
          <Y t="11">0.06838</Y>
          <Y t="12">0.07477</Y>
          <Y t="13">0.08374</Y>
          <Y t="14">0.09507</Y>
          <Y t="15">0.11063</Y>
          <Y t="16">0.12512</Y>
          <Y t="17">0.13899</Y>
          <Y t="18">0.1526</Y>
          <Y t="19">0.16617</Y>
          <Y t="20">0.1794</Y>
          <Y t="21">0.19217</Y>
          <Y t="22">0.20418</Y>
          <Y t="23">0.21487</Y>
          <Y t="24">0.22652</Y>
          <Y t="25">0.24113</Y>
        </Axis>
      </Axis>
      <Axis t="73">
        <Axis>
          <Y t="1">0.01042</Y>
          <Y t="2">0.0179</Y>
          <Y t="3">0.02623</Y>
          <Y t="4">0.03793</Y>
          <Y t="5">0.04345</Y>
          <Y t="6">0.04784</Y>
          <Y t="7">0.05189</Y>
          <Y t="8">0.05627</Y>
          <Y t="9">0.0612</Y>
          <Y t="10">0.06727</Y>
          <Y t="11">0.07431</Y>
          <Y t="12">0.08139</Y>
          <Y t="13">0.09174</Y>
          <Y t="14">0.10765</Y>
          <Y t="15">0.12362</Y>
          <Y t="16">0.13792</Y>
          <Y t="17">0.1526</Y>
          <Y t="18">0.16617</Y>
          <Y t="19">0.1794</Y>
          <Y t="20">0.19217</Y>
          <Y t="21">0.20418</Y>
          <Y t="22">0.21487</Y>
          <Y t="23">0.22652</Y>
          <Y t="24">0.24113</Y>
          <Y t="25">0.25732</Y>
        </Axis>
      </Axis>
      <Axis t="74">
        <Axis>
          <Y t="1">0.01143</Y>
          <Y t="2">0.01937</Y>
          <Y t="3">0.0282</Y>
          <Y t="4">0.04068</Y>
          <Y t="5">0.04682</Y>
          <Y t="6">0.05115</Y>
          <Y t="7">0.05426</Y>
          <Y t="8">0.05884</Y>
          <Y t="9">0.06551</Y>
          <Y t="10">0.0733</Y>
          <Y t="11">0.08114</Y>
          <Y t="12">0.09018</Y>
          <Y t="13">0.10505</Y>
          <Y t="14">0.1222</Y>
          <Y t="15">0.13651</Y>
          <Y t="16">0.15208</Y>
          <Y t="17">0.16617</Y>
          <Y t="18">0.1794</Y>
          <Y t="19">0.19217</Y>
          <Y t="20">0.20418</Y>
          <Y t="21">0.21487</Y>
          <Y t="22">0.22652</Y>
          <Y t="23">0.24113</Y>
          <Y t="24">0.25732</Y>
          <Y t="25">0.2753</Y>
        </Axis>
      </Axis>
      <Axis t="75">
        <Axis>
          <Y t="1">0.0125</Y>
          <Y t="2">0.02089</Y>
          <Y t="3">0.03024</Y>
          <Y t="4">0.04344</Y>
          <Y t="5">0.04934</Y>
          <Y t="6">0.05355</Y>
          <Y t="7">0.05677</Y>
          <Y t="8">0.06289</Y>
          <Y t="9">0.07165</Y>
          <Y t="10">0.0803</Y>
          <Y t="11">0.08989</Y>
          <Y t="12">0.10395</Y>
          <Y t="13">0.12042</Y>
          <Y t="14">0.13483</Y>
          <Y t="15">0.15137</Y>
          <Y t="16">0.16617</Y>
          <Y t="17">0.1794</Y>
          <Y t="18">0.19217</Y>
          <Y t="19">0.20418</Y>
          <Y t="20">0.21487</Y>
          <Y t="21">0.22652</Y>
          <Y t="22">0.24113</Y>
          <Y t="23">0.25732</Y>
          <Y t="24">0.2753</Y>
          <Y t="25">0.29479</Y>
        </Axis>
      </Axis>
      <Axis t="76">
        <Axis>
          <Y t="1">0.01362</Y>
          <Y t="2">0.02245</Y>
          <Y t="3">0.03238</Y>
          <Y t="4">0.04627</Y>
          <Y t="5">0.05197</Y>
          <Y t="6">0.05638</Y>
          <Y t="7">0.06125</Y>
          <Y t="8">0.0698</Y>
          <Y t="9">0.07883</Y>
          <Y t="10">0.08895</Y>
          <Y t="11">0.1026</Y>
          <Y t="12">0.11811</Y>
          <Y t="13">0.13271</Y>
          <Y t="14">0.15042</Y>
          <Y t="15">0.16617</Y>
          <Y t="16">0.1794</Y>
          <Y t="17">0.19217</Y>
          <Y t="18">0.20418</Y>
          <Y t="19">0.21487</Y>
          <Y t="20">0.22652</Y>
          <Y t="21">0.24113</Y>
          <Y t="22">0.25732</Y>
          <Y t="23">0.2753</Y>
          <Y t="24">0.29479</Y>
          <Y t="25">0.31552</Y>
        </Axis>
      </Axis>
      <Axis t="77">
        <Axis>
          <Y t="1">0.01481</Y>
          <Y t="2">0.02411</Y>
          <Y t="3">0.03468</Y>
          <Y t="4">0.04925</Y>
          <Y t="5">0.05529</Y>
          <Y t="6">0.06035</Y>
          <Y t="7">0.06745</Y>
          <Y t="8">0.07681</Y>
          <Y t="9">0.08728</Y>
          <Y t="10">0.10065</Y>
          <Y t="11">0.11539</Y>
          <Y t="12">0.12981</Y>
          <Y t="13">0.14851</Y>
          <Y t="14">0.16617</Y>
          <Y t="15">0.1794</Y>
          <Y t="16">0.19217</Y>
          <Y t="17">0.20418</Y>
          <Y t="18">0.21487</Y>
          <Y t="19">0.22652</Y>
          <Y t="20">0.24113</Y>
          <Y t="21">0.25732</Y>
          <Y t="22">0.2753</Y>
          <Y t="23">0.29479</Y>
          <Y t="24">0.31552</Y>
          <Y t="25">0.33699</Y>
        </Axis>
      </Axis>
      <Axis t="78">
        <Axis>
          <Y t="1">0.0161</Y>
          <Y t="2">0.0259</Y>
          <Y t="3">0.03719</Y>
          <Y t="4">0.0524</Y>
          <Y t="5">0.05975</Y>
          <Y t="6">0.06527</Y>
          <Y t="7">0.07426</Y>
          <Y t="8">0.08502</Y>
          <Y t="9">0.09807</Y>
          <Y t="10">0.11224</Y>
          <Y t="11">0.12649</Y>
          <Y t="12">0.14564</Y>
          <Y t="13">0.16545</Y>
          <Y t="14">0.1794</Y>
          <Y t="15">0.19217</Y>
          <Y t="16">0.20418</Y>
          <Y t="17">0.21487</Y>
          <Y t="18">0.22652</Y>
          <Y t="19">0.24113</Y>
          <Y t="20">0.25732</Y>
          <Y t="21">0.2753</Y>
          <Y t="22">0.29479</Y>
          <Y t="23">0.31552</Y>
          <Y t="24">0.33699</Y>
          <Y t="25">0.35854</Y>
        </Axis>
      </Axis>
      <Axis t="79">
        <Axis>
          <Y t="1">0.01751</Y>
          <Y t="2">0.02786</Y>
          <Y t="3">0.03993</Y>
          <Y t="4">0.05601</Y>
          <Y t="5">0.06494</Y>
          <Y t="6">0.0712</Y>
          <Y t="7">0.08219</Y>
          <Y t="8">0.09499</Y>
          <Y t="9">0.10859</Y>
          <Y t="10">0.12264</Y>
          <Y t="11">0.14208</Y>
          <Y t="12">0.16412</Y>
          <Y t="13">0.1794</Y>
          <Y t="14">0.19217</Y>
          <Y t="15">0.20418</Y>
          <Y t="16">0.21487</Y>
          <Y t="17">0.22652</Y>
          <Y t="18">0.24113</Y>
          <Y t="19">0.25732</Y>
          <Y t="20">0.2753</Y>
          <Y t="21">0.29479</Y>
          <Y t="22">0.31552</Y>
          <Y t="23">0.33699</Y>
          <Y t="24">0.35854</Y>
          <Y t="25">0.37981</Y>
        </Axis>
      </Axis>
      <Axis t="80">
        <Axis>
          <Y t="1">0.01908</Y>
          <Y t="2">0.03003</Y>
          <Y t="3">0.04316</Y>
          <Y t="4">0.06015</Y>
          <Y t="5">0.06991</Y>
          <Y t="6">0.07878</Y>
          <Y t="7">0.0914</Y>
          <Y t="8">0.10454</Y>
          <Y t="9">0.11814</Y>
          <Y t="10">0.13746</Y>
          <Y t="11">0.16197</Y>
          <Y t="12">0.1794</Y>
          <Y t="13">0.19217</Y>
          <Y t="14">0.20418</Y>
          <Y t="15">0.21487</Y>
          <Y t="16">0.22652</Y>
          <Y t="17">0.24113</Y>
          <Y t="18">0.25732</Y>
          <Y t="19">0.2753</Y>
          <Y t="20">0.29479</Y>
          <Y t="21">0.31552</Y>
          <Y t="22">0.33699</Y>
          <Y t="23">0.35854</Y>
          <Y t="24">0.37981</Y>
          <Y t="25">0.40044</Y>
        </Axis>
      </Axis>
      <Axis t="81">
        <Axis>
          <Y t="1">0.02085</Y>
          <Y t="2">0.0326</Y>
          <Y t="3">0.04691</Y>
          <Y t="4">0.06454</Y>
          <Y t="5">0.07525</Y>
          <Y t="6">0.08686</Y>
          <Y t="7">0.10008</Y>
          <Y t="8">0.1131</Y>
          <Y t="9">0.13182</Y>
          <Y t="10">0.158</Y>
          <Y t="11">0.179</Y>
          <Y t="12">0.19217</Y>
          <Y t="13">0.20418</Y>
          <Y t="14">0.21487</Y>
          <Y t="15">0.22652</Y>
          <Y t="16">0.24113</Y>
          <Y t="17">0.25732</Y>
          <Y t="18">0.2753</Y>
          <Y t="19">0.29479</Y>
          <Y t="20">0.31552</Y>
          <Y t="21">0.33699</Y>
          <Y t="22">0.35854</Y>
          <Y t="23">0.37981</Y>
          <Y t="24">0.40044</Y>
          <Y t="25">0.42009</Y>
        </Axis>
      </Axis>
      <Axis t="82">
        <Axis>
          <Y t="1">0.02296</Y>
          <Y t="2">0.03563</Y>
          <Y t="3">0.05102</Y>
          <Y t="4">0.06915</Y>
          <Y t="5">0.08097</Y>
          <Y t="6">0.09408</Y>
          <Y t="7">0.10749</Y>
          <Y t="8">0.12523</Y>
          <Y t="9">0.15265</Y>
          <Y t="10">0.17744</Y>
          <Y t="11">0.19217</Y>
          <Y t="12">0.20418</Y>
          <Y t="13">0.21487</Y>
          <Y t="14">0.22652</Y>
          <Y t="15">0.24113</Y>
          <Y t="16">0.25732</Y>
          <Y t="17">0.2753</Y>
          <Y t="18">0.29479</Y>
          <Y t="19">0.31552</Y>
          <Y t="20">0.33699</Y>
          <Y t="21">0.35854</Y>
          <Y t="22">0.37981</Y>
          <Y t="23">0.40044</Y>
          <Y t="24">0.42009</Y>
          <Y t="25">0.4384</Y>
        </Axis>
      </Axis>
      <Axis t="83">
        <Axis>
          <Y t="1">0.02546</Y>
          <Y t="2">0.039</Y>
          <Y t="3">0.05545</Y>
          <Y t="4">0.07396</Y>
          <Y t="5">0.08696</Y>
          <Y t="6">0.10063</Y>
          <Y t="7">0.11767</Y>
          <Y t="8">0.14591</Y>
          <Y t="9">0.17507</Y>
          <Y t="10">0.19217</Y>
          <Y t="11">0.20418</Y>
          <Y t="12">0.21487</Y>
          <Y t="13">0.22652</Y>
          <Y t="14">0.24113</Y>
          <Y t="15">0.25732</Y>
          <Y t="16">0.2753</Y>
          <Y t="17">0.29479</Y>
          <Y t="18">0.31552</Y>
          <Y t="19">0.33699</Y>
          <Y t="20">0.35854</Y>
          <Y t="21">0.37981</Y>
          <Y t="22">0.40044</Y>
          <Y t="23">0.42009</Y>
          <Y t="24">0.4384</Y>
          <Y t="25">0.45501</Y>
        </Axis>
      </Axis>
      <Axis t="84">
        <Axis>
          <Y t="1">0.02829</Y>
          <Y t="2">0.0427</Y>
          <Y t="3">0.06018</Y>
          <Y t="4">0.07889</Y>
          <Y t="5">0.09271</Y>
          <Y t="6">0.10914</Y>
          <Y t="7">0.13777</Y>
          <Y t="8">0.17103</Y>
          <Y t="9">0.19217</Y>
          <Y t="10">0.20418</Y>
          <Y t="11">0.21487</Y>
          <Y t="12">0.22652</Y>
          <Y t="13">0.24113</Y>
          <Y t="14">0.25732</Y>
          <Y t="15">0.2753</Y>
          <Y t="16">0.29479</Y>
          <Y t="17">0.31552</Y>
          <Y t="18">0.33699</Y>
          <Y t="19">0.35854</Y>
          <Y t="20">0.37981</Y>
          <Y t="21">0.40044</Y>
          <Y t="22">0.42009</Y>
          <Y t="23">0.4384</Y>
          <Y t="24">0.45501</Y>
          <Y t="25">0.46956</Y>
        </Axis>
      </Axis>
      <Axis t="85">
        <Axis>
          <Y t="1">0.03145</Y>
          <Y t="2">0.04674</Y>
          <Y t="3">0.06514</Y>
          <Y t="4">0.0837</Y>
          <Y t="5">0.09956</Y>
          <Y t="6">0.12807</Y>
          <Y t="7">0.16341</Y>
          <Y t="8">0.19116</Y>
          <Y t="9">0.20418</Y>
          <Y t="10">0.21487</Y>
          <Y t="11">0.22652</Y>
          <Y t="12">0.24113</Y>
          <Y t="13">0.25732</Y>
          <Y t="14">0.2753</Y>
          <Y t="15">0.29479</Y>
          <Y t="16">0.31552</Y>
          <Y t="17">0.33699</Y>
          <Y t="18">0.35854</Y>
          <Y t="19">0.37981</Y>
          <Y t="20">0.40044</Y>
          <Y t="21">0.42009</Y>
          <Y t="22">0.4384</Y>
          <Y t="23">0.45501</Y>
          <Y t="24">0.46956</Y>
          <Y t="25">0.4817</Y>
        </Axis>
      </Axis>
      <Axis t="86">
        <Axis>
          <Y t="1">0.03498</Y>
          <Y t="2">0.0511</Y>
          <Y t="3">0.07011</Y>
          <Y t="4">0.09126</Y>
          <Y t="5">0.11728</Y>
          <Y t="6">0.15479</Y>
          <Y t="7">0.18687</Y>
          <Y t="8">0.20418</Y>
          <Y t="9">0.21487</Y>
          <Y t="10">0.22652</Y>
          <Y t="11">0.24113</Y>
          <Y t="12">0.25732</Y>
          <Y t="13">0.2753</Y>
          <Y t="14">0.29479</Y>
          <Y t="15">0.31552</Y>
          <Y t="16">0.33699</Y>
          <Y t="17">0.35854</Y>
          <Y t="18">0.37981</Y>
          <Y t="19">0.40044</Y>
          <Y t="20">0.42009</Y>
          <Y t="21">0.4384</Y>
          <Y t="22">0.45501</Y>
          <Y t="23">0.46956</Y>
          <Y t="24">0.4817</Y>
          <Y t="25">0.49107</Y>
        </Axis>
      </Axis>
      <Axis t="87">
        <Axis>
          <Y t="1">0.03888</Y>
          <Y t="2">0.05564</Y>
          <Y t="3">0.07536</Y>
          <Y t="4">0.10695</Y>
          <Y t="5">0.14471</Y>
          <Y t="6">0.18259</Y>
          <Y t="7">0.20418</Y>
          <Y t="8">0.21487</Y>
          <Y t="9">0.22652</Y>
          <Y t="10">0.24113</Y>
          <Y t="11">0.25732</Y>
          <Y t="12">0.2753</Y>
          <Y t="13">0.29479</Y>
          <Y t="14">0.31552</Y>
          <Y t="15">0.33699</Y>
          <Y t="16">0.35854</Y>
          <Y t="17">0.37981</Y>
          <Y t="18">0.40044</Y>
          <Y t="19">0.42009</Y>
          <Y t="20">0.4384</Y>
          <Y t="21">0.45501</Y>
          <Y t="22">0.46956</Y>
          <Y t="23">0.4817</Y>
          <Y t="24">0.49107</Y>
          <Y t="25">0.49731</Y>
        </Axis>
      </Axis>
      <Axis t="88">
        <Axis>
          <Y t="1">0.04308</Y>
          <Y t="2">0.0607</Y>
          <Y t="3">0.08421</Y>
          <Y t="4">0.12874</Y>
          <Y t="5">0.17076</Y>
          <Y t="6">0.20418</Y>
          <Y t="7">0.21487</Y>
          <Y t="8">0.22652</Y>
          <Y t="9">0.24113</Y>
          <Y t="10">0.25732</Y>
          <Y t="11">0.2753</Y>
          <Y t="12">0.29479</Y>
          <Y t="13">0.31552</Y>
          <Y t="14">0.33699</Y>
          <Y t="15">0.35854</Y>
          <Y t="16">0.37981</Y>
          <Y t="17">0.40044</Y>
          <Y t="18">0.42009</Y>
          <Y t="19">0.4384</Y>
          <Y t="20">0.45501</Y>
          <Y t="21">0.46956</Y>
          <Y t="22">0.4817</Y>
          <Y t="23">0.49107</Y>
          <Y t="24">0.49731</Y>
          <Y t="25">0.5</Y>
        </Axis>
      </Axis>
      <Axis t="89">
        <Axis>
          <Y t="1">0.04751</Y>
          <Y t="2">0.0664</Y>
          <Y t="3">0.09814</Y>
          <Y t="4">0.153</Y>
          <Y t="5">0.19619</Y>
          <Y t="6">0.21487</Y>
          <Y t="7">0.22652</Y>
          <Y t="8">0.24113</Y>
          <Y t="9">0.25732</Y>
          <Y t="10">0.2753</Y>
          <Y t="11">0.29479</Y>
          <Y t="12">0.31552</Y>
          <Y t="13">0.33699</Y>
          <Y t="14">0.35854</Y>
          <Y t="15">0.37981</Y>
          <Y t="16">0.40044</Y>
          <Y t="17">0.42009</Y>
          <Y t="18">0.4384</Y>
          <Y t="19">0.45501</Y>
          <Y t="20">0.46956</Y>
          <Y t="21">0.4817</Y>
          <Y t="22">0.49107</Y>
          <Y t="23">0.49731</Y>
          <Y t="24">0.5</Y>
          <Y t="25">0.5</Y>
        </Axis>
      </Axis>
      <Axis t="90">
        <Axis>
          <Y t="1">0.0528</Y>
          <Y t="2">0.07477</Y>
          <Y t="3">0.13118</Y>
          <Y t="4">0.1869</Y>
          <Y t="5">0.21487</Y>
          <Y t="6">0.22652</Y>
          <Y t="7">0.24113</Y>
          <Y t="8">0.25732</Y>
          <Y t="9">0.2753</Y>
          <Y t="10">0.29479</Y>
          <Y t="11">0.31552</Y>
          <Y t="12">0.33699</Y>
          <Y t="13">0.35854</Y>
          <Y t="14">0.37981</Y>
          <Y t="15">0.40044</Y>
          <Y t="16">0.42009</Y>
          <Y t="17">0.4384</Y>
          <Y t="18">0.45501</Y>
          <Y t="19">0.46956</Y>
          <Y t="20">0.4817</Y>
          <Y t="21">0.49107</Y>
          <Y t="22">0.49731</Y>
          <Y t="23">0.5</Y>
          <Y t="24">0.5</Y>
          <Y t="25">0.5</Y>
        </Axis>
      </Axis>
      <Axis t="91">
        <Axis>
          <Y t="1">0.06086</Y>
          <Y t="2">0.09849</Y>
          <Y t="3">0.18253</Y>
          <Y t="4">0.21487</Y>
          <Y t="5">0.22652</Y>
          <Y t="6">0.24113</Y>
          <Y t="7">0.25732</Y>
          <Y t="8">0.2753</Y>
          <Y t="9">0.29479</Y>
          <Y t="10">0.31552</Y>
          <Y t="11">0.33699</Y>
          <Y t="12">0.35854</Y>
          <Y t="13">0.37981</Y>
          <Y t="14">0.40044</Y>
          <Y t="15">0.42009</Y>
          <Y t="16">0.4384</Y>
          <Y t="17">0.45501</Y>
          <Y t="18">0.46956</Y>
          <Y t="19">0.4817</Y>
          <Y t="20">0.49107</Y>
          <Y t="21">0.49731</Y>
          <Y t="22">0.5</Y>
          <Y t="23">0.5</Y>
          <Y t="24">0.5</Y>
          <Y t="25">0.5</Y>
        </Axis>
      </Axis>
      <Axis t="92">
        <Axis>
          <Y t="1">0.07329</Y>
          <Y t="2">0.13889</Y>
          <Y t="3">0.21487</Y>
          <Y t="4">0.22652</Y>
          <Y t="5">0.24113</Y>
          <Y t="6">0.25732</Y>
          <Y t="7">0.2753</Y>
          <Y t="8">0.29479</Y>
          <Y t="9">0.31552</Y>
          <Y t="10">0.33699</Y>
          <Y t="11">0.35854</Y>
          <Y t="12">0.37981</Y>
          <Y t="13">0.40044</Y>
          <Y t="14">0.42009</Y>
          <Y t="15">0.4384</Y>
          <Y t="16">0.45501</Y>
          <Y t="17">0.46956</Y>
          <Y t="18">0.4817</Y>
          <Y t="19">0.49107</Y>
          <Y t="20">0.49731</Y>
          <Y t="21">0.5</Y>
          <Y t="22">0.5</Y>
          <Y t="23">0.5</Y>
          <Y t="24">0.5</Y>
          <Y t="25">0.5</Y>
        </Axis>
      </Axis>
      <Axis t="93">
        <Axis>
          <Y t="1">0.094</Y>
          <Y t="2">0.17447</Y>
          <Y t="3">0.22652</Y>
          <Y t="4">0.24113</Y>
          <Y t="5">0.25732</Y>
          <Y t="6">0.2753</Y>
          <Y t="7">0.29479</Y>
          <Y t="8">0.31552</Y>
          <Y t="9">0.33699</Y>
          <Y t="10">0.35854</Y>
          <Y t="11">0.37981</Y>
          <Y t="12">0.40044</Y>
          <Y t="13">0.42009</Y>
          <Y t="14">0.4384</Y>
          <Y t="15">0.45501</Y>
          <Y t="16">0.46956</Y>
          <Y t="17">0.4817</Y>
          <Y t="18">0.49107</Y>
          <Y t="19">0.49731</Y>
          <Y t="20">0.5</Y>
          <Y t="21">0.5</Y>
          <Y t="22">0.5</Y>
          <Y t="23">0.5</Y>
          <Y t="24">0.5</Y>
          <Y t="25">0.5</Y>
        </Axis>
      </Axis>
      <Axis t="94">
        <Axis>
          <Y t="1">0.12836</Y>
          <Y t="2">0.2092</Y>
          <Y t="3">0.24113</Y>
          <Y t="4">0.25732</Y>
          <Y t="5">0.2753</Y>
          <Y t="6">0.29479</Y>
          <Y t="7">0.31552</Y>
          <Y t="8">0.33699</Y>
          <Y t="9">0.35854</Y>
          <Y t="10">0.37981</Y>
          <Y t="11">0.40044</Y>
          <Y t="12">0.42009</Y>
          <Y t="13">0.4384</Y>
          <Y t="14">0.45501</Y>
          <Y t="15">0.46956</Y>
          <Y t="16">0.4817</Y>
          <Y t="17">0.49107</Y>
          <Y t="18">0.49731</Y>
          <Y t="19">0.5</Y>
          <Y t="20">0.5</Y>
          <Y t="21">0.5</Y>
          <Y t="22">0.5</Y>
          <Y t="23">0.5</Y>
          <Y t="24">0.5</Y>
          <Y t="25">0.5</Y>
        </Axis>
      </Axis>
      <Axis t="95">
        <Axis>
          <Y t="1">0.17973</Y>
          <Y t="2">0.24113</Y>
          <Y t="3">0.25732</Y>
          <Y t="4">0.2753</Y>
          <Y t="5">0.29479</Y>
          <Y t="6">0.31552</Y>
          <Y t="7">0.33699</Y>
          <Y t="8">0.35854</Y>
          <Y t="9">0.37981</Y>
          <Y t="10">0.40044</Y>
          <Y t="11">0.42009</Y>
          <Y t="12">0.4384</Y>
          <Y t="13">0.45501</Y>
          <Y t="14">0.46956</Y>
          <Y t="15">0.4817</Y>
          <Y t="16">0.49107</Y>
          <Y t="17">0.49731</Y>
          <Y t="18">0.5</Y>
          <Y t="19">0.5</Y>
          <Y t="20">0.5</Y>
          <Y t="21">0.5</Y>
          <Y t="22">0.5</Y>
          <Y t="23">0.5</Y>
          <Y t="24">0.5</Y>
          <Y t="25">0.5</Y>
        </Axis>
      </Axis>
    </Values>
  </Table>
  <Table>
    <MetaData>
      <ScalingFactor>0</ScalingFactor>
      <DataType tc="2">Floating Point</DataType>
      <Nation tc="1">United States of America</Nation>
      <TableDescription>2017 Unloaded CSO Preferred Structure Smoker, Residual Standard, Male, Select and Ultimate Table. Basis: Age Last Birthday. Minimum Ultimate Age: 18. Maximum Ultimate Age: 120.</TableDescription>
      <AxisDef id="Age">
        <ScaleType tc="3">Age</ScaleType>
        <AxisName>Age</AxisName>
        <MinScaleValue>18</MinScaleValue>
        <MaxScaleValue>120</MaxScaleValue>
        <Increment>1</Increment>
      </AxisDef>
    </MetaData>
    <Values>
      <Axis>
        <Y t="18">0.00073</Y>
        <Y t="19">0.00077</Y>
        <Y t="20">0.00079</Y>
        <Y t="21">0.00082</Y>
        <Y t="22">0.00084</Y>
        <Y t="23">0.00087</Y>
        <Y t="24">0.0009</Y>
        <Y t="25">0.00092</Y>
        <Y t="26">0.00091</Y>
        <Y t="27">0.0009</Y>
        <Y t="28">0.00089</Y>
        <Y t="29">0.00089</Y>
        <Y t="30">0.00091</Y>
        <Y t="31">0.00096</Y>
        <Y t="32">0.00103</Y>
        <Y t="33">0.0011</Y>
        <Y t="34">0.00119</Y>
        <Y t="35">0.00129</Y>
        <Y t="36">0.0014</Y>
        <Y t="37">0.00155</Y>
        <Y t="38">0.00172</Y>
        <Y t="39">0.00194</Y>
        <Y t="40">0.00218</Y>
        <Y t="41">0.00243</Y>
        <Y t="42">0.00267</Y>
        <Y t="43">0.00288</Y>
        <Y t="44">0.00303</Y>
        <Y t="45">0.00319</Y>
        <Y t="46">0.0034</Y>
        <Y t="47">0.00362</Y>
        <Y t="48">0.00387</Y>
        <Y t="49">0.00415</Y>
        <Y t="50">0.00446</Y>
        <Y t="51">0.00483</Y>
        <Y t="52">0.00523</Y>
        <Y t="53">0.00568</Y>
        <Y t="54">0.00618</Y>
        <Y t="55">0.00675</Y>
        <Y t="56">0.0074</Y>
        <Y t="57">0.00812</Y>
        <Y t="58">0.00895</Y>
        <Y t="59">0.00989</Y>
        <Y t="60">0.01097</Y>
        <Y t="61">0.0122</Y>
        <Y t="62">0.01358</Y>
        <Y t="63">0.01509</Y>
        <Y t="64">0.01675</Y>
        <Y t="65">0.01856</Y>
        <Y t="66">0.02047</Y>
        <Y t="67">0.02247</Y>
        <Y t="68">0.02462</Y>
        <Y t="69">0.02699</Y>
        <Y t="70">0.02967</Y>
        <Y t="71">0.03271</Y>
        <Y t="72">0.03608</Y>
        <Y t="73">0.0397</Y>
        <Y t="74">0.04345</Y>
        <Y t="75">0.04721</Y>
        <Y t="76">0.05092</Y>
        <Y t="77">0.05459</Y>
        <Y t="78">0.05833</Y>
        <Y t="79">0.06228</Y>
        <Y t="80">0.06659</Y>
        <Y t="81">0.07118</Y>
        <Y t="82">0.07705</Y>
        <Y t="83">0.08467</Y>
        <Y t="84">0.0933</Y>
        <Y t="85">0.10308</Y>
        <Y t="86">0.11406</Y>
        <Y t="87">0.12618</Y>
        <Y t="88">0.13915</Y>
        <Y t="89">0.1526</Y>
        <Y t="90">0.16617</Y>
        <Y t="91">0.1794</Y>
        <Y t="92">0.19217</Y>
        <Y t="93">0.20418</Y>
        <Y t="94">0.21487</Y>
        <Y t="95">0.22652</Y>
        <Y t="96">0.24113</Y>
        <Y t="97">0.25732</Y>
        <Y t="98">0.2753</Y>
        <Y t="99">0.29479</Y>
        <Y t="100">0.31552</Y>
        <Y t="101">0.33699</Y>
        <Y t="102">0.35854</Y>
        <Y t="103">0.37981</Y>
        <Y t="104">0.40044</Y>
        <Y t="105">0.42009</Y>
        <Y t="106">0.4384</Y>
        <Y t="107">0.45501</Y>
        <Y t="108">0.46956</Y>
        <Y t="109">0.4817</Y>
        <Y t="110">0.49107</Y>
        <Y t="111">0.49731</Y>
        <Y t="112">0.5</Y>
        <Y t="113">0.5</Y>
        <Y t="114">0.5</Y>
        <Y t="115">0.5</Y>
        <Y t="116">0.5</Y>
        <Y t="117">0.5</Y>
        <Y t="118">0.5</Y>
        <Y t="119">0.5</Y>
        <Y t="120">0.5</Y>
      </Axis>
    </Values>
  </Table>
</XTbML>