﻿<?xml version="1.0" encoding="utf-8"?>
<XTbML>
  <ContentClassification>
    <TableIdentity>3359</TableIdentity>
    <ProviderDomain>soa.org</ProviderDomain>
    <ProviderName>American Academy of Actuaries along with the Society of Actuaries</ProviderName>
    <TableReference>Joint American Academy of Actuaries' Life Experience Committee and Society of Actuaries Preferred Mortality Oversight Group CSO Development Subgroup, "Report on the 2017 CSO  and on the 2017 CSO Preferred Structure Table Development", American Academy of Actuaries, (2015). Accessed: April, 2016 from https://www.soa.org/Research/Experience-Study/Ind-Life/Valuation/2017-cso-tables.aspx</TableReference>
    <ContentType tc="85">CSO / CET</ContentType>
    <TableName>2017 Unloaded CSO Preferred Structure Smoker Preferred Female ALB</TableName>
    <TableDescription>2017 Unloaded CSO Preferred Structure Smoker, Preferred, Female, Age Last Birthday. Minimum Age: 18. Maximum Age: 95.</TableDescription>
    <Comments>The 2017 Commissioners Standard Ordinary Tables (CSO) are a series of mortality tables developed for regulatory uses including CRVM, net premium reserves and non-forfeiture determination. The tables were based on life insurance mortality experience from 2002 to 2009, projected with improvement to 2017.  The tables include a margin to cover the variation of individual company’s mortality around the industry mean. Table uploaded: 02/2016. Select rates at ages 0-17 for certain durations and ultimate rates at ages 18-27, 29, 30, 32 and 37 were modified 09/2016. Data verified: 07/2018.</Comments>
    <KeyWord>Select</KeyWord>
    <KeyWord>CSO/CET</KeyWord>
    <KeyWord>United States of America</KeyWord>
  </ContentClassification>
  <Table>
    <MetaData>
      <ScalingFactor>0</ScalingFactor>
      <DataType tc="2">Floating Point</DataType>
      <Nation tc="1">United States of America</Nation>
      <TableDescription>2017 Unloaded CSO Preferred Structure Smoker, Preferred, Female, Select and Ultimate Table. Basis: Age Last Birthday. Minimum Select Age: 18. Maximum Select Age: 95.</TableDescription>
      <AxisDef id="Age">
        <ScaleType tc="3">Age</ScaleType>
        <AxisName>Age</AxisName>
        <MinScaleValue>18</MinScaleValue>
        <MaxScaleValue>95</MaxScaleValue>
        <Increment>1</Increment>
      </AxisDef>
      <AxisDef id="Duration">
        <ScaleType tc="2">Ordinal Date</ScaleType>
        <AxisName>Duration</AxisName>
        <MinScaleValue>1</MinScaleValue>
        <MaxScaleValue>25</MaxScaleValue>
        <Increment>1</Increment>
      </AxisDef>
    </MetaData>
    <Values>
      <Axis t="18">
        <Axis>
          <Y t="1">0.00026</Y>
          <Y t="2">0.00026</Y>
          <Y t="3">0.00025</Y>
          <Y t="4">0.00025</Y>
          <Y t="5">0.00026</Y>
          <Y t="6">0.00028</Y>
          <Y t="7">0.00031</Y>
          <Y t="8">0.00032</Y>
          <Y t="9">0.00032</Y>
          <Y t="10">0.00033</Y>
          <Y t="11">0.00034</Y>
          <Y t="12">0.00036</Y>
          <Y t="13">0.00039</Y>
          <Y t="14">0.00042</Y>
          <Y t="15">0.00045</Y>
          <Y t="16">0.00054</Y>
          <Y t="17">0.00065</Y>
          <Y t="18">0.00075</Y>
          <Y t="19">0.00089</Y>
          <Y t="20">0.00103</Y>
          <Y t="21">0.00116</Y>
          <Y t="22">0.00127</Y>
          <Y t="23">0.00136</Y>
          <Y t="24">0.00144</Y>
          <Y t="25">0.00151</Y>
        </Axis>
      </Axis>
      <Axis t="19">
        <Axis>
          <Y t="1">0.00024</Y>
          <Y t="2">0.00024</Y>
          <Y t="3">0.00023</Y>
          <Y t="4">0.00024</Y>
          <Y t="5">0.00026</Y>
          <Y t="6">0.00029</Y>
          <Y t="7">0.00031</Y>
          <Y t="8">0.00031</Y>
          <Y t="9">0.00032</Y>
          <Y t="10">0.00034</Y>
          <Y t="11">0.00036</Y>
          <Y t="12">0.00039</Y>
          <Y t="13">0.00041</Y>
          <Y t="14">0.00045</Y>
          <Y t="15">0.00054</Y>
          <Y t="16">0.00065</Y>
          <Y t="17">0.00074</Y>
          <Y t="18">0.00088</Y>
          <Y t="19">0.00101</Y>
          <Y t="20">0.00115</Y>
          <Y t="21">0.00127</Y>
          <Y t="22">0.00136</Y>
          <Y t="23">0.00144</Y>
          <Y t="24">0.00151</Y>
          <Y t="25">0.00159</Y>
        </Axis>
      </Axis>
      <Axis t="20">
        <Axis>
          <Y t="1">0.0002</Y>
          <Y t="2">0.00021</Y>
          <Y t="3">0.00022</Y>
          <Y t="4">0.00024</Y>
          <Y t="5">0.00027</Y>
          <Y t="6">0.00029</Y>
          <Y t="7">0.0003</Y>
          <Y t="8">0.00031</Y>
          <Y t="9">0.00034</Y>
          <Y t="10">0.00036</Y>
          <Y t="11">0.00038</Y>
          <Y t="12">0.00041</Y>
          <Y t="13">0.00044</Y>
          <Y t="14">0.00054</Y>
          <Y t="15">0.00064</Y>
          <Y t="16">0.00074</Y>
          <Y t="17">0.00087</Y>
          <Y t="18">0.001</Y>
          <Y t="19">0.00113</Y>
          <Y t="20">0.00125</Y>
          <Y t="21">0.00136</Y>
          <Y t="22">0.00144</Y>
          <Y t="23">0.00151</Y>
          <Y t="24">0.00159</Y>
          <Y t="25">0.00168</Y>
        </Axis>
      </Axis>
      <Axis t="21">
        <Axis>
          <Y t="1">0.00017</Y>
          <Y t="2">0.00019</Y>
          <Y t="3">0.00022</Y>
          <Y t="4">0.00025</Y>
          <Y t="5">0.00027</Y>
          <Y t="6">0.00028</Y>
          <Y t="7">0.0003</Y>
          <Y t="8">0.00032</Y>
          <Y t="9">0.00036</Y>
          <Y t="10">0.00038</Y>
          <Y t="11">0.00041</Y>
          <Y t="12">0.00044</Y>
          <Y t="13">0.00053</Y>
          <Y t="14">0.00064</Y>
          <Y t="15">0.00073</Y>
          <Y t="16">0.00086</Y>
          <Y t="17">0.00099</Y>
          <Y t="18">0.00111</Y>
          <Y t="19">0.00123</Y>
          <Y t="20">0.00134</Y>
          <Y t="21">0.00144</Y>
          <Y t="22">0.00151</Y>
          <Y t="23">0.00159</Y>
          <Y t="24">0.00168</Y>
          <Y t="25">0.00181</Y>
        </Axis>
      </Axis>
      <Axis t="22">
        <Axis>
          <Y t="1">0.00017</Y>
          <Y t="2">0.00019</Y>
          <Y t="3">0.00022</Y>
          <Y t="4">0.00024</Y>
          <Y t="5">0.00026</Y>
          <Y t="6">0.00028</Y>
          <Y t="7">0.00031</Y>
          <Y t="8">0.00034</Y>
          <Y t="9">0.00038</Y>
          <Y t="10">0.00041</Y>
          <Y t="11">0.00044</Y>
          <Y t="12">0.00053</Y>
          <Y t="13">0.00063</Y>
          <Y t="14">0.00073</Y>
          <Y t="15">0.00086</Y>
          <Y t="16">0.00098</Y>
          <Y t="17">0.0011</Y>
          <Y t="18">0.00121</Y>
          <Y t="19">0.00131</Y>
          <Y t="20">0.00142</Y>
          <Y t="21">0.00151</Y>
          <Y t="22">0.00159</Y>
          <Y t="23">0.00168</Y>
          <Y t="24">0.00181</Y>
          <Y t="25">0.00197</Y>
        </Axis>
      </Axis>
      <Axis t="23">
        <Axis>
          <Y t="1">0.00018</Y>
          <Y t="2">0.0002</Y>
          <Y t="3">0.00022</Y>
          <Y t="4">0.00024</Y>
          <Y t="5">0.00026</Y>
          <Y t="6">0.00029</Y>
          <Y t="7">0.00033</Y>
          <Y t="8">0.00037</Y>
          <Y t="9">0.0004</Y>
          <Y t="10">0.00044</Y>
          <Y t="11">0.00052</Y>
          <Y t="12">0.00063</Y>
          <Y t="13">0.00073</Y>
          <Y t="14">0.00085</Y>
          <Y t="15">0.00097</Y>
          <Y t="16">0.00108</Y>
          <Y t="17">0.00119</Y>
          <Y t="18">0.0013</Y>
          <Y t="19">0.0014</Y>
          <Y t="20">0.0015</Y>
          <Y t="21">0.00159</Y>
          <Y t="22">0.00168</Y>
          <Y t="23">0.00181</Y>
          <Y t="24">0.00197</Y>
          <Y t="25">0.00215</Y>
        </Axis>
      </Axis>
      <Axis t="24">
        <Axis>
          <Y t="1">0.00018</Y>
          <Y t="2">0.00019</Y>
          <Y t="3">0.00021</Y>
          <Y t="4">0.00024</Y>
          <Y t="5">0.00027</Y>
          <Y t="6">0.00031</Y>
          <Y t="7">0.00035</Y>
          <Y t="8">0.0004</Y>
          <Y t="9">0.00043</Y>
          <Y t="10">0.0005</Y>
          <Y t="11">0.00061</Y>
          <Y t="12">0.00071</Y>
          <Y t="13">0.00084</Y>
          <Y t="14">0.00095</Y>
          <Y t="15">0.00107</Y>
          <Y t="16">0.00118</Y>
          <Y t="17">0.00128</Y>
          <Y t="18">0.00138</Y>
          <Y t="19">0.00147</Y>
          <Y t="20">0.00158</Y>
          <Y t="21">0.00168</Y>
          <Y t="22">0.00181</Y>
          <Y t="23">0.00197</Y>
          <Y t="24">0.00215</Y>
          <Y t="25">0.00235</Y>
        </Axis>
      </Axis>
      <Axis t="25">
        <Axis>
          <Y t="1">0.00017</Y>
          <Y t="2">0.00019</Y>
          <Y t="3">0.00021</Y>
          <Y t="4">0.00025</Y>
          <Y t="5">0.00029</Y>
          <Y t="6">0.00033</Y>
          <Y t="7">0.00038</Y>
          <Y t="8">0.00043</Y>
          <Y t="9">0.00048</Y>
          <Y t="10">0.00058</Y>
          <Y t="11">0.00069</Y>
          <Y t="12">0.00081</Y>
          <Y t="13">0.00094</Y>
          <Y t="14">0.00105</Y>
          <Y t="15">0.00116</Y>
          <Y t="16">0.00127</Y>
          <Y t="17">0.00137</Y>
          <Y t="18">0.00146</Y>
          <Y t="19">0.00156</Y>
          <Y t="20">0.00166</Y>
          <Y t="21">0.00181</Y>
          <Y t="22">0.00197</Y>
          <Y t="23">0.00215</Y>
          <Y t="24">0.00235</Y>
          <Y t="25">0.00258</Y>
        </Axis>
      </Axis>
      <Axis t="26">
        <Axis>
          <Y t="1">0.00017</Y>
          <Y t="2">0.00018</Y>
          <Y t="3">0.00022</Y>
          <Y t="4">0.00026</Y>
          <Y t="5">0.00031</Y>
          <Y t="6">0.00035</Y>
          <Y t="7">0.00041</Y>
          <Y t="8">0.00047</Y>
          <Y t="9">0.00055</Y>
          <Y t="10">0.00066</Y>
          <Y t="11">0.00078</Y>
          <Y t="12">0.00092</Y>
          <Y t="13">0.00105</Y>
          <Y t="14">0.00115</Y>
          <Y t="15">0.00125</Y>
          <Y t="16">0.00135</Y>
          <Y t="17">0.00145</Y>
          <Y t="18">0.00155</Y>
          <Y t="19">0.00165</Y>
          <Y t="20">0.00179</Y>
          <Y t="21">0.00197</Y>
          <Y t="22">0.00215</Y>
          <Y t="23">0.00235</Y>
          <Y t="24">0.00258</Y>
          <Y t="25">0.00283</Y>
        </Axis>
      </Axis>
      <Axis t="27">
        <Axis>
          <Y t="1">0.00016</Y>
          <Y t="2">0.00019</Y>
          <Y t="3">0.00023</Y>
          <Y t="4">0.00028</Y>
          <Y t="5">0.00033</Y>
          <Y t="6">0.00038</Y>
          <Y t="7">0.00044</Y>
          <Y t="8">0.00052</Y>
          <Y t="9">0.00062</Y>
          <Y t="10">0.00074</Y>
          <Y t="11">0.00088</Y>
          <Y t="12">0.00102</Y>
          <Y t="13">0.00114</Y>
          <Y t="14">0.00124</Y>
          <Y t="15">0.00133</Y>
          <Y t="16">0.00143</Y>
          <Y t="17">0.00154</Y>
          <Y t="18">0.00164</Y>
          <Y t="19">0.00176</Y>
          <Y t="20">0.00195</Y>
          <Y t="21">0.00215</Y>
          <Y t="22">0.00235</Y>
          <Y t="23">0.00258</Y>
          <Y t="24">0.00283</Y>
          <Y t="25">0.0031</Y>
        </Axis>
      </Axis>
      <Axis t="28">
        <Axis>
          <Y t="1">0.00016</Y>
          <Y t="2">0.0002</Y>
          <Y t="3">0.00025</Y>
          <Y t="4">0.0003</Y>
          <Y t="5">0.00036</Y>
          <Y t="6">0.00042</Y>
          <Y t="7">0.00049</Y>
          <Y t="8">0.00059</Y>
          <Y t="9">0.0007</Y>
          <Y t="10">0.00084</Y>
          <Y t="11">0.00097</Y>
          <Y t="12">0.00111</Y>
          <Y t="13">0.00123</Y>
          <Y t="14">0.00132</Y>
          <Y t="15">0.00141</Y>
          <Y t="16">0.00151</Y>
          <Y t="17">0.00162</Y>
          <Y t="18">0.00175</Y>
          <Y t="19">0.00191</Y>
          <Y t="20">0.00213</Y>
          <Y t="21">0.00235</Y>
          <Y t="22">0.00258</Y>
          <Y t="23">0.00283</Y>
          <Y t="24">0.0031</Y>
          <Y t="25">0.00341</Y>
        </Axis>
      </Axis>
      <Axis t="29">
        <Axis>
          <Y t="1">0.00017</Y>
          <Y t="2">0.00022</Y>
          <Y t="3">0.00027</Y>
          <Y t="4">0.00033</Y>
          <Y t="5">0.00039</Y>
          <Y t="6">0.00046</Y>
          <Y t="7">0.00055</Y>
          <Y t="8">0.00066</Y>
          <Y t="9">0.00079</Y>
          <Y t="10">0.00093</Y>
          <Y t="11">0.00106</Y>
          <Y t="12">0.00118</Y>
          <Y t="13">0.0013</Y>
          <Y t="14">0.00139</Y>
          <Y t="15">0.00148</Y>
          <Y t="16">0.00159</Y>
          <Y t="17">0.00173</Y>
          <Y t="18">0.00189</Y>
          <Y t="19">0.00208</Y>
          <Y t="20">0.00233</Y>
          <Y t="21">0.00258</Y>
          <Y t="22">0.00283</Y>
          <Y t="23">0.0031</Y>
          <Y t="24">0.00341</Y>
          <Y t="25">0.00374</Y>
        </Axis>
      </Axis>
      <Axis t="30">
        <Axis>
          <Y t="1">0.00018</Y>
          <Y t="2">0.00023</Y>
          <Y t="3">0.00029</Y>
          <Y t="4">0.00036</Y>
          <Y t="5">0.00043</Y>
          <Y t="6">0.00052</Y>
          <Y t="7">0.00062</Y>
          <Y t="8">0.00074</Y>
          <Y t="9">0.00087</Y>
          <Y t="10">0.00101</Y>
          <Y t="11">0.00113</Y>
          <Y t="12">0.00124</Y>
          <Y t="13">0.00136</Y>
          <Y t="14">0.00146</Y>
          <Y t="15">0.00156</Y>
          <Y t="16">0.0017</Y>
          <Y t="17">0.00188</Y>
          <Y t="18">0.00207</Y>
          <Y t="19">0.00229</Y>
          <Y t="20">0.00255</Y>
          <Y t="21">0.00283</Y>
          <Y t="22">0.0031</Y>
          <Y t="23">0.00341</Y>
          <Y t="24">0.00374</Y>
          <Y t="25">0.00411</Y>
        </Axis>
      </Axis>
      <Axis t="31">
        <Axis>
          <Y t="1">0.00019</Y>
          <Y t="2">0.00024</Y>
          <Y t="3">0.00032</Y>
          <Y t="4">0.0004</Y>
          <Y t="5">0.00049</Y>
          <Y t="6">0.00059</Y>
          <Y t="7">0.0007</Y>
          <Y t="8">0.00082</Y>
          <Y t="9">0.00095</Y>
          <Y t="10">0.00108</Y>
          <Y t="11">0.0012</Y>
          <Y t="12">0.00131</Y>
          <Y t="13">0.00143</Y>
          <Y t="14">0.00154</Y>
          <Y t="15">0.00167</Y>
          <Y t="16">0.00185</Y>
          <Y t="17">0.00206</Y>
          <Y t="18">0.00227</Y>
          <Y t="19">0.00252</Y>
          <Y t="20">0.00279</Y>
          <Y t="21">0.0031</Y>
          <Y t="22">0.00341</Y>
          <Y t="23">0.00374</Y>
          <Y t="24">0.00411</Y>
          <Y t="25">0.00453</Y>
        </Axis>
      </Axis>
      <Axis t="32">
        <Axis>
          <Y t="1">0.0002</Y>
          <Y t="2">0.00027</Y>
          <Y t="3">0.00035</Y>
          <Y t="4">0.00045</Y>
          <Y t="5">0.00055</Y>
          <Y t="6">0.00066</Y>
          <Y t="7">0.00077</Y>
          <Y t="8">0.00089</Y>
          <Y t="9">0.00101</Y>
          <Y t="10">0.00114</Y>
          <Y t="11">0.00126</Y>
          <Y t="12">0.00138</Y>
          <Y t="13">0.00152</Y>
          <Y t="14">0.00166</Y>
          <Y t="15">0.00182</Y>
          <Y t="16">0.00203</Y>
          <Y t="17">0.00226</Y>
          <Y t="18">0.0025</Y>
          <Y t="19">0.00275</Y>
          <Y t="20">0.00306</Y>
          <Y t="21">0.00341</Y>
          <Y t="22">0.00374</Y>
          <Y t="23">0.00411</Y>
          <Y t="24">0.00453</Y>
          <Y t="25">0.00501</Y>
        </Axis>
      </Axis>
      <Axis t="33">
        <Axis>
          <Y t="1">0.00021</Y>
          <Y t="2">0.00029</Y>
          <Y t="3">0.0004</Y>
          <Y t="4">0.00051</Y>
          <Y t="5">0.00062</Y>
          <Y t="6">0.00073</Y>
          <Y t="7">0.00084</Y>
          <Y t="8">0.00095</Y>
          <Y t="9">0.00107</Y>
          <Y t="10">0.0012</Y>
          <Y t="11">0.00133</Y>
          <Y t="12">0.00146</Y>
          <Y t="13">0.00163</Y>
          <Y t="14">0.00181</Y>
          <Y t="15">0.002</Y>
          <Y t="16">0.00223</Y>
          <Y t="17">0.00248</Y>
          <Y t="18">0.00274</Y>
          <Y t="19">0.00302</Y>
          <Y t="20">0.00336</Y>
          <Y t="21">0.00374</Y>
          <Y t="22">0.00411</Y>
          <Y t="23">0.00453</Y>
          <Y t="24">0.00501</Y>
          <Y t="25">0.00555</Y>
        </Axis>
      </Axis>
      <Axis t="34">
        <Axis>
          <Y t="1">0.00023</Y>
          <Y t="2">0.00033</Y>
          <Y t="3">0.00045</Y>
          <Y t="4">0.00057</Y>
          <Y t="5">0.00068</Y>
          <Y t="6">0.00079</Y>
          <Y t="7">0.0009</Y>
          <Y t="8">0.00101</Y>
          <Y t="9">0.00113</Y>
          <Y t="10">0.00127</Y>
          <Y t="11">0.0014</Y>
          <Y t="12">0.00159</Y>
          <Y t="13">0.00179</Y>
          <Y t="14">0.00199</Y>
          <Y t="15">0.0022</Y>
          <Y t="16">0.00245</Y>
          <Y t="17">0.00272</Y>
          <Y t="18">0.003</Y>
          <Y t="19">0.00333</Y>
          <Y t="20">0.00371</Y>
          <Y t="21">0.00411</Y>
          <Y t="22">0.00453</Y>
          <Y t="23">0.00501</Y>
          <Y t="24">0.00555</Y>
          <Y t="25">0.00616</Y>
        </Axis>
      </Axis>
      <Axis t="35">
        <Axis>
          <Y t="1">0.00026</Y>
          <Y t="2">0.00037</Y>
          <Y t="3">0.0005</Y>
          <Y t="4">0.00063</Y>
          <Y t="5">0.00075</Y>
          <Y t="6">0.00085</Y>
          <Y t="7">0.00096</Y>
          <Y t="8">0.00107</Y>
          <Y t="9">0.00119</Y>
          <Y t="10">0.00133</Y>
          <Y t="11">0.00155</Y>
          <Y t="12">0.00176</Y>
          <Y t="13">0.00197</Y>
          <Y t="14">0.00219</Y>
          <Y t="15">0.00242</Y>
          <Y t="16">0.0027</Y>
          <Y t="17">0.00298</Y>
          <Y t="18">0.00331</Y>
          <Y t="19">0.00369</Y>
          <Y t="20">0.00409</Y>
          <Y t="21">0.00453</Y>
          <Y t="22">0.00501</Y>
          <Y t="23">0.00555</Y>
          <Y t="24">0.00616</Y>
          <Y t="25">0.00684</Y>
        </Axis>
      </Axis>
      <Axis t="36">
        <Axis>
          <Y t="1">0.00028</Y>
          <Y t="2">0.00041</Y>
          <Y t="3">0.00056</Y>
          <Y t="4">0.00069</Y>
          <Y t="5">0.0008</Y>
          <Y t="6">0.00091</Y>
          <Y t="7">0.00102</Y>
          <Y t="8">0.00113</Y>
          <Y t="9">0.00125</Y>
          <Y t="10">0.0015</Y>
          <Y t="11">0.00174</Y>
          <Y t="12">0.00193</Y>
          <Y t="13">0.00217</Y>
          <Y t="14">0.00241</Y>
          <Y t="15">0.00267</Y>
          <Y t="16">0.00297</Y>
          <Y t="17">0.00329</Y>
          <Y t="18">0.00367</Y>
          <Y t="19">0.00408</Y>
          <Y t="20">0.00452</Y>
          <Y t="21">0.00501</Y>
          <Y t="22">0.00555</Y>
          <Y t="23">0.00616</Y>
          <Y t="24">0.00684</Y>
          <Y t="25">0.0076</Y>
        </Axis>
      </Axis>
      <Axis t="37">
        <Axis>
          <Y t="1">0.00031</Y>
          <Y t="2">0.00045</Y>
          <Y t="3">0.00061</Y>
          <Y t="4">0.00075</Y>
          <Y t="5">0.00086</Y>
          <Y t="6">0.00096</Y>
          <Y t="7">0.00107</Y>
          <Y t="8">0.00119</Y>
          <Y t="9">0.00142</Y>
          <Y t="10">0.00171</Y>
          <Y t="11">0.00191</Y>
          <Y t="12">0.00213</Y>
          <Y t="13">0.00238</Y>
          <Y t="14">0.00266</Y>
          <Y t="15">0.00295</Y>
          <Y t="16">0.00328</Y>
          <Y t="17">0.00365</Y>
          <Y t="18">0.00406</Y>
          <Y t="19">0.0045</Y>
          <Y t="20">0.005</Y>
          <Y t="21">0.00555</Y>
          <Y t="22">0.00616</Y>
          <Y t="23">0.00684</Y>
          <Y t="24">0.0076</Y>
          <Y t="25">0.00845</Y>
        </Axis>
      </Axis>
      <Axis t="38">
        <Axis>
          <Y t="1">0.00033</Y>
          <Y t="2">0.00048</Y>
          <Y t="3">0.00065</Y>
          <Y t="4">0.0008</Y>
          <Y t="5">0.00091</Y>
          <Y t="6">0.00102</Y>
          <Y t="7">0.00114</Y>
          <Y t="8">0.00135</Y>
          <Y t="9">0.00164</Y>
          <Y t="10">0.00188</Y>
          <Y t="11">0.00211</Y>
          <Y t="12">0.00234</Y>
          <Y t="13">0.00263</Y>
          <Y t="14">0.00293</Y>
          <Y t="15">0.00326</Y>
          <Y t="16">0.00364</Y>
          <Y t="17">0.00405</Y>
          <Y t="18">0.00449</Y>
          <Y t="19">0.00498</Y>
          <Y t="20">0.00554</Y>
          <Y t="21">0.00616</Y>
          <Y t="22">0.00684</Y>
          <Y t="23">0.0076</Y>
          <Y t="24">0.00845</Y>
          <Y t="25">0.00938</Y>
        </Axis>
      </Axis>
      <Axis t="39">
        <Axis>
          <Y t="1">0.00035</Y>
          <Y t="2">0.00051</Y>
          <Y t="3">0.00069</Y>
          <Y t="4">0.00085</Y>
          <Y t="5">0.00097</Y>
          <Y t="6">0.00109</Y>
          <Y t="7">0.00128</Y>
          <Y t="8">0.00156</Y>
          <Y t="9">0.0018</Y>
          <Y t="10">0.00207</Y>
          <Y t="11">0.00232</Y>
          <Y t="12">0.00259</Y>
          <Y t="13">0.00291</Y>
          <Y t="14">0.00325</Y>
          <Y t="15">0.00361</Y>
          <Y t="16">0.00404</Y>
          <Y t="17">0.00448</Y>
          <Y t="18">0.00497</Y>
          <Y t="19">0.00553</Y>
          <Y t="20">0.00614</Y>
          <Y t="21">0.00684</Y>
          <Y t="22">0.0076</Y>
          <Y t="23">0.00845</Y>
          <Y t="24">0.00938</Y>
          <Y t="25">0.01042</Y>
        </Axis>
      </Axis>
      <Axis t="40">
        <Axis>
          <Y t="1">0.00037</Y>
          <Y t="2">0.00054</Y>
          <Y t="3">0.00074</Y>
          <Y t="4">0.0009</Y>
          <Y t="5">0.00103</Y>
          <Y t="6">0.00121</Y>
          <Y t="7">0.00146</Y>
          <Y t="8">0.00172</Y>
          <Y t="9">0.00199</Y>
          <Y t="10">0.00228</Y>
          <Y t="11">0.00257</Y>
          <Y t="12">0.00287</Y>
          <Y t="13">0.00322</Y>
          <Y t="14">0.0036</Y>
          <Y t="15">0.00399</Y>
          <Y t="16">0.00447</Y>
          <Y t="17">0.00496</Y>
          <Y t="18">0.00552</Y>
          <Y t="19">0.00613</Y>
          <Y t="20">0.00682</Y>
          <Y t="21">0.0076</Y>
          <Y t="22">0.00845</Y>
          <Y t="23">0.00938</Y>
          <Y t="24">0.01042</Y>
          <Y t="25">0.01155</Y>
        </Axis>
      </Axis>
      <Axis t="41">
        <Axis>
          <Y t="1">0.00038</Y>
          <Y t="2">0.00057</Y>
          <Y t="3">0.00078</Y>
          <Y t="4">0.00096</Y>
          <Y t="5">0.00112</Y>
          <Y t="6">0.00136</Y>
          <Y t="7">0.00161</Y>
          <Y t="8">0.00189</Y>
          <Y t="9">0.00219</Y>
          <Y t="10">0.00252</Y>
          <Y t="11">0.00284</Y>
          <Y t="12">0.00317</Y>
          <Y t="13">0.00357</Y>
          <Y t="14">0.00398</Y>
          <Y t="15">0.00442</Y>
          <Y t="16">0.00496</Y>
          <Y t="17">0.00551</Y>
          <Y t="18">0.00612</Y>
          <Y t="19">0.0068</Y>
          <Y t="20">0.00757</Y>
          <Y t="21">0.00845</Y>
          <Y t="22">0.00938</Y>
          <Y t="23">0.01042</Y>
          <Y t="24">0.01155</Y>
          <Y t="25">0.01279</Y>
        </Axis>
      </Axis>
      <Axis t="42">
        <Axis>
          <Y t="1">0.0004</Y>
          <Y t="2">0.00059</Y>
          <Y t="3">0.00083</Y>
          <Y t="4">0.00105</Y>
          <Y t="5">0.00124</Y>
          <Y t="6">0.0015</Y>
          <Y t="7">0.00178</Y>
          <Y t="8">0.00209</Y>
          <Y t="9">0.00242</Y>
          <Y t="10">0.00279</Y>
          <Y t="11">0.00314</Y>
          <Y t="12">0.00351</Y>
          <Y t="13">0.00395</Y>
          <Y t="14">0.00439</Y>
          <Y t="15">0.00489</Y>
          <Y t="16">0.0055</Y>
          <Y t="17">0.00611</Y>
          <Y t="18">0.00679</Y>
          <Y t="19">0.00756</Y>
          <Y t="20">0.00842</Y>
          <Y t="21">0.00938</Y>
          <Y t="22">0.01042</Y>
          <Y t="23">0.01155</Y>
          <Y t="24">0.01279</Y>
          <Y t="25">0.01413</Y>
        </Axis>
      </Axis>
      <Axis t="43">
        <Axis>
          <Y t="1">0.00041</Y>
          <Y t="2">0.00062</Y>
          <Y t="3">0.00089</Y>
          <Y t="4">0.00115</Y>
          <Y t="5">0.00137</Y>
          <Y t="6">0.00165</Y>
          <Y t="7">0.00197</Y>
          <Y t="8">0.00231</Y>
          <Y t="9">0.00268</Y>
          <Y t="10">0.00309</Y>
          <Y t="11">0.00348</Y>
          <Y t="12">0.00389</Y>
          <Y t="13">0.00434</Y>
          <Y t="14">0.00484</Y>
          <Y t="15">0.00543</Y>
          <Y t="16">0.00611</Y>
          <Y t="17">0.00678</Y>
          <Y t="18">0.00754</Y>
          <Y t="19">0.0084</Y>
          <Y t="20">0.00934</Y>
          <Y t="21">0.01042</Y>
          <Y t="22">0.01155</Y>
          <Y t="23">0.01279</Y>
          <Y t="24">0.01413</Y>
          <Y t="25">0.01556</Y>
        </Axis>
      </Axis>
      <Axis t="44">
        <Axis>
          <Y t="1">0.00042</Y>
          <Y t="2">0.00066</Y>
          <Y t="3">0.00098</Y>
          <Y t="4">0.00127</Y>
          <Y t="5">0.00151</Y>
          <Y t="6">0.00183</Y>
          <Y t="7">0.00218</Y>
          <Y t="8">0.00256</Y>
          <Y t="9">0.00298</Y>
          <Y t="10">0.00342</Y>
          <Y t="11">0.00386</Y>
          <Y t="12">0.00427</Y>
          <Y t="13">0.00478</Y>
          <Y t="14">0.00538</Y>
          <Y t="15">0.00603</Y>
          <Y t="16">0.00678</Y>
          <Y t="17">0.00753</Y>
          <Y t="18">0.00839</Y>
          <Y t="19">0.00934</Y>
          <Y t="20">0.01039</Y>
          <Y t="21">0.01155</Y>
          <Y t="22">0.01279</Y>
          <Y t="23">0.01413</Y>
          <Y t="24">0.01556</Y>
          <Y t="25">0.01707</Y>
        </Axis>
      </Axis>
      <Axis t="45">
        <Axis>
          <Y t="1">0.00045</Y>
          <Y t="2">0.00072</Y>
          <Y t="3">0.00108</Y>
          <Y t="4">0.00141</Y>
          <Y t="5">0.00167</Y>
          <Y t="6">0.00203</Y>
          <Y t="7">0.00242</Y>
          <Y t="8">0.00284</Y>
          <Y t="9">0.0033</Y>
          <Y t="10">0.0038</Y>
          <Y t="11">0.00423</Y>
          <Y t="12">0.00469</Y>
          <Y t="13">0.00531</Y>
          <Y t="14">0.00598</Y>
          <Y t="15">0.0067</Y>
          <Y t="16">0.00752</Y>
          <Y t="17">0.00839</Y>
          <Y t="18">0.00934</Y>
          <Y t="19">0.01039</Y>
          <Y t="20">0.01151</Y>
          <Y t="21">0.01279</Y>
          <Y t="22">0.01413</Y>
          <Y t="23">0.01556</Y>
          <Y t="24">0.01707</Y>
          <Y t="25">0.01872</Y>
        </Axis>
      </Axis>
      <Axis t="46">
        <Axis>
          <Y t="1">0.00048</Y>
          <Y t="2">0.00078</Y>
          <Y t="3">0.00118</Y>
          <Y t="4">0.00156</Y>
          <Y t="5">0.00186</Y>
          <Y t="6">0.00225</Y>
          <Y t="7">0.00269</Y>
          <Y t="8">0.00316</Y>
          <Y t="9">0.00367</Y>
          <Y t="10">0.00416</Y>
          <Y t="11">0.00465</Y>
          <Y t="12">0.00522</Y>
          <Y t="13">0.00591</Y>
          <Y t="14">0.00665</Y>
          <Y t="15">0.00746</Y>
          <Y t="16">0.00837</Y>
          <Y t="17">0.00933</Y>
          <Y t="18">0.01038</Y>
          <Y t="19">0.0115</Y>
          <Y t="20">0.0127</Y>
          <Y t="21">0.01413</Y>
          <Y t="22">0.01556</Y>
          <Y t="23">0.01707</Y>
          <Y t="24">0.01872</Y>
          <Y t="25">0.02055</Y>
        </Axis>
      </Axis>
      <Axis t="47">
        <Axis>
          <Y t="1">0.00051</Y>
          <Y t="2">0.00085</Y>
          <Y t="3">0.0013</Y>
          <Y t="4">0.00172</Y>
          <Y t="5">0.00207</Y>
          <Y t="6">0.00251</Y>
          <Y t="7">0.00299</Y>
          <Y t="8">0.00351</Y>
          <Y t="9">0.00402</Y>
          <Y t="10">0.00458</Y>
          <Y t="11">0.00517</Y>
          <Y t="12">0.00581</Y>
          <Y t="13">0.00657</Y>
          <Y t="14">0.0074</Y>
          <Y t="15">0.0083</Y>
          <Y t="16">0.00931</Y>
          <Y t="17">0.01038</Y>
          <Y t="18">0.0115</Y>
          <Y t="19">0.01268</Y>
          <Y t="20">0.01403</Y>
          <Y t="21">0.01556</Y>
          <Y t="22">0.01707</Y>
          <Y t="23">0.01872</Y>
          <Y t="24">0.02055</Y>
          <Y t="25">0.02247</Y>
        </Axis>
      </Axis>
      <Axis t="48">
        <Axis>
          <Y t="1">0.00055</Y>
          <Y t="2">0.00092</Y>
          <Y t="3">0.00143</Y>
          <Y t="4">0.00191</Y>
          <Y t="5">0.0023</Y>
          <Y t="6">0.00279</Y>
          <Y t="7">0.00332</Y>
          <Y t="8">0.00386</Y>
          <Y t="9">0.00443</Y>
          <Y t="10">0.0051</Y>
          <Y t="11">0.00575</Y>
          <Y t="12">0.00645</Y>
          <Y t="13">0.00731</Y>
          <Y t="14">0.00823</Y>
          <Y t="15">0.00923</Y>
          <Y t="16">0.01033</Y>
          <Y t="17">0.0115</Y>
          <Y t="18">0.01268</Y>
          <Y t="19">0.01397</Y>
          <Y t="20">0.01544</Y>
          <Y t="21">0.01707</Y>
          <Y t="22">0.01872</Y>
          <Y t="23">0.02055</Y>
          <Y t="24">0.02247</Y>
          <Y t="25">0.02447</Y>
        </Axis>
      </Axis>
      <Axis t="49">
        <Axis>
          <Y t="1">0.00059</Y>
          <Y t="2">0.00101</Y>
          <Y t="3">0.00158</Y>
          <Y t="4">0.00212</Y>
          <Y t="5">0.00257</Y>
          <Y t="6">0.00311</Y>
          <Y t="7">0.00367</Y>
          <Y t="8">0.00425</Y>
          <Y t="9">0.00493</Y>
          <Y t="10">0.00568</Y>
          <Y t="11">0.0064</Y>
          <Y t="12">0.00716</Y>
          <Y t="13">0.00811</Y>
          <Y t="14">0.00913</Y>
          <Y t="15">0.01022</Y>
          <Y t="16">0.01143</Y>
          <Y t="17">0.01268</Y>
          <Y t="18">0.01396</Y>
          <Y t="19">0.01539</Y>
          <Y t="20">0.01691</Y>
          <Y t="21">0.01872</Y>
          <Y t="22">0.02055</Y>
          <Y t="23">0.02247</Y>
          <Y t="24">0.02447</Y>
          <Y t="25">0.02666</Y>
        </Axis>
      </Axis>
      <Axis t="50">
        <Axis>
          <Y t="1">0.00063</Y>
          <Y t="2">0.0011</Y>
          <Y t="3">0.00174</Y>
          <Y t="4">0.00236</Y>
          <Y t="5">0.00287</Y>
          <Y t="6">0.00345</Y>
          <Y t="7">0.00406</Y>
          <Y t="8">0.00474</Y>
          <Y t="9">0.0055</Y>
          <Y t="10">0.00634</Y>
          <Y t="11">0.00712</Y>
          <Y t="12">0.00795</Y>
          <Y t="13">0.009</Y>
          <Y t="14">0.01012</Y>
          <Y t="15">0.0113</Y>
          <Y t="16">0.01262</Y>
          <Y t="17">0.01396</Y>
          <Y t="18">0.01538</Y>
          <Y t="19">0.0169</Y>
          <Y t="20">0.0185</Y>
          <Y t="21">0.02055</Y>
          <Y t="22">0.02247</Y>
          <Y t="23">0.02447</Y>
          <Y t="24">0.02666</Y>
          <Y t="25">0.02908</Y>
        </Axis>
      </Axis>
      <Axis t="51">
        <Axis>
          <Y t="1">0.00068</Y>
          <Y t="2">0.00121</Y>
          <Y t="3">0.00192</Y>
          <Y t="4">0.00262</Y>
          <Y t="5">0.0032</Y>
          <Y t="6">0.00383</Y>
          <Y t="7">0.00453</Y>
          <Y t="8">0.0053</Y>
          <Y t="9">0.00615</Y>
          <Y t="10">0.00708</Y>
          <Y t="11">0.00794</Y>
          <Y t="12">0.00889</Y>
          <Y t="13">0.01001</Y>
          <Y t="14">0.01123</Y>
          <Y t="15">0.01251</Y>
          <Y t="16">0.01391</Y>
          <Y t="17">0.01537</Y>
          <Y t="18">0.0169</Y>
          <Y t="19">0.01849</Y>
          <Y t="20">0.02025</Y>
          <Y t="21">0.02247</Y>
          <Y t="22">0.02447</Y>
          <Y t="23">0.02666</Y>
          <Y t="24">0.02908</Y>
          <Y t="25">0.03177</Y>
        </Axis>
      </Axis>
      <Axis t="52">
        <Axis>
          <Y t="1">0.00074</Y>
          <Y t="2">0.00132</Y>
          <Y t="3">0.00213</Y>
          <Y t="4">0.00291</Y>
          <Y t="5">0.00358</Y>
          <Y t="6">0.00429</Y>
          <Y t="7">0.00507</Y>
          <Y t="8">0.00592</Y>
          <Y t="9">0.00687</Y>
          <Y t="10">0.00791</Y>
          <Y t="11">0.00887</Y>
          <Y t="12">0.00996</Y>
          <Y t="13">0.01113</Y>
          <Y t="14">0.01246</Y>
          <Y t="15">0.01386</Y>
          <Y t="16">0.01535</Y>
          <Y t="17">0.01689</Y>
          <Y t="18">0.01849</Y>
          <Y t="19">0.02023</Y>
          <Y t="20">0.02213</Y>
          <Y t="21">0.02447</Y>
          <Y t="22">0.02666</Y>
          <Y t="23">0.02908</Y>
          <Y t="24">0.03177</Y>
          <Y t="25">0.03476</Y>
        </Axis>
      </Axis>
      <Axis t="53">
        <Axis>
          <Y t="1">0.0008</Y>
          <Y t="2">0.00145</Y>
          <Y t="3">0.00235</Y>
          <Y t="4">0.00324</Y>
          <Y t="5">0.00401</Y>
          <Y t="6">0.0048</Y>
          <Y t="7">0.00567</Y>
          <Y t="8">0.00663</Y>
          <Y t="9">0.00769</Y>
          <Y t="10">0.00885</Y>
          <Y t="11">0.00992</Y>
          <Y t="12">0.01111</Y>
          <Y t="13">0.0124</Y>
          <Y t="14">0.01382</Y>
          <Y t="15">0.01533</Y>
          <Y t="16">0.01688</Y>
          <Y t="17">0.01848</Y>
          <Y t="18">0.02022</Y>
          <Y t="19">0.02212</Y>
          <Y t="20">0.02427</Y>
          <Y t="21">0.02666</Y>
          <Y t="22">0.02908</Y>
          <Y t="23">0.03177</Y>
          <Y t="24">0.03476</Y>
          <Y t="25">0.03809</Y>
        </Axis>
      </Axis>
      <Axis t="54">
        <Axis>
          <Y t="1">0.00087</Y>
          <Y t="2">0.0016</Y>
          <Y t="3">0.0026</Y>
          <Y t="4">0.00361</Y>
          <Y t="5">0.0045</Y>
          <Y t="6">0.00538</Y>
          <Y t="7">0.00636</Y>
          <Y t="8">0.00743</Y>
          <Y t="9">0.00861</Y>
          <Y t="10">0.00989</Y>
          <Y t="11">0.01109</Y>
          <Y t="12">0.01237</Y>
          <Y t="13">0.01381</Y>
          <Y t="14">0.01531</Y>
          <Y t="15">0.01688</Y>
          <Y t="16">0.01848</Y>
          <Y t="17">0.02021</Y>
          <Y t="18">0.0221</Y>
          <Y t="19">0.02423</Y>
          <Y t="20">0.02663</Y>
          <Y t="21">0.02908</Y>
          <Y t="22">0.03177</Y>
          <Y t="23">0.03476</Y>
          <Y t="24">0.03809</Y>
          <Y t="25">0.04177</Y>
        </Axis>
      </Axis>
      <Axis t="55">
        <Axis>
          <Y t="1">0.00094</Y>
          <Y t="2">0.00176</Y>
          <Y t="3">0.00288</Y>
          <Y t="4">0.00403</Y>
          <Y t="5">0.00506</Y>
          <Y t="6">0.00605</Y>
          <Y t="7">0.00714</Y>
          <Y t="8">0.00833</Y>
          <Y t="9">0.00964</Y>
          <Y t="10">0.01104</Y>
          <Y t="11">0.01237</Y>
          <Y t="12">0.01377</Y>
          <Y t="13">0.0153</Y>
          <Y t="14">0.01687</Y>
          <Y t="15">0.01847</Y>
          <Y t="16">0.02019</Y>
          <Y t="17">0.02209</Y>
          <Y t="18">0.02422</Y>
          <Y t="19">0.02656</Y>
          <Y t="20">0.02908</Y>
          <Y t="21">0.03177</Y>
          <Y t="22">0.03476</Y>
          <Y t="23">0.03809</Y>
          <Y t="24">0.04177</Y>
          <Y t="25">0.04624</Y>
        </Axis>
      </Axis>
      <Axis t="56">
        <Axis>
          <Y t="1">0.00103</Y>
          <Y t="2">0.00195</Y>
          <Y t="3">0.0032</Y>
          <Y t="4">0.0045</Y>
          <Y t="5">0.00569</Y>
          <Y t="6">0.00681</Y>
          <Y t="7">0.00803</Y>
          <Y t="8">0.00934</Y>
          <Y t="9">0.01077</Y>
          <Y t="10">0.01229</Y>
          <Y t="11">0.01374</Y>
          <Y t="12">0.01524</Y>
          <Y t="13">0.01683</Y>
          <Y t="14">0.01847</Y>
          <Y t="15">0.02018</Y>
          <Y t="16">0.02208</Y>
          <Y t="17">0.02421</Y>
          <Y t="18">0.02653</Y>
          <Y t="19">0.02899</Y>
          <Y t="20">0.03177</Y>
          <Y t="21">0.03476</Y>
          <Y t="22">0.03809</Y>
          <Y t="23">0.04177</Y>
          <Y t="24">0.04624</Y>
          <Y t="25">0.05184</Y>
        </Axis>
      </Axis>
      <Axis t="57">
        <Axis>
          <Y t="1">0.00112</Y>
          <Y t="2">0.00215</Y>
          <Y t="3">0.00356</Y>
          <Y t="4">0.00504</Y>
          <Y t="5">0.00642</Y>
          <Y t="6">0.00766</Y>
          <Y t="7">0.00901</Y>
          <Y t="8">0.01046</Y>
          <Y t="9">0.01201</Y>
          <Y t="10">0.01365</Y>
          <Y t="11">0.01519</Y>
          <Y t="12">0.01674</Y>
          <Y t="13">0.0184</Y>
          <Y t="14">0.02016</Y>
          <Y t="15">0.02202</Y>
          <Y t="16">0.02415</Y>
          <Y t="17">0.02651</Y>
          <Y t="18">0.02897</Y>
          <Y t="19">0.03167</Y>
          <Y t="20">0.03476</Y>
          <Y t="21">0.03809</Y>
          <Y t="22">0.04177</Y>
          <Y t="23">0.04624</Y>
          <Y t="24">0.05184</Y>
          <Y t="25">0.05836</Y>
        </Axis>
      </Axis>
      <Axis t="58">
        <Axis>
          <Y t="1">0.00122</Y>
          <Y t="2">0.00239</Y>
          <Y t="3">0.00397</Y>
          <Y t="4">0.00566</Y>
          <Y t="5">0.00725</Y>
          <Y t="6">0.00862</Y>
          <Y t="7">0.01011</Y>
          <Y t="8">0.01168</Y>
          <Y t="9">0.01335</Y>
          <Y t="10">0.0151</Y>
          <Y t="11">0.01671</Y>
          <Y t="12">0.01833</Y>
          <Y t="13">0.02013</Y>
          <Y t="14">0.02199</Y>
          <Y t="15">0.02403</Y>
          <Y t="16">0.0264</Y>
          <Y t="17">0.02894</Y>
          <Y t="18">0.03166</Y>
          <Y t="19">0.03467</Y>
          <Y t="20">0.03809</Y>
          <Y t="21">0.04177</Y>
          <Y t="22">0.04624</Y>
          <Y t="23">0.05184</Y>
          <Y t="24">0.05836</Y>
          <Y t="25">0.06572</Y>
        </Axis>
      </Axis>
      <Axis t="59">
        <Axis>
          <Y t="1">0.00134</Y>
          <Y t="2">0.00265</Y>
          <Y t="3">0.00444</Y>
          <Y t="4">0.00636</Y>
          <Y t="5">0.00819</Y>
          <Y t="6">0.00969</Y>
          <Y t="7">0.01131</Y>
          <Y t="8">0.01301</Y>
          <Y t="9">0.01479</Y>
          <Y t="10">0.01663</Y>
          <Y t="11">0.0183</Y>
          <Y t="12">0.02008</Y>
          <Y t="13">0.02195</Y>
          <Y t="14">0.02399</Y>
          <Y t="15">0.02629</Y>
          <Y t="16">0.02887</Y>
          <Y t="17">0.03164</Y>
          <Y t="18">0.03465</Y>
          <Y t="19">0.03798</Y>
          <Y t="20">0.04177</Y>
          <Y t="21">0.04624</Y>
          <Y t="22">0.05184</Y>
          <Y t="23">0.05836</Y>
          <Y t="24">0.06572</Y>
          <Y t="25">0.0736</Y>
        </Axis>
      </Axis>
      <Axis t="60">
        <Axis>
          <Y t="1">0.00147</Y>
          <Y t="2">0.00296</Y>
          <Y t="3">0.00497</Y>
          <Y t="4">0.00716</Y>
          <Y t="5">0.00924</Y>
          <Y t="6">0.01088</Y>
          <Y t="7">0.01263</Y>
          <Y t="8">0.01444</Y>
          <Y t="9">0.01632</Y>
          <Y t="10">0.01822</Y>
          <Y t="11">0.02005</Y>
          <Y t="12">0.02187</Y>
          <Y t="13">0.02388</Y>
          <Y t="14">0.02622</Y>
          <Y t="15">0.02878</Y>
          <Y t="16">0.03158</Y>
          <Y t="17">0.03463</Y>
          <Y t="18">0.03791</Y>
          <Y t="19">0.04166</Y>
          <Y t="20">0.04624</Y>
          <Y t="21">0.05184</Y>
          <Y t="22">0.05836</Y>
          <Y t="23">0.06572</Y>
          <Y t="24">0.0736</Y>
          <Y t="25">0.0813</Y>
        </Axis>
      </Axis>
      <Axis t="61">
        <Axis>
          <Y t="1">0.00162</Y>
          <Y t="2">0.0033</Y>
          <Y t="3">0.00558</Y>
          <Y t="4">0.00806</Y>
          <Y t="5">0.01042</Y>
          <Y t="6">0.01218</Y>
          <Y t="7">0.01405</Y>
          <Y t="8">0.01596</Y>
          <Y t="9">0.01791</Y>
          <Y t="10">0.01996</Y>
          <Y t="11">0.02179</Y>
          <Y t="12">0.02371</Y>
          <Y t="13">0.02605</Y>
          <Y t="14">0.02867</Y>
          <Y t="15">0.03146</Y>
          <Y t="16">0.03448</Y>
          <Y t="17">0.03786</Y>
          <Y t="18">0.04156</Y>
          <Y t="19">0.04619</Y>
          <Y t="20">0.05184</Y>
          <Y t="21">0.05836</Y>
          <Y t="22">0.06572</Y>
          <Y t="23">0.0736</Y>
          <Y t="24">0.0813</Y>
          <Y t="25">0.0906</Y>
        </Axis>
      </Axis>
      <Axis t="62">
        <Axis>
          <Y t="1">0.00179</Y>
          <Y t="2">0.00369</Y>
          <Y t="3">0.00626</Y>
          <Y t="4">0.00908</Y>
          <Y t="5">0.01171</Y>
          <Y t="6">0.01359</Y>
          <Y t="7">0.01556</Y>
          <Y t="8">0.01755</Y>
          <Y t="9">0.01965</Y>
          <Y t="10">0.02166</Y>
          <Y t="11">0.02354</Y>
          <Y t="12">0.02583</Y>
          <Y t="13">0.02847</Y>
          <Y t="14">0.03129</Y>
          <Y t="15">0.03426</Y>
          <Y t="16">0.03759</Y>
          <Y t="17">0.04143</Y>
          <Y t="18">0.04607</Y>
          <Y t="19">0.05184</Y>
          <Y t="20">0.05836</Y>
          <Y t="21">0.06572</Y>
          <Y t="22">0.0736</Y>
          <Y t="23">0.0813</Y>
          <Y t="24">0.0906</Y>
          <Y t="25">0.10141</Y>
        </Axis>
      </Axis>
      <Axis t="63">
        <Axis>
          <Y t="1">0.00197</Y>
          <Y t="2">0.00412</Y>
          <Y t="3">0.00704</Y>
          <Y t="4">0.01023</Y>
          <Y t="5">0.01312</Y>
          <Y t="6">0.01511</Y>
          <Y t="7">0.01716</Y>
          <Y t="8">0.01928</Y>
          <Y t="9">0.02134</Y>
          <Y t="10">0.02336</Y>
          <Y t="11">0.02557</Y>
          <Y t="12">0.02827</Y>
          <Y t="13">0.03089</Y>
          <Y t="14">0.03383</Y>
          <Y t="15">0.03705</Y>
          <Y t="16">0.04098</Y>
          <Y t="17">0.04584</Y>
          <Y t="18">0.05176</Y>
          <Y t="19">0.05836</Y>
          <Y t="20">0.06572</Y>
          <Y t="21">0.0736</Y>
          <Y t="22">0.0813</Y>
          <Y t="23">0.0906</Y>
          <Y t="24">0.10141</Y>
          <Y t="25">0.11208</Y>
        </Axis>
      </Axis>
      <Axis t="64">
        <Axis>
          <Y t="1">0.00218</Y>
          <Y t="2">0.0046</Y>
          <Y t="3">0.00791</Y>
          <Y t="4">0.0115</Y>
          <Y t="5">0.01463</Y>
          <Y t="6">0.01671</Y>
          <Y t="7">0.01888</Y>
          <Y t="8">0.02097</Y>
          <Y t="9">0.023</Y>
          <Y t="10">0.02545</Y>
          <Y t="11">0.02802</Y>
          <Y t="12">0.03077</Y>
          <Y t="13">0.03316</Y>
          <Y t="14">0.03629</Y>
          <Y t="15">0.04</Y>
          <Y t="16">0.04519</Y>
          <Y t="17">0.05139</Y>
          <Y t="18">0.05836</Y>
          <Y t="19">0.06572</Y>
          <Y t="20">0.0736</Y>
          <Y t="21">0.0813</Y>
          <Y t="22">0.0906</Y>
          <Y t="23">0.10141</Y>
          <Y t="24">0.11208</Y>
          <Y t="25">0.1236</Y>
        </Axis>
      </Axis>
      <Axis t="65">
        <Axis>
          <Y t="1">0.0024</Y>
          <Y t="2">0.00513</Y>
          <Y t="3">0.00889</Y>
          <Y t="4">0.01292</Y>
          <Y t="5">0.01623</Y>
          <Y t="6">0.0184</Y>
          <Y t="7">0.02057</Y>
          <Y t="8">0.0226</Y>
          <Y t="9">0.02507</Y>
          <Y t="10">0.02791</Y>
          <Y t="11">0.03064</Y>
          <Y t="12">0.0331</Y>
          <Y t="13">0.03548</Y>
          <Y t="14">0.03915</Y>
          <Y t="15">0.04385</Y>
          <Y t="16">0.05057</Y>
          <Y t="17">0.05811</Y>
          <Y t="18">0.06572</Y>
          <Y t="19">0.0736</Y>
          <Y t="20">0.0813</Y>
          <Y t="21">0.0906</Y>
          <Y t="22">0.10141</Y>
          <Y t="23">0.11208</Y>
          <Y t="24">0.1236</Y>
          <Y t="25">0.13578</Y>
        </Axis>
      </Axis>
      <Axis t="66">
        <Axis>
          <Y t="1">0.00265</Y>
          <Y t="2">0.00571</Y>
          <Y t="3">0.00999</Y>
          <Y t="4">0.0145</Y>
          <Y t="5">0.01789</Y>
          <Y t="6">0.0201</Y>
          <Y t="7">0.02219</Y>
          <Y t="8">0.02464</Y>
          <Y t="9">0.02753</Y>
          <Y t="10">0.0305</Y>
          <Y t="11">0.03304</Y>
          <Y t="12">0.03537</Y>
          <Y t="13">0.03864</Y>
          <Y t="14">0.04335</Y>
          <Y t="15">0.04964</Y>
          <Y t="16">0.05753</Y>
          <Y t="17">0.06572</Y>
          <Y t="18">0.0736</Y>
          <Y t="19">0.0813</Y>
          <Y t="20">0.0906</Y>
          <Y t="21">0.10141</Y>
          <Y t="22">0.11208</Y>
          <Y t="23">0.1236</Y>
          <Y t="24">0.13578</Y>
          <Y t="25">0.14831</Y>
        </Axis>
      </Axis>
      <Axis t="67">
        <Axis>
          <Y t="1">0.00291</Y>
          <Y t="2">0.00634</Y>
          <Y t="3">0.01124</Y>
          <Y t="4">0.01624</Y>
          <Y t="5">0.0196</Y>
          <Y t="6">0.02172</Y>
          <Y t="7">0.02421</Y>
          <Y t="8">0.02713</Y>
          <Y t="9">0.03013</Y>
          <Y t="10">0.03297</Y>
          <Y t="11">0.03525</Y>
          <Y t="12">0.0385</Y>
          <Y t="13">0.04326</Y>
          <Y t="14">0.04947</Y>
          <Y t="15">0.05726</Y>
          <Y t="16">0.06545</Y>
          <Y t="17">0.0736</Y>
          <Y t="18">0.0813</Y>
          <Y t="19">0.0906</Y>
          <Y t="20">0.10141</Y>
          <Y t="21">0.11208</Y>
          <Y t="22">0.1236</Y>
          <Y t="23">0.13578</Y>
          <Y t="24">0.14831</Y>
          <Y t="25">0.16111</Y>
        </Axis>
      </Axis>
      <Axis t="68">
        <Axis>
          <Y t="1">0.00321</Y>
          <Y t="2">0.00701</Y>
          <Y t="3">0.01264</Y>
          <Y t="4">0.01817</Y>
          <Y t="5">0.02123</Y>
          <Y t="6">0.02372</Y>
          <Y t="7">0.02672</Y>
          <Y t="8">0.02974</Y>
          <Y t="9">0.03252</Y>
          <Y t="10">0.03512</Y>
          <Y t="11">0.03835</Y>
          <Y t="12">0.04315</Y>
          <Y t="13">0.04929</Y>
          <Y t="14">0.05698</Y>
          <Y t="15">0.06511</Y>
          <Y t="16">0.0732</Y>
          <Y t="17">0.0813</Y>
          <Y t="18">0.0906</Y>
          <Y t="19">0.10141</Y>
          <Y t="20">0.11208</Y>
          <Y t="21">0.1236</Y>
          <Y t="22">0.13578</Y>
          <Y t="23">0.14831</Y>
          <Y t="24">0.16111</Y>
          <Y t="25">0.17431</Y>
        </Axis>
      </Axis>
      <Axis t="69">
        <Axis>
          <Y t="1">0.00352</Y>
          <Y t="2">0.00774</Y>
          <Y t="3">0.01421</Y>
          <Y t="4">0.02027</Y>
          <Y t="5">0.02318</Y>
          <Y t="6">0.02623</Y>
          <Y t="7">0.0293</Y>
          <Y t="8">0.032</Y>
          <Y t="9">0.03474</Y>
          <Y t="10">0.03823</Y>
          <Y t="11">0.04304</Y>
          <Y t="12">0.0491</Y>
          <Y t="13">0.0567</Y>
          <Y t="14">0.06477</Y>
          <Y t="15">0.07274</Y>
          <Y t="16">0.08105</Y>
          <Y t="17">0.0906</Y>
          <Y t="18">0.10141</Y>
          <Y t="19">0.11208</Y>
          <Y t="20">0.1236</Y>
          <Y t="21">0.13578</Y>
          <Y t="22">0.14831</Y>
          <Y t="23">0.16111</Y>
          <Y t="24">0.17431</Y>
          <Y t="25">0.18729</Y>
        </Axis>
      </Axis>
      <Axis t="70">
        <Axis>
          <Y t="1">0.00386</Y>
          <Y t="2">0.00851</Y>
          <Y t="3">0.01597</Y>
          <Y t="4">0.02258</Y>
          <Y t="5">0.02569</Y>
          <Y t="6">0.02878</Y>
          <Y t="7">0.03142</Y>
          <Y t="8">0.03401</Y>
          <Y t="9">0.03773</Y>
          <Y t="10">0.04284</Y>
          <Y t="11">0.0489</Y>
          <Y t="12">0.05641</Y>
          <Y t="13">0.06421</Y>
          <Y t="14">0.07228</Y>
          <Y t="15">0.08037</Y>
          <Y t="16">0.0906</Y>
          <Y t="17">0.10141</Y>
          <Y t="18">0.11208</Y>
          <Y t="19">0.1236</Y>
          <Y t="20">0.13578</Y>
          <Y t="21">0.14831</Y>
          <Y t="22">0.16111</Y>
          <Y t="23">0.17431</Y>
          <Y t="24">0.18729</Y>
          <Y t="25">0.19997</Y>
        </Axis>
      </Axis>
      <Axis t="71">
        <Axis>
          <Y t="1">0.00424</Y>
          <Y t="2">0.00935</Y>
          <Y t="3">0.01792</Y>
          <Y t="4">0.02508</Y>
          <Y t="5">0.02821</Y>
          <Y t="6">0.03076</Y>
          <Y t="7">0.0332</Y>
          <Y t="8">0.03686</Y>
          <Y t="9">0.04197</Y>
          <Y t="10">0.04832</Y>
          <Y t="11">0.05592</Y>
          <Y t="12">0.06403</Y>
          <Y t="13">0.07159</Y>
          <Y t="14">0.07975</Y>
          <Y t="15">0.08938</Y>
          <Y t="16">0.10141</Y>
          <Y t="17">0.11208</Y>
          <Y t="18">0.1236</Y>
          <Y t="19">0.13578</Y>
          <Y t="20">0.14831</Y>
          <Y t="21">0.16111</Y>
          <Y t="22">0.17431</Y>
          <Y t="23">0.18729</Y>
          <Y t="24">0.19997</Y>
          <Y t="25">0.21401</Y>
        </Axis>
      </Axis>
      <Axis t="72">
        <Axis>
          <Y t="1">0.00465</Y>
          <Y t="2">0.01027</Y>
          <Y t="3">0.02008</Y>
          <Y t="4">0.02757</Y>
          <Y t="5">0.03002</Y>
          <Y t="6">0.03227</Y>
          <Y t="7">0.03586</Y>
          <Y t="8">0.04095</Y>
          <Y t="9">0.04725</Y>
          <Y t="10">0.055</Y>
          <Y t="11">0.06226</Y>
          <Y t="12">0.07076</Y>
          <Y t="13">0.07913</Y>
          <Y t="14">0.0886</Y>
          <Y t="15">0.10057</Y>
          <Y t="16">0.11208</Y>
          <Y t="17">0.1236</Y>
          <Y t="18">0.13578</Y>
          <Y t="19">0.14831</Y>
          <Y t="20">0.16111</Y>
          <Y t="21">0.17431</Y>
          <Y t="22">0.18729</Y>
          <Y t="23">0.19997</Y>
          <Y t="24">0.21401</Y>
          <Y t="25">0.22982</Y>
        </Axis>
      </Axis>
      <Axis t="73">
        <Axis>
          <Y t="1">0.0051</Y>
          <Y t="2">0.01128</Y>
          <Y t="3">0.02245</Y>
          <Y t="4">0.02921</Y>
          <Y t="5">0.03125</Y>
          <Y t="6">0.03475</Y>
          <Y t="7">0.03981</Y>
          <Y t="8">0.04601</Y>
          <Y t="9">0.05368</Y>
          <Y t="10">0.06115</Y>
          <Y t="11">0.06793</Y>
          <Y t="12">0.07733</Y>
          <Y t="13">0.08677</Y>
          <Y t="14">0.09982</Y>
          <Y t="15">0.11208</Y>
          <Y t="16">0.1236</Y>
          <Y t="17">0.13578</Y>
          <Y t="18">0.14831</Y>
          <Y t="19">0.16111</Y>
          <Y t="20">0.17431</Y>
          <Y t="21">0.18729</Y>
          <Y t="22">0.19997</Y>
          <Y t="23">0.21401</Y>
          <Y t="24">0.22982</Y>
          <Y t="25">0.24627</Y>
        </Axis>
      </Axis>
      <Axis t="74">
        <Axis>
          <Y t="1">0.00561</Y>
          <Y t="2">0.01241</Y>
          <Y t="3">0.02504</Y>
          <Y t="4">0.03017</Y>
          <Y t="5">0.03356</Y>
          <Y t="6">0.03857</Y>
          <Y t="7">0.04467</Y>
          <Y t="8">0.05221</Y>
          <Y t="9">0.05966</Y>
          <Y t="10">0.06693</Y>
          <Y t="11">0.0745</Y>
          <Y t="12">0.08575</Y>
          <Y t="13">0.09814</Y>
          <Y t="14">0.11132</Y>
          <Y t="15">0.1236</Y>
          <Y t="16">0.13578</Y>
          <Y t="17">0.14831</Y>
          <Y t="18">0.16111</Y>
          <Y t="19">0.17431</Y>
          <Y t="20">0.18729</Y>
          <Y t="21">0.19997</Y>
          <Y t="22">0.21401</Y>
          <Y t="23">0.22982</Y>
          <Y t="24">0.24627</Y>
          <Y t="25">0.26304</Y>
        </Axis>
      </Axis>
      <Axis t="75">
        <Axis>
          <Y t="1">0.00619</Y>
          <Y t="2">0.01369</Y>
          <Y t="3">0.02738</Y>
          <Y t="4">0.0323</Y>
          <Y t="5">0.03722</Y>
          <Y t="6">0.04317</Y>
          <Y t="7">0.05053</Y>
          <Y t="8">0.05875</Y>
          <Y t="9">0.06545</Y>
          <Y t="10">0.07354</Y>
          <Y t="11">0.08281</Y>
          <Y t="12">0.09796</Y>
          <Y t="13">0.1109</Y>
          <Y t="14">0.12261</Y>
          <Y t="15">0.13578</Y>
          <Y t="16">0.14831</Y>
          <Y t="17">0.16111</Y>
          <Y t="18">0.17431</Y>
          <Y t="19">0.18729</Y>
          <Y t="20">0.19997</Y>
          <Y t="21">0.21401</Y>
          <Y t="22">0.22982</Y>
          <Y t="23">0.24627</Y>
          <Y t="24">0.26304</Y>
          <Y t="25">0.27966</Y>
        </Axis>
      </Axis>
      <Axis t="76">
        <Axis>
          <Y t="1">0.00684</Y>
          <Y t="2">0.01513</Y>
          <Y t="3">0.02941</Y>
          <Y t="4">0.0358</Y>
          <Y t="5">0.04155</Y>
          <Y t="6">0.04867</Y>
          <Y t="7">0.05634</Y>
          <Y t="8">0.06529</Y>
          <Y t="9">0.07212</Y>
          <Y t="10">0.08161</Y>
          <Y t="11">0.09626</Y>
          <Y t="12">0.11022</Y>
          <Y t="13">0.12189</Y>
          <Y t="14">0.1352</Y>
          <Y t="15">0.14831</Y>
          <Y t="16">0.16111</Y>
          <Y t="17">0.17431</Y>
          <Y t="18">0.18729</Y>
          <Y t="19">0.19997</Y>
          <Y t="20">0.21401</Y>
          <Y t="21">0.22982</Y>
          <Y t="22">0.24627</Y>
          <Y t="23">0.26304</Y>
          <Y t="24">0.27966</Y>
          <Y t="25">0.29921</Y>
        </Axis>
      </Axis>
      <Axis t="77">
        <Axis>
          <Y t="1">0.00758</Y>
          <Y t="2">0.01674</Y>
          <Y t="3">0.03156</Y>
          <Y t="4">0.03983</Y>
          <Y t="5">0.04666</Y>
          <Y t="6">0.05374</Y>
          <Y t="7">0.06217</Y>
          <Y t="8">0.07196</Y>
          <Y t="9">0.08004</Y>
          <Y t="10">0.09257</Y>
          <Y t="11">0.10946</Y>
          <Y t="12">0.12068</Y>
          <Y t="13">0.13404</Y>
          <Y t="14">0.14831</Y>
          <Y t="15">0.16111</Y>
          <Y t="16">0.17431</Y>
          <Y t="17">0.18729</Y>
          <Y t="18">0.19997</Y>
          <Y t="19">0.21401</Y>
          <Y t="20">0.22982</Y>
          <Y t="21">0.24627</Y>
          <Y t="22">0.26304</Y>
          <Y t="23">0.27966</Y>
          <Y t="24">0.29921</Y>
          <Y t="25">0.32314</Y>
        </Axis>
      </Axis>
      <Axis t="78">
        <Axis>
          <Y t="1">0.00843</Y>
          <Y t="2">0.01855</Y>
          <Y t="3">0.03389</Y>
          <Y t="4">0.04449</Y>
          <Y t="5">0.05251</Y>
          <Y t="6">0.05824</Y>
          <Y t="7">0.06859</Y>
          <Y t="8">0.07987</Y>
          <Y t="9">0.09017</Y>
          <Y t="10">0.10353</Y>
          <Y t="11">0.11932</Y>
          <Y t="12">0.13253</Y>
          <Y t="13">0.14745</Y>
          <Y t="14">0.16111</Y>
          <Y t="15">0.17431</Y>
          <Y t="16">0.18729</Y>
          <Y t="17">0.19997</Y>
          <Y t="18">0.21401</Y>
          <Y t="19">0.22982</Y>
          <Y t="20">0.24627</Y>
          <Y t="21">0.26304</Y>
          <Y t="22">0.27966</Y>
          <Y t="23">0.29921</Y>
          <Y t="24">0.32314</Y>
          <Y t="25">0.34698</Y>
        </Axis>
      </Axis>
      <Axis t="79">
        <Axis>
          <Y t="1">0.00939</Y>
          <Y t="2">0.02064</Y>
          <Y t="3">0.03645</Y>
          <Y t="4">0.05009</Y>
          <Y t="5">0.0578</Y>
          <Y t="6">0.06364</Y>
          <Y t="7">0.07607</Y>
          <Y t="8">0.08952</Y>
          <Y t="9">0.10009</Y>
          <Y t="10">0.11546</Y>
          <Y t="11">0.13062</Y>
          <Y t="12">0.14657</Y>
          <Y t="13">0.16111</Y>
          <Y t="14">0.17431</Y>
          <Y t="15">0.18729</Y>
          <Y t="16">0.19997</Y>
          <Y t="17">0.21401</Y>
          <Y t="18">0.22982</Y>
          <Y t="19">0.24627</Y>
          <Y t="20">0.26304</Y>
          <Y t="21">0.27966</Y>
          <Y t="22">0.29921</Y>
          <Y t="23">0.32314</Y>
          <Y t="24">0.34698</Y>
          <Y t="25">0.37036</Y>
        </Axis>
      </Axis>
      <Axis t="80">
        <Axis>
          <Y t="1">0.01052</Y>
          <Y t="2">0.02307</Y>
          <Y t="3">0.03945</Y>
          <Y t="4">0.05525</Y>
          <Y t="5">0.06233</Y>
          <Y t="6">0.07054</Y>
          <Y t="7">0.08474</Y>
          <Y t="8">0.09874</Y>
          <Y t="9">0.10914</Y>
          <Y t="10">0.12804</Y>
          <Y t="11">0.14405</Y>
          <Y t="12">0.16111</Y>
          <Y t="13">0.17431</Y>
          <Y t="14">0.18729</Y>
          <Y t="15">0.19997</Y>
          <Y t="16">0.21401</Y>
          <Y t="17">0.22982</Y>
          <Y t="18">0.24627</Y>
          <Y t="19">0.26304</Y>
          <Y t="20">0.27966</Y>
          <Y t="21">0.29921</Y>
          <Y t="22">0.32314</Y>
          <Y t="23">0.34698</Y>
          <Y t="24">0.37036</Y>
          <Y t="25">0.39292</Y>
        </Axis>
      </Axis>
      <Axis t="81">
        <Axis>
          <Y t="1">0.01184</Y>
          <Y t="2">0.02579</Y>
          <Y t="3">0.04296</Y>
          <Y t="4">0.05938</Y>
          <Y t="5">0.06719</Y>
          <Y t="6">0.0779</Y>
          <Y t="7">0.09294</Y>
          <Y t="8">0.10703</Y>
          <Y t="9">0.12127</Y>
          <Y t="10">0.1408</Y>
          <Y t="11">0.15965</Y>
          <Y t="12">0.17431</Y>
          <Y t="13">0.18729</Y>
          <Y t="14">0.19997</Y>
          <Y t="15">0.21401</Y>
          <Y t="16">0.22982</Y>
          <Y t="17">0.24627</Y>
          <Y t="18">0.26304</Y>
          <Y t="19">0.27966</Y>
          <Y t="20">0.29921</Y>
          <Y t="21">0.32314</Y>
          <Y t="22">0.34698</Y>
          <Y t="23">0.37036</Y>
          <Y t="24">0.39292</Y>
          <Y t="25">0.4143</Y>
        </Axis>
      </Axis>
      <Axis t="82">
        <Axis>
          <Y t="1">0.01334</Y>
          <Y t="2">0.02884</Y>
          <Y t="3">0.04678</Y>
          <Y t="4">0.06372</Y>
          <Y t="5">0.07241</Y>
          <Y t="6">0.08449</Y>
          <Y t="7">0.09999</Y>
          <Y t="8">0.11757</Y>
          <Y t="9">0.13643</Y>
          <Y t="10">0.15789</Y>
          <Y t="11">0.17431</Y>
          <Y t="12">0.18729</Y>
          <Y t="13">0.19997</Y>
          <Y t="14">0.21401</Y>
          <Y t="15">0.22982</Y>
          <Y t="16">0.24627</Y>
          <Y t="17">0.26304</Y>
          <Y t="18">0.27966</Y>
          <Y t="19">0.29921</Y>
          <Y t="20">0.32314</Y>
          <Y t="21">0.34698</Y>
          <Y t="22">0.37036</Y>
          <Y t="23">0.39292</Y>
          <Y t="24">0.4143</Y>
          <Y t="25">0.43413</Y>
        </Axis>
      </Axis>
      <Axis t="83">
        <Axis>
          <Y t="1">0.01506</Y>
          <Y t="2">0.03228</Y>
          <Y t="3">0.05091</Y>
          <Y t="4">0.06824</Y>
          <Y t="5">0.07787</Y>
          <Y t="6">0.0905</Y>
          <Y t="7">0.10977</Y>
          <Y t="8">0.13095</Y>
          <Y t="9">0.15535</Y>
          <Y t="10">0.17431</Y>
          <Y t="11">0.18729</Y>
          <Y t="12">0.19997</Y>
          <Y t="13">0.21401</Y>
          <Y t="14">0.22982</Y>
          <Y t="15">0.24627</Y>
          <Y t="16">0.26304</Y>
          <Y t="17">0.27966</Y>
          <Y t="18">0.29921</Y>
          <Y t="19">0.32314</Y>
          <Y t="20">0.34698</Y>
          <Y t="21">0.37036</Y>
          <Y t="22">0.39292</Y>
          <Y t="23">0.4143</Y>
          <Y t="24">0.43413</Y>
          <Y t="25">0.45205</Y>
        </Axis>
      </Axis>
      <Axis t="84">
        <Axis>
          <Y t="1">0.01702</Y>
          <Y t="2">0.03613</Y>
          <Y t="3">0.05532</Y>
          <Y t="4">0.07287</Y>
          <Y t="5">0.08312</Y>
          <Y t="6">0.10041</Y>
          <Y t="7">0.12325</Y>
          <Y t="8">0.14907</Y>
          <Y t="9">0.17431</Y>
          <Y t="10">0.18729</Y>
          <Y t="11">0.19997</Y>
          <Y t="12">0.21401</Y>
          <Y t="13">0.22982</Y>
          <Y t="14">0.24627</Y>
          <Y t="15">0.26304</Y>
          <Y t="16">0.27966</Y>
          <Y t="17">0.29921</Y>
          <Y t="18">0.32314</Y>
          <Y t="19">0.34698</Y>
          <Y t="20">0.37036</Y>
          <Y t="21">0.39292</Y>
          <Y t="22">0.4143</Y>
          <Y t="23">0.43413</Y>
          <Y t="24">0.45205</Y>
          <Y t="25">0.46769</Y>
        </Axis>
      </Axis>
      <Axis t="85">
        <Axis>
          <Y t="1">0.01927</Y>
          <Y t="2">0.04041</Y>
          <Y t="3">0.05999</Y>
          <Y t="4">0.07748</Y>
          <Y t="5">0.08925</Y>
          <Y t="6">0.11324</Y>
          <Y t="7">0.14133</Y>
          <Y t="8">0.17086</Y>
          <Y t="9">0.18729</Y>
          <Y t="10">0.19997</Y>
          <Y t="11">0.21401</Y>
          <Y t="12">0.22982</Y>
          <Y t="13">0.24627</Y>
          <Y t="14">0.26304</Y>
          <Y t="15">0.27966</Y>
          <Y t="16">0.29921</Y>
          <Y t="17">0.32314</Y>
          <Y t="18">0.34698</Y>
          <Y t="19">0.37036</Y>
          <Y t="20">0.39292</Y>
          <Y t="21">0.4143</Y>
          <Y t="22">0.43413</Y>
          <Y t="23">0.45205</Y>
          <Y t="24">0.46769</Y>
          <Y t="25">0.48068</Y>
        </Axis>
      </Axis>
      <Axis t="86">
        <Axis>
          <Y t="1">0.02181</Y>
          <Y t="2">0.04513</Y>
          <Y t="3">0.06478</Y>
          <Y t="4">0.08194</Y>
          <Y t="5">0.09936</Y>
          <Y t="6">0.13007</Y>
          <Y t="7">0.16668</Y>
          <Y t="8">0.18729</Y>
          <Y t="9">0.19997</Y>
          <Y t="10">0.21401</Y>
          <Y t="11">0.22982</Y>
          <Y t="12">0.24627</Y>
          <Y t="13">0.26304</Y>
          <Y t="14">0.27966</Y>
          <Y t="15">0.29921</Y>
          <Y t="16">0.32314</Y>
          <Y t="17">0.34698</Y>
          <Y t="18">0.37036</Y>
          <Y t="19">0.39292</Y>
          <Y t="20">0.4143</Y>
          <Y t="21">0.43413</Y>
          <Y t="22">0.45205</Y>
          <Y t="23">0.46769</Y>
          <Y t="24">0.48068</Y>
          <Y t="25">0.49065</Y>
        </Axis>
      </Axis>
      <Axis t="87">
        <Axis>
          <Y t="1">0.02467</Y>
          <Y t="2">0.0503</Y>
          <Y t="3">0.06954</Y>
          <Y t="4">0.08831</Y>
          <Y t="5">0.11642</Y>
          <Y t="6">0.16068</Y>
          <Y t="7">0.18729</Y>
          <Y t="8">0.19997</Y>
          <Y t="9">0.21401</Y>
          <Y t="10">0.22982</Y>
          <Y t="11">0.24627</Y>
          <Y t="12">0.26304</Y>
          <Y t="13">0.27966</Y>
          <Y t="14">0.29921</Y>
          <Y t="15">0.32314</Y>
          <Y t="16">0.34698</Y>
          <Y t="17">0.37036</Y>
          <Y t="18">0.39292</Y>
          <Y t="19">0.4143</Y>
          <Y t="20">0.43413</Y>
          <Y t="21">0.45205</Y>
          <Y t="22">0.46769</Y>
          <Y t="23">0.48068</Y>
          <Y t="24">0.49065</Y>
          <Y t="25">0.49723</Y>
        </Axis>
      </Axis>
      <Axis t="88">
        <Axis>
          <Y t="1">0.02786</Y>
          <Y t="2">0.05585</Y>
          <Y t="3">0.07419</Y>
          <Y t="4">0.1005</Y>
          <Y t="5">0.14407</Y>
          <Y t="6">0.18729</Y>
          <Y t="7">0.19997</Y>
          <Y t="8">0.21401</Y>
          <Y t="9">0.22982</Y>
          <Y t="10">0.24627</Y>
          <Y t="11">0.26304</Y>
          <Y t="12">0.27966</Y>
          <Y t="13">0.29921</Y>
          <Y t="14">0.32314</Y>
          <Y t="15">0.34698</Y>
          <Y t="16">0.37036</Y>
          <Y t="17">0.39292</Y>
          <Y t="18">0.4143</Y>
          <Y t="19">0.43413</Y>
          <Y t="20">0.45205</Y>
          <Y t="21">0.46769</Y>
          <Y t="22">0.48068</Y>
          <Y t="23">0.49065</Y>
          <Y t="24">0.49723</Y>
          <Y t="25">0.5</Y>
        </Axis>
      </Axis>
      <Axis t="89">
        <Axis>
          <Y t="1">0.03138</Y>
          <Y t="2">0.06156</Y>
          <Y t="3">0.08119</Y>
          <Y t="4">0.11842</Y>
          <Y t="5">0.17705</Y>
          <Y t="6">0.19997</Y>
          <Y t="7">0.21401</Y>
          <Y t="8">0.22982</Y>
          <Y t="9">0.24627</Y>
          <Y t="10">0.26304</Y>
          <Y t="11">0.27966</Y>
          <Y t="12">0.29921</Y>
          <Y t="13">0.32314</Y>
          <Y t="14">0.34698</Y>
          <Y t="15">0.37036</Y>
          <Y t="16">0.39292</Y>
          <Y t="17">0.4143</Y>
          <Y t="18">0.43413</Y>
          <Y t="19">0.45205</Y>
          <Y t="20">0.46769</Y>
          <Y t="21">0.48068</Y>
          <Y t="22">0.49065</Y>
          <Y t="23">0.49723</Y>
          <Y t="24">0.5</Y>
          <Y t="25">0.5</Y>
        </Axis>
      </Axis>
      <Axis t="90">
        <Axis>
          <Y t="1">0.03614</Y>
          <Y t="2">0.06594</Y>
          <Y t="3">0.09936</Y>
          <Y t="4">0.15935</Y>
          <Y t="5">0.19997</Y>
          <Y t="6">0.21401</Y>
          <Y t="7">0.22982</Y>
          <Y t="8">0.24627</Y>
          <Y t="9">0.26304</Y>
          <Y t="10">0.27966</Y>
          <Y t="11">0.29921</Y>
          <Y t="12">0.32314</Y>
          <Y t="13">0.34698</Y>
          <Y t="14">0.37036</Y>
          <Y t="15">0.39292</Y>
          <Y t="16">0.4143</Y>
          <Y t="17">0.43413</Y>
          <Y t="18">0.45205</Y>
          <Y t="19">0.46769</Y>
          <Y t="20">0.48068</Y>
          <Y t="21">0.49065</Y>
          <Y t="22">0.49723</Y>
          <Y t="23">0.5</Y>
          <Y t="24">0.5</Y>
          <Y t="25">0.5</Y>
        </Axis>
      </Axis>
      <Axis t="91">
        <Axis>
          <Y t="1">0.04387</Y>
          <Y t="2">0.08239</Y>
          <Y t="3">0.15156</Y>
          <Y t="4">0.19997</Y>
          <Y t="5">0.21401</Y>
          <Y t="6">0.22982</Y>
          <Y t="7">0.24627</Y>
          <Y t="8">0.26304</Y>
          <Y t="9">0.27966</Y>
          <Y t="10">0.29921</Y>
          <Y t="11">0.32314</Y>
          <Y t="12">0.34698</Y>
          <Y t="13">0.37036</Y>
          <Y t="14">0.39292</Y>
          <Y t="15">0.4143</Y>
          <Y t="16">0.43413</Y>
          <Y t="17">0.45205</Y>
          <Y t="18">0.46769</Y>
          <Y t="19">0.48068</Y>
          <Y t="20">0.49065</Y>
          <Y t="21">0.49723</Y>
          <Y t="22">0.5</Y>
          <Y t="23">0.5</Y>
          <Y t="24">0.5</Y>
          <Y t="25">0.5</Y>
        </Axis>
      </Axis>
      <Axis t="92">
        <Axis>
          <Y t="1">0.05576</Y>
          <Y t="2">0.11676</Y>
          <Y t="3">0.19997</Y>
          <Y t="4">0.21401</Y>
          <Y t="5">0.22982</Y>
          <Y t="6">0.24627</Y>
          <Y t="7">0.26304</Y>
          <Y t="8">0.27966</Y>
          <Y t="9">0.29921</Y>
          <Y t="10">0.32314</Y>
          <Y t="11">0.34698</Y>
          <Y t="12">0.37036</Y>
          <Y t="13">0.39292</Y>
          <Y t="14">0.4143</Y>
          <Y t="15">0.43413</Y>
          <Y t="16">0.45205</Y>
          <Y t="17">0.46769</Y>
          <Y t="18">0.48068</Y>
          <Y t="19">0.49065</Y>
          <Y t="20">0.49723</Y>
          <Y t="21">0.5</Y>
          <Y t="22">0.5</Y>
          <Y t="23">0.5</Y>
          <Y t="24">0.5</Y>
          <Y t="25">0.5</Y>
        </Axis>
      </Axis>
      <Axis t="93">
        <Axis>
          <Y t="1">0.07227</Y>
          <Y t="2">0.14588</Y>
          <Y t="3">0.21401</Y>
          <Y t="4">0.22982</Y>
          <Y t="5">0.24627</Y>
          <Y t="6">0.26304</Y>
          <Y t="7">0.27966</Y>
          <Y t="8">0.29921</Y>
          <Y t="9">0.32314</Y>
          <Y t="10">0.34698</Y>
          <Y t="11">0.37036</Y>
          <Y t="12">0.39292</Y>
          <Y t="13">0.4143</Y>
          <Y t="14">0.43413</Y>
          <Y t="15">0.45205</Y>
          <Y t="16">0.46769</Y>
          <Y t="17">0.48068</Y>
          <Y t="18">0.49065</Y>
          <Y t="19">0.49723</Y>
          <Y t="20">0.5</Y>
          <Y t="21">0.5</Y>
          <Y t="22">0.5</Y>
          <Y t="23">0.5</Y>
          <Y t="24">0.5</Y>
          <Y t="25">0.5</Y>
        </Axis>
      </Axis>
      <Axis t="94">
        <Axis>
          <Y t="1">0.09406</Y>
          <Y t="2">0.18653</Y>
          <Y t="3">0.22982</Y>
          <Y t="4">0.24627</Y>
          <Y t="5">0.26304</Y>
          <Y t="6">0.27966</Y>
          <Y t="7">0.29921</Y>
          <Y t="8">0.32314</Y>
          <Y t="9">0.34698</Y>
          <Y t="10">0.37036</Y>
          <Y t="11">0.39292</Y>
          <Y t="12">0.4143</Y>
          <Y t="13">0.43413</Y>
          <Y t="14">0.45205</Y>
          <Y t="15">0.46769</Y>
          <Y t="16">0.48068</Y>
          <Y t="17">0.49065</Y>
          <Y t="18">0.49723</Y>
          <Y t="19">0.5</Y>
          <Y t="20">0.5</Y>
          <Y t="21">0.5</Y>
          <Y t="22">0.5</Y>
          <Y t="23">0.5</Y>
          <Y t="24">0.5</Y>
          <Y t="25">0.5</Y>
        </Axis>
      </Axis>
      <Axis t="95">
        <Axis>
          <Y t="1">0.12216</Y>
          <Y t="2">0.22982</Y>
          <Y t="3">0.24627</Y>
          <Y t="4">0.26304</Y>
          <Y t="5">0.27966</Y>
          <Y t="6">0.29921</Y>
          <Y t="7">0.32314</Y>
          <Y t="8">0.34698</Y>
          <Y t="9">0.37036</Y>
          <Y t="10">0.39292</Y>
          <Y t="11">0.4143</Y>
          <Y t="12">0.43413</Y>
          <Y t="13">0.45205</Y>
          <Y t="14">0.46769</Y>
          <Y t="15">0.48068</Y>
          <Y t="16">0.49065</Y>
          <Y t="17">0.49723</Y>
          <Y t="18">0.5</Y>
          <Y t="19">0.5</Y>
          <Y t="20">0.5</Y>
          <Y t="21">0.5</Y>
          <Y t="22">0.5</Y>
          <Y t="23">0.5</Y>
          <Y t="24">0.5</Y>
          <Y t="25">0.5</Y>
        </Axis>
      </Axis>
    </Values>
  </Table>
  <Table>
    <MetaData>
      <ScalingFactor>0</ScalingFactor>
      <DataType tc="2">Floating Point</DataType>
      <Nation tc="1">United States of America</Nation>
      <TableDescription>2017 Unloaded CSO Preferred Structure Smoker, Preferred, Female, Select and Ultimate Table. Basis: Age Last Birthday. Minimum Ultimate Age: 18. Maximum Ultimate Age: 120.</TableDescription>
      <AxisDef id="Age">
        <ScaleType tc="3">Age</ScaleType>
        <AxisName>Age</AxisName>
        <MinScaleValue>18</MinScaleValue>
        <MaxScaleValue>120</MaxScaleValue>
        <Increment>1</Increment>
      </AxisDef>
    </MetaData>
    <Values>
      <Axis>
        <Y t="18">0.00026</Y>
        <Y t="19">0.00026</Y>
        <Y t="20">0.00025</Y>
        <Y t="21">0.00025</Y>
        <Y t="22">0.00026</Y>
        <Y t="23">0.00028</Y>
        <Y t="24">0.00031</Y>
        <Y t="25">0.00032</Y>
        <Y t="26">0.00032</Y>
        <Y t="27">0.00033</Y>
        <Y t="28">0.00034</Y>
        <Y t="29">0.00036</Y>
        <Y t="30">0.00039</Y>
        <Y t="31">0.00042</Y>
        <Y t="32">0.00045</Y>
        <Y t="33">0.00054</Y>
        <Y t="34">0.00065</Y>
        <Y t="35">0.00075</Y>
        <Y t="36">0.00089</Y>
        <Y t="37">0.00103</Y>
        <Y t="38">0.00116</Y>
        <Y t="39">0.00127</Y>
        <Y t="40">0.00136</Y>
        <Y t="41">0.00144</Y>
        <Y t="42">0.00151</Y>
        <Y t="43">0.00159</Y>
        <Y t="44">0.00168</Y>
        <Y t="45">0.00181</Y>
        <Y t="46">0.00197</Y>
        <Y t="47">0.00215</Y>
        <Y t="48">0.00235</Y>
        <Y t="49">0.00258</Y>
        <Y t="50">0.00283</Y>
        <Y t="51">0.0031</Y>
        <Y t="52">0.00341</Y>
        <Y t="53">0.00374</Y>
        <Y t="54">0.00411</Y>
        <Y t="55">0.00453</Y>
        <Y t="56">0.00501</Y>
        <Y t="57">0.00555</Y>
        <Y t="58">0.00616</Y>
        <Y t="59">0.00684</Y>
        <Y t="60">0.0076</Y>
        <Y t="61">0.00845</Y>
        <Y t="62">0.00938</Y>
        <Y t="63">0.01042</Y>
        <Y t="64">0.01155</Y>
        <Y t="65">0.01279</Y>
        <Y t="66">0.01413</Y>
        <Y t="67">0.01556</Y>
        <Y t="68">0.01707</Y>
        <Y t="69">0.01872</Y>
        <Y t="70">0.02055</Y>
        <Y t="71">0.02247</Y>
        <Y t="72">0.02447</Y>
        <Y t="73">0.02666</Y>
        <Y t="74">0.02908</Y>
        <Y t="75">0.03177</Y>
        <Y t="76">0.03476</Y>
        <Y t="77">0.03809</Y>
        <Y t="78">0.04177</Y>
        <Y t="79">0.04624</Y>
        <Y t="80">0.05184</Y>
        <Y t="81">0.05836</Y>
        <Y t="82">0.06572</Y>
        <Y t="83">0.0736</Y>
        <Y t="84">0.0813</Y>
        <Y t="85">0.0906</Y>
        <Y t="86">0.10141</Y>
        <Y t="87">0.11208</Y>
        <Y t="88">0.1236</Y>
        <Y t="89">0.13578</Y>
        <Y t="90">0.14831</Y>
        <Y t="91">0.16111</Y>
        <Y t="92">0.17431</Y>
        <Y t="93">0.18729</Y>
        <Y t="94">0.19997</Y>
        <Y t="95">0.21401</Y>
        <Y t="96">0.22982</Y>
        <Y t="97">0.24627</Y>
        <Y t="98">0.26304</Y>
        <Y t="99">0.27966</Y>
        <Y t="100">0.29921</Y>
        <Y t="101">0.32314</Y>
        <Y t="102">0.34698</Y>
        <Y t="103">0.37036</Y>
        <Y t="104">0.39292</Y>
        <Y t="105">0.4143</Y>
        <Y t="106">0.43413</Y>
        <Y t="107">0.45205</Y>
        <Y t="108">0.46769</Y>
        <Y t="109">0.48068</Y>
        <Y t="110">0.49065</Y>
        <Y t="111">0.49723</Y>
        <Y t="112">0.5</Y>
        <Y t="113">0.5</Y>
        <Y t="114">0.5</Y>
        <Y t="115">0.5</Y>
        <Y t="116">0.5</Y>
        <Y t="117">0.5</Y>
        <Y t="118">0.5</Y>
        <Y t="119">0.5</Y>
        <Y t="120">0.5</Y>
      </Axis>
    </Values>
  </Table>
</XTbML>