﻿<?xml version="1.0" encoding="utf-8"?>
<XTbML>
  <ContentClassification>
    <TableIdentity>3366</TableIdentity>
    <ProviderDomain>soa.org</ProviderDomain>
    <ProviderName>American Academy of Actuaries along with the Society of Actuaries</ProviderName>
    <TableReference>Joint American Academy of Actuaries' Life Experience Committee and Society of Actuaries Preferred Mortality Oversight Group CSO Development Subgroup, "Report on the 2017 CSO  and on the 2017 CSO Preferred Structure Table Development", American Academy of Actuaries, (2015). Accessed: April, 2016 from https://www.soa.org/Research/Experience-Study/Ind-Life/Valuation/2017-cso-tables.aspx</TableReference>
    <ContentType tc="85">CSO / CET</ContentType>
    <TableName>2017 Unloaded CSO Smoker Distinct Nonsmoker Female ANB </TableName>
    <TableDescription>2017 Unloaded CSO Smoker Distinct Nonsmoker, Female, Age Nearest Birthday. Minimum Age: 18. Maximum Age: 95.</TableDescription>
    <Comments>The 2017 Commissioners Standard Ordinary Tables (CSO) are a series of mortality tables developed for regulatory uses including CRVM, net premium reserves and non-forfeiture determination. The tables were based on life insurance mortality experience from 2002 to 2009, projected with improvement to 2017.  The tables include a margin to cover the variation of individual company’s mortality around the industry mean. Table uploaded: 02/2016. Select rates at ages 0-17 for certain durations and ultimate rates at ages 18-27, 29, 30, 32 and 37 were modified 09/2016. Data verified: 07/2018.</Comments>
    <KeyWord>Select</KeyWord>
    <KeyWord>CSO/CET</KeyWord>
    <KeyWord>United States of America</KeyWord>
  </ContentClassification>
  <Table>
    <MetaData>
      <ScalingFactor>0</ScalingFactor>
      <DataType tc="2">Floating Point</DataType>
      <Nation tc="1">United States of America</Nation>
      <TableDescription>2017 Unloaded CSO Smoker Distinct Nonsmoker, Female, Select and Ultimate Table. Basis: Age Nearest Birthday. Minimum Select Age: 18. Maximum Select Age: 95.</TableDescription>
      <AxisDef id="Age">
        <ScaleType tc="3">Age</ScaleType>
        <AxisName>Age</AxisName>
        <MinScaleValue>18</MinScaleValue>
        <MaxScaleValue>95</MaxScaleValue>
        <Increment>1</Increment>
      </AxisDef>
      <AxisDef id="Duration">
        <ScaleType tc="2">Ordinal Date</ScaleType>
        <AxisName>Duration</AxisName>
        <MinScaleValue>1</MinScaleValue>
        <MaxScaleValue>25</MaxScaleValue>
        <Increment>1</Increment>
      </AxisDef>
    </MetaData>
    <Values>
      <Axis t="18">
        <Axis>
          <Y t="1">0.00027</Y>
          <Y t="2">0.00027</Y>
          <Y t="3">0.00027</Y>
          <Y t="4">0.00027</Y>
          <Y t="5">0.00027</Y>
          <Y t="6">0.00027</Y>
          <Y t="7">0.00027</Y>
          <Y t="8">0.00027</Y>
          <Y t="9">0.00027</Y>
          <Y t="10">0.00028</Y>
          <Y t="11">0.0003</Y>
          <Y t="12">0.00032</Y>
          <Y t="13">0.00034</Y>
          <Y t="14">0.00036</Y>
          <Y t="15">0.0004</Y>
          <Y t="16">0.00045</Y>
          <Y t="17">0.00051</Y>
          <Y t="18">0.00058</Y>
          <Y t="19">0.00066</Y>
          <Y t="20">0.00074</Y>
          <Y t="21">0.00081</Y>
          <Y t="22">0.00084</Y>
          <Y t="23">0.00085</Y>
          <Y t="24">0.00086</Y>
          <Y t="25">0.00086</Y>
        </Axis>
      </Axis>
      <Axis t="19">
        <Axis>
          <Y t="1">0.00027</Y>
          <Y t="2">0.00027</Y>
          <Y t="3">0.00025</Y>
          <Y t="4">0.00025</Y>
          <Y t="5">0.00026</Y>
          <Y t="6">0.00026</Y>
          <Y t="7">0.00025</Y>
          <Y t="8">0.00025</Y>
          <Y t="9">0.00025</Y>
          <Y t="10">0.00027</Y>
          <Y t="11">0.0003</Y>
          <Y t="12">0.00032</Y>
          <Y t="13">0.00033</Y>
          <Y t="14">0.00035</Y>
          <Y t="15">0.0004</Y>
          <Y t="16">0.00047</Y>
          <Y t="17">0.00055</Y>
          <Y t="18">0.00064</Y>
          <Y t="19">0.00072</Y>
          <Y t="20">0.00079</Y>
          <Y t="21">0.00084</Y>
          <Y t="22">0.00085</Y>
          <Y t="23">0.00086</Y>
          <Y t="24">0.00086</Y>
          <Y t="25">0.00086</Y>
        </Axis>
      </Axis>
      <Axis t="20">
        <Axis>
          <Y t="1">0.00023</Y>
          <Y t="2">0.00023</Y>
          <Y t="3">0.00023</Y>
          <Y t="4">0.00024</Y>
          <Y t="5">0.00024</Y>
          <Y t="6">0.00023</Y>
          <Y t="7">0.00023</Y>
          <Y t="8">0.00023</Y>
          <Y t="9">0.00025</Y>
          <Y t="10">0.00028</Y>
          <Y t="11">0.0003</Y>
          <Y t="12">0.00031</Y>
          <Y t="13">0.00032</Y>
          <Y t="14">0.00035</Y>
          <Y t="15">0.00041</Y>
          <Y t="16">0.00049</Y>
          <Y t="17">0.00058</Y>
          <Y t="18">0.00067</Y>
          <Y t="19">0.00075</Y>
          <Y t="20">0.00081</Y>
          <Y t="21">0.00085</Y>
          <Y t="22">0.00086</Y>
          <Y t="23">0.00086</Y>
          <Y t="24">0.00086</Y>
          <Y t="25">0.00087</Y>
        </Axis>
      </Axis>
      <Axis t="21">
        <Axis>
          <Y t="1">0.00018</Y>
          <Y t="2">0.00021</Y>
          <Y t="3">0.00022</Y>
          <Y t="4">0.00023</Y>
          <Y t="5">0.00022</Y>
          <Y t="6">0.00021</Y>
          <Y t="7">0.00021</Y>
          <Y t="8">0.00023</Y>
          <Y t="9">0.00025</Y>
          <Y t="10">0.00028</Y>
          <Y t="11">0.0003</Y>
          <Y t="12">0.00031</Y>
          <Y t="13">0.00032</Y>
          <Y t="14">0.00036</Y>
          <Y t="15">0.00043</Y>
          <Y t="16">0.00051</Y>
          <Y t="17">0.0006</Y>
          <Y t="18">0.00068</Y>
          <Y t="19">0.00076</Y>
          <Y t="20">0.00082</Y>
          <Y t="21">0.00086</Y>
          <Y t="22">0.00086</Y>
          <Y t="23">0.00086</Y>
          <Y t="24">0.00087</Y>
          <Y t="25">0.00087</Y>
        </Axis>
      </Axis>
      <Axis t="22">
        <Axis>
          <Y t="1">0.00016</Y>
          <Y t="2">0.0002</Y>
          <Y t="3">0.00021</Y>
          <Y t="4">0.0002</Y>
          <Y t="5">0.00019</Y>
          <Y t="6">0.00019</Y>
          <Y t="7">0.0002</Y>
          <Y t="8">0.00023</Y>
          <Y t="9">0.00026</Y>
          <Y t="10">0.00029</Y>
          <Y t="11">0.0003</Y>
          <Y t="12">0.00031</Y>
          <Y t="13">0.00033</Y>
          <Y t="14">0.00038</Y>
          <Y t="15">0.00046</Y>
          <Y t="16">0.00054</Y>
          <Y t="17">0.00062</Y>
          <Y t="18">0.00069</Y>
          <Y t="19">0.00076</Y>
          <Y t="20">0.00083</Y>
          <Y t="21">0.00086</Y>
          <Y t="22">0.00086</Y>
          <Y t="23">0.00087</Y>
          <Y t="24">0.00087</Y>
          <Y t="25">0.00091</Y>
        </Axis>
      </Axis>
      <Axis t="23">
        <Axis>
          <Y t="1">0.00014</Y>
          <Y t="2">0.00018</Y>
          <Y t="3">0.00019</Y>
          <Y t="4">0.00017</Y>
          <Y t="5">0.00017</Y>
          <Y t="6">0.00018</Y>
          <Y t="7">0.00021</Y>
          <Y t="8">0.00024</Y>
          <Y t="9">0.00027</Y>
          <Y t="10">0.00029</Y>
          <Y t="11">0.0003</Y>
          <Y t="12">0.00032</Y>
          <Y t="13">0.00035</Y>
          <Y t="14">0.00042</Y>
          <Y t="15">0.0005</Y>
          <Y t="16">0.00057</Y>
          <Y t="17">0.00063</Y>
          <Y t="18">0.00069</Y>
          <Y t="19">0.00077</Y>
          <Y t="20">0.00083</Y>
          <Y t="21">0.00086</Y>
          <Y t="22">0.00087</Y>
          <Y t="23">0.00087</Y>
          <Y t="24">0.00091</Y>
          <Y t="25">0.00095</Y>
        </Axis>
      </Axis>
      <Axis t="24">
        <Axis>
          <Y t="1">0.00013</Y>
          <Y t="2">0.00016</Y>
          <Y t="3">0.00016</Y>
          <Y t="4">0.00016</Y>
          <Y t="5">0.00017</Y>
          <Y t="6">0.00019</Y>
          <Y t="7">0.00022</Y>
          <Y t="8">0.00025</Y>
          <Y t="9">0.00027</Y>
          <Y t="10">0.00029</Y>
          <Y t="11">0.00031</Y>
          <Y t="12">0.00034</Y>
          <Y t="13">0.00039</Y>
          <Y t="14">0.00046</Y>
          <Y t="15">0.00053</Y>
          <Y t="16">0.00059</Y>
          <Y t="17">0.00063</Y>
          <Y t="18">0.0007</Y>
          <Y t="19">0.00077</Y>
          <Y t="20">0.00083</Y>
          <Y t="21">0.00087</Y>
          <Y t="22">0.00087</Y>
          <Y t="23">0.00091</Y>
          <Y t="24">0.00095</Y>
          <Y t="25">0.001</Y>
        </Axis>
      </Axis>
      <Axis t="25">
        <Axis>
          <Y t="1">0.00011</Y>
          <Y t="2">0.00014</Y>
          <Y t="3">0.00014</Y>
          <Y t="4">0.00015</Y>
          <Y t="5">0.00017</Y>
          <Y t="6">0.00019</Y>
          <Y t="7">0.00022</Y>
          <Y t="8">0.00025</Y>
          <Y t="9">0.00028</Y>
          <Y t="10">0.00031</Y>
          <Y t="11">0.00033</Y>
          <Y t="12">0.00037</Y>
          <Y t="13">0.00043</Y>
          <Y t="14">0.0005</Y>
          <Y t="15">0.00056</Y>
          <Y t="16">0.0006</Y>
          <Y t="17">0.00065</Y>
          <Y t="18">0.00071</Y>
          <Y t="19">0.00077</Y>
          <Y t="20">0.00083</Y>
          <Y t="21">0.00087</Y>
          <Y t="22">0.00091</Y>
          <Y t="23">0.00095</Y>
          <Y t="24">0.001</Y>
          <Y t="25">0.00107</Y>
        </Axis>
      </Axis>
      <Axis t="26">
        <Axis>
          <Y t="1">9E-05</Y>
          <Y t="2">0.00013</Y>
          <Y t="3">0.00014</Y>
          <Y t="4">0.00015</Y>
          <Y t="5">0.00017</Y>
          <Y t="6">0.0002</Y>
          <Y t="7">0.00022</Y>
          <Y t="8">0.00026</Y>
          <Y t="9">0.00029</Y>
          <Y t="10">0.00033</Y>
          <Y t="11">0.00036</Y>
          <Y t="12">0.00041</Y>
          <Y t="13">0.00048</Y>
          <Y t="14">0.00055</Y>
          <Y t="15">0.00059</Y>
          <Y t="16">0.00062</Y>
          <Y t="17">0.00066</Y>
          <Y t="18">0.00073</Y>
          <Y t="19">0.00079</Y>
          <Y t="20">0.00085</Y>
          <Y t="21">0.00091</Y>
          <Y t="22">0.00095</Y>
          <Y t="23">0.001</Y>
          <Y t="24">0.00107</Y>
          <Y t="25">0.00115</Y>
        </Axis>
      </Axis>
      <Axis t="27">
        <Axis>
          <Y t="1">8E-05</Y>
          <Y t="2">0.00012</Y>
          <Y t="3">0.00014</Y>
          <Y t="4">0.00015</Y>
          <Y t="5">0.00017</Y>
          <Y t="6">0.0002</Y>
          <Y t="7">0.00023</Y>
          <Y t="8">0.00027</Y>
          <Y t="9">0.00032</Y>
          <Y t="10">0.00036</Y>
          <Y t="11">0.0004</Y>
          <Y t="12">0.00046</Y>
          <Y t="13">0.00053</Y>
          <Y t="14">0.00059</Y>
          <Y t="15">0.00062</Y>
          <Y t="16">0.00065</Y>
          <Y t="17">0.00069</Y>
          <Y t="18">0.00075</Y>
          <Y t="19">0.00082</Y>
          <Y t="20">0.00089</Y>
          <Y t="21">0.00095</Y>
          <Y t="22">0.001</Y>
          <Y t="23">0.00107</Y>
          <Y t="24">0.00115</Y>
          <Y t="25">0.00126</Y>
        </Axis>
      </Axis>
      <Axis t="28">
        <Axis>
          <Y t="1">7E-05</Y>
          <Y t="2">0.00012</Y>
          <Y t="3">0.00014</Y>
          <Y t="4">0.00015</Y>
          <Y t="5">0.00017</Y>
          <Y t="6">0.0002</Y>
          <Y t="7">0.00024</Y>
          <Y t="8">0.00029</Y>
          <Y t="9">0.00034</Y>
          <Y t="10">0.00039</Y>
          <Y t="11">0.00044</Y>
          <Y t="12">0.00051</Y>
          <Y t="13">0.00058</Y>
          <Y t="14">0.00062</Y>
          <Y t="15">0.00064</Y>
          <Y t="16">0.00067</Y>
          <Y t="17">0.00072</Y>
          <Y t="18">0.00079</Y>
          <Y t="19">0.00086</Y>
          <Y t="20">0.00093</Y>
          <Y t="21">0.001</Y>
          <Y t="22">0.00107</Y>
          <Y t="23">0.00115</Y>
          <Y t="24">0.00126</Y>
          <Y t="25">0.0014</Y>
        </Axis>
      </Axis>
      <Axis t="29">
        <Axis>
          <Y t="1">7E-05</Y>
          <Y t="2">0.00012</Y>
          <Y t="3">0.00014</Y>
          <Y t="4">0.00016</Y>
          <Y t="5">0.00018</Y>
          <Y t="6">0.00021</Y>
          <Y t="7">0.00026</Y>
          <Y t="8">0.00032</Y>
          <Y t="9">0.00037</Y>
          <Y t="10">0.00042</Y>
          <Y t="11">0.00048</Y>
          <Y t="12">0.00054</Y>
          <Y t="13">0.0006</Y>
          <Y t="14">0.00064</Y>
          <Y t="15">0.00066</Y>
          <Y t="16">0.0007</Y>
          <Y t="17">0.00076</Y>
          <Y t="18">0.00083</Y>
          <Y t="19">0.0009</Y>
          <Y t="20">0.00099</Y>
          <Y t="21">0.00107</Y>
          <Y t="22">0.00115</Y>
          <Y t="23">0.00126</Y>
          <Y t="24">0.0014</Y>
          <Y t="25">0.00158</Y>
        </Axis>
      </Axis>
      <Axis t="30">
        <Axis>
          <Y t="1">7E-05</Y>
          <Y t="2">0.00013</Y>
          <Y t="3">0.00015</Y>
          <Y t="4">0.00016</Y>
          <Y t="5">0.00019</Y>
          <Y t="6">0.00023</Y>
          <Y t="7">0.00029</Y>
          <Y t="8">0.00035</Y>
          <Y t="9">0.0004</Y>
          <Y t="10">0.00046</Y>
          <Y t="11">0.00051</Y>
          <Y t="12">0.00057</Y>
          <Y t="13">0.00063</Y>
          <Y t="14">0.00066</Y>
          <Y t="15">0.00069</Y>
          <Y t="16">0.00074</Y>
          <Y t="17">0.00082</Y>
          <Y t="18">0.0009</Y>
          <Y t="19">0.00098</Y>
          <Y t="20">0.00106</Y>
          <Y t="21">0.00115</Y>
          <Y t="22">0.00126</Y>
          <Y t="23">0.0014</Y>
          <Y t="24">0.00158</Y>
          <Y t="25">0.00177</Y>
        </Axis>
      </Axis>
      <Axis t="31">
        <Axis>
          <Y t="1">7E-05</Y>
          <Y t="2">0.00013</Y>
          <Y t="3">0.00015</Y>
          <Y t="4">0.00017</Y>
          <Y t="5">0.00021</Y>
          <Y t="6">0.00026</Y>
          <Y t="7">0.00032</Y>
          <Y t="8">0.00038</Y>
          <Y t="9">0.00043</Y>
          <Y t="10">0.00048</Y>
          <Y t="11">0.00053</Y>
          <Y t="12">0.00059</Y>
          <Y t="13">0.00065</Y>
          <Y t="14">0.00069</Y>
          <Y t="15">0.00073</Y>
          <Y t="16">0.0008</Y>
          <Y t="17">0.00088</Y>
          <Y t="18">0.00097</Y>
          <Y t="19">0.00105</Y>
          <Y t="20">0.00115</Y>
          <Y t="21">0.00126</Y>
          <Y t="22">0.0014</Y>
          <Y t="23">0.00158</Y>
          <Y t="24">0.00177</Y>
          <Y t="25">0.00197</Y>
        </Axis>
      </Axis>
      <Axis t="32">
        <Axis>
          <Y t="1">7E-05</Y>
          <Y t="2">0.00014</Y>
          <Y t="3">0.00016</Y>
          <Y t="4">0.00019</Y>
          <Y t="5">0.00024</Y>
          <Y t="6">0.00029</Y>
          <Y t="7">0.00034</Y>
          <Y t="8">0.0004</Y>
          <Y t="9">0.00045</Y>
          <Y t="10">0.0005</Y>
          <Y t="11">0.00055</Y>
          <Y t="12">0.00061</Y>
          <Y t="13">0.00068</Y>
          <Y t="14">0.00073</Y>
          <Y t="15">0.00079</Y>
          <Y t="16">0.00087</Y>
          <Y t="17">0.00096</Y>
          <Y t="18">0.00105</Y>
          <Y t="19">0.00114</Y>
          <Y t="20">0.00125</Y>
          <Y t="21">0.0014</Y>
          <Y t="22">0.00158</Y>
          <Y t="23">0.00177</Y>
          <Y t="24">0.00197</Y>
          <Y t="25">0.00217</Y>
        </Axis>
      </Axis>
      <Axis t="33">
        <Axis>
          <Y t="1">8E-05</Y>
          <Y t="2">0.00014</Y>
          <Y t="3">0.00018</Y>
          <Y t="4">0.00022</Y>
          <Y t="5">0.00027</Y>
          <Y t="6">0.00032</Y>
          <Y t="7">0.00038</Y>
          <Y t="8">0.00043</Y>
          <Y t="9">0.00047</Y>
          <Y t="10">0.00051</Y>
          <Y t="11">0.00057</Y>
          <Y t="12">0.00063</Y>
          <Y t="13">0.00071</Y>
          <Y t="14">0.00079</Y>
          <Y t="15">0.00086</Y>
          <Y t="16">0.00095</Y>
          <Y t="17">0.00105</Y>
          <Y t="18">0.00114</Y>
          <Y t="19">0.00125</Y>
          <Y t="20">0.00139</Y>
          <Y t="21">0.00158</Y>
          <Y t="22">0.00177</Y>
          <Y t="23">0.00197</Y>
          <Y t="24">0.00217</Y>
          <Y t="25">0.00236</Y>
        </Axis>
      </Axis>
      <Axis t="34">
        <Axis>
          <Y t="1">8E-05</Y>
          <Y t="2">0.00015</Y>
          <Y t="3">0.0002</Y>
          <Y t="4">0.00025</Y>
          <Y t="5">0.00031</Y>
          <Y t="6">0.00035</Y>
          <Y t="7">0.00041</Y>
          <Y t="8">0.00045</Y>
          <Y t="9">0.00048</Y>
          <Y t="10">0.00053</Y>
          <Y t="11">0.00059</Y>
          <Y t="12">0.00067</Y>
          <Y t="13">0.00077</Y>
          <Y t="14">0.00086</Y>
          <Y t="15">0.00094</Y>
          <Y t="16">0.00103</Y>
          <Y t="17">0.00114</Y>
          <Y t="18">0.00125</Y>
          <Y t="19">0.00138</Y>
          <Y t="20">0.00156</Y>
          <Y t="21">0.00177</Y>
          <Y t="22">0.00197</Y>
          <Y t="23">0.00217</Y>
          <Y t="24">0.00236</Y>
          <Y t="25">0.00255</Y>
        </Axis>
      </Axis>
      <Axis t="35">
        <Axis>
          <Y t="1">9E-05</Y>
          <Y t="2">0.00015</Y>
          <Y t="3">0.00023</Y>
          <Y t="4">0.00029</Y>
          <Y t="5">0.00034</Y>
          <Y t="6">0.00038</Y>
          <Y t="7">0.00045</Y>
          <Y t="8">0.00048</Y>
          <Y t="9">0.0005</Y>
          <Y t="10">0.00055</Y>
          <Y t="11">0.00062</Y>
          <Y t="12">0.00073</Y>
          <Y t="13">0.00085</Y>
          <Y t="14">0.00094</Y>
          <Y t="15">0.00103</Y>
          <Y t="16">0.00112</Y>
          <Y t="17">0.00124</Y>
          <Y t="18">0.00136</Y>
          <Y t="19">0.00153</Y>
          <Y t="20">0.00174</Y>
          <Y t="21">0.00197</Y>
          <Y t="22">0.00217</Y>
          <Y t="23">0.00236</Y>
          <Y t="24">0.00255</Y>
          <Y t="25">0.00275</Y>
        </Axis>
      </Axis>
      <Axis t="36">
        <Axis>
          <Y t="1">0.0001</Y>
          <Y t="2">0.00017</Y>
          <Y t="3">0.00026</Y>
          <Y t="4">0.00032</Y>
          <Y t="5">0.00037</Y>
          <Y t="6">0.00042</Y>
          <Y t="7">0.00048</Y>
          <Y t="8">0.0005</Y>
          <Y t="9">0.00053</Y>
          <Y t="10">0.00058</Y>
          <Y t="11">0.00068</Y>
          <Y t="12">0.0008</Y>
          <Y t="13">0.00093</Y>
          <Y t="14">0.00103</Y>
          <Y t="15">0.00112</Y>
          <Y t="16">0.00122</Y>
          <Y t="17">0.00134</Y>
          <Y t="18">0.0015</Y>
          <Y t="19">0.0017</Y>
          <Y t="20">0.00193</Y>
          <Y t="21">0.00217</Y>
          <Y t="22">0.00236</Y>
          <Y t="23">0.00255</Y>
          <Y t="24">0.00275</Y>
          <Y t="25">0.00298</Y>
        </Axis>
      </Axis>
      <Axis t="37">
        <Axis>
          <Y t="1">0.00011</Y>
          <Y t="2">0.00018</Y>
          <Y t="3">0.00028</Y>
          <Y t="4">0.00036</Y>
          <Y t="5">0.00042</Y>
          <Y t="6">0.00047</Y>
          <Y t="7">0.0005</Y>
          <Y t="8">0.00052</Y>
          <Y t="9">0.00056</Y>
          <Y t="10">0.00064</Y>
          <Y t="11">0.00075</Y>
          <Y t="12">0.00088</Y>
          <Y t="13">0.00102</Y>
          <Y t="14">0.00111</Y>
          <Y t="15">0.00121</Y>
          <Y t="16">0.00132</Y>
          <Y t="17">0.00146</Y>
          <Y t="18">0.00164</Y>
          <Y t="19">0.00187</Y>
          <Y t="20">0.00212</Y>
          <Y t="21">0.00236</Y>
          <Y t="22">0.00255</Y>
          <Y t="23">0.00275</Y>
          <Y t="24">0.00298</Y>
          <Y t="25">0.00325</Y>
        </Axis>
      </Axis>
      <Axis t="38">
        <Axis>
          <Y t="1">0.00012</Y>
          <Y t="2">0.00019</Y>
          <Y t="3">0.0003</Y>
          <Y t="4">0.00039</Y>
          <Y t="5">0.00045</Y>
          <Y t="6">0.00049</Y>
          <Y t="7">0.00052</Y>
          <Y t="8">0.00055</Y>
          <Y t="9">0.00061</Y>
          <Y t="10">0.00071</Y>
          <Y t="11">0.00084</Y>
          <Y t="12">0.00097</Y>
          <Y t="13">0.00111</Y>
          <Y t="14">0.00121</Y>
          <Y t="15">0.0013</Y>
          <Y t="16">0.00142</Y>
          <Y t="17">0.00159</Y>
          <Y t="18">0.00179</Y>
          <Y t="19">0.00204</Y>
          <Y t="20">0.0023</Y>
          <Y t="21">0.00255</Y>
          <Y t="22">0.00275</Y>
          <Y t="23">0.00298</Y>
          <Y t="24">0.00325</Y>
          <Y t="25">0.00357</Y>
        </Axis>
      </Axis>
      <Axis t="39">
        <Axis>
          <Y t="1">0.00012</Y>
          <Y t="2">0.0002</Y>
          <Y t="3">0.00031</Y>
          <Y t="4">0.00041</Y>
          <Y t="5">0.00048</Y>
          <Y t="6">0.00052</Y>
          <Y t="7">0.00055</Y>
          <Y t="8">0.0006</Y>
          <Y t="9">0.00067</Y>
          <Y t="10">0.00079</Y>
          <Y t="11">0.00093</Y>
          <Y t="12">0.00107</Y>
          <Y t="13">0.00119</Y>
          <Y t="14">0.0013</Y>
          <Y t="15">0.0014</Y>
          <Y t="16">0.00154</Y>
          <Y t="17">0.00173</Y>
          <Y t="18">0.00195</Y>
          <Y t="19">0.00221</Y>
          <Y t="20">0.00249</Y>
          <Y t="21">0.00275</Y>
          <Y t="22">0.00298</Y>
          <Y t="23">0.00325</Y>
          <Y t="24">0.00357</Y>
          <Y t="25">0.00392</Y>
        </Axis>
      </Axis>
      <Axis t="40">
        <Axis>
          <Y t="1">0.00013</Y>
          <Y t="2">0.00021</Y>
          <Y t="3">0.00032</Y>
          <Y t="4">0.00042</Y>
          <Y t="5">0.00051</Y>
          <Y t="6">0.00055</Y>
          <Y t="7">0.0006</Y>
          <Y t="8">0.00066</Y>
          <Y t="9">0.00074</Y>
          <Y t="10">0.00088</Y>
          <Y t="11">0.00102</Y>
          <Y t="12">0.00116</Y>
          <Y t="13">0.00128</Y>
          <Y t="14">0.0014</Y>
          <Y t="15">0.00152</Y>
          <Y t="16">0.00168</Y>
          <Y t="17">0.00188</Y>
          <Y t="18">0.00211</Y>
          <Y t="19">0.00238</Y>
          <Y t="20">0.00269</Y>
          <Y t="21">0.00298</Y>
          <Y t="22">0.00325</Y>
          <Y t="23">0.00357</Y>
          <Y t="24">0.00392</Y>
          <Y t="25">0.00432</Y>
        </Axis>
      </Axis>
      <Axis t="41">
        <Axis>
          <Y t="1">0.00014</Y>
          <Y t="2">0.00022</Y>
          <Y t="3">0.00033</Y>
          <Y t="4">0.00043</Y>
          <Y t="5">0.00053</Y>
          <Y t="6">0.0006</Y>
          <Y t="7">0.00065</Y>
          <Y t="8">0.00072</Y>
          <Y t="9">0.00082</Y>
          <Y t="10">0.00097</Y>
          <Y t="11">0.00112</Y>
          <Y t="12">0.00124</Y>
          <Y t="13">0.00138</Y>
          <Y t="14">0.00151</Y>
          <Y t="15">0.00165</Y>
          <Y t="16">0.00183</Y>
          <Y t="17">0.00205</Y>
          <Y t="18">0.00229</Y>
          <Y t="19">0.00258</Y>
          <Y t="20">0.00292</Y>
          <Y t="21">0.00325</Y>
          <Y t="22">0.00357</Y>
          <Y t="23">0.00392</Y>
          <Y t="24">0.00432</Y>
          <Y t="25">0.00475</Y>
        </Axis>
      </Axis>
      <Axis t="42">
        <Axis>
          <Y t="1">0.00015</Y>
          <Y t="2">0.00024</Y>
          <Y t="3">0.00034</Y>
          <Y t="4">0.00045</Y>
          <Y t="5">0.00058</Y>
          <Y t="6">0.00065</Y>
          <Y t="7">0.0007</Y>
          <Y t="8">0.00078</Y>
          <Y t="9">0.00091</Y>
          <Y t="10">0.00106</Y>
          <Y t="11">0.0012</Y>
          <Y t="12">0.00133</Y>
          <Y t="13">0.00148</Y>
          <Y t="14">0.00164</Y>
          <Y t="15">0.00181</Y>
          <Y t="16">0.00201</Y>
          <Y t="17">0.00224</Y>
          <Y t="18">0.0025</Y>
          <Y t="19">0.0028</Y>
          <Y t="20">0.00319</Y>
          <Y t="21">0.00357</Y>
          <Y t="22">0.00392</Y>
          <Y t="23">0.00432</Y>
          <Y t="24">0.00475</Y>
          <Y t="25">0.00522</Y>
        </Axis>
      </Axis>
      <Axis t="43">
        <Axis>
          <Y t="1">0.00016</Y>
          <Y t="2">0.00025</Y>
          <Y t="3">0.00035</Y>
          <Y t="4">0.00051</Y>
          <Y t="5">0.00062</Y>
          <Y t="6">0.0007</Y>
          <Y t="7">0.00075</Y>
          <Y t="8">0.00085</Y>
          <Y t="9">0.00099</Y>
          <Y t="10">0.00115</Y>
          <Y t="11">0.00129</Y>
          <Y t="12">0.00143</Y>
          <Y t="13">0.00161</Y>
          <Y t="14">0.0018</Y>
          <Y t="15">0.002</Y>
          <Y t="16">0.00221</Y>
          <Y t="17">0.00247</Y>
          <Y t="18">0.00276</Y>
          <Y t="19">0.0031</Y>
          <Y t="20">0.0035</Y>
          <Y t="21">0.00392</Y>
          <Y t="22">0.00432</Y>
          <Y t="23">0.00475</Y>
          <Y t="24">0.00522</Y>
          <Y t="25">0.00572</Y>
        </Axis>
      </Axis>
      <Axis t="44">
        <Axis>
          <Y t="1">0.00018</Y>
          <Y t="2">0.00025</Y>
          <Y t="3">0.00038</Y>
          <Y t="4">0.00057</Y>
          <Y t="5">0.00067</Y>
          <Y t="6">0.00074</Y>
          <Y t="7">0.00081</Y>
          <Y t="8">0.00092</Y>
          <Y t="9">0.00107</Y>
          <Y t="10">0.00123</Y>
          <Y t="11">0.00138</Y>
          <Y t="12">0.00155</Y>
          <Y t="13">0.00176</Y>
          <Y t="14">0.00198</Y>
          <Y t="15">0.00219</Y>
          <Y t="16">0.00243</Y>
          <Y t="17">0.00269</Y>
          <Y t="18">0.003</Y>
          <Y t="19">0.00337</Y>
          <Y t="20">0.00384</Y>
          <Y t="21">0.00432</Y>
          <Y t="22">0.00475</Y>
          <Y t="23">0.00522</Y>
          <Y t="24">0.00572</Y>
          <Y t="25">0.00627</Y>
        </Axis>
      </Axis>
      <Axis t="45">
        <Axis>
          <Y t="1">0.0002</Y>
          <Y t="2">0.00026</Y>
          <Y t="3">0.00042</Y>
          <Y t="4">0.00064</Y>
          <Y t="5">0.00073</Y>
          <Y t="6">0.00079</Y>
          <Y t="7">0.00087</Y>
          <Y t="8">0.001</Y>
          <Y t="9">0.00116</Y>
          <Y t="10">0.00132</Y>
          <Y t="11">0.00149</Y>
          <Y t="12">0.00169</Y>
          <Y t="13">0.00193</Y>
          <Y t="14">0.00218</Y>
          <Y t="15">0.00242</Y>
          <Y t="16">0.00266</Y>
          <Y t="17">0.00296</Y>
          <Y t="18">0.00331</Y>
          <Y t="19">0.00374</Y>
          <Y t="20">0.00423</Y>
          <Y t="21">0.00475</Y>
          <Y t="22">0.00522</Y>
          <Y t="23">0.00572</Y>
          <Y t="24">0.00627</Y>
          <Y t="25">0.00689</Y>
        </Axis>
      </Axis>
      <Axis t="46">
        <Axis>
          <Y t="1">0.00022</Y>
          <Y t="2">0.00027</Y>
          <Y t="3">0.00047</Y>
          <Y t="4">0.00068</Y>
          <Y t="5">0.00078</Y>
          <Y t="6">0.00086</Y>
          <Y t="7">0.00095</Y>
          <Y t="8">0.00109</Y>
          <Y t="9">0.00125</Y>
          <Y t="10">0.00142</Y>
          <Y t="11">0.00161</Y>
          <Y t="12">0.00185</Y>
          <Y t="13">0.00215</Y>
          <Y t="14">0.00241</Y>
          <Y t="15">0.00265</Y>
          <Y t="16">0.00294</Y>
          <Y t="17">0.00328</Y>
          <Y t="18">0.00366</Y>
          <Y t="19">0.00412</Y>
          <Y t="20">0.00464</Y>
          <Y t="21">0.00522</Y>
          <Y t="22">0.00572</Y>
          <Y t="23">0.00627</Y>
          <Y t="24">0.00689</Y>
          <Y t="25">0.00761</Y>
        </Axis>
      </Axis>
      <Axis t="47">
        <Axis>
          <Y t="1">0.00024</Y>
          <Y t="2">0.00028</Y>
          <Y t="3">0.00054</Y>
          <Y t="4">0.00073</Y>
          <Y t="5">0.00084</Y>
          <Y t="6">0.00094</Y>
          <Y t="7">0.00104</Y>
          <Y t="8">0.00119</Y>
          <Y t="9">0.00135</Y>
          <Y t="10">0.00153</Y>
          <Y t="11">0.00175</Y>
          <Y t="12">0.00205</Y>
          <Y t="13">0.00237</Y>
          <Y t="14">0.00265</Y>
          <Y t="15">0.00293</Y>
          <Y t="16">0.00326</Y>
          <Y t="17">0.00363</Y>
          <Y t="18">0.00405</Y>
          <Y t="19">0.00453</Y>
          <Y t="20">0.00509</Y>
          <Y t="21">0.00572</Y>
          <Y t="22">0.00627</Y>
          <Y t="23">0.00689</Y>
          <Y t="24">0.00761</Y>
          <Y t="25">0.00847</Y>
        </Axis>
      </Axis>
      <Axis t="48">
        <Axis>
          <Y t="1">0.00025</Y>
          <Y t="2">0.0003</Y>
          <Y t="3">0.00064</Y>
          <Y t="4">0.0008</Y>
          <Y t="5">0.00093</Y>
          <Y t="6">0.00102</Y>
          <Y t="7">0.00114</Y>
          <Y t="8">0.0013</Y>
          <Y t="9">0.00146</Y>
          <Y t="10">0.00166</Y>
          <Y t="11">0.00192</Y>
          <Y t="12">0.00226</Y>
          <Y t="13">0.00263</Y>
          <Y t="14">0.00293</Y>
          <Y t="15">0.00324</Y>
          <Y t="16">0.0036</Y>
          <Y t="17">0.00402</Y>
          <Y t="18">0.00447</Y>
          <Y t="19">0.005</Y>
          <Y t="20">0.00559</Y>
          <Y t="21">0.00627</Y>
          <Y t="22">0.00689</Y>
          <Y t="23">0.00761</Y>
          <Y t="24">0.00847</Y>
          <Y t="25">0.00948</Y>
        </Axis>
      </Axis>
      <Axis t="49">
        <Axis>
          <Y t="1">0.00026</Y>
          <Y t="2">0.00036</Y>
          <Y t="3">0.00075</Y>
          <Y t="4">0.0009</Y>
          <Y t="5">0.00102</Y>
          <Y t="6">0.00113</Y>
          <Y t="7">0.00126</Y>
          <Y t="8">0.00142</Y>
          <Y t="9">0.00158</Y>
          <Y t="10">0.00181</Y>
          <Y t="11">0.00211</Y>
          <Y t="12">0.00248</Y>
          <Y t="13">0.00288</Y>
          <Y t="14">0.00321</Y>
          <Y t="15">0.00353</Y>
          <Y t="16">0.00394</Y>
          <Y t="17">0.00441</Y>
          <Y t="18">0.00491</Y>
          <Y t="19">0.00547</Y>
          <Y t="20">0.00612</Y>
          <Y t="21">0.00689</Y>
          <Y t="22">0.00761</Y>
          <Y t="23">0.00847</Y>
          <Y t="24">0.00948</Y>
          <Y t="25">0.01066</Y>
        </Axis>
      </Axis>
      <Axis t="50">
        <Axis>
          <Y t="1">0.00027</Y>
          <Y t="2">0.00046</Y>
          <Y t="3">0.00087</Y>
          <Y t="4">0.00101</Y>
          <Y t="5">0.00112</Y>
          <Y t="6">0.00124</Y>
          <Y t="7">0.0014</Y>
          <Y t="8">0.00154</Y>
          <Y t="9">0.00172</Y>
          <Y t="10">0.00198</Y>
          <Y t="11">0.00231</Y>
          <Y t="12">0.0027</Y>
          <Y t="13">0.0031</Y>
          <Y t="14">0.00345</Y>
          <Y t="15">0.00382</Y>
          <Y t="16">0.0043</Y>
          <Y t="17">0.00482</Y>
          <Y t="18">0.00534</Y>
          <Y t="19">0.00596</Y>
          <Y t="20">0.00671</Y>
          <Y t="21">0.00761</Y>
          <Y t="22">0.00847</Y>
          <Y t="23">0.00948</Y>
          <Y t="24">0.01066</Y>
          <Y t="25">0.01204</Y>
        </Axis>
      </Axis>
      <Axis t="51">
        <Axis>
          <Y t="1">0.00028</Y>
          <Y t="2">0.0006</Y>
          <Y t="3">0.00098</Y>
          <Y t="4">0.00111</Y>
          <Y t="5">0.00124</Y>
          <Y t="6">0.00138</Y>
          <Y t="7">0.00152</Y>
          <Y t="8">0.00168</Y>
          <Y t="9">0.00189</Y>
          <Y t="10">0.00218</Y>
          <Y t="11">0.00254</Y>
          <Y t="12">0.00292</Y>
          <Y t="13">0.00332</Y>
          <Y t="14">0.0037</Y>
          <Y t="15">0.00414</Y>
          <Y t="16">0.00468</Y>
          <Y t="17">0.00524</Y>
          <Y t="18">0.00581</Y>
          <Y t="19">0.00649</Y>
          <Y t="20">0.00737</Y>
          <Y t="21">0.00847</Y>
          <Y t="22">0.00948</Y>
          <Y t="23">0.01066</Y>
          <Y t="24">0.01204</Y>
          <Y t="25">0.01363</Y>
        </Axis>
      </Axis>
      <Axis t="52">
        <Axis>
          <Y t="1">0.00028</Y>
          <Y t="2">0.00074</Y>
          <Y t="3">0.00106</Y>
          <Y t="4">0.00119</Y>
          <Y t="5">0.00134</Y>
          <Y t="6">0.00149</Y>
          <Y t="7">0.00165</Y>
          <Y t="8">0.00184</Y>
          <Y t="9">0.00209</Y>
          <Y t="10">0.00242</Y>
          <Y t="11">0.00279</Y>
          <Y t="12">0.00316</Y>
          <Y t="13">0.00356</Y>
          <Y t="14">0.00399</Y>
          <Y t="15">0.0045</Y>
          <Y t="16">0.00511</Y>
          <Y t="17">0.00567</Y>
          <Y t="18">0.00629</Y>
          <Y t="19">0.00712</Y>
          <Y t="20">0.00821</Y>
          <Y t="21">0.00948</Y>
          <Y t="22">0.01066</Y>
          <Y t="23">0.01204</Y>
          <Y t="24">0.01363</Y>
          <Y t="25">0.01544</Y>
        </Axis>
      </Axis>
      <Axis t="53">
        <Axis>
          <Y t="1">0.00029</Y>
          <Y t="2">0.00083</Y>
          <Y t="3">0.0011</Y>
          <Y t="4">0.00129</Y>
          <Y t="5">0.00146</Y>
          <Y t="6">0.00163</Y>
          <Y t="7">0.00182</Y>
          <Y t="8">0.00204</Y>
          <Y t="9">0.00233</Y>
          <Y t="10">0.00269</Y>
          <Y t="11">0.00306</Y>
          <Y t="12">0.00341</Y>
          <Y t="13">0.00382</Y>
          <Y t="14">0.00431</Y>
          <Y t="15">0.00491</Y>
          <Y t="16">0.00556</Y>
          <Y t="17">0.00623</Y>
          <Y t="18">0.00703</Y>
          <Y t="19">0.00801</Y>
          <Y t="20">0.00919</Y>
          <Y t="21">0.01066</Y>
          <Y t="22">0.01204</Y>
          <Y t="23">0.01363</Y>
          <Y t="24">0.01544</Y>
          <Y t="25">0.01756</Y>
        </Axis>
      </Axis>
      <Axis t="54">
        <Axis>
          <Y t="1">0.0003</Y>
          <Y t="2">0.00085</Y>
          <Y t="3">0.00115</Y>
          <Y t="4">0.00136</Y>
          <Y t="5">0.00159</Y>
          <Y t="6">0.0018</Y>
          <Y t="7">0.00202</Y>
          <Y t="8">0.00228</Y>
          <Y t="9">0.00261</Y>
          <Y t="10">0.00298</Y>
          <Y t="11">0.00334</Y>
          <Y t="12">0.00369</Y>
          <Y t="13">0.00414</Y>
          <Y t="14">0.00472</Y>
          <Y t="15">0.00541</Y>
          <Y t="16">0.00616</Y>
          <Y t="17">0.00695</Y>
          <Y t="18">0.00791</Y>
          <Y t="19">0.00905</Y>
          <Y t="20">0.01041</Y>
          <Y t="21">0.01204</Y>
          <Y t="22">0.01363</Y>
          <Y t="23">0.01544</Y>
          <Y t="24">0.01756</Y>
          <Y t="25">0.02001</Y>
        </Axis>
      </Axis>
      <Axis t="55">
        <Axis>
          <Y t="1">0.00031</Y>
          <Y t="2">0.00086</Y>
          <Y t="3">0.00118</Y>
          <Y t="4">0.00141</Y>
          <Y t="5">0.00175</Y>
          <Y t="6">0.00199</Y>
          <Y t="7">0.00226</Y>
          <Y t="8">0.00255</Y>
          <Y t="9">0.00291</Y>
          <Y t="10">0.00328</Y>
          <Y t="11">0.00362</Y>
          <Y t="12">0.00398</Y>
          <Y t="13">0.00451</Y>
          <Y t="14">0.0052</Y>
          <Y t="15">0.006</Y>
          <Y t="16">0.00688</Y>
          <Y t="17">0.00781</Y>
          <Y t="18">0.00891</Y>
          <Y t="19">0.01032</Y>
          <Y t="20">0.01204</Y>
          <Y t="21">0.01363</Y>
          <Y t="22">0.01544</Y>
          <Y t="23">0.01756</Y>
          <Y t="24">0.02001</Y>
          <Y t="25">0.02295</Y>
        </Axis>
      </Axis>
      <Axis t="56">
        <Axis>
          <Y t="1">0.00032</Y>
          <Y t="2">0.00087</Y>
          <Y t="3">0.0012</Y>
          <Y t="4">0.0015</Y>
          <Y t="5">0.00195</Y>
          <Y t="6">0.00224</Y>
          <Y t="7">0.00254</Y>
          <Y t="8">0.00285</Y>
          <Y t="9">0.00321</Y>
          <Y t="10">0.00356</Y>
          <Y t="11">0.00389</Y>
          <Y t="12">0.00431</Y>
          <Y t="13">0.00495</Y>
          <Y t="14">0.00577</Y>
          <Y t="15">0.0067</Y>
          <Y t="16">0.00775</Y>
          <Y t="17">0.00889</Y>
          <Y t="18">0.01018</Y>
          <Y t="19">0.01175</Y>
          <Y t="20">0.01363</Y>
          <Y t="21">0.01544</Y>
          <Y t="22">0.01756</Y>
          <Y t="23">0.02001</Y>
          <Y t="24">0.02295</Y>
          <Y t="25">0.02651</Y>
        </Axis>
      </Axis>
      <Axis t="57">
        <Axis>
          <Y t="1">0.00033</Y>
          <Y t="2">0.00089</Y>
          <Y t="3">0.00121</Y>
          <Y t="4">0.00163</Y>
          <Y t="5">0.0022</Y>
          <Y t="6">0.00253</Y>
          <Y t="7">0.00285</Y>
          <Y t="8">0.00316</Y>
          <Y t="9">0.0035</Y>
          <Y t="10">0.00381</Y>
          <Y t="11">0.00415</Y>
          <Y t="12">0.00466</Y>
          <Y t="13">0.00544</Y>
          <Y t="14">0.0064</Y>
          <Y t="15">0.0075</Y>
          <Y t="16">0.00873</Y>
          <Y t="17">0.01004</Y>
          <Y t="18">0.01152</Y>
          <Y t="19">0.0133</Y>
          <Y t="20">0.01544</Y>
          <Y t="21">0.01756</Y>
          <Y t="22">0.02001</Y>
          <Y t="23">0.02295</Y>
          <Y t="24">0.02651</Y>
          <Y t="25">0.03063</Y>
        </Axis>
      </Axis>
      <Axis t="58">
        <Axis>
          <Y t="1">0.00034</Y>
          <Y t="2">0.00091</Y>
          <Y t="3">0.00125</Y>
          <Y t="4">0.00184</Y>
          <Y t="5">0.00248</Y>
          <Y t="6">0.00283</Y>
          <Y t="7">0.00315</Y>
          <Y t="8">0.00344</Y>
          <Y t="9">0.00373</Y>
          <Y t="10">0.00404</Y>
          <Y t="11">0.00444</Y>
          <Y t="12">0.00509</Y>
          <Y t="13">0.00605</Y>
          <Y t="14">0.00718</Y>
          <Y t="15">0.00847</Y>
          <Y t="16">0.00989</Y>
          <Y t="17">0.0114</Y>
          <Y t="18">0.01307</Y>
          <Y t="19">0.01511</Y>
          <Y t="20">0.01756</Y>
          <Y t="21">0.02001</Y>
          <Y t="22">0.02295</Y>
          <Y t="23">0.02651</Y>
          <Y t="24">0.03063</Y>
          <Y t="25">0.0347</Y>
        </Axis>
      </Axis>
      <Axis t="59">
        <Axis>
          <Y t="1">0.00037</Y>
          <Y t="2">0.00094</Y>
          <Y t="3">0.00132</Y>
          <Y t="4">0.00212</Y>
          <Y t="5">0.0028</Y>
          <Y t="6">0.00314</Y>
          <Y t="7">0.00343</Y>
          <Y t="8">0.00367</Y>
          <Y t="9">0.00395</Y>
          <Y t="10">0.00429</Y>
          <Y t="11">0.00482</Y>
          <Y t="12">0.00566</Y>
          <Y t="13">0.00683</Y>
          <Y t="14">0.00816</Y>
          <Y t="15">0.00964</Y>
          <Y t="16">0.01127</Y>
          <Y t="17">0.01302</Y>
          <Y t="18">0.01492</Y>
          <Y t="19">0.01724</Y>
          <Y t="20">0.02001</Y>
          <Y t="21">0.02295</Y>
          <Y t="22">0.02651</Y>
          <Y t="23">0.03063</Y>
          <Y t="24">0.0347</Y>
          <Y t="25">0.03915</Y>
        </Axis>
      </Axis>
      <Axis t="60">
        <Axis>
          <Y t="1">0.00042</Y>
          <Y t="2">0.00097</Y>
          <Y t="3">0.00151</Y>
          <Y t="4">0.00241</Y>
          <Y t="5">0.00311</Y>
          <Y t="6">0.00342</Y>
          <Y t="7">0.00365</Y>
          <Y t="8">0.00387</Y>
          <Y t="9">0.00416</Y>
          <Y t="10">0.00461</Y>
          <Y t="11">0.00532</Y>
          <Y t="12">0.0064</Y>
          <Y t="13">0.00779</Y>
          <Y t="14">0.0093</Y>
          <Y t="15">0.01102</Y>
          <Y t="16">0.01286</Y>
          <Y t="17">0.01481</Y>
          <Y t="18">0.01687</Y>
          <Y t="19">0.01966</Y>
          <Y t="20">0.02295</Y>
          <Y t="21">0.02651</Y>
          <Y t="22">0.03063</Y>
          <Y t="23">0.0347</Y>
          <Y t="24">0.03915</Y>
          <Y t="25">0.0445</Y>
        </Axis>
      </Axis>
      <Axis t="61">
        <Axis>
          <Y t="1">0.0005</Y>
          <Y t="2">0.00101</Y>
          <Y t="3">0.00178</Y>
          <Y t="4">0.00266</Y>
          <Y t="5">0.00338</Y>
          <Y t="6">0.00363</Y>
          <Y t="7">0.00383</Y>
          <Y t="8">0.00407</Y>
          <Y t="9">0.00445</Y>
          <Y t="10">0.00506</Y>
          <Y t="11">0.00601</Y>
          <Y t="12">0.00735</Y>
          <Y t="13">0.00896</Y>
          <Y t="14">0.01072</Y>
          <Y t="15">0.01261</Y>
          <Y t="16">0.01467</Y>
          <Y t="17">0.01684</Y>
          <Y t="18">0.01936</Y>
          <Y t="19">0.02266</Y>
          <Y t="20">0.02651</Y>
          <Y t="21">0.03063</Y>
          <Y t="22">0.0347</Y>
          <Y t="23">0.03915</Y>
          <Y t="24">0.0445</Y>
          <Y t="25">0.0527</Y>
        </Axis>
      </Axis>
      <Axis t="62">
        <Axis>
          <Y t="1">0.0006</Y>
          <Y t="2">0.00113</Y>
          <Y t="3">0.00211</Y>
          <Y t="4">0.00283</Y>
          <Y t="5">0.00358</Y>
          <Y t="6">0.00379</Y>
          <Y t="7">0.004</Y>
          <Y t="8">0.00432</Y>
          <Y t="9">0.00485</Y>
          <Y t="10">0.00569</Y>
          <Y t="11">0.00691</Y>
          <Y t="12">0.00851</Y>
          <Y t="13">0.01031</Y>
          <Y t="14">0.01222</Y>
          <Y t="15">0.01431</Y>
          <Y t="16">0.01662</Y>
          <Y t="17">0.01926</Y>
          <Y t="18">0.02262</Y>
          <Y t="19">0.02651</Y>
          <Y t="20">0.03063</Y>
          <Y t="21">0.0347</Y>
          <Y t="22">0.03915</Y>
          <Y t="23">0.0445</Y>
          <Y t="24">0.0527</Y>
          <Y t="25">0.05999</Y>
        </Axis>
      </Axis>
      <Axis t="63">
        <Axis>
          <Y t="1">0.00072</Y>
          <Y t="2">0.00129</Y>
          <Y t="3">0.00247</Y>
          <Y t="4">0.00314</Y>
          <Y t="5">0.00372</Y>
          <Y t="6">0.00398</Y>
          <Y t="7">0.00428</Y>
          <Y t="8">0.00478</Y>
          <Y t="9">0.00549</Y>
          <Y t="10">0.00656</Y>
          <Y t="11">0.00806</Y>
          <Y t="12">0.00989</Y>
          <Y t="13">0.01187</Y>
          <Y t="14">0.01398</Y>
          <Y t="15">0.01632</Y>
          <Y t="16">0.01898</Y>
          <Y t="17">0.02239</Y>
          <Y t="18">0.02602</Y>
          <Y t="19">0.03063</Y>
          <Y t="20">0.0347</Y>
          <Y t="21">0.03915</Y>
          <Y t="22">0.0445</Y>
          <Y t="23">0.0527</Y>
          <Y t="24">0.05999</Y>
          <Y t="25">0.06816</Y>
        </Axis>
      </Axis>
      <Axis t="64">
        <Axis>
          <Y t="1">0.00083</Y>
          <Y t="2">0.0016</Y>
          <Y t="3">0.00277</Y>
          <Y t="4">0.00335</Y>
          <Y t="5">0.00381</Y>
          <Y t="6">0.00421</Y>
          <Y t="7">0.00478</Y>
          <Y t="8">0.00546</Y>
          <Y t="9">0.0063</Y>
          <Y t="10">0.00766</Y>
          <Y t="11">0.00939</Y>
          <Y t="12">0.01136</Y>
          <Y t="13">0.01347</Y>
          <Y t="14">0.01578</Y>
          <Y t="15">0.01844</Y>
          <Y t="16">0.02203</Y>
          <Y t="17">0.02593</Y>
          <Y t="18">0.03063</Y>
          <Y t="19">0.0347</Y>
          <Y t="20">0.03915</Y>
          <Y t="21">0.0445</Y>
          <Y t="22">0.0527</Y>
          <Y t="23">0.05999</Y>
          <Y t="24">0.06816</Y>
          <Y t="25">0.07776</Y>
        </Axis>
      </Axis>
      <Axis t="65">
        <Axis>
          <Y t="1">0.00092</Y>
          <Y t="2">0.00197</Y>
          <Y t="3">0.00301</Y>
          <Y t="4">0.00349</Y>
          <Y t="5">0.004</Y>
          <Y t="6">0.00468</Y>
          <Y t="7">0.00542</Y>
          <Y t="8">0.0062</Y>
          <Y t="9">0.00734</Y>
          <Y t="10">0.00902</Y>
          <Y t="11">0.01095</Y>
          <Y t="12">0.01301</Y>
          <Y t="13">0.0153</Y>
          <Y t="14">0.01779</Y>
          <Y t="15">0.02091</Y>
          <Y t="16">0.02532</Y>
          <Y t="17">0.02985</Y>
          <Y t="18">0.0347</Y>
          <Y t="19">0.03915</Y>
          <Y t="20">0.0445</Y>
          <Y t="21">0.0527</Y>
          <Y t="22">0.05999</Y>
          <Y t="23">0.06816</Y>
          <Y t="24">0.07776</Y>
          <Y t="25">0.08843</Y>
        </Axis>
      </Axis>
      <Axis t="66">
        <Axis>
          <Y t="1">0.00102</Y>
          <Y t="2">0.00208</Y>
          <Y t="3">0.00318</Y>
          <Y t="4">0.0036</Y>
          <Y t="5">0.00423</Y>
          <Y t="6">0.00518</Y>
          <Y t="7">0.00609</Y>
          <Y t="8">0.00714</Y>
          <Y t="9">0.00861</Y>
          <Y t="10">0.01062</Y>
          <Y t="11">0.0127</Y>
          <Y t="12">0.01482</Y>
          <Y t="13">0.01731</Y>
          <Y t="14">0.02046</Y>
          <Y t="15">0.02408</Y>
          <Y t="16">0.02889</Y>
          <Y t="17">0.0347</Y>
          <Y t="18">0.03915</Y>
          <Y t="19">0.0445</Y>
          <Y t="20">0.0527</Y>
          <Y t="21">0.05999</Y>
          <Y t="22">0.06816</Y>
          <Y t="23">0.07776</Y>
          <Y t="24">0.08843</Y>
          <Y t="25">0.10015</Y>
        </Axis>
      </Axis>
      <Axis t="67">
        <Axis>
          <Y t="1">0.00113</Y>
          <Y t="2">0.00217</Y>
          <Y t="3">0.00332</Y>
          <Y t="4">0.00373</Y>
          <Y t="5">0.00459</Y>
          <Y t="6">0.00577</Y>
          <Y t="7">0.00692</Y>
          <Y t="8">0.00827</Y>
          <Y t="9">0.01009</Y>
          <Y t="10">0.01242</Y>
          <Y t="11">0.01473</Y>
          <Y t="12">0.01717</Y>
          <Y t="13">0.01962</Y>
          <Y t="14">0.02304</Y>
          <Y t="15">0.02705</Y>
          <Y t="16">0.03266</Y>
          <Y t="17">0.03915</Y>
          <Y t="18">0.0445</Y>
          <Y t="19">0.0527</Y>
          <Y t="20">0.05999</Y>
          <Y t="21">0.06816</Y>
          <Y t="22">0.07776</Y>
          <Y t="23">0.08843</Y>
          <Y t="24">0.10015</Y>
          <Y t="25">0.11265</Y>
        </Axis>
      </Axis>
      <Axis t="68">
        <Axis>
          <Y t="1">0.00126</Y>
          <Y t="2">0.00225</Y>
          <Y t="3">0.00344</Y>
          <Y t="4">0.004</Y>
          <Y t="5">0.0051</Y>
          <Y t="6">0.00649</Y>
          <Y t="7">0.0079</Y>
          <Y t="8">0.00958</Y>
          <Y t="9">0.01177</Y>
          <Y t="10">0.01447</Y>
          <Y t="11">0.01703</Y>
          <Y t="12">0.01951</Y>
          <Y t="13">0.02292</Y>
          <Y t="14">0.02683</Y>
          <Y t="15">0.03048</Y>
          <Y t="16">0.03729</Y>
          <Y t="17">0.0445</Y>
          <Y t="18">0.0527</Y>
          <Y t="19">0.05999</Y>
          <Y t="20">0.06816</Y>
          <Y t="21">0.07776</Y>
          <Y t="22">0.08843</Y>
          <Y t="23">0.10015</Y>
          <Y t="24">0.11265</Y>
          <Y t="25">0.12626</Y>
        </Axis>
      </Axis>
      <Axis t="69">
        <Axis>
          <Y t="1">0.00139</Y>
          <Y t="2">0.00234</Y>
          <Y t="3">0.00358</Y>
          <Y t="4">0.00441</Y>
          <Y t="5">0.00573</Y>
          <Y t="6">0.00733</Y>
          <Y t="7">0.009</Y>
          <Y t="8">0.01102</Y>
          <Y t="9">0.01364</Y>
          <Y t="10">0.01675</Y>
          <Y t="11">0.0194</Y>
          <Y t="12">0.0228</Y>
          <Y t="13">0.02661</Y>
          <Y t="14">0.03043</Y>
          <Y t="15">0.03643</Y>
          <Y t="16">0.04425</Y>
          <Y t="17">0.0527</Y>
          <Y t="18">0.05999</Y>
          <Y t="19">0.06816</Y>
          <Y t="20">0.07776</Y>
          <Y t="21">0.08843</Y>
          <Y t="22">0.10015</Y>
          <Y t="23">0.11265</Y>
          <Y t="24">0.12626</Y>
          <Y t="25">0.14096</Y>
        </Axis>
      </Axis>
      <Axis t="70">
        <Axis>
          <Y t="1">0.00155</Y>
          <Y t="2">0.00245</Y>
          <Y t="3">0.00375</Y>
          <Y t="4">0.00483</Y>
          <Y t="5">0.00649</Y>
          <Y t="6">0.00825</Y>
          <Y t="7">0.01017</Y>
          <Y t="8">0.01259</Y>
          <Y t="9">0.01572</Y>
          <Y t="10">0.01929</Y>
          <Y t="11">0.02268</Y>
          <Y t="12">0.02638</Y>
          <Y t="13">0.03042</Y>
          <Y t="14">0.0361</Y>
          <Y t="15">0.044</Y>
          <Y t="16">0.0527</Y>
          <Y t="17">0.05999</Y>
          <Y t="18">0.06816</Y>
          <Y t="19">0.07776</Y>
          <Y t="20">0.08843</Y>
          <Y t="21">0.10015</Y>
          <Y t="22">0.11265</Y>
          <Y t="23">0.12626</Y>
          <Y t="24">0.14096</Y>
          <Y t="25">0.1558</Y>
        </Axis>
      </Axis>
      <Axis t="71">
        <Axis>
          <Y t="1">0.00171</Y>
          <Y t="2">0.0026</Y>
          <Y t="3">0.00397</Y>
          <Y t="4">0.00539</Y>
          <Y t="5">0.00733</Y>
          <Y t="6">0.00923</Y>
          <Y t="7">0.01143</Y>
          <Y t="8">0.01431</Y>
          <Y t="9">0.01801</Y>
          <Y t="10">0.02209</Y>
          <Y t="11">0.02616</Y>
          <Y t="12">0.03006</Y>
          <Y t="13">0.0356</Y>
          <Y t="14">0.04266</Y>
          <Y t="15">0.05146</Y>
          <Y t="16">0.05999</Y>
          <Y t="17">0.06816</Y>
          <Y t="18">0.07776</Y>
          <Y t="19">0.08843</Y>
          <Y t="20">0.10015</Y>
          <Y t="21">0.11265</Y>
          <Y t="22">0.12626</Y>
          <Y t="23">0.14096</Y>
          <Y t="24">0.1558</Y>
          <Y t="25">0.17179</Y>
        </Axis>
      </Axis>
      <Axis t="72">
        <Axis>
          <Y t="1">0.0019</Y>
          <Y t="2">0.00278</Y>
          <Y t="3">0.00425</Y>
          <Y t="4">0.00616</Y>
          <Y t="5">0.00821</Y>
          <Y t="6">0.01024</Y>
          <Y t="7">0.01277</Y>
          <Y t="8">0.01619</Y>
          <Y t="9">0.02055</Y>
          <Y t="10">0.02537</Y>
          <Y t="11">0.02986</Y>
          <Y t="12">0.03408</Y>
          <Y t="13">0.04072</Y>
          <Y t="14">0.04932</Y>
          <Y t="15">0.05903</Y>
          <Y t="16">0.06816</Y>
          <Y t="17">0.07776</Y>
          <Y t="18">0.08843</Y>
          <Y t="19">0.10015</Y>
          <Y t="20">0.11265</Y>
          <Y t="21">0.12626</Y>
          <Y t="22">0.14096</Y>
          <Y t="23">0.1558</Y>
          <Y t="24">0.17179</Y>
          <Y t="25">0.19155</Y>
        </Axis>
      </Axis>
      <Axis t="73">
        <Axis>
          <Y t="1">0.00211</Y>
          <Y t="2">0.00302</Y>
          <Y t="3">0.00462</Y>
          <Y t="4">0.00699</Y>
          <Y t="5">0.00912</Y>
          <Y t="6">0.0113</Y>
          <Y t="7">0.01421</Y>
          <Y t="8">0.01824</Y>
          <Y t="9">0.02349</Y>
          <Y t="10">0.02896</Y>
          <Y t="11">0.03383</Y>
          <Y t="12">0.0395</Y>
          <Y t="13">0.04753</Y>
          <Y t="14">0.05743</Y>
          <Y t="15">0.06816</Y>
          <Y t="16">0.07776</Y>
          <Y t="17">0.08843</Y>
          <Y t="18">0.10015</Y>
          <Y t="19">0.11265</Y>
          <Y t="20">0.12626</Y>
          <Y t="21">0.14096</Y>
          <Y t="22">0.1558</Y>
          <Y t="23">0.17179</Y>
          <Y t="24">0.19155</Y>
          <Y t="25">0.21329</Y>
        </Axis>
      </Axis>
      <Axis t="74">
        <Axis>
          <Y t="1">0.00242</Y>
          <Y t="2">0.00332</Y>
          <Y t="3">0.0051</Y>
          <Y t="4">0.00788</Y>
          <Y t="5">0.01008</Y>
          <Y t="6">0.01244</Y>
          <Y t="7">0.01579</Y>
          <Y t="8">0.02066</Y>
          <Y t="9">0.02679</Y>
          <Y t="10">0.03292</Y>
          <Y t="11">0.03825</Y>
          <Y t="12">0.04505</Y>
          <Y t="13">0.05431</Y>
          <Y t="14">0.06572</Y>
          <Y t="15">0.07776</Y>
          <Y t="16">0.08843</Y>
          <Y t="17">0.10015</Y>
          <Y t="18">0.11265</Y>
          <Y t="19">0.12626</Y>
          <Y t="20">0.14096</Y>
          <Y t="21">0.1558</Y>
          <Y t="22">0.17179</Y>
          <Y t="23">0.19155</Y>
          <Y t="24">0.21329</Y>
          <Y t="25">0.23702</Y>
        </Axis>
      </Axis>
      <Axis t="75">
        <Axis>
          <Y t="1">0.00279</Y>
          <Y t="2">0.00365</Y>
          <Y t="3">0.00572</Y>
          <Y t="4">0.00884</Y>
          <Y t="5">0.01108</Y>
          <Y t="6">0.01367</Y>
          <Y t="7">0.01766</Y>
          <Y t="8">0.02341</Y>
          <Y t="9">0.03049</Y>
          <Y t="10">0.03737</Y>
          <Y t="11">0.04312</Y>
          <Y t="12">0.05127</Y>
          <Y t="13">0.06195</Y>
          <Y t="14">0.07533</Y>
          <Y t="15">0.08843</Y>
          <Y t="16">0.10015</Y>
          <Y t="17">0.11265</Y>
          <Y t="18">0.12626</Y>
          <Y t="19">0.14096</Y>
          <Y t="20">0.1558</Y>
          <Y t="21">0.17179</Y>
          <Y t="22">0.19155</Y>
          <Y t="23">0.21329</Y>
          <Y t="24">0.23702</Y>
          <Y t="25">0.26244</Y>
        </Axis>
      </Axis>
      <Axis t="76">
        <Axis>
          <Y t="1">0.00321</Y>
          <Y t="2">0.00409</Y>
          <Y t="3">0.00649</Y>
          <Y t="4">0.00987</Y>
          <Y t="5">0.01215</Y>
          <Y t="6">0.01513</Y>
          <Y t="7">0.01981</Y>
          <Y t="8">0.02653</Y>
          <Y t="9">0.03474</Y>
          <Y t="10">0.04237</Y>
          <Y t="11">0.04986</Y>
          <Y t="12">0.05991</Y>
          <Y t="13">0.07239</Y>
          <Y t="14">0.08645</Y>
          <Y t="15">0.10015</Y>
          <Y t="16">0.11265</Y>
          <Y t="17">0.12626</Y>
          <Y t="18">0.14096</Y>
          <Y t="19">0.1558</Y>
          <Y t="20">0.17179</Y>
          <Y t="21">0.19155</Y>
          <Y t="22">0.21329</Y>
          <Y t="23">0.23702</Y>
          <Y t="24">0.26244</Y>
          <Y t="25">0.28919</Y>
        </Axis>
      </Axis>
      <Axis t="77">
        <Axis>
          <Y t="1">0.00362</Y>
          <Y t="2">0.00458</Y>
          <Y t="3">0.00742</Y>
          <Y t="4">0.01096</Y>
          <Y t="5">0.0134</Y>
          <Y t="6">0.01681</Y>
          <Y t="7">0.02228</Y>
          <Y t="8">0.0302</Y>
          <Y t="9">0.03962</Y>
          <Y t="10">0.04797</Y>
          <Y t="11">0.05836</Y>
          <Y t="12">0.07026</Y>
          <Y t="13">0.0844</Y>
          <Y t="14">0.10015</Y>
          <Y t="15">0.11265</Y>
          <Y t="16">0.12626</Y>
          <Y t="17">0.14096</Y>
          <Y t="18">0.1558</Y>
          <Y t="19">0.17179</Y>
          <Y t="20">0.19155</Y>
          <Y t="21">0.21329</Y>
          <Y t="22">0.23702</Y>
          <Y t="23">0.26244</Y>
          <Y t="24">0.28919</Y>
          <Y t="25">0.3133</Y>
        </Axis>
      </Axis>
      <Axis t="78">
        <Axis>
          <Y t="1">0.00409</Y>
          <Y t="2">0.00522</Y>
          <Y t="3">0.00852</Y>
          <Y t="4">0.01221</Y>
          <Y t="5">0.0148</Y>
          <Y t="6">0.01873</Y>
          <Y t="7">0.02523</Y>
          <Y t="8">0.03454</Y>
          <Y t="9">0.04528</Y>
          <Y t="10">0.05521</Y>
          <Y t="11">0.06728</Y>
          <Y t="12">0.08152</Y>
          <Y t="13">0.09862</Y>
          <Y t="14">0.11265</Y>
          <Y t="15">0.12626</Y>
          <Y t="16">0.14096</Y>
          <Y t="17">0.1558</Y>
          <Y t="18">0.17179</Y>
          <Y t="19">0.19155</Y>
          <Y t="20">0.21329</Y>
          <Y t="21">0.23702</Y>
          <Y t="22">0.26244</Y>
          <Y t="23">0.28919</Y>
          <Y t="24">0.3133</Y>
          <Y t="25">0.33747</Y>
        </Axis>
      </Axis>
      <Axis t="79">
        <Axis>
          <Y t="1">0.00457</Y>
          <Y t="2">0.00598</Y>
          <Y t="3">0.00988</Y>
          <Y t="4">0.01357</Y>
          <Y t="5">0.01637</Y>
          <Y t="6">0.02105</Y>
          <Y t="7">0.0288</Y>
          <Y t="8">0.03974</Y>
          <Y t="9">0.05181</Y>
          <Y t="10">0.06471</Y>
          <Y t="11">0.07961</Y>
          <Y t="12">0.09694</Y>
          <Y t="13">0.11265</Y>
          <Y t="14">0.12626</Y>
          <Y t="15">0.14096</Y>
          <Y t="16">0.1558</Y>
          <Y t="17">0.17179</Y>
          <Y t="18">0.19155</Y>
          <Y t="19">0.21329</Y>
          <Y t="20">0.23702</Y>
          <Y t="21">0.26244</Y>
          <Y t="22">0.28919</Y>
          <Y t="23">0.3133</Y>
          <Y t="24">0.33747</Y>
          <Y t="25">0.36133</Y>
        </Axis>
      </Axis>
      <Axis t="80">
        <Axis>
          <Y t="1">0.00473</Y>
          <Y t="2">0.00693</Y>
          <Y t="3">0.01145</Y>
          <Y t="4">0.01504</Y>
          <Y t="5">0.01822</Y>
          <Y t="6">0.02386</Y>
          <Y t="7">0.03319</Y>
          <Y t="8">0.04597</Y>
          <Y t="9">0.06075</Y>
          <Y t="10">0.07678</Y>
          <Y t="11">0.09434</Y>
          <Y t="12">0.11265</Y>
          <Y t="13">0.12626</Y>
          <Y t="14">0.14096</Y>
          <Y t="15">0.1558</Y>
          <Y t="16">0.17179</Y>
          <Y t="17">0.19155</Y>
          <Y t="18">0.21329</Y>
          <Y t="19">0.23702</Y>
          <Y t="20">0.26244</Y>
          <Y t="21">0.28919</Y>
          <Y t="22">0.3133</Y>
          <Y t="23">0.33747</Y>
          <Y t="24">0.36133</Y>
          <Y t="25">0.3845</Y>
        </Axis>
      </Axis>
      <Axis t="81">
        <Axis>
          <Y t="1">0.00513</Y>
          <Y t="2">0.00802</Y>
          <Y t="3">0.01319</Y>
          <Y t="4">0.01666</Y>
          <Y t="5">0.0204</Y>
          <Y t="6">0.02763</Y>
          <Y t="7">0.03861</Y>
          <Y t="8">0.05363</Y>
          <Y t="9">0.07029</Y>
          <Y t="10">0.08862</Y>
          <Y t="11">0.10976</Y>
          <Y t="12">0.12626</Y>
          <Y t="13">0.14096</Y>
          <Y t="14">0.1558</Y>
          <Y t="15">0.17179</Y>
          <Y t="16">0.19155</Y>
          <Y t="17">0.21329</Y>
          <Y t="18">0.23702</Y>
          <Y t="19">0.26244</Y>
          <Y t="20">0.28919</Y>
          <Y t="21">0.3133</Y>
          <Y t="22">0.33747</Y>
          <Y t="23">0.36133</Y>
          <Y t="24">0.3845</Y>
          <Y t="25">0.4066</Y>
        </Axis>
      </Axis>
      <Axis t="82">
        <Axis>
          <Y t="1">0.00564</Y>
          <Y t="2">0.00928</Y>
          <Y t="3">0.01512</Y>
          <Y t="4">0.01845</Y>
          <Y t="5">0.02424</Y>
          <Y t="6">0.03279</Y>
          <Y t="7">0.04548</Y>
          <Y t="8">0.0633</Y>
          <Y t="9">0.08396</Y>
          <Y t="10">0.10659</Y>
          <Y t="11">0.12626</Y>
          <Y t="12">0.14096</Y>
          <Y t="13">0.1558</Y>
          <Y t="14">0.17179</Y>
          <Y t="15">0.19155</Y>
          <Y t="16">0.21329</Y>
          <Y t="17">0.23702</Y>
          <Y t="18">0.26244</Y>
          <Y t="19">0.28919</Y>
          <Y t="20">0.3133</Y>
          <Y t="21">0.33747</Y>
          <Y t="22">0.36133</Y>
          <Y t="23">0.3845</Y>
          <Y t="24">0.4066</Y>
          <Y t="25">0.42726</Y>
        </Axis>
      </Axis>
      <Axis t="83">
        <Axis>
          <Y t="1">0.0065</Y>
          <Y t="2">0.01074</Y>
          <Y t="3">0.0175</Y>
          <Y t="4">0.02229</Y>
          <Y t="5">0.02877</Y>
          <Y t="6">0.03895</Y>
          <Y t="7">0.05518</Y>
          <Y t="8">0.07802</Y>
          <Y t="9">0.10377</Y>
          <Y t="10">0.12626</Y>
          <Y t="11">0.14096</Y>
          <Y t="12">0.1558</Y>
          <Y t="13">0.17179</Y>
          <Y t="14">0.19155</Y>
          <Y t="15">0.21329</Y>
          <Y t="16">0.23702</Y>
          <Y t="17">0.26244</Y>
          <Y t="18">0.28919</Y>
          <Y t="19">0.3133</Y>
          <Y t="20">0.33747</Y>
          <Y t="21">0.36133</Y>
          <Y t="22">0.3845</Y>
          <Y t="23">0.4066</Y>
          <Y t="24">0.42726</Y>
          <Y t="25">0.44611</Y>
        </Axis>
      </Axis>
      <Axis t="84">
        <Axis>
          <Y t="1">0.00771</Y>
          <Y t="2">0.01244</Y>
          <Y t="3">0.02027</Y>
          <Y t="4">0.02691</Y>
          <Y t="5">0.03476</Y>
          <Y t="6">0.04737</Y>
          <Y t="7">0.07116</Y>
          <Y t="8">0.0997</Y>
          <Y t="9">0.12626</Y>
          <Y t="10">0.14096</Y>
          <Y t="11">0.1558</Y>
          <Y t="12">0.17179</Y>
          <Y t="13">0.19155</Y>
          <Y t="14">0.21329</Y>
          <Y t="15">0.23702</Y>
          <Y t="16">0.26244</Y>
          <Y t="17">0.28919</Y>
          <Y t="18">0.3133</Y>
          <Y t="19">0.33747</Y>
          <Y t="20">0.36133</Y>
          <Y t="21">0.3845</Y>
          <Y t="22">0.4066</Y>
          <Y t="23">0.42726</Y>
          <Y t="24">0.44611</Y>
          <Y t="25">0.46277</Y>
        </Axis>
      </Axis>
      <Axis t="85">
        <Axis>
          <Y t="1">0.00878</Y>
          <Y t="2">0.01463</Y>
          <Y t="3">0.02446</Y>
          <Y t="4">0.03251</Y>
          <Y t="5">0.04199</Y>
          <Y t="6">0.05998</Y>
          <Y t="7">0.09078</Y>
          <Y t="8">0.11894</Y>
          <Y t="9">0.14096</Y>
          <Y t="10">0.1558</Y>
          <Y t="11">0.17179</Y>
          <Y t="12">0.19155</Y>
          <Y t="13">0.21329</Y>
          <Y t="14">0.23702</Y>
          <Y t="15">0.26244</Y>
          <Y t="16">0.28919</Y>
          <Y t="17">0.3133</Y>
          <Y t="18">0.33747</Y>
          <Y t="19">0.36133</Y>
          <Y t="20">0.3845</Y>
          <Y t="21">0.4066</Y>
          <Y t="22">0.42726</Y>
          <Y t="23">0.44611</Y>
          <Y t="24">0.46277</Y>
          <Y t="25">0.47686</Y>
        </Axis>
      </Axis>
      <Axis t="86">
        <Axis>
          <Y t="1">0.00972</Y>
          <Y t="2">0.01766</Y>
          <Y t="3">0.02955</Y>
          <Y t="4">0.03928</Y>
          <Y t="5">0.05285</Y>
          <Y t="6">0.08266</Y>
          <Y t="7">0.11204</Y>
          <Y t="8">0.14096</Y>
          <Y t="9">0.1558</Y>
          <Y t="10">0.17179</Y>
          <Y t="11">0.19155</Y>
          <Y t="12">0.21329</Y>
          <Y t="13">0.23702</Y>
          <Y t="14">0.26244</Y>
          <Y t="15">0.28919</Y>
          <Y t="16">0.3133</Y>
          <Y t="17">0.33747</Y>
          <Y t="18">0.36133</Y>
          <Y t="19">0.3845</Y>
          <Y t="20">0.4066</Y>
          <Y t="21">0.42726</Y>
          <Y t="22">0.44611</Y>
          <Y t="23">0.46277</Y>
          <Y t="24">0.47686</Y>
          <Y t="25">0.488</Y>
        </Axis>
      </Axis>
      <Axis t="87">
        <Axis>
          <Y t="1">0.01076</Y>
          <Y t="2">0.02133</Y>
          <Y t="3">0.03571</Y>
          <Y t="4">0.04745</Y>
          <Y t="5">0.07109</Y>
          <Y t="6">0.1083</Y>
          <Y t="7">0.14096</Y>
          <Y t="8">0.1558</Y>
          <Y t="9">0.17179</Y>
          <Y t="10">0.19155</Y>
          <Y t="11">0.21329</Y>
          <Y t="12">0.23702</Y>
          <Y t="13">0.26244</Y>
          <Y t="14">0.28919</Y>
          <Y t="15">0.3133</Y>
          <Y t="16">0.33747</Y>
          <Y t="17">0.36133</Y>
          <Y t="18">0.3845</Y>
          <Y t="19">0.4066</Y>
          <Y t="20">0.42726</Y>
          <Y t="21">0.44611</Y>
          <Y t="22">0.46277</Y>
          <Y t="23">0.47686</Y>
          <Y t="24">0.488</Y>
          <Y t="25">0.49583</Y>
        </Axis>
      </Axis>
      <Axis t="88">
        <Axis>
          <Y t="1">0.01191</Y>
          <Y t="2">0.02578</Y>
          <Y t="3">0.04314</Y>
          <Y t="4">0.06225</Y>
          <Y t="5">0.09982</Y>
          <Y t="6">0.14096</Y>
          <Y t="7">0.1558</Y>
          <Y t="8">0.17179</Y>
          <Y t="9">0.19155</Y>
          <Y t="10">0.21329</Y>
          <Y t="11">0.23702</Y>
          <Y t="12">0.26244</Y>
          <Y t="13">0.28919</Y>
          <Y t="14">0.3133</Y>
          <Y t="15">0.33747</Y>
          <Y t="16">0.36133</Y>
          <Y t="17">0.3845</Y>
          <Y t="18">0.4066</Y>
          <Y t="19">0.42726</Y>
          <Y t="20">0.44611</Y>
          <Y t="21">0.46277</Y>
          <Y t="22">0.47686</Y>
          <Y t="23">0.488</Y>
          <Y t="24">0.49583</Y>
          <Y t="25">0.5</Y>
        </Axis>
      </Axis>
      <Axis t="89">
        <Axis>
          <Y t="1">0.01319</Y>
          <Y t="2">0.03062</Y>
          <Y t="3">0.05206</Y>
          <Y t="4">0.08293</Y>
          <Y t="5">0.13065</Y>
          <Y t="6">0.1558</Y>
          <Y t="7">0.17179</Y>
          <Y t="8">0.19155</Y>
          <Y t="9">0.21329</Y>
          <Y t="10">0.23702</Y>
          <Y t="11">0.26244</Y>
          <Y t="12">0.28919</Y>
          <Y t="13">0.3133</Y>
          <Y t="14">0.33747</Y>
          <Y t="15">0.36133</Y>
          <Y t="16">0.3845</Y>
          <Y t="17">0.4066</Y>
          <Y t="18">0.42726</Y>
          <Y t="19">0.44611</Y>
          <Y t="20">0.46277</Y>
          <Y t="21">0.47686</Y>
          <Y t="22">0.488</Y>
          <Y t="23">0.49583</Y>
          <Y t="24">0.5</Y>
          <Y t="25">0.5</Y>
        </Axis>
      </Axis>
      <Axis t="90">
        <Axis>
          <Y t="1">0.01461</Y>
          <Y t="2">0.03634</Y>
          <Y t="3">0.06855</Y>
          <Y t="4">0.1145</Y>
          <Y t="5">0.1558</Y>
          <Y t="6">0.17179</Y>
          <Y t="7">0.19155</Y>
          <Y t="8">0.21329</Y>
          <Y t="9">0.23702</Y>
          <Y t="10">0.26244</Y>
          <Y t="11">0.28919</Y>
          <Y t="12">0.3133</Y>
          <Y t="13">0.33747</Y>
          <Y t="14">0.36133</Y>
          <Y t="15">0.3845</Y>
          <Y t="16">0.4066</Y>
          <Y t="17">0.42726</Y>
          <Y t="18">0.44611</Y>
          <Y t="19">0.46277</Y>
          <Y t="20">0.47686</Y>
          <Y t="21">0.488</Y>
          <Y t="22">0.49583</Y>
          <Y t="23">0.5</Y>
          <Y t="24">0.5</Y>
          <Y t="25">0.5</Y>
        </Axis>
      </Axis>
      <Axis t="91">
        <Axis>
          <Y t="1">0.01869</Y>
          <Y t="2">0.04791</Y>
          <Y t="3">0.10572</Y>
          <Y t="4">0.1558</Y>
          <Y t="5">0.17179</Y>
          <Y t="6">0.19155</Y>
          <Y t="7">0.21329</Y>
          <Y t="8">0.23702</Y>
          <Y t="9">0.26244</Y>
          <Y t="10">0.28919</Y>
          <Y t="11">0.3133</Y>
          <Y t="12">0.33747</Y>
          <Y t="13">0.36133</Y>
          <Y t="14">0.3845</Y>
          <Y t="15">0.4066</Y>
          <Y t="16">0.42726</Y>
          <Y t="17">0.44611</Y>
          <Y t="18">0.46277</Y>
          <Y t="19">0.47686</Y>
          <Y t="20">0.488</Y>
          <Y t="21">0.49583</Y>
          <Y t="22">0.5</Y>
          <Y t="23">0.5</Y>
          <Y t="24">0.5</Y>
          <Y t="25">0.5</Y>
        </Axis>
      </Axis>
      <Axis t="92">
        <Axis>
          <Y t="1">0.02726</Y>
          <Y t="2">0.07372</Y>
          <Y t="3">0.1558</Y>
          <Y t="4">0.17179</Y>
          <Y t="5">0.19155</Y>
          <Y t="6">0.21329</Y>
          <Y t="7">0.23702</Y>
          <Y t="8">0.26244</Y>
          <Y t="9">0.28919</Y>
          <Y t="10">0.3133</Y>
          <Y t="11">0.33747</Y>
          <Y t="12">0.36133</Y>
          <Y t="13">0.3845</Y>
          <Y t="14">0.4066</Y>
          <Y t="15">0.42726</Y>
          <Y t="16">0.44611</Y>
          <Y t="17">0.46277</Y>
          <Y t="18">0.47686</Y>
          <Y t="19">0.488</Y>
          <Y t="20">0.49583</Y>
          <Y t="21">0.5</Y>
          <Y t="22">0.5</Y>
          <Y t="23">0.5</Y>
          <Y t="24">0.5</Y>
          <Y t="25">0.5</Y>
        </Axis>
      </Axis>
      <Axis t="93">
        <Axis>
          <Y t="1">0.04172</Y>
          <Y t="2">0.10952</Y>
          <Y t="3">0.17179</Y>
          <Y t="4">0.19155</Y>
          <Y t="5">0.21329</Y>
          <Y t="6">0.23702</Y>
          <Y t="7">0.26244</Y>
          <Y t="8">0.28919</Y>
          <Y t="9">0.3133</Y>
          <Y t="10">0.33747</Y>
          <Y t="11">0.36133</Y>
          <Y t="12">0.3845</Y>
          <Y t="13">0.4066</Y>
          <Y t="14">0.42726</Y>
          <Y t="15">0.44611</Y>
          <Y t="16">0.46277</Y>
          <Y t="17">0.47686</Y>
          <Y t="18">0.488</Y>
          <Y t="19">0.49583</Y>
          <Y t="20">0.5</Y>
          <Y t="21">0.5</Y>
          <Y t="22">0.5</Y>
          <Y t="23">0.5</Y>
          <Y t="24">0.5</Y>
          <Y t="25">0.5</Y>
        </Axis>
      </Axis>
      <Axis t="94">
        <Axis>
          <Y t="1">0.06325</Y>
          <Y t="2">0.13279</Y>
          <Y t="3">0.19155</Y>
          <Y t="4">0.21329</Y>
          <Y t="5">0.23702</Y>
          <Y t="6">0.26244</Y>
          <Y t="7">0.28919</Y>
          <Y t="8">0.3133</Y>
          <Y t="9">0.33747</Y>
          <Y t="10">0.36133</Y>
          <Y t="11">0.3845</Y>
          <Y t="12">0.4066</Y>
          <Y t="13">0.42726</Y>
          <Y t="14">0.44611</Y>
          <Y t="15">0.46277</Y>
          <Y t="16">0.47686</Y>
          <Y t="17">0.488</Y>
          <Y t="18">0.49583</Y>
          <Y t="19">0.5</Y>
          <Y t="20">0.5</Y>
          <Y t="21">0.5</Y>
          <Y t="22">0.5</Y>
          <Y t="23">0.5</Y>
          <Y t="24">0.5</Y>
          <Y t="25">0.5</Y>
        </Axis>
      </Axis>
      <Axis t="95">
        <Axis>
          <Y t="1">0.09379</Y>
          <Y t="2">0.19155</Y>
          <Y t="3">0.21329</Y>
          <Y t="4">0.23702</Y>
          <Y t="5">0.26244</Y>
          <Y t="6">0.28919</Y>
          <Y t="7">0.3133</Y>
          <Y t="8">0.33747</Y>
          <Y t="9">0.36133</Y>
          <Y t="10">0.3845</Y>
          <Y t="11">0.4066</Y>
          <Y t="12">0.42726</Y>
          <Y t="13">0.44611</Y>
          <Y t="14">0.46277</Y>
          <Y t="15">0.47686</Y>
          <Y t="16">0.488</Y>
          <Y t="17">0.49583</Y>
          <Y t="18">0.5</Y>
          <Y t="19">0.5</Y>
          <Y t="20">0.5</Y>
          <Y t="21">0.5</Y>
          <Y t="22">0.5</Y>
          <Y t="23">0.5</Y>
          <Y t="24">0.5</Y>
          <Y t="25">0.5</Y>
        </Axis>
      </Axis>
    </Values>
  </Table>
  <Table>
    <MetaData>
      <ScalingFactor>0</ScalingFactor>
      <DataType tc="2">Floating Point</DataType>
      <Nation tc="1">United States of America</Nation>
      <TableDescription>2017 Unloaded CSO Smoker Distinct Nonsmoker, Female, Select and Ultimate Table. Basis: Age Nearest Birthday. Minimum Ultimate Age: 18. Maximum Ultimate Age: 120.</TableDescription>
      <AxisDef id="Age">
        <ScaleType tc="3">Age</ScaleType>
        <AxisName>Age</AxisName>
        <MinScaleValue>18</MinScaleValue>
        <MaxScaleValue>120</MaxScaleValue>
        <Increment>1</Increment>
      </AxisDef>
    </MetaData>
    <Values>
      <Axis>
        <Y t="18">0.00027</Y>
        <Y t="19">0.00027</Y>
        <Y t="20">0.00027</Y>
        <Y t="21">0.00027</Y>
        <Y t="22">0.00027</Y>
        <Y t="23">0.00027</Y>
        <Y t="24">0.00027</Y>
        <Y t="25">0.00027</Y>
        <Y t="26">0.00027</Y>
        <Y t="27">0.00028</Y>
        <Y t="28">0.0003</Y>
        <Y t="29">0.00032</Y>
        <Y t="30">0.00034</Y>
        <Y t="31">0.00036</Y>
        <Y t="32">0.0004</Y>
        <Y t="33">0.00045</Y>
        <Y t="34">0.00051</Y>
        <Y t="35">0.00058</Y>
        <Y t="36">0.00066</Y>
        <Y t="37">0.00074</Y>
        <Y t="38">0.00081</Y>
        <Y t="39">0.00084</Y>
        <Y t="40">0.00085</Y>
        <Y t="41">0.00086</Y>
        <Y t="42">0.00086</Y>
        <Y t="43">0.00086</Y>
        <Y t="44">0.00087</Y>
        <Y t="45">0.00087</Y>
        <Y t="46">0.00091</Y>
        <Y t="47">0.00095</Y>
        <Y t="48">0.001</Y>
        <Y t="49">0.00107</Y>
        <Y t="50">0.00115</Y>
        <Y t="51">0.00126</Y>
        <Y t="52">0.0014</Y>
        <Y t="53">0.00158</Y>
        <Y t="54">0.00177</Y>
        <Y t="55">0.00197</Y>
        <Y t="56">0.00217</Y>
        <Y t="57">0.00236</Y>
        <Y t="58">0.00255</Y>
        <Y t="59">0.00275</Y>
        <Y t="60">0.00298</Y>
        <Y t="61">0.00325</Y>
        <Y t="62">0.00357</Y>
        <Y t="63">0.00392</Y>
        <Y t="64">0.00432</Y>
        <Y t="65">0.00475</Y>
        <Y t="66">0.00522</Y>
        <Y t="67">0.00572</Y>
        <Y t="68">0.00627</Y>
        <Y t="69">0.00689</Y>
        <Y t="70">0.00761</Y>
        <Y t="71">0.00847</Y>
        <Y t="72">0.00948</Y>
        <Y t="73">0.01066</Y>
        <Y t="74">0.01204</Y>
        <Y t="75">0.01363</Y>
        <Y t="76">0.01544</Y>
        <Y t="77">0.01756</Y>
        <Y t="78">0.02001</Y>
        <Y t="79">0.02295</Y>
        <Y t="80">0.02651</Y>
        <Y t="81">0.03063</Y>
        <Y t="82">0.0347</Y>
        <Y t="83">0.03915</Y>
        <Y t="84">0.0445</Y>
        <Y t="85">0.0527</Y>
        <Y t="86">0.05999</Y>
        <Y t="87">0.06816</Y>
        <Y t="88">0.07776</Y>
        <Y t="89">0.08843</Y>
        <Y t="90">0.10015</Y>
        <Y t="91">0.11265</Y>
        <Y t="92">0.12626</Y>
        <Y t="93">0.14096</Y>
        <Y t="94">0.1558</Y>
        <Y t="95">0.17179</Y>
        <Y t="96">0.19155</Y>
        <Y t="97">0.21329</Y>
        <Y t="98">0.23702</Y>
        <Y t="99">0.26244</Y>
        <Y t="100">0.28919</Y>
        <Y t="101">0.3133</Y>
        <Y t="102">0.33747</Y>
        <Y t="103">0.36133</Y>
        <Y t="104">0.3845</Y>
        <Y t="105">0.4066</Y>
        <Y t="106">0.42726</Y>
        <Y t="107">0.44611</Y>
        <Y t="108">0.46277</Y>
        <Y t="109">0.47686</Y>
        <Y t="110">0.488</Y>
        <Y t="111">0.49583</Y>
        <Y t="112">0.5</Y>
        <Y t="113">0.5</Y>
        <Y t="114">0.5</Y>
        <Y t="115">0.5</Y>
        <Y t="116">0.5</Y>
        <Y t="117">0.5</Y>
        <Y t="118">0.5</Y>
        <Y t="119">0.5</Y>
        <Y t="120">0.5</Y>
      </Axis>
    </Values>
  </Table>
</XTbML>