﻿<?xml version="1.0" encoding="utf-8"?>
<XTbML>
  <ContentClassification>
    <TableIdentity>3365</TableIdentity>
    <ProviderDomain>soa.org</ProviderDomain>
    <ProviderName>American Academy of Actuaries along with the Society of Actuaries</ProviderName>
    <TableReference>Joint American Academy of Actuaries' Life Experience Committee and Society of Actuaries Preferred Mortality Oversight Group CSO Development Subgroup, "Report on the 2017 CSO  and on the 2017 CSO Preferred Structure Table Development", American Academy of Actuaries, (2015). Accessed: April, 2016 from https://www.soa.org/Research/Experience-Study/Ind-Life/Valuation/2017-cso-tables.aspx</TableReference>
    <ContentType tc="85">CSO / CET</ContentType>
    <TableName>2017 Unloaded CSO Smoker Distinct Nonsmoker Male ANB </TableName>
    <TableDescription>2017 Unloaded CSO Smoker Distinct Nonsmoker, Male, Age Nearest Birthday. Minimum Age: 18. Maximum Age: 95.</TableDescription>
    <Comments>The 2017 Commissioners Standard Ordinary Tables (CSO) are a series of mortality tables developed for regulatory uses including CRVM, net premium reserves and non-forfeiture determination. The tables were based on life insurance mortality experience from 2002 to 2009, projected with improvement to 2017.  The tables include a margin to cover the variation of individual company’s mortality around the industry mean. Table uploaded: 02/2016. Select rates at ages 0-17 for certain durations and ultimate rates at ages 18-27, 29, 30, 32 and 37 were modified 09/2016. Data verified: 07/2018.</Comments>
    <KeyWord>Select</KeyWord>
    <KeyWord>CSO/CET</KeyWord>
    <KeyWord>United States of America</KeyWord>
  </ContentClassification>
  <Table>
    <MetaData>
      <ScalingFactor>0</ScalingFactor>
      <DataType tc="2">Floating Point</DataType>
      <Nation tc="1">United States of America</Nation>
      <TableDescription>2017 Unloaded CSO Smoker Distinct Nonsmoker, Male, Select and Ultimate Table. Basis: Age Nearest Birthday. Minimum Select Age: 18. Maximum Select Age: 95.</TableDescription>
      <AxisDef id="Age">
        <ScaleType tc="3">Age</ScaleType>
        <AxisName>Age</AxisName>
        <MinScaleValue>18</MinScaleValue>
        <MaxScaleValue>95</MaxScaleValue>
        <Increment>1</Increment>
      </AxisDef>
      <AxisDef id="Duration">
        <ScaleType tc="2">Ordinal Date</ScaleType>
        <AxisName>Duration</AxisName>
        <MinScaleValue>1</MinScaleValue>
        <MaxScaleValue>25</MaxScaleValue>
        <Increment>1</Increment>
      </AxisDef>
    </MetaData>
    <Values>
      <Axis t="18">
        <Axis>
          <Y t="1">0.00067</Y>
          <Y t="2">0.0007</Y>
          <Y t="3">0.00072</Y>
          <Y t="4">0.00075</Y>
          <Y t="5">0.00073</Y>
          <Y t="6">0.0007</Y>
          <Y t="7">0.0007</Y>
          <Y t="8">0.0007</Y>
          <Y t="9">0.00059</Y>
          <Y t="10">0.00057</Y>
          <Y t="11">0.00051</Y>
          <Y t="12">0.00047</Y>
          <Y t="13">0.00045</Y>
          <Y t="14">0.00047</Y>
          <Y t="15">0.00049</Y>
          <Y t="16">0.00055</Y>
          <Y t="17">0.00064</Y>
          <Y t="18">0.00074</Y>
          <Y t="19">0.00086</Y>
          <Y t="20">0.00098</Y>
          <Y t="21">0.00107</Y>
          <Y t="22">0.00113</Y>
          <Y t="23">0.00118</Y>
          <Y t="24">0.00125</Y>
          <Y t="25">0.00133</Y>
        </Axis>
      </Axis>
      <Axis t="19">
        <Axis>
          <Y t="1">0.00062</Y>
          <Y t="2">0.00065</Y>
          <Y t="3">0.00067</Y>
          <Y t="4">0.00063</Y>
          <Y t="5">0.00063</Y>
          <Y t="6">0.00064</Y>
          <Y t="7">0.00064</Y>
          <Y t="8">0.00059</Y>
          <Y t="9">0.00051</Y>
          <Y t="10">0.00045</Y>
          <Y t="11">0.00047</Y>
          <Y t="12">0.00045</Y>
          <Y t="13">0.00044</Y>
          <Y t="14">0.00048</Y>
          <Y t="15">0.00053</Y>
          <Y t="16">0.00057</Y>
          <Y t="17">0.00066</Y>
          <Y t="18">0.00077</Y>
          <Y t="19">0.00089</Y>
          <Y t="20">0.001</Y>
          <Y t="21">0.0011</Y>
          <Y t="22">0.00116</Y>
          <Y t="23">0.00123</Y>
          <Y t="24">0.00131</Y>
          <Y t="25">0.00139</Y>
        </Axis>
      </Axis>
      <Axis t="20">
        <Axis>
          <Y t="1">0.00054</Y>
          <Y t="2">0.00055</Y>
          <Y t="3">0.00062</Y>
          <Y t="4">0.0006</Y>
          <Y t="5">0.00057</Y>
          <Y t="6">0.00056</Y>
          <Y t="7">0.00054</Y>
          <Y t="8">0.0005</Y>
          <Y t="9">0.00045</Y>
          <Y t="10">0.00045</Y>
          <Y t="11">0.00044</Y>
          <Y t="12">0.00044</Y>
          <Y t="13">0.00045</Y>
          <Y t="14">0.00049</Y>
          <Y t="15">0.00055</Y>
          <Y t="16">0.00059</Y>
          <Y t="17">0.00068</Y>
          <Y t="18">0.00079</Y>
          <Y t="19">0.00091</Y>
          <Y t="20">0.00103</Y>
          <Y t="21">0.00113</Y>
          <Y t="22">0.00119</Y>
          <Y t="23">0.00125</Y>
          <Y t="24">0.00133</Y>
          <Y t="25">0.00143</Y>
        </Axis>
      </Axis>
      <Axis t="21">
        <Axis>
          <Y t="1">0.00045</Y>
          <Y t="2">0.00056</Y>
          <Y t="3">0.0005</Y>
          <Y t="4">0.00047</Y>
          <Y t="5">0.00046</Y>
          <Y t="6">0.00046</Y>
          <Y t="7">0.00045</Y>
          <Y t="8">0.00042</Y>
          <Y t="9">0.00039</Y>
          <Y t="10">0.00042</Y>
          <Y t="11">0.00042</Y>
          <Y t="12">0.00044</Y>
          <Y t="13">0.00046</Y>
          <Y t="14">0.00051</Y>
          <Y t="15">0.00056</Y>
          <Y t="16">0.00062</Y>
          <Y t="17">0.0007</Y>
          <Y t="18">0.00081</Y>
          <Y t="19">0.00093</Y>
          <Y t="20">0.00106</Y>
          <Y t="21">0.00114</Y>
          <Y t="22">0.0012</Y>
          <Y t="23">0.00127</Y>
          <Y t="24">0.00136</Y>
          <Y t="25">0.00148</Y>
        </Axis>
      </Axis>
      <Axis t="22">
        <Axis>
          <Y t="1">0.00044</Y>
          <Y t="2">0.00046</Y>
          <Y t="3">0.00041</Y>
          <Y t="4">0.00039</Y>
          <Y t="5">0.00038</Y>
          <Y t="6">0.00038</Y>
          <Y t="7">0.00037</Y>
          <Y t="8">0.00036</Y>
          <Y t="9">0.00036</Y>
          <Y t="10">0.0004</Y>
          <Y t="11">0.00042</Y>
          <Y t="12">0.00044</Y>
          <Y t="13">0.00047</Y>
          <Y t="14">0.00053</Y>
          <Y t="15">0.00059</Y>
          <Y t="16">0.00064</Y>
          <Y t="17">0.00072</Y>
          <Y t="18">0.00084</Y>
          <Y t="19">0.00097</Y>
          <Y t="20">0.00108</Y>
          <Y t="21">0.00114</Y>
          <Y t="22">0.0012</Y>
          <Y t="23">0.00127</Y>
          <Y t="24">0.00138</Y>
          <Y t="25">0.00152</Y>
        </Axis>
      </Axis>
      <Axis t="23">
        <Axis>
          <Y t="1">0.00037</Y>
          <Y t="2">0.00039</Y>
          <Y t="3">0.00035</Y>
          <Y t="4">0.00033</Y>
          <Y t="5">0.00032</Y>
          <Y t="6">0.00032</Y>
          <Y t="7">0.00032</Y>
          <Y t="8">0.00033</Y>
          <Y t="9">0.00034</Y>
          <Y t="10">0.00039</Y>
          <Y t="11">0.00042</Y>
          <Y t="12">0.00046</Y>
          <Y t="13">0.00049</Y>
          <Y t="14">0.00056</Y>
          <Y t="15">0.00062</Y>
          <Y t="16">0.00066</Y>
          <Y t="17">0.00075</Y>
          <Y t="18">0.00088</Y>
          <Y t="19">0.001</Y>
          <Y t="20">0.00109</Y>
          <Y t="21">0.00115</Y>
          <Y t="22">0.0012</Y>
          <Y t="23">0.00127</Y>
          <Y t="24">0.0014</Y>
          <Y t="25">0.00156</Y>
        </Axis>
      </Axis>
      <Axis t="24">
        <Axis>
          <Y t="1">0.00031</Y>
          <Y t="2">0.00032</Y>
          <Y t="3">0.00029</Y>
          <Y t="4">0.00028</Y>
          <Y t="5">0.00028</Y>
          <Y t="6">0.00028</Y>
          <Y t="7">0.00029</Y>
          <Y t="8">0.00031</Y>
          <Y t="9">0.00033</Y>
          <Y t="10">0.00039</Y>
          <Y t="11">0.00043</Y>
          <Y t="12">0.00047</Y>
          <Y t="13">0.00052</Y>
          <Y t="14">0.00059</Y>
          <Y t="15">0.00064</Y>
          <Y t="16">0.00069</Y>
          <Y t="17">0.0008</Y>
          <Y t="18">0.00092</Y>
          <Y t="19">0.00103</Y>
          <Y t="20">0.00109</Y>
          <Y t="21">0.00116</Y>
          <Y t="22">0.00121</Y>
          <Y t="23">0.00128</Y>
          <Y t="24">0.00144</Y>
          <Y t="25">0.00161</Y>
        </Axis>
      </Axis>
      <Axis t="25">
        <Axis>
          <Y t="1">0.00027</Y>
          <Y t="2">0.00028</Y>
          <Y t="3">0.00025</Y>
          <Y t="4">0.00025</Y>
          <Y t="5">0.00025</Y>
          <Y t="6">0.00025</Y>
          <Y t="7">0.00028</Y>
          <Y t="8">0.00031</Y>
          <Y t="9">0.00034</Y>
          <Y t="10">0.0004</Y>
          <Y t="11">0.00044</Y>
          <Y t="12">0.0005</Y>
          <Y t="13">0.00055</Y>
          <Y t="14">0.00061</Y>
          <Y t="15">0.00067</Y>
          <Y t="16">0.00074</Y>
          <Y t="17">0.00085</Y>
          <Y t="18">0.00097</Y>
          <Y t="19">0.00105</Y>
          <Y t="20">0.0011</Y>
          <Y t="21">0.00116</Y>
          <Y t="22">0.00121</Y>
          <Y t="23">0.00135</Y>
          <Y t="24">0.00152</Y>
          <Y t="25">0.0017</Y>
        </Axis>
      </Axis>
      <Axis t="26">
        <Axis>
          <Y t="1">0.00023</Y>
          <Y t="2">0.00025</Y>
          <Y t="3">0.00023</Y>
          <Y t="4">0.00024</Y>
          <Y t="5">0.00024</Y>
          <Y t="6">0.00025</Y>
          <Y t="7">0.00028</Y>
          <Y t="8">0.00032</Y>
          <Y t="9">0.00035</Y>
          <Y t="10">0.00042</Y>
          <Y t="11">0.00048</Y>
          <Y t="12">0.00054</Y>
          <Y t="13">0.00058</Y>
          <Y t="14">0.00065</Y>
          <Y t="15">0.00072</Y>
          <Y t="16">0.00079</Y>
          <Y t="17">0.00092</Y>
          <Y t="18">0.00102</Y>
          <Y t="19">0.00108</Y>
          <Y t="20">0.0011</Y>
          <Y t="21">0.00117</Y>
          <Y t="22">0.00129</Y>
          <Y t="23">0.00145</Y>
          <Y t="24">0.00163</Y>
          <Y t="25">0.00183</Y>
        </Axis>
      </Axis>
      <Axis t="27">
        <Axis>
          <Y t="1">0.0002</Y>
          <Y t="2">0.00022</Y>
          <Y t="3">0.00022</Y>
          <Y t="4">0.00023</Y>
          <Y t="5">0.00024</Y>
          <Y t="6">0.00026</Y>
          <Y t="7">0.00029</Y>
          <Y t="8">0.00033</Y>
          <Y t="9">0.00036</Y>
          <Y t="10">0.00045</Y>
          <Y t="11">0.00052</Y>
          <Y t="12">0.00058</Y>
          <Y t="13">0.00063</Y>
          <Y t="14">0.0007</Y>
          <Y t="15">0.00078</Y>
          <Y t="16">0.00086</Y>
          <Y t="17">0.00097</Y>
          <Y t="18">0.00106</Y>
          <Y t="19">0.00109</Y>
          <Y t="20">0.00116</Y>
          <Y t="21">0.00125</Y>
          <Y t="22">0.00139</Y>
          <Y t="23">0.00157</Y>
          <Y t="24">0.00177</Y>
          <Y t="25">0.00198</Y>
        </Axis>
      </Axis>
      <Axis t="28">
        <Axis>
          <Y t="1">0.00018</Y>
          <Y t="2">0.0002</Y>
          <Y t="3">0.00021</Y>
          <Y t="4">0.00024</Y>
          <Y t="5">0.00026</Y>
          <Y t="6">0.00028</Y>
          <Y t="7">0.00031</Y>
          <Y t="8">0.00035</Y>
          <Y t="9">0.00039</Y>
          <Y t="10">0.00049</Y>
          <Y t="11">0.00056</Y>
          <Y t="12">0.00063</Y>
          <Y t="13">0.00068</Y>
          <Y t="14">0.00076</Y>
          <Y t="15">0.00085</Y>
          <Y t="16">0.00092</Y>
          <Y t="17">0.00103</Y>
          <Y t="18">0.00109</Y>
          <Y t="19">0.00115</Y>
          <Y t="20">0.00124</Y>
          <Y t="21">0.00136</Y>
          <Y t="22">0.00152</Y>
          <Y t="23">0.00172</Y>
          <Y t="24">0.00192</Y>
          <Y t="25">0.00216</Y>
        </Axis>
      </Axis>
      <Axis t="29">
        <Axis>
          <Y t="1">0.00016</Y>
          <Y t="2">0.00019</Y>
          <Y t="3">0.00021</Y>
          <Y t="4">0.00025</Y>
          <Y t="5">0.00027</Y>
          <Y t="6">0.0003</Y>
          <Y t="7">0.00033</Y>
          <Y t="8">0.00038</Y>
          <Y t="9">0.00043</Y>
          <Y t="10">0.00054</Y>
          <Y t="11">0.00061</Y>
          <Y t="12">0.00068</Y>
          <Y t="13">0.00073</Y>
          <Y t="14">0.00082</Y>
          <Y t="15">0.0009</Y>
          <Y t="16">0.00097</Y>
          <Y t="17">0.00106</Y>
          <Y t="18">0.00115</Y>
          <Y t="19">0.00123</Y>
          <Y t="20">0.00133</Y>
          <Y t="21">0.00148</Y>
          <Y t="22">0.00166</Y>
          <Y t="23">0.00187</Y>
          <Y t="24">0.0021</Y>
          <Y t="25">0.00236</Y>
        </Axis>
      </Axis>
      <Axis t="30">
        <Axis>
          <Y t="1">0.00016</Y>
          <Y t="2">0.00016</Y>
          <Y t="3">0.00021</Y>
          <Y t="4">0.00025</Y>
          <Y t="5">0.00027</Y>
          <Y t="6">0.0003</Y>
          <Y t="7">0.00034</Y>
          <Y t="8">0.00039</Y>
          <Y t="9">0.00044</Y>
          <Y t="10">0.00055</Y>
          <Y t="11">0.00062</Y>
          <Y t="12">0.00068</Y>
          <Y t="13">0.00073</Y>
          <Y t="14">0.00083</Y>
          <Y t="15">0.00091</Y>
          <Y t="16">0.00101</Y>
          <Y t="17">0.00113</Y>
          <Y t="18">0.00122</Y>
          <Y t="19">0.00131</Y>
          <Y t="20">0.00144</Y>
          <Y t="21">0.00161</Y>
          <Y t="22">0.00182</Y>
          <Y t="23">0.00204</Y>
          <Y t="24">0.0023</Y>
          <Y t="25">0.00258</Y>
        </Axis>
      </Axis>
      <Axis t="31">
        <Axis>
          <Y t="1">0.00013</Y>
          <Y t="2">0.00015</Y>
          <Y t="3">0.00022</Y>
          <Y t="4">0.00025</Y>
          <Y t="5">0.00028</Y>
          <Y t="6">0.0003</Y>
          <Y t="7">0.00034</Y>
          <Y t="8">0.0004</Y>
          <Y t="9">0.00048</Y>
          <Y t="10">0.00057</Y>
          <Y t="11">0.00064</Y>
          <Y t="12">0.00069</Y>
          <Y t="13">0.00076</Y>
          <Y t="14">0.00085</Y>
          <Y t="15">0.00094</Y>
          <Y t="16">0.00107</Y>
          <Y t="17">0.0012</Y>
          <Y t="18">0.0013</Y>
          <Y t="19">0.00141</Y>
          <Y t="20">0.00156</Y>
          <Y t="21">0.00175</Y>
          <Y t="22">0.00198</Y>
          <Y t="23">0.00223</Y>
          <Y t="24">0.00251</Y>
          <Y t="25">0.0028</Y>
        </Axis>
      </Axis>
      <Axis t="32">
        <Axis>
          <Y t="1">0.00013</Y>
          <Y t="2">0.00015</Y>
          <Y t="3">0.00022</Y>
          <Y t="4">0.00026</Y>
          <Y t="5">0.00029</Y>
          <Y t="6">0.00032</Y>
          <Y t="7">0.00037</Y>
          <Y t="8">0.00043</Y>
          <Y t="9">0.00053</Y>
          <Y t="10">0.00062</Y>
          <Y t="11">0.00068</Y>
          <Y t="12">0.00073</Y>
          <Y t="13">0.0008</Y>
          <Y t="14">0.00089</Y>
          <Y t="15">0.00101</Y>
          <Y t="16">0.00114</Y>
          <Y t="17">0.00127</Y>
          <Y t="18">0.00139</Y>
          <Y t="19">0.00152</Y>
          <Y t="20">0.00169</Y>
          <Y t="21">0.0019</Y>
          <Y t="22">0.00216</Y>
          <Y t="23">0.00243</Y>
          <Y t="24">0.00272</Y>
          <Y t="25">0.00301</Y>
        </Axis>
      </Axis>
      <Axis t="33">
        <Axis>
          <Y t="1">0.00014</Y>
          <Y t="2">0.00015</Y>
          <Y t="3">0.00024</Y>
          <Y t="4">0.00028</Y>
          <Y t="5">0.00031</Y>
          <Y t="6">0.00035</Y>
          <Y t="7">0.00041</Y>
          <Y t="8">0.00048</Y>
          <Y t="9">0.00058</Y>
          <Y t="10">0.00066</Y>
          <Y t="11">0.00072</Y>
          <Y t="12">0.00076</Y>
          <Y t="13">0.00084</Y>
          <Y t="14">0.00095</Y>
          <Y t="15">0.00108</Y>
          <Y t="16">0.00122</Y>
          <Y t="17">0.00135</Y>
          <Y t="18">0.00148</Y>
          <Y t="19">0.00163</Y>
          <Y t="20">0.00182</Y>
          <Y t="21">0.00207</Y>
          <Y t="22">0.00235</Y>
          <Y t="23">0.00265</Y>
          <Y t="24">0.00294</Y>
          <Y t="25">0.00321</Y>
        </Axis>
      </Axis>
      <Axis t="34">
        <Axis>
          <Y t="1">0.00014</Y>
          <Y t="2">0.00017</Y>
          <Y t="3">0.00026</Y>
          <Y t="4">0.00029</Y>
          <Y t="5">0.00033</Y>
          <Y t="6">0.00039</Y>
          <Y t="7">0.00045</Y>
          <Y t="8">0.00053</Y>
          <Y t="9">0.00063</Y>
          <Y t="10">0.0007</Y>
          <Y t="11">0.00075</Y>
          <Y t="12">0.00079</Y>
          <Y t="13">0.0009</Y>
          <Y t="14">0.00102</Y>
          <Y t="15">0.00115</Y>
          <Y t="16">0.0013</Y>
          <Y t="17">0.00144</Y>
          <Y t="18">0.00158</Y>
          <Y t="19">0.00175</Y>
          <Y t="20">0.00197</Y>
          <Y t="21">0.00225</Y>
          <Y t="22">0.00256</Y>
          <Y t="23">0.00287</Y>
          <Y t="24">0.00317</Y>
          <Y t="25">0.00343</Y>
        </Axis>
      </Axis>
      <Axis t="35">
        <Axis>
          <Y t="1">0.00015</Y>
          <Y t="2">0.00017</Y>
          <Y t="3">0.00027</Y>
          <Y t="4">0.00032</Y>
          <Y t="5">0.00037</Y>
          <Y t="6">0.00042</Y>
          <Y t="7">0.00047</Y>
          <Y t="8">0.00058</Y>
          <Y t="9">0.00067</Y>
          <Y t="10">0.00073</Y>
          <Y t="11">0.00078</Y>
          <Y t="12">0.00086</Y>
          <Y t="13">0.00097</Y>
          <Y t="14">0.0011</Y>
          <Y t="15">0.00124</Y>
          <Y t="16">0.00139</Y>
          <Y t="17">0.00154</Y>
          <Y t="18">0.0017</Y>
          <Y t="19">0.00189</Y>
          <Y t="20">0.00215</Y>
          <Y t="21">0.00246</Y>
          <Y t="22">0.00279</Y>
          <Y t="23">0.00312</Y>
          <Y t="24">0.00341</Y>
          <Y t="25">0.00367</Y>
        </Axis>
      </Axis>
      <Axis t="36">
        <Axis>
          <Y t="1">0.00015</Y>
          <Y t="2">0.00018</Y>
          <Y t="3">0.00029</Y>
          <Y t="4">0.00035</Y>
          <Y t="5">0.00041</Y>
          <Y t="6">0.00046</Y>
          <Y t="7">0.00053</Y>
          <Y t="8">0.00063</Y>
          <Y t="9">0.0007</Y>
          <Y t="10">0.00076</Y>
          <Y t="11">0.00084</Y>
          <Y t="12">0.00093</Y>
          <Y t="13">0.00106</Y>
          <Y t="14">0.00119</Y>
          <Y t="15">0.00133</Y>
          <Y t="16">0.00149</Y>
          <Y t="17">0.00165</Y>
          <Y t="18">0.00183</Y>
          <Y t="19">0.00206</Y>
          <Y t="20">0.00235</Y>
          <Y t="21">0.0027</Y>
          <Y t="22">0.00306</Y>
          <Y t="23">0.00338</Y>
          <Y t="24">0.00367</Y>
          <Y t="25">0.00399</Y>
        </Axis>
      </Axis>
      <Axis t="37">
        <Axis>
          <Y t="1">0.00015</Y>
          <Y t="2">0.0002</Y>
          <Y t="3">0.00032</Y>
          <Y t="4">0.00039</Y>
          <Y t="5">0.00045</Y>
          <Y t="6">0.0005</Y>
          <Y t="7">0.00059</Y>
          <Y t="8">0.00068</Y>
          <Y t="9">0.00074</Y>
          <Y t="10">0.00082</Y>
          <Y t="11">0.00092</Y>
          <Y t="12">0.00102</Y>
          <Y t="13">0.00115</Y>
          <Y t="14">0.00129</Y>
          <Y t="15">0.00144</Y>
          <Y t="16">0.0016</Y>
          <Y t="17">0.00178</Y>
          <Y t="18">0.00198</Y>
          <Y t="19">0.00225</Y>
          <Y t="20">0.0026</Y>
          <Y t="21">0.00298</Y>
          <Y t="22">0.00334</Y>
          <Y t="23">0.00367</Y>
          <Y t="24">0.00399</Y>
          <Y t="25">0.00438</Y>
        </Axis>
      </Axis>
      <Axis t="38">
        <Axis>
          <Y t="1">0.00015</Y>
          <Y t="2">0.00022</Y>
          <Y t="3">0.00035</Y>
          <Y t="4">0.00041</Y>
          <Y t="5">0.00048</Y>
          <Y t="6">0.00055</Y>
          <Y t="7">0.00065</Y>
          <Y t="8">0.00071</Y>
          <Y t="9">0.0008</Y>
          <Y t="10">0.0009</Y>
          <Y t="11">0.00101</Y>
          <Y t="12">0.00112</Y>
          <Y t="13">0.00126</Y>
          <Y t="14">0.00141</Y>
          <Y t="15">0.00156</Y>
          <Y t="16">0.00173</Y>
          <Y t="17">0.00193</Y>
          <Y t="18">0.00218</Y>
          <Y t="19">0.00251</Y>
          <Y t="20">0.0029</Y>
          <Y t="21">0.0033</Y>
          <Y t="22">0.00366</Y>
          <Y t="23">0.00399</Y>
          <Y t="24">0.00438</Y>
          <Y t="25">0.00484</Y>
        </Axis>
      </Axis>
      <Axis t="39">
        <Axis>
          <Y t="1">0.00015</Y>
          <Y t="2">0.00025</Y>
          <Y t="3">0.00038</Y>
          <Y t="4">0.00045</Y>
          <Y t="5">0.00052</Y>
          <Y t="6">0.00061</Y>
          <Y t="7">0.00069</Y>
          <Y t="8">0.00077</Y>
          <Y t="9">0.00087</Y>
          <Y t="10">0.00099</Y>
          <Y t="11">0.00111</Y>
          <Y t="12">0.00123</Y>
          <Y t="13">0.00138</Y>
          <Y t="14">0.00154</Y>
          <Y t="15">0.0017</Y>
          <Y t="16">0.00189</Y>
          <Y t="17">0.00213</Y>
          <Y t="18">0.00243</Y>
          <Y t="19">0.00281</Y>
          <Y t="20">0.00323</Y>
          <Y t="21">0.00364</Y>
          <Y t="22">0.00399</Y>
          <Y t="23">0.00438</Y>
          <Y t="24">0.0048</Y>
          <Y t="25">0.0054</Y>
        </Axis>
      </Axis>
      <Axis t="40">
        <Axis>
          <Y t="1">0.00016</Y>
          <Y t="2">0.0003</Y>
          <Y t="3">0.00042</Y>
          <Y t="4">0.0005</Y>
          <Y t="5">0.00058</Y>
          <Y t="6">0.00066</Y>
          <Y t="7">0.00074</Y>
          <Y t="8">0.00083</Y>
          <Y t="9">0.00095</Y>
          <Y t="10">0.00109</Y>
          <Y t="11">0.00122</Y>
          <Y t="12">0.00135</Y>
          <Y t="13">0.00151</Y>
          <Y t="14">0.00169</Y>
          <Y t="15">0.00187</Y>
          <Y t="16">0.00208</Y>
          <Y t="17">0.00237</Y>
          <Y t="18">0.00274</Y>
          <Y t="19">0.00317</Y>
          <Y t="20">0.0036</Y>
          <Y t="21">0.00399</Y>
          <Y t="22">0.00438</Y>
          <Y t="23">0.00477</Y>
          <Y t="24">0.00532</Y>
          <Y t="25">0.00602</Y>
        </Axis>
      </Axis>
      <Axis t="41">
        <Axis>
          <Y t="1">0.00019</Y>
          <Y t="2">0.00034</Y>
          <Y t="3">0.00046</Y>
          <Y t="4">0.00054</Y>
          <Y t="5">0.00062</Y>
          <Y t="6">0.00071</Y>
          <Y t="7">0.00079</Y>
          <Y t="8">0.0009</Y>
          <Y t="9">0.00104</Y>
          <Y t="10">0.00119</Y>
          <Y t="11">0.00133</Y>
          <Y t="12">0.00147</Y>
          <Y t="13">0.00166</Y>
          <Y t="14">0.00186</Y>
          <Y t="15">0.00206</Y>
          <Y t="16">0.00232</Y>
          <Y t="17">0.00267</Y>
          <Y t="18">0.0031</Y>
          <Y t="19">0.00356</Y>
          <Y t="20">0.00399</Y>
          <Y t="21">0.00438</Y>
          <Y t="22">0.00476</Y>
          <Y t="23">0.00524</Y>
          <Y t="24">0.00594</Y>
          <Y t="25">0.00665</Y>
        </Axis>
      </Axis>
      <Axis t="42">
        <Axis>
          <Y t="1">0.00022</Y>
          <Y t="2">0.00038</Y>
          <Y t="3">0.00049</Y>
          <Y t="4">0.00058</Y>
          <Y t="5">0.00068</Y>
          <Y t="6">0.00075</Y>
          <Y t="7">0.00084</Y>
          <Y t="8">0.00097</Y>
          <Y t="9">0.00113</Y>
          <Y t="10">0.00129</Y>
          <Y t="11">0.00144</Y>
          <Y t="12">0.0016</Y>
          <Y t="13">0.00182</Y>
          <Y t="14">0.00205</Y>
          <Y t="15">0.00229</Y>
          <Y t="16">0.00261</Y>
          <Y t="17">0.00303</Y>
          <Y t="18">0.0035</Y>
          <Y t="19">0.00397</Y>
          <Y t="20">0.00438</Y>
          <Y t="21">0.00475</Y>
          <Y t="22">0.00519</Y>
          <Y t="23">0.00578</Y>
          <Y t="24">0.0065</Y>
          <Y t="25">0.00732</Y>
        </Axis>
      </Axis>
      <Axis t="43">
        <Axis>
          <Y t="1">0.00026</Y>
          <Y t="2">0.00042</Y>
          <Y t="3">0.00052</Y>
          <Y t="4">0.00063</Y>
          <Y t="5">0.00072</Y>
          <Y t="6">0.0008</Y>
          <Y t="7">0.0009</Y>
          <Y t="8">0.00105</Y>
          <Y t="9">0.00123</Y>
          <Y t="10">0.00139</Y>
          <Y t="11">0.00155</Y>
          <Y t="12">0.00175</Y>
          <Y t="13">0.002</Y>
          <Y t="14">0.00226</Y>
          <Y t="15">0.00254</Y>
          <Y t="16">0.00293</Y>
          <Y t="17">0.00342</Y>
          <Y t="18">0.00392</Y>
          <Y t="19">0.00437</Y>
          <Y t="20">0.00475</Y>
          <Y t="21">0.00515</Y>
          <Y t="22">0.00568</Y>
          <Y t="23">0.00638</Y>
          <Y t="24">0.0072</Y>
          <Y t="25">0.00809</Y>
        </Axis>
      </Axis>
      <Axis t="44">
        <Axis>
          <Y t="1">0.0003</Y>
          <Y t="2">0.00045</Y>
          <Y t="3">0.00057</Y>
          <Y t="4">0.00069</Y>
          <Y t="5">0.00077</Y>
          <Y t="6">0.00085</Y>
          <Y t="7">0.00098</Y>
          <Y t="8">0.00115</Y>
          <Y t="9">0.00133</Y>
          <Y t="10">0.0015</Y>
          <Y t="11">0.00168</Y>
          <Y t="12">0.00192</Y>
          <Y t="13">0.0022</Y>
          <Y t="14">0.0025</Y>
          <Y t="15">0.00283</Y>
          <Y t="16">0.00328</Y>
          <Y t="17">0.00382</Y>
          <Y t="18">0.00433</Y>
          <Y t="19">0.00474</Y>
          <Y t="20">0.00513</Y>
          <Y t="21">0.0056</Y>
          <Y t="22">0.00627</Y>
          <Y t="23">0.00708</Y>
          <Y t="24">0.00798</Y>
          <Y t="25">0.00896</Y>
        </Axis>
      </Axis>
      <Axis t="45">
        <Axis>
          <Y t="1">0.00035</Y>
          <Y t="2">0.00048</Y>
          <Y t="3">0.00061</Y>
          <Y t="4">0.00075</Y>
          <Y t="5">0.00082</Y>
          <Y t="6">0.00091</Y>
          <Y t="7">0.00107</Y>
          <Y t="8">0.00126</Y>
          <Y t="9">0.00143</Y>
          <Y t="10">0.00162</Y>
          <Y t="11">0.00184</Y>
          <Y t="12">0.00211</Y>
          <Y t="13">0.00243</Y>
          <Y t="14">0.00276</Y>
          <Y t="15">0.00315</Y>
          <Y t="16">0.00366</Y>
          <Y t="17">0.00423</Y>
          <Y t="18">0.00473</Y>
          <Y t="19">0.00513</Y>
          <Y t="20">0.00559</Y>
          <Y t="21">0.00613</Y>
          <Y t="22">0.00698</Y>
          <Y t="23">0.00792</Y>
          <Y t="24">0.00892</Y>
          <Y t="25">0.00998</Y>
        </Axis>
      </Axis>
      <Axis t="46">
        <Axis>
          <Y t="1">0.0004</Y>
          <Y t="2">0.0005</Y>
          <Y t="3">0.00066</Y>
          <Y t="4">0.00081</Y>
          <Y t="5">0.00089</Y>
          <Y t="6">0.00101</Y>
          <Y t="7">0.0012</Y>
          <Y t="8">0.00138</Y>
          <Y t="9">0.00155</Y>
          <Y t="10">0.00176</Y>
          <Y t="11">0.00203</Y>
          <Y t="12">0.00233</Y>
          <Y t="13">0.00268</Y>
          <Y t="14">0.00304</Y>
          <Y t="15">0.00349</Y>
          <Y t="16">0.00404</Y>
          <Y t="17">0.00463</Y>
          <Y t="18">0.00511</Y>
          <Y t="19">0.00558</Y>
          <Y t="20">0.00609</Y>
          <Y t="21">0.00678</Y>
          <Y t="22">0.00783</Y>
          <Y t="23">0.00885</Y>
          <Y t="24">0.00994</Y>
          <Y t="25">0.01118</Y>
        </Axis>
      </Axis>
      <Axis t="47">
        <Axis>
          <Y t="1">0.00044</Y>
          <Y t="2">0.00052</Y>
          <Y t="3">0.00072</Y>
          <Y t="4">0.00088</Y>
          <Y t="5">0.00097</Y>
          <Y t="6">0.00114</Y>
          <Y t="7">0.00134</Y>
          <Y t="8">0.00152</Y>
          <Y t="9">0.00169</Y>
          <Y t="10">0.00194</Y>
          <Y t="11">0.00225</Y>
          <Y t="12">0.00259</Y>
          <Y t="13">0.00294</Y>
          <Y t="14">0.00334</Y>
          <Y t="15">0.00383</Y>
          <Y t="16">0.00443</Y>
          <Y t="17">0.00505</Y>
          <Y t="18">0.00557</Y>
          <Y t="19">0.00605</Y>
          <Y t="20">0.00665</Y>
          <Y t="21">0.00757</Y>
          <Y t="22">0.0088</Y>
          <Y t="23">0.00992</Y>
          <Y t="24">0.01116</Y>
          <Y t="25">0.01255</Y>
        </Axis>
      </Axis>
      <Axis t="48">
        <Axis>
          <Y t="1">0.00048</Y>
          <Y t="2">0.00055</Y>
          <Y t="3">0.00078</Y>
          <Y t="4">0.00095</Y>
          <Y t="5">0.00109</Y>
          <Y t="6">0.00129</Y>
          <Y t="7">0.00149</Y>
          <Y t="8">0.00166</Y>
          <Y t="9">0.00186</Y>
          <Y t="10">0.00216</Y>
          <Y t="11">0.00251</Y>
          <Y t="12">0.00286</Y>
          <Y t="13">0.00322</Y>
          <Y t="14">0.00365</Y>
          <Y t="15">0.00419</Y>
          <Y t="16">0.00484</Y>
          <Y t="17">0.00549</Y>
          <Y t="18">0.00604</Y>
          <Y t="19">0.00662</Y>
          <Y t="20">0.00738</Y>
          <Y t="21">0.0085</Y>
          <Y t="22">0.0099</Y>
          <Y t="23">0.01114</Y>
          <Y t="24">0.01253</Y>
          <Y t="25">0.01414</Y>
        </Axis>
      </Axis>
      <Axis t="49">
        <Axis>
          <Y t="1">0.0005</Y>
          <Y t="2">0.00059</Y>
          <Y t="3">0.00085</Y>
          <Y t="4">0.00104</Y>
          <Y t="5">0.00122</Y>
          <Y t="6">0.00145</Y>
          <Y t="7">0.00164</Y>
          <Y t="8">0.0018</Y>
          <Y t="9">0.00205</Y>
          <Y t="10">0.00242</Y>
          <Y t="11">0.00279</Y>
          <Y t="12">0.00313</Y>
          <Y t="13">0.0035</Y>
          <Y t="14">0.00397</Y>
          <Y t="15">0.00456</Y>
          <Y t="16">0.00526</Y>
          <Y t="17">0.00595</Y>
          <Y t="18">0.00655</Y>
          <Y t="19">0.00725</Y>
          <Y t="20">0.0082</Y>
          <Y t="21">0.00954</Y>
          <Y t="22">0.0111</Y>
          <Y t="23">0.01251</Y>
          <Y t="24">0.0141</Y>
          <Y t="25">0.01596</Y>
        </Axis>
      </Axis>
      <Axis t="50">
        <Axis>
          <Y t="1">0.00051</Y>
          <Y t="2">0.00066</Y>
          <Y t="3">0.00094</Y>
          <Y t="4">0.00113</Y>
          <Y t="5">0.00137</Y>
          <Y t="6">0.0016</Y>
          <Y t="7">0.00177</Y>
          <Y t="8">0.00196</Y>
          <Y t="9">0.00228</Y>
          <Y t="10">0.00271</Y>
          <Y t="11">0.00309</Y>
          <Y t="12">0.0034</Y>
          <Y t="13">0.00379</Y>
          <Y t="14">0.00432</Y>
          <Y t="15">0.00498</Y>
          <Y t="16">0.00573</Y>
          <Y t="17">0.00646</Y>
          <Y t="18">0.00714</Y>
          <Y t="19">0.00799</Y>
          <Y t="20">0.00914</Y>
          <Y t="21">0.0107</Y>
          <Y t="22">0.01235</Y>
          <Y t="23">0.014</Y>
          <Y t="24">0.01595</Y>
          <Y t="25">0.01812</Y>
        </Axis>
      </Axis>
      <Axis t="51">
        <Axis>
          <Y t="1">0.00051</Y>
          <Y t="2">0.00075</Y>
          <Y t="3">0.00104</Y>
          <Y t="4">0.00125</Y>
          <Y t="5">0.00152</Y>
          <Y t="6">0.00173</Y>
          <Y t="7">0.00189</Y>
          <Y t="8">0.00213</Y>
          <Y t="9">0.00255</Y>
          <Y t="10">0.00303</Y>
          <Y t="11">0.00338</Y>
          <Y t="12">0.00374</Y>
          <Y t="13">0.00412</Y>
          <Y t="14">0.00472</Y>
          <Y t="15">0.00546</Y>
          <Y t="16">0.00627</Y>
          <Y t="17">0.00704</Y>
          <Y t="18">0.00782</Y>
          <Y t="19">0.00886</Y>
          <Y t="20">0.01022</Y>
          <Y t="21">0.0119</Y>
          <Y t="22">0.01366</Y>
          <Y t="23">0.01559</Y>
          <Y t="24">0.01786</Y>
          <Y t="25">0.02043</Y>
        </Axis>
      </Axis>
      <Axis t="52">
        <Axis>
          <Y t="1">0.00052</Y>
          <Y t="2">0.00086</Y>
          <Y t="3">0.00115</Y>
          <Y t="4">0.00139</Y>
          <Y t="5">0.00166</Y>
          <Y t="6">0.00183</Y>
          <Y t="7">0.00201</Y>
          <Y t="8">0.00234</Y>
          <Y t="9">0.00284</Y>
          <Y t="10">0.00335</Y>
          <Y t="11">0.0037</Y>
          <Y t="12">0.00409</Y>
          <Y t="13">0.00453</Y>
          <Y t="14">0.00524</Y>
          <Y t="15">0.00607</Y>
          <Y t="16">0.00692</Y>
          <Y t="17">0.00775</Y>
          <Y t="18">0.00868</Y>
          <Y t="19">0.00993</Y>
          <Y t="20">0.0115</Y>
          <Y t="21">0.01334</Y>
          <Y t="22">0.01522</Y>
          <Y t="23">0.01737</Y>
          <Y t="24">0.01997</Y>
          <Y t="25">0.02294</Y>
        </Axis>
      </Axis>
      <Axis t="53">
        <Axis>
          <Y t="1">0.00052</Y>
          <Y t="2">0.00097</Y>
          <Y t="3">0.00128</Y>
          <Y t="4">0.00157</Y>
          <Y t="5">0.0018</Y>
          <Y t="6">0.00196</Y>
          <Y t="7">0.00219</Y>
          <Y t="8">0.00259</Y>
          <Y t="9">0.00316</Y>
          <Y t="10">0.00368</Y>
          <Y t="11">0.00407</Y>
          <Y t="12">0.00449</Y>
          <Y t="13">0.00505</Y>
          <Y t="14">0.00589</Y>
          <Y t="15">0.00679</Y>
          <Y t="16">0.00773</Y>
          <Y t="17">0.00867</Y>
          <Y t="18">0.00989</Y>
          <Y t="19">0.01118</Y>
          <Y t="20">0.01292</Y>
          <Y t="21">0.01491</Y>
          <Y t="22">0.01704</Y>
          <Y t="23">0.01949</Y>
          <Y t="24">0.02242</Y>
          <Y t="25">0.02574</Y>
        </Axis>
      </Axis>
      <Axis t="54">
        <Axis>
          <Y t="1">0.00053</Y>
          <Y t="2">0.00107</Y>
          <Y t="3">0.00143</Y>
          <Y t="4">0.00177</Y>
          <Y t="5">0.00194</Y>
          <Y t="6">0.00212</Y>
          <Y t="7">0.00241</Y>
          <Y t="8">0.00289</Y>
          <Y t="9">0.00352</Y>
          <Y t="10">0.00404</Y>
          <Y t="11">0.00444</Y>
          <Y t="12">0.00495</Y>
          <Y t="13">0.00575</Y>
          <Y t="14">0.00672</Y>
          <Y t="15">0.00771</Y>
          <Y t="16">0.00867</Y>
          <Y t="17">0.00985</Y>
          <Y t="18">0.01111</Y>
          <Y t="19">0.01274</Y>
          <Y t="20">0.01464</Y>
          <Y t="21">0.01677</Y>
          <Y t="22">0.01938</Y>
          <Y t="23">0.02235</Y>
          <Y t="24">0.02566</Y>
          <Y t="25">0.0291</Y>
        </Axis>
      </Axis>
      <Axis t="55">
        <Axis>
          <Y t="1">0.00054</Y>
          <Y t="2">0.00114</Y>
          <Y t="3">0.00159</Y>
          <Y t="4">0.00191</Y>
          <Y t="5">0.00209</Y>
          <Y t="6">0.00226</Y>
          <Y t="7">0.00263</Y>
          <Y t="8">0.00326</Y>
          <Y t="9">0.00391</Y>
          <Y t="10">0.00444</Y>
          <Y t="11">0.00494</Y>
          <Y t="12">0.00562</Y>
          <Y t="13">0.00661</Y>
          <Y t="14">0.00769</Y>
          <Y t="15">0.00867</Y>
          <Y t="16">0.0098</Y>
          <Y t="17">0.01104</Y>
          <Y t="18">0.01258</Y>
          <Y t="19">0.0145</Y>
          <Y t="20">0.01669</Y>
          <Y t="21">0.01909</Y>
          <Y t="22">0.02211</Y>
          <Y t="23">0.02541</Y>
          <Y t="24">0.02902</Y>
          <Y t="25">0.03313</Y>
        </Axis>
      </Axis>
      <Axis t="56">
        <Axis>
          <Y t="1">0.00062</Y>
          <Y t="2">0.00119</Y>
          <Y t="3">0.00176</Y>
          <Y t="4">0.00206</Y>
          <Y t="5">0.00224</Y>
          <Y t="6">0.0025</Y>
          <Y t="7">0.00299</Y>
          <Y t="8">0.00369</Y>
          <Y t="9">0.00433</Y>
          <Y t="10">0.00491</Y>
          <Y t="11">0.00556</Y>
          <Y t="12">0.00646</Y>
          <Y t="13">0.00757</Y>
          <Y t="14">0.00865</Y>
          <Y t="15">0.00976</Y>
          <Y t="16">0.011</Y>
          <Y t="17">0.01252</Y>
          <Y t="18">0.01438</Y>
          <Y t="19">0.01661</Y>
          <Y t="20">0.01904</Y>
          <Y t="21">0.0219</Y>
          <Y t="22">0.02526</Y>
          <Y t="23">0.02898</Y>
          <Y t="24">0.03313</Y>
          <Y t="25">0.03738</Y>
        </Axis>
      </Axis>
      <Axis t="57">
        <Axis>
          <Y t="1">0.00075</Y>
          <Y t="2">0.00123</Y>
          <Y t="3">0.00192</Y>
          <Y t="4">0.00222</Y>
          <Y t="5">0.00246</Y>
          <Y t="6">0.00277</Y>
          <Y t="7">0.00342</Y>
          <Y t="8">0.00415</Y>
          <Y t="9">0.0048</Y>
          <Y t="10">0.00546</Y>
          <Y t="11">0.00629</Y>
          <Y t="12">0.00739</Y>
          <Y t="13">0.00863</Y>
          <Y t="14">0.00974</Y>
          <Y t="15">0.0109</Y>
          <Y t="16">0.01242</Y>
          <Y t="17">0.01426</Y>
          <Y t="18">0.01639</Y>
          <Y t="19">0.01886</Y>
          <Y t="20">0.02166</Y>
          <Y t="21">0.0248</Y>
          <Y t="22">0.02852</Y>
          <Y t="23">0.03299</Y>
          <Y t="24">0.03738</Y>
          <Y t="25">0.04236</Y>
        </Axis>
      </Axis>
      <Axis t="58">
        <Axis>
          <Y t="1">0.00092</Y>
          <Y t="2">0.00128</Y>
          <Y t="3">0.00206</Y>
          <Y t="4">0.00241</Y>
          <Y t="5">0.0027</Y>
          <Y t="6">0.00315</Y>
          <Y t="7">0.0039</Y>
          <Y t="8">0.00464</Y>
          <Y t="9">0.00531</Y>
          <Y t="10">0.00611</Y>
          <Y t="11">0.00714</Y>
          <Y t="12">0.00842</Y>
          <Y t="13">0.00969</Y>
          <Y t="14">0.01089</Y>
          <Y t="15">0.0123</Y>
          <Y t="16">0.01404</Y>
          <Y t="17">0.01627</Y>
          <Y t="18">0.01875</Y>
          <Y t="19">0.02154</Y>
          <Y t="20">0.02465</Y>
          <Y t="21">0.02848</Y>
          <Y t="22">0.03284</Y>
          <Y t="23">0.03738</Y>
          <Y t="24">0.04236</Y>
          <Y t="25">0.04795</Y>
        </Axis>
      </Axis>
      <Axis t="59">
        <Axis>
          <Y t="1">0.00113</Y>
          <Y t="2">0.00136</Y>
          <Y t="3">0.00218</Y>
          <Y t="4">0.00262</Y>
          <Y t="5">0.00291</Y>
          <Y t="6">0.00358</Y>
          <Y t="7">0.0044</Y>
          <Y t="8">0.00512</Y>
          <Y t="9">0.00586</Y>
          <Y t="10">0.00685</Y>
          <Y t="11">0.00808</Y>
          <Y t="12">0.00943</Y>
          <Y t="13">0.01083</Y>
          <Y t="14">0.01229</Y>
          <Y t="15">0.01385</Y>
          <Y t="16">0.01592</Y>
          <Y t="17">0.01855</Y>
          <Y t="18">0.02134</Y>
          <Y t="19">0.02436</Y>
          <Y t="20">0.02781</Y>
          <Y t="21">0.03208</Y>
          <Y t="22">0.03703</Y>
          <Y t="23">0.04236</Y>
          <Y t="24">0.04795</Y>
          <Y t="25">0.05446</Y>
        </Axis>
      </Axis>
      <Axis t="60">
        <Axis>
          <Y t="1">0.00133</Y>
          <Y t="2">0.00149</Y>
          <Y t="3">0.00227</Y>
          <Y t="4">0.0027</Y>
          <Y t="5">0.00321</Y>
          <Y t="6">0.00403</Y>
          <Y t="7">0.00487</Y>
          <Y t="8">0.00561</Y>
          <Y t="9">0.00647</Y>
          <Y t="10">0.00766</Y>
          <Y t="11">0.0091</Y>
          <Y t="12">0.01062</Y>
          <Y t="13">0.01212</Y>
          <Y t="14">0.01365</Y>
          <Y t="15">0.01552</Y>
          <Y t="16">0.01802</Y>
          <Y t="17">0.02105</Y>
          <Y t="18">0.02425</Y>
          <Y t="19">0.02777</Y>
          <Y t="20">0.03196</Y>
          <Y t="21">0.0369</Y>
          <Y t="22">0.04236</Y>
          <Y t="23">0.04795</Y>
          <Y t="24">0.05446</Y>
          <Y t="25">0.062</Y>
        </Axis>
      </Axis>
      <Axis t="61">
        <Axis>
          <Y t="1">0.00148</Y>
          <Y t="2">0.00168</Y>
          <Y t="3">0.00237</Y>
          <Y t="4">0.00282</Y>
          <Y t="5">0.00354</Y>
          <Y t="6">0.00447</Y>
          <Y t="7">0.0053</Y>
          <Y t="8">0.0061</Y>
          <Y t="9">0.00714</Y>
          <Y t="10">0.00853</Y>
          <Y t="11">0.0101</Y>
          <Y t="12">0.01169</Y>
          <Y t="13">0.0133</Y>
          <Y t="14">0.01509</Y>
          <Y t="15">0.01739</Y>
          <Y t="16">0.02035</Y>
          <Y t="17">0.0238</Y>
          <Y t="18">0.02743</Y>
          <Y t="19">0.03149</Y>
          <Y t="20">0.03625</Y>
          <Y t="21">0.04183</Y>
          <Y t="22">0.04795</Y>
          <Y t="23">0.05446</Y>
          <Y t="24">0.062</Y>
          <Y t="25">0.07078</Y>
        </Axis>
      </Axis>
      <Axis t="62">
        <Axis>
          <Y t="1">0.00156</Y>
          <Y t="2">0.00192</Y>
          <Y t="3">0.00251</Y>
          <Y t="4">0.00301</Y>
          <Y t="5">0.00392</Y>
          <Y t="6">0.00489</Y>
          <Y t="7">0.00573</Y>
          <Y t="8">0.00664</Y>
          <Y t="9">0.00787</Y>
          <Y t="10">0.00943</Y>
          <Y t="11">0.0111</Y>
          <Y t="12">0.01277</Y>
          <Y t="13">0.01455</Y>
          <Y t="14">0.01669</Y>
          <Y t="15">0.01946</Y>
          <Y t="16">0.02288</Y>
          <Y t="17">0.0268</Y>
          <Y t="18">0.03106</Y>
          <Y t="19">0.03604</Y>
          <Y t="20">0.04165</Y>
          <Y t="21">0.04795</Y>
          <Y t="22">0.05446</Y>
          <Y t="23">0.062</Y>
          <Y t="24">0.07078</Y>
          <Y t="25">0.08095</Y>
        </Axis>
      </Axis>
      <Axis t="63">
        <Axis>
          <Y t="1">0.00163</Y>
          <Y t="2">0.00221</Y>
          <Y t="3">0.00273</Y>
          <Y t="4">0.00333</Y>
          <Y t="5">0.00436</Y>
          <Y t="6">0.00532</Y>
          <Y t="7">0.00618</Y>
          <Y t="8">0.00724</Y>
          <Y t="9">0.00867</Y>
          <Y t="10">0.01039</Y>
          <Y t="11">0.01215</Y>
          <Y t="12">0.01396</Y>
          <Y t="13">0.01599</Y>
          <Y t="14">0.01856</Y>
          <Y t="15">0.0218</Y>
          <Y t="16">0.0257</Y>
          <Y t="17">0.03013</Y>
          <Y t="18">0.03495</Y>
          <Y t="19">0.04062</Y>
          <Y t="20">0.04695</Y>
          <Y t="21">0.05446</Y>
          <Y t="22">0.062</Y>
          <Y t="23">0.07078</Y>
          <Y t="24">0.08095</Y>
          <Y t="25">0.09266</Y>
        </Axis>
      </Axis>
      <Axis t="64">
        <Axis>
          <Y t="1">0.00168</Y>
          <Y t="2">0.0025</Y>
          <Y t="3">0.00303</Y>
          <Y t="4">0.00375</Y>
          <Y t="5">0.00486</Y>
          <Y t="6">0.00577</Y>
          <Y t="7">0.00671</Y>
          <Y t="8">0.00795</Y>
          <Y t="9">0.00957</Y>
          <Y t="10">0.01144</Y>
          <Y t="11">0.01326</Y>
          <Y t="12">0.01517</Y>
          <Y t="13">0.01753</Y>
          <Y t="14">0.0205</Y>
          <Y t="15">0.02419</Y>
          <Y t="16">0.02872</Y>
          <Y t="17">0.03408</Y>
          <Y t="18">0.04017</Y>
          <Y t="19">0.04689</Y>
          <Y t="20">0.05446</Y>
          <Y t="21">0.062</Y>
          <Y t="22">0.07078</Y>
          <Y t="23">0.08095</Y>
          <Y t="24">0.09266</Y>
          <Y t="25">0.10592</Y>
        </Axis>
      </Axis>
      <Axis t="65">
        <Axis>
          <Y t="1">0.00175</Y>
          <Y t="2">0.00282</Y>
          <Y t="3">0.00341</Y>
          <Y t="4">0.00424</Y>
          <Y t="5">0.00543</Y>
          <Y t="6">0.0063</Y>
          <Y t="7">0.00735</Y>
          <Y t="8">0.00877</Y>
          <Y t="9">0.01059</Y>
          <Y t="10">0.01263</Y>
          <Y t="11">0.01457</Y>
          <Y t="12">0.01667</Y>
          <Y t="13">0.01938</Y>
          <Y t="14">0.02278</Y>
          <Y t="15">0.02691</Y>
          <Y t="16">0.03215</Y>
          <Y t="17">0.03841</Y>
          <Y t="18">0.04526</Y>
          <Y t="19">0.05338</Y>
          <Y t="20">0.062</Y>
          <Y t="21">0.07078</Y>
          <Y t="22">0.08095</Y>
          <Y t="23">0.09266</Y>
          <Y t="24">0.10592</Y>
          <Y t="25">0.12032</Y>
        </Axis>
      </Axis>
      <Axis t="66">
        <Axis>
          <Y t="1">0.00183</Y>
          <Y t="2">0.00313</Y>
          <Y t="3">0.00385</Y>
          <Y t="4">0.00479</Y>
          <Y t="5">0.00608</Y>
          <Y t="6">0.00695</Y>
          <Y t="7">0.00812</Y>
          <Y t="8">0.00973</Y>
          <Y t="9">0.01176</Y>
          <Y t="10">0.01405</Y>
          <Y t="11">0.01619</Y>
          <Y t="12">0.01851</Y>
          <Y t="13">0.02161</Y>
          <Y t="14">0.02544</Y>
          <Y t="15">0.03004</Y>
          <Y t="16">0.03652</Y>
          <Y t="17">0.04459</Y>
          <Y t="18">0.05301</Y>
          <Y t="19">0.062</Y>
          <Y t="20">0.07078</Y>
          <Y t="21">0.08095</Y>
          <Y t="22">0.09266</Y>
          <Y t="23">0.10592</Y>
          <Y t="24">0.12032</Y>
          <Y t="25">0.1357</Y>
        </Axis>
      </Axis>
      <Axis t="67">
        <Axis>
          <Y t="1">0.00194</Y>
          <Y t="2">0.00341</Y>
          <Y t="3">0.00434</Y>
          <Y t="4">0.00541</Y>
          <Y t="5">0.00682</Y>
          <Y t="6">0.00771</Y>
          <Y t="7">0.00902</Y>
          <Y t="8">0.01084</Y>
          <Y t="9">0.01314</Y>
          <Y t="10">0.01578</Y>
          <Y t="11">0.01829</Y>
          <Y t="12">0.021</Y>
          <Y t="13">0.02455</Y>
          <Y t="14">0.0289</Y>
          <Y t="15">0.03405</Y>
          <Y t="16">0.04134</Y>
          <Y t="17">0.05089</Y>
          <Y t="18">0.06043</Y>
          <Y t="19">0.07078</Y>
          <Y t="20">0.08095</Y>
          <Y t="21">0.09266</Y>
          <Y t="22">0.10592</Y>
          <Y t="23">0.12032</Y>
          <Y t="24">0.1357</Y>
          <Y t="25">0.15153</Y>
        </Axis>
      </Axis>
      <Axis t="68">
        <Axis>
          <Y t="1">0.00209</Y>
          <Y t="2">0.00368</Y>
          <Y t="3">0.00486</Y>
          <Y t="4">0.00612</Y>
          <Y t="5">0.00744</Y>
          <Y t="6">0.0086</Y>
          <Y t="7">0.01008</Y>
          <Y t="8">0.01214</Y>
          <Y t="9">0.01482</Y>
          <Y t="10">0.01793</Y>
          <Y t="11">0.02091</Y>
          <Y t="12">0.0244</Y>
          <Y t="13">0.02817</Y>
          <Y t="14">0.03309</Y>
          <Y t="15">0.03882</Y>
          <Y t="16">0.04745</Y>
          <Y t="17">0.05844</Y>
          <Y t="18">0.0693</Y>
          <Y t="19">0.08095</Y>
          <Y t="20">0.09266</Y>
          <Y t="21">0.10592</Y>
          <Y t="22">0.12032</Y>
          <Y t="23">0.1357</Y>
          <Y t="24">0.15153</Y>
          <Y t="25">0.16737</Y>
        </Axis>
      </Axis>
      <Axis t="69">
        <Axis>
          <Y t="1">0.00227</Y>
          <Y t="2">0.00398</Y>
          <Y t="3">0.00545</Y>
          <Y t="4">0.00691</Y>
          <Y t="5">0.00834</Y>
          <Y t="6">0.00961</Y>
          <Y t="7">0.01125</Y>
          <Y t="8">0.01364</Y>
          <Y t="9">0.0171</Y>
          <Y t="10">0.02054</Y>
          <Y t="11">0.02424</Y>
          <Y t="12">0.02815</Y>
          <Y t="13">0.03278</Y>
          <Y t="14">0.03869</Y>
          <Y t="15">0.04535</Y>
          <Y t="16">0.05508</Y>
          <Y t="17">0.0671</Y>
          <Y t="18">0.07938</Y>
          <Y t="19">0.09266</Y>
          <Y t="20">0.10592</Y>
          <Y t="21">0.12032</Y>
          <Y t="22">0.1357</Y>
          <Y t="23">0.15153</Y>
          <Y t="24">0.16737</Y>
          <Y t="25">0.18308</Y>
        </Axis>
      </Axis>
      <Axis t="70">
        <Axis>
          <Y t="1">0.00245</Y>
          <Y t="2">0.00421</Y>
          <Y t="3">0.00598</Y>
          <Y t="4">0.00766</Y>
          <Y t="5">0.00913</Y>
          <Y t="6">0.01048</Y>
          <Y t="7">0.01243</Y>
          <Y t="8">0.01576</Y>
          <Y t="9">0.01916</Y>
          <Y t="10">0.02322</Y>
          <Y t="11">0.02801</Y>
          <Y t="12">0.03248</Y>
          <Y t="13">0.03857</Y>
          <Y t="14">0.04528</Y>
          <Y t="15">0.0545</Y>
          <Y t="16">0.06485</Y>
          <Y t="17">0.07897</Y>
          <Y t="18">0.09266</Y>
          <Y t="19">0.10592</Y>
          <Y t="20">0.12032</Y>
          <Y t="21">0.1357</Y>
          <Y t="22">0.15153</Y>
          <Y t="23">0.16737</Y>
          <Y t="24">0.18308</Y>
          <Y t="25">0.19786</Y>
        </Axis>
      </Axis>
      <Axis t="71">
        <Axis>
          <Y t="1">0.00262</Y>
          <Y t="2">0.00441</Y>
          <Y t="3">0.00649</Y>
          <Y t="4">0.00839</Y>
          <Y t="5">0.00982</Y>
          <Y t="6">0.01148</Y>
          <Y t="7">0.01416</Y>
          <Y t="8">0.01762</Y>
          <Y t="9">0.02139</Y>
          <Y t="10">0.0261</Y>
          <Y t="11">0.03217</Y>
          <Y t="12">0.03857</Y>
          <Y t="13">0.04504</Y>
          <Y t="14">0.05392</Y>
          <Y t="15">0.06186</Y>
          <Y t="16">0.07485</Y>
          <Y t="17">0.09052</Y>
          <Y t="18">0.10592</Y>
          <Y t="19">0.12032</Y>
          <Y t="20">0.1357</Y>
          <Y t="21">0.15153</Y>
          <Y t="22">0.16737</Y>
          <Y t="23">0.18308</Y>
          <Y t="24">0.19786</Y>
          <Y t="25">0.21108</Y>
        </Axis>
      </Axis>
      <Axis t="72">
        <Axis>
          <Y t="1">0.00282</Y>
          <Y t="2">0.00463</Y>
          <Y t="3">0.00704</Y>
          <Y t="4">0.00919</Y>
          <Y t="5">0.01071</Y>
          <Y t="6">0.01307</Y>
          <Y t="7">0.01596</Y>
          <Y t="8">0.01961</Y>
          <Y t="9">0.02425</Y>
          <Y t="10">0.03038</Y>
          <Y t="11">0.03793</Y>
          <Y t="12">0.0448</Y>
          <Y t="13">0.05335</Y>
          <Y t="14">0.06164</Y>
          <Y t="15">0.07106</Y>
          <Y t="16">0.08605</Y>
          <Y t="17">0.10373</Y>
          <Y t="18">0.12032</Y>
          <Y t="19">0.1357</Y>
          <Y t="20">0.15153</Y>
          <Y t="21">0.16737</Y>
          <Y t="22">0.18308</Y>
          <Y t="23">0.19786</Y>
          <Y t="24">0.21108</Y>
          <Y t="25">0.22779</Y>
        </Axis>
      </Axis>
      <Axis t="73">
        <Axis>
          <Y t="1">0.00306</Y>
          <Y t="2">0.00494</Y>
          <Y t="3">0.00772</Y>
          <Y t="4">0.01016</Y>
          <Y t="5">0.01227</Y>
          <Y t="6">0.01485</Y>
          <Y t="7">0.01807</Y>
          <Y t="8">0.02216</Y>
          <Y t="9">0.02814</Y>
          <Y t="10">0.03533</Y>
          <Y t="11">0.04456</Y>
          <Y t="12">0.05327</Y>
          <Y t="13">0.06158</Y>
          <Y t="14">0.07097</Y>
          <Y t="15">0.08546</Y>
          <Y t="16">0.10333</Y>
          <Y t="17">0.12032</Y>
          <Y t="18">0.1357</Y>
          <Y t="19">0.15153</Y>
          <Y t="20">0.16737</Y>
          <Y t="21">0.18308</Y>
          <Y t="22">0.19786</Y>
          <Y t="23">0.21108</Y>
          <Y t="24">0.22779</Y>
          <Y t="25">0.24559</Y>
        </Axis>
      </Axis>
      <Axis t="74">
        <Axis>
          <Y t="1">0.0034</Y>
          <Y t="2">0.00544</Y>
          <Y t="3">0.00864</Y>
          <Y t="4">0.01148</Y>
          <Y t="5">0.01391</Y>
          <Y t="6">0.01696</Y>
          <Y t="7">0.02084</Y>
          <Y t="8">0.02567</Y>
          <Y t="9">0.03268</Y>
          <Y t="10">0.04143</Y>
          <Y t="11">0.05302</Y>
          <Y t="12">0.06152</Y>
          <Y t="13">0.07088</Y>
          <Y t="14">0.08314</Y>
          <Y t="15">0.09953</Y>
          <Y t="16">0.11882</Y>
          <Y t="17">0.1357</Y>
          <Y t="18">0.15153</Y>
          <Y t="19">0.16737</Y>
          <Y t="20">0.18308</Y>
          <Y t="21">0.19786</Y>
          <Y t="22">0.21108</Y>
          <Y t="23">0.22779</Y>
          <Y t="24">0.24559</Y>
          <Y t="25">0.26495</Y>
        </Axis>
      </Axis>
      <Axis t="75">
        <Axis>
          <Y t="1">0.00373</Y>
          <Y t="2">0.00601</Y>
          <Y t="3">0.00968</Y>
          <Y t="4">0.01297</Y>
          <Y t="5">0.01584</Y>
          <Y t="6">0.01953</Y>
          <Y t="7">0.02412</Y>
          <Y t="8">0.02977</Y>
          <Y t="9">0.03828</Y>
          <Y t="10">0.04834</Y>
          <Y t="11">0.06146</Y>
          <Y t="12">0.07079</Y>
          <Y t="13">0.08228</Y>
          <Y t="14">0.09841</Y>
          <Y t="15">0.11643</Y>
          <Y t="16">0.1357</Y>
          <Y t="17">0.15153</Y>
          <Y t="18">0.16737</Y>
          <Y t="19">0.18308</Y>
          <Y t="20">0.19786</Y>
          <Y t="21">0.21108</Y>
          <Y t="22">0.22779</Y>
          <Y t="23">0.24559</Y>
          <Y t="24">0.26495</Y>
          <Y t="25">0.28546</Y>
        </Axis>
      </Axis>
      <Axis t="76">
        <Axis>
          <Y t="1">0.00406</Y>
          <Y t="2">0.00654</Y>
          <Y t="3">0.01073</Y>
          <Y t="4">0.01473</Y>
          <Y t="5">0.01822</Y>
          <Y t="6">0.02256</Y>
          <Y t="7">0.02792</Y>
          <Y t="8">0.03483</Y>
          <Y t="9">0.04463</Y>
          <Y t="10">0.05593</Y>
          <Y t="11">0.07028</Y>
          <Y t="12">0.08157</Y>
          <Y t="13">0.09782</Y>
          <Y t="14">0.11572</Y>
          <Y t="15">0.1357</Y>
          <Y t="16">0.15153</Y>
          <Y t="17">0.16737</Y>
          <Y t="18">0.18308</Y>
          <Y t="19">0.19786</Y>
          <Y t="20">0.21108</Y>
          <Y t="21">0.22779</Y>
          <Y t="22">0.24559</Y>
          <Y t="23">0.26495</Y>
          <Y t="24">0.28546</Y>
          <Y t="25">0.3067</Y>
        </Axis>
      </Axis>
      <Axis t="77">
        <Axis>
          <Y t="1">0.00422</Y>
          <Y t="2">0.0068</Y>
          <Y t="3">0.01127</Y>
          <Y t="4">0.01584</Y>
          <Y t="5">0.02007</Y>
          <Y t="6">0.02491</Y>
          <Y t="7">0.03117</Y>
          <Y t="8">0.04059</Y>
          <Y t="9">0.05167</Y>
          <Y t="10">0.0639</Y>
          <Y t="11">0.08073</Y>
          <Y t="12">0.09669</Y>
          <Y t="13">0.11528</Y>
          <Y t="14">0.1357</Y>
          <Y t="15">0.15153</Y>
          <Y t="16">0.16737</Y>
          <Y t="17">0.18308</Y>
          <Y t="18">0.19786</Y>
          <Y t="19">0.21108</Y>
          <Y t="20">0.22779</Y>
          <Y t="21">0.24559</Y>
          <Y t="22">0.26495</Y>
          <Y t="23">0.28546</Y>
          <Y t="24">0.3067</Y>
          <Y t="25">0.32825</Y>
        </Axis>
      </Axis>
      <Axis t="78">
        <Axis>
          <Y t="1">0.00442</Y>
          <Y t="2">0.00714</Y>
          <Y t="3">0.01201</Y>
          <Y t="4">0.01722</Y>
          <Y t="5">0.02189</Y>
          <Y t="6">0.02804</Y>
          <Y t="7">0.03504</Y>
          <Y t="8">0.04702</Y>
          <Y t="9">0.05914</Y>
          <Y t="10">0.07295</Y>
          <Y t="11">0.09461</Y>
          <Y t="12">0.11358</Y>
          <Y t="13">0.13442</Y>
          <Y t="14">0.15153</Y>
          <Y t="15">0.16737</Y>
          <Y t="16">0.18308</Y>
          <Y t="17">0.19786</Y>
          <Y t="18">0.21108</Y>
          <Y t="19">0.22779</Y>
          <Y t="20">0.24559</Y>
          <Y t="21">0.26495</Y>
          <Y t="22">0.28546</Y>
          <Y t="23">0.3067</Y>
          <Y t="24">0.32825</Y>
          <Y t="25">0.35002</Y>
        </Axis>
      </Axis>
      <Axis t="79">
        <Axis>
          <Y t="1">0.00459</Y>
          <Y t="2">0.00745</Y>
          <Y t="3">0.01275</Y>
          <Y t="4">0.01853</Y>
          <Y t="5">0.02398</Y>
          <Y t="6">0.03072</Y>
          <Y t="7">0.0392</Y>
          <Y t="8">0.05206</Y>
          <Y t="9">0.06566</Y>
          <Y t="10">0.08322</Y>
          <Y t="11">0.10881</Y>
          <Y t="12">0.13101</Y>
          <Y t="13">0.15153</Y>
          <Y t="14">0.16737</Y>
          <Y t="15">0.18308</Y>
          <Y t="16">0.19786</Y>
          <Y t="17">0.21108</Y>
          <Y t="18">0.22779</Y>
          <Y t="19">0.24559</Y>
          <Y t="20">0.26495</Y>
          <Y t="21">0.28546</Y>
          <Y t="22">0.3067</Y>
          <Y t="23">0.32825</Y>
          <Y t="24">0.35002</Y>
          <Y t="25">0.37165</Y>
        </Axis>
      </Axis>
      <Axis t="80">
        <Axis>
          <Y t="1">0.00476</Y>
          <Y t="2">0.00779</Y>
          <Y t="3">0.01354</Y>
          <Y t="4">0.02011</Y>
          <Y t="5">0.02606</Y>
          <Y t="6">0.03332</Y>
          <Y t="7">0.04344</Y>
          <Y t="8">0.05702</Y>
          <Y t="9">0.0729</Y>
          <Y t="10">0.09485</Y>
          <Y t="11">0.12599</Y>
          <Y t="12">0.15153</Y>
          <Y t="13">0.16737</Y>
          <Y t="14">0.18308</Y>
          <Y t="15">0.19786</Y>
          <Y t="16">0.21108</Y>
          <Y t="17">0.22779</Y>
          <Y t="18">0.24559</Y>
          <Y t="19">0.26495</Y>
          <Y t="20">0.28546</Y>
          <Y t="21">0.3067</Y>
          <Y t="22">0.32825</Y>
          <Y t="23">0.35002</Y>
          <Y t="24">0.37165</Y>
          <Y t="25">0.39279</Y>
        </Axis>
      </Axis>
      <Axis t="81">
        <Axis>
          <Y t="1">0.00516</Y>
          <Y t="2">0.00852</Y>
          <Y t="3">0.01526</Y>
          <Y t="4">0.02285</Y>
          <Y t="5">0.0296</Y>
          <Y t="6">0.03802</Y>
          <Y t="7">0.0502</Y>
          <Y t="8">0.065</Y>
          <Y t="9">0.08584</Y>
          <Y t="10">0.1124</Y>
          <Y t="11">0.14383</Y>
          <Y t="12">0.16737</Y>
          <Y t="13">0.18308</Y>
          <Y t="14">0.19786</Y>
          <Y t="15">0.21108</Y>
          <Y t="16">0.22779</Y>
          <Y t="17">0.24559</Y>
          <Y t="18">0.26495</Y>
          <Y t="19">0.28546</Y>
          <Y t="20">0.3067</Y>
          <Y t="21">0.32825</Y>
          <Y t="22">0.35002</Y>
          <Y t="23">0.37165</Y>
          <Y t="24">0.39279</Y>
          <Y t="25">0.41305</Y>
        </Axis>
      </Axis>
      <Axis t="82">
        <Axis>
          <Y t="1">0.00567</Y>
          <Y t="2">0.0095</Y>
          <Y t="3">0.01743</Y>
          <Y t="4">0.02632</Y>
          <Y t="5">0.03423</Y>
          <Y t="6">0.04365</Y>
          <Y t="7">0.05865</Y>
          <Y t="8">0.07837</Y>
          <Y t="9">0.1028</Y>
          <Y t="10">0.13785</Y>
          <Y t="11">0.16737</Y>
          <Y t="12">0.18308</Y>
          <Y t="13">0.19786</Y>
          <Y t="14">0.21108</Y>
          <Y t="15">0.22779</Y>
          <Y t="16">0.24559</Y>
          <Y t="17">0.26495</Y>
          <Y t="18">0.28546</Y>
          <Y t="19">0.3067</Y>
          <Y t="20">0.32825</Y>
          <Y t="21">0.35002</Y>
          <Y t="22">0.37165</Y>
          <Y t="23">0.39279</Y>
          <Y t="24">0.41305</Y>
          <Y t="25">0.43208</Y>
        </Axis>
      </Axis>
      <Axis t="83">
        <Axis>
          <Y t="1">0.00654</Y>
          <Y t="2">0.01108</Y>
          <Y t="3">0.0208</Y>
          <Y t="4">0.03139</Y>
          <Y t="5">0.04119</Y>
          <Y t="6">0.05287</Y>
          <Y t="7">0.07162</Y>
          <Y t="8">0.0972</Y>
          <Y t="9">0.131</Y>
          <Y t="10">0.16737</Y>
          <Y t="11">0.18308</Y>
          <Y t="12">0.19786</Y>
          <Y t="13">0.21108</Y>
          <Y t="14">0.22779</Y>
          <Y t="15">0.24559</Y>
          <Y t="16">0.26495</Y>
          <Y t="17">0.28546</Y>
          <Y t="18">0.3067</Y>
          <Y t="19">0.32825</Y>
          <Y t="20">0.35002</Y>
          <Y t="21">0.37165</Y>
          <Y t="22">0.39279</Y>
          <Y t="23">0.41305</Y>
          <Y t="24">0.43208</Y>
          <Y t="25">0.44951</Y>
        </Axis>
      </Axis>
      <Axis t="84">
        <Axis>
          <Y t="1">0.00771</Y>
          <Y t="2">0.01347</Y>
          <Y t="3">0.0261</Y>
          <Y t="4">0.03967</Y>
          <Y t="5">0.05217</Y>
          <Y t="6">0.06825</Y>
          <Y t="7">0.09216</Y>
          <Y t="8">0.12881</Y>
          <Y t="9">0.16737</Y>
          <Y t="10">0.18308</Y>
          <Y t="11">0.19786</Y>
          <Y t="12">0.21108</Y>
          <Y t="13">0.22779</Y>
          <Y t="14">0.24559</Y>
          <Y t="15">0.26495</Y>
          <Y t="16">0.28546</Y>
          <Y t="17">0.3067</Y>
          <Y t="18">0.32825</Y>
          <Y t="19">0.35002</Y>
          <Y t="20">0.37165</Y>
          <Y t="21">0.39279</Y>
          <Y t="22">0.41305</Y>
          <Y t="23">0.43208</Y>
          <Y t="24">0.44951</Y>
          <Y t="25">0.46498</Y>
        </Axis>
      </Axis>
      <Axis t="85">
        <Axis>
          <Y t="1">0.00913</Y>
          <Y t="2">0.01627</Y>
          <Y t="3">0.03217</Y>
          <Y t="4">0.04899</Y>
          <Y t="5">0.06554</Y>
          <Y t="6">0.08718</Y>
          <Y t="7">0.11906</Y>
          <Y t="8">0.15295</Y>
          <Y t="9">0.18308</Y>
          <Y t="10">0.19786</Y>
          <Y t="11">0.21108</Y>
          <Y t="12">0.22779</Y>
          <Y t="13">0.24559</Y>
          <Y t="14">0.26495</Y>
          <Y t="15">0.28546</Y>
          <Y t="16">0.3067</Y>
          <Y t="17">0.32825</Y>
          <Y t="18">0.35002</Y>
          <Y t="19">0.37165</Y>
          <Y t="20">0.39279</Y>
          <Y t="21">0.41305</Y>
          <Y t="22">0.43208</Y>
          <Y t="23">0.44951</Y>
          <Y t="24">0.46498</Y>
          <Y t="25">0.47812</Y>
        </Axis>
      </Axis>
      <Axis t="86">
        <Axis>
          <Y t="1">0.01103</Y>
          <Y t="2">0.02005</Y>
          <Y t="3">0.04056</Y>
          <Y t="4">0.06242</Y>
          <Y t="5">0.08498</Y>
          <Y t="6">0.11444</Y>
          <Y t="7">0.14903</Y>
          <Y t="8">0.18308</Y>
          <Y t="9">0.19786</Y>
          <Y t="10">0.21108</Y>
          <Y t="11">0.22779</Y>
          <Y t="12">0.24559</Y>
          <Y t="13">0.26495</Y>
          <Y t="14">0.28546</Y>
          <Y t="15">0.3067</Y>
          <Y t="16">0.32825</Y>
          <Y t="17">0.35002</Y>
          <Y t="18">0.37165</Y>
          <Y t="19">0.39279</Y>
          <Y t="20">0.41305</Y>
          <Y t="21">0.43208</Y>
          <Y t="22">0.44951</Y>
          <Y t="23">0.46498</Y>
          <Y t="24">0.47812</Y>
          <Y t="25">0.48857</Y>
        </Axis>
      </Axis>
      <Axis t="87">
        <Axis>
          <Y t="1">0.01324</Y>
          <Y t="2">0.02465</Y>
          <Y t="3">0.05087</Y>
          <Y t="4">0.07988</Y>
          <Y t="5">0.10992</Y>
          <Y t="6">0.14523</Y>
          <Y t="7">0.18308</Y>
          <Y t="8">0.19786</Y>
          <Y t="9">0.21108</Y>
          <Y t="10">0.22779</Y>
          <Y t="11">0.24559</Y>
          <Y t="12">0.26495</Y>
          <Y t="13">0.28546</Y>
          <Y t="14">0.3067</Y>
          <Y t="15">0.32825</Y>
          <Y t="16">0.35002</Y>
          <Y t="17">0.37165</Y>
          <Y t="18">0.39279</Y>
          <Y t="19">0.41305</Y>
          <Y t="20">0.43208</Y>
          <Y t="21">0.44951</Y>
          <Y t="22">0.46498</Y>
          <Y t="23">0.47812</Y>
          <Y t="24">0.48857</Y>
          <Y t="25">0.49595</Y>
        </Axis>
      </Axis>
      <Axis t="88">
        <Axis>
          <Y t="1">0.01548</Y>
          <Y t="2">0.02979</Y>
          <Y t="3">0.06271</Y>
          <Y t="4">0.10004</Y>
          <Y t="5">0.13885</Y>
          <Y t="6">0.18308</Y>
          <Y t="7">0.19786</Y>
          <Y t="8">0.21108</Y>
          <Y t="9">0.22779</Y>
          <Y t="10">0.24559</Y>
          <Y t="11">0.26495</Y>
          <Y t="12">0.28546</Y>
          <Y t="13">0.3067</Y>
          <Y t="14">0.32825</Y>
          <Y t="15">0.35002</Y>
          <Y t="16">0.37165</Y>
          <Y t="17">0.39279</Y>
          <Y t="18">0.41305</Y>
          <Y t="19">0.43208</Y>
          <Y t="20">0.44951</Y>
          <Y t="21">0.46498</Y>
          <Y t="22">0.47812</Y>
          <Y t="23">0.48857</Y>
          <Y t="24">0.49595</Y>
          <Y t="25">0.5</Y>
        </Axis>
      </Axis>
      <Axis t="89">
        <Axis>
          <Y t="1">0.01782</Y>
          <Y t="2">0.0349</Y>
          <Y t="3">0.07572</Y>
          <Y t="4">0.12262</Y>
          <Y t="5">0.16957</Y>
          <Y t="6">0.19786</Y>
          <Y t="7">0.21108</Y>
          <Y t="8">0.22779</Y>
          <Y t="9">0.24559</Y>
          <Y t="10">0.26495</Y>
          <Y t="11">0.28546</Y>
          <Y t="12">0.3067</Y>
          <Y t="13">0.32825</Y>
          <Y t="14">0.35002</Y>
          <Y t="15">0.37165</Y>
          <Y t="16">0.39279</Y>
          <Y t="17">0.41305</Y>
          <Y t="18">0.43208</Y>
          <Y t="19">0.44951</Y>
          <Y t="20">0.46498</Y>
          <Y t="21">0.47812</Y>
          <Y t="22">0.48857</Y>
          <Y t="23">0.49595</Y>
          <Y t="24">0.5</Y>
          <Y t="25">0.5</Y>
        </Axis>
      </Axis>
      <Axis t="90">
        <Axis>
          <Y t="1">0.0205</Y>
          <Y t="2">0.04087</Y>
          <Y t="3">0.09085</Y>
          <Y t="4">0.15043</Y>
          <Y t="5">0.19786</Y>
          <Y t="6">0.21108</Y>
          <Y t="7">0.22779</Y>
          <Y t="8">0.24559</Y>
          <Y t="9">0.26495</Y>
          <Y t="10">0.28546</Y>
          <Y t="11">0.3067</Y>
          <Y t="12">0.32825</Y>
          <Y t="13">0.35002</Y>
          <Y t="14">0.37165</Y>
          <Y t="15">0.39279</Y>
          <Y t="16">0.41305</Y>
          <Y t="17">0.43208</Y>
          <Y t="18">0.44951</Y>
          <Y t="19">0.46498</Y>
          <Y t="20">0.47812</Y>
          <Y t="21">0.48857</Y>
          <Y t="22">0.49595</Y>
          <Y t="23">0.5</Y>
          <Y t="24">0.5</Y>
          <Y t="25">0.5</Y>
        </Axis>
      </Axis>
      <Axis t="91">
        <Axis>
          <Y t="1">0.02593</Y>
          <Y t="2">0.06393</Y>
          <Y t="3">0.13731</Y>
          <Y t="4">0.19786</Y>
          <Y t="5">0.21108</Y>
          <Y t="6">0.22779</Y>
          <Y t="7">0.24559</Y>
          <Y t="8">0.26495</Y>
          <Y t="9">0.28546</Y>
          <Y t="10">0.3067</Y>
          <Y t="11">0.32825</Y>
          <Y t="12">0.35002</Y>
          <Y t="13">0.37165</Y>
          <Y t="14">0.39279</Y>
          <Y t="15">0.41305</Y>
          <Y t="16">0.43208</Y>
          <Y t="17">0.44951</Y>
          <Y t="18">0.46498</Y>
          <Y t="19">0.47812</Y>
          <Y t="20">0.48857</Y>
          <Y t="21">0.49595</Y>
          <Y t="22">0.5</Y>
          <Y t="23">0.5</Y>
          <Y t="24">0.5</Y>
          <Y t="25">0.5</Y>
        </Axis>
      </Axis>
      <Axis t="92">
        <Axis>
          <Y t="1">0.03701</Y>
          <Y t="2">0.09622</Y>
          <Y t="3">0.19786</Y>
          <Y t="4">0.21108</Y>
          <Y t="5">0.22779</Y>
          <Y t="6">0.24559</Y>
          <Y t="7">0.26495</Y>
          <Y t="8">0.28546</Y>
          <Y t="9">0.3067</Y>
          <Y t="10">0.32825</Y>
          <Y t="11">0.35002</Y>
          <Y t="12">0.37165</Y>
          <Y t="13">0.39279</Y>
          <Y t="14">0.41305</Y>
          <Y t="15">0.43208</Y>
          <Y t="16">0.44951</Y>
          <Y t="17">0.46498</Y>
          <Y t="18">0.47812</Y>
          <Y t="19">0.48857</Y>
          <Y t="20">0.49595</Y>
          <Y t="21">0.5</Y>
          <Y t="22">0.5</Y>
          <Y t="23">0.5</Y>
          <Y t="24">0.5</Y>
          <Y t="25">0.5</Y>
        </Axis>
      </Axis>
      <Axis t="93">
        <Axis>
          <Y t="1">0.05513</Y>
          <Y t="2">0.13961</Y>
          <Y t="3">0.21108</Y>
          <Y t="4">0.22779</Y>
          <Y t="5">0.24559</Y>
          <Y t="6">0.26495</Y>
          <Y t="7">0.28546</Y>
          <Y t="8">0.3067</Y>
          <Y t="9">0.32825</Y>
          <Y t="10">0.35002</Y>
          <Y t="11">0.37165</Y>
          <Y t="12">0.39279</Y>
          <Y t="13">0.41305</Y>
          <Y t="14">0.43208</Y>
          <Y t="15">0.44951</Y>
          <Y t="16">0.46498</Y>
          <Y t="17">0.47812</Y>
          <Y t="18">0.48857</Y>
          <Y t="19">0.49595</Y>
          <Y t="20">0.5</Y>
          <Y t="21">0.5</Y>
          <Y t="22">0.5</Y>
          <Y t="23">0.5</Y>
          <Y t="24">0.5</Y>
          <Y t="25">0.5</Y>
        </Axis>
      </Axis>
      <Axis t="94">
        <Axis>
          <Y t="1">0.08135</Y>
          <Y t="2">0.1637</Y>
          <Y t="3">0.22779</Y>
          <Y t="4">0.24559</Y>
          <Y t="5">0.26495</Y>
          <Y t="6">0.28546</Y>
          <Y t="7">0.3067</Y>
          <Y t="8">0.32825</Y>
          <Y t="9">0.35002</Y>
          <Y t="10">0.37165</Y>
          <Y t="11">0.39279</Y>
          <Y t="12">0.41305</Y>
          <Y t="13">0.43208</Y>
          <Y t="14">0.44951</Y>
          <Y t="15">0.46498</Y>
          <Y t="16">0.47812</Y>
          <Y t="17">0.48857</Y>
          <Y t="18">0.49595</Y>
          <Y t="19">0.5</Y>
          <Y t="20">0.5</Y>
          <Y t="21">0.5</Y>
          <Y t="22">0.5</Y>
          <Y t="23">0.5</Y>
          <Y t="24">0.5</Y>
          <Y t="25">0.5</Y>
        </Axis>
      </Axis>
      <Axis t="95">
        <Axis>
          <Y t="1">0.11633</Y>
          <Y t="2">0.22779</Y>
          <Y t="3">0.24559</Y>
          <Y t="4">0.26495</Y>
          <Y t="5">0.28546</Y>
          <Y t="6">0.3067</Y>
          <Y t="7">0.32825</Y>
          <Y t="8">0.35002</Y>
          <Y t="9">0.37165</Y>
          <Y t="10">0.39279</Y>
          <Y t="11">0.41305</Y>
          <Y t="12">0.43208</Y>
          <Y t="13">0.44951</Y>
          <Y t="14">0.46498</Y>
          <Y t="15">0.47812</Y>
          <Y t="16">0.48857</Y>
          <Y t="17">0.49595</Y>
          <Y t="18">0.5</Y>
          <Y t="19">0.5</Y>
          <Y t="20">0.5</Y>
          <Y t="21">0.5</Y>
          <Y t="22">0.5</Y>
          <Y t="23">0.5</Y>
          <Y t="24">0.5</Y>
          <Y t="25">0.5</Y>
        </Axis>
      </Axis>
    </Values>
  </Table>
  <Table>
    <MetaData>
      <ScalingFactor>0</ScalingFactor>
      <DataType tc="2">Floating Point</DataType>
      <Nation tc="1">United States of America</Nation>
      <TableDescription>2017 Unloaded CSO Smoker Distinct Nonsmoker, Male, Select and Ultimate Table. Basis: Age Nearest Birthday. Minimum Ultimate Age: 18. Maximum Ultimate Age: 120.</TableDescription>
      <AxisDef id="Age">
        <ScaleType tc="3">Age</ScaleType>
        <AxisName>Age</AxisName>
        <MinScaleValue>18</MinScaleValue>
        <MaxScaleValue>120</MaxScaleValue>
        <Increment>1</Increment>
      </AxisDef>
    </MetaData>
    <Values>
      <Axis>
        <Y t="18">0.00067</Y>
        <Y t="19">0.0007</Y>
        <Y t="20">0.00072</Y>
        <Y t="21">0.00075</Y>
        <Y t="22">0.00073</Y>
        <Y t="23">0.0007</Y>
        <Y t="24">0.0007</Y>
        <Y t="25">0.0007</Y>
        <Y t="26">0.00059</Y>
        <Y t="27">0.00057</Y>
        <Y t="28">0.00051</Y>
        <Y t="29">0.00047</Y>
        <Y t="30">0.00045</Y>
        <Y t="31">0.00047</Y>
        <Y t="32">0.00049</Y>
        <Y t="33">0.00055</Y>
        <Y t="34">0.00064</Y>
        <Y t="35">0.00074</Y>
        <Y t="36">0.00086</Y>
        <Y t="37">0.00098</Y>
        <Y t="38">0.00107</Y>
        <Y t="39">0.00113</Y>
        <Y t="40">0.00118</Y>
        <Y t="41">0.00125</Y>
        <Y t="42">0.00133</Y>
        <Y t="43">0.00141</Y>
        <Y t="44">0.00148</Y>
        <Y t="45">0.00152</Y>
        <Y t="46">0.00159</Y>
        <Y t="47">0.00164</Y>
        <Y t="48">0.00171</Y>
        <Y t="49">0.00179</Y>
        <Y t="50">0.00188</Y>
        <Y t="51">0.00202</Y>
        <Y t="52">0.0022</Y>
        <Y t="53">0.00241</Y>
        <Y t="54">0.00263</Y>
        <Y t="55">0.00285</Y>
        <Y t="56">0.00305</Y>
        <Y t="57">0.00325</Y>
        <Y t="58">0.00345</Y>
        <Y t="59">0.00369</Y>
        <Y t="60">0.00399</Y>
        <Y t="61">0.00438</Y>
        <Y t="62">0.00487</Y>
        <Y t="63">0.00543</Y>
        <Y t="64">0.00605</Y>
        <Y t="65">0.00673</Y>
        <Y t="66">0.00745</Y>
        <Y t="67">0.00823</Y>
        <Y t="68">0.00908</Y>
        <Y t="69">0.01006</Y>
        <Y t="70">0.0112</Y>
        <Y t="71">0.01257</Y>
        <Y t="72">0.01419</Y>
        <Y t="73">0.01608</Y>
        <Y t="74">0.01824</Y>
        <Y t="75">0.02065</Y>
        <Y t="76">0.0233</Y>
        <Y t="77">0.02621</Y>
        <Y t="78">0.02944</Y>
        <Y t="79">0.03313</Y>
        <Y t="80">0.03738</Y>
        <Y t="81">0.04236</Y>
        <Y t="82">0.04795</Y>
        <Y t="83">0.05446</Y>
        <Y t="84">0.062</Y>
        <Y t="85">0.07078</Y>
        <Y t="86">0.08095</Y>
        <Y t="87">0.09266</Y>
        <Y t="88">0.10592</Y>
        <Y t="89">0.12032</Y>
        <Y t="90">0.1357</Y>
        <Y t="91">0.15153</Y>
        <Y t="92">0.16737</Y>
        <Y t="93">0.18308</Y>
        <Y t="94">0.19786</Y>
        <Y t="95">0.21108</Y>
        <Y t="96">0.22779</Y>
        <Y t="97">0.24559</Y>
        <Y t="98">0.26495</Y>
        <Y t="99">0.28546</Y>
        <Y t="100">0.3067</Y>
        <Y t="101">0.32825</Y>
        <Y t="102">0.35002</Y>
        <Y t="103">0.37165</Y>
        <Y t="104">0.39279</Y>
        <Y t="105">0.41305</Y>
        <Y t="106">0.43208</Y>
        <Y t="107">0.44951</Y>
        <Y t="108">0.46498</Y>
        <Y t="109">0.47812</Y>
        <Y t="110">0.48857</Y>
        <Y t="111">0.49595</Y>
        <Y t="112">0.5</Y>
        <Y t="113">0.5</Y>
        <Y t="114">0.5</Y>
        <Y t="115">0.5</Y>
        <Y t="116">0.5</Y>
        <Y t="117">0.5</Y>
        <Y t="118">0.5</Y>
        <Y t="119">0.5</Y>
        <Y t="120">0.5</Y>
      </Axis>
    </Values>
  </Table>
</XTbML>