﻿<?xml version="1.0" encoding="utf-8"?>
<XTbML>
  <ContentClassification>
    <TableIdentity>3362</TableIdentity>
    <ProviderDomain>soa.org</ProviderDomain>
    <ProviderName>American Academy of Actuaries along with the Society of Actuaries</ProviderName>
    <TableReference>Joint American Academy of Actuaries' Life Experience Committee and Society of Actuaries Preferred Mortality Oversight Group CSO Development Subgroup, "Report on the 2017 CSO  and on the 2017 CSO Preferred Structure Table Development", American Academy of Actuaries, (2015). Accessed: April, 2016 from https://www.soa.org/Research/Experience-Study/Ind-Life/Valuation/2017-cso-tables.aspx</TableReference>
    <ContentType tc="85">CSO / CET</ContentType>
    <TableName>2017 Unloaded CSO Composite Female ANB</TableName>
    <TableDescription>2017 Unloaded CSO Composite, Female, Age Nearest Birthday. Minimum Age: 0. Maximum Age: 95.</TableDescription>
    <Comments>The 2017 Commissioners Standard Ordinary Tables (CSO) are a series of mortality tables developed for regulatory uses including CRVM, net premium reserves and non-forfeiture determination. The tables were based on life insurance mortality experience from 2002 to 2009, projected with improvement to 2017.  The tables include a margin to cover the variation of individual company’s mortality around the industry mean. Table uploaded: 02/2016. Select rates at ages 0-17 for certain durations and ultimate rates at ages 18-27, 29, 30, 32 and 37 were modified 09/2016. Data verified: 07/2018.</Comments>
    <KeyWord>Select</KeyWord>
    <KeyWord>CSO/CET</KeyWord>
    <KeyWord>United States of America</KeyWord>
  </ContentClassification>
  <Table>
    <MetaData>
      <ScalingFactor>0</ScalingFactor>
      <DataType tc="2">Floating Point</DataType>
      <Nation tc="1">United States of America</Nation>
      <TableDescription>2017 Unloaded CSO Composite, Female, Select and Ultimate Table. Basis: Age Nearest Birthday. Minimum Select Age: 0. Maximum Select Age: 95.</TableDescription>
      <AxisDef id="Age">
        <ScaleType tc="3">Age</ScaleType>
        <AxisName>Age</AxisName>
        <MinScaleValue>0</MinScaleValue>
        <MaxScaleValue>95</MaxScaleValue>
        <Increment>1</Increment>
      </AxisDef>
      <AxisDef id="Duration">
        <ScaleType tc="2">Ordinal Date</ScaleType>
        <AxisName>Duration</AxisName>
        <MinScaleValue>1</MinScaleValue>
        <MaxScaleValue>25</MaxScaleValue>
        <Increment>1</Increment>
      </AxisDef>
    </MetaData>
    <Values>
      <Axis t="0">
        <Axis>
          <Y t="1">0.00025</Y>
          <Y t="2">0.00014</Y>
          <Y t="3">9E-05</Y>
          <Y t="4">7E-05</Y>
          <Y t="5">6E-05</Y>
          <Y t="6">7E-05</Y>
          <Y t="7">7E-05</Y>
          <Y t="8">7E-05</Y>
          <Y t="9">7E-05</Y>
          <Y t="10">6E-05</Y>
          <Y t="11">7E-05</Y>
          <Y t="12">8E-05</Y>
          <Y t="13">7E-05</Y>
          <Y t="14">6E-05</Y>
          <Y t="15">9E-05</Y>
          <Y t="16">0.00015</Y>
          <Y t="17">0.00022</Y>
          <Y t="18">0.00026</Y>
          <Y t="19">0.00027</Y>
          <Y t="20">0.00027</Y>
          <Y t="21">0.00027</Y>
          <Y t="22">0.00027</Y>
          <Y t="23">0.0003</Y>
          <Y t="24">0.00033</Y>
          <Y t="25">0.00036</Y>
        </Axis>
      </Axis>
      <Axis t="1">
        <Axis>
          <Y t="1">0.00014</Y>
          <Y t="2">9E-05</Y>
          <Y t="3">7E-05</Y>
          <Y t="4">6E-05</Y>
          <Y t="5">7E-05</Y>
          <Y t="6">7E-05</Y>
          <Y t="7">7E-05</Y>
          <Y t="8">7E-05</Y>
          <Y t="9">6E-05</Y>
          <Y t="10">7E-05</Y>
          <Y t="11">8E-05</Y>
          <Y t="12">7E-05</Y>
          <Y t="13">6E-05</Y>
          <Y t="14">9E-05</Y>
          <Y t="15">0.00015</Y>
          <Y t="16">0.00022</Y>
          <Y t="17">0.00026</Y>
          <Y t="18">0.00027</Y>
          <Y t="19">0.00027</Y>
          <Y t="20">0.00027</Y>
          <Y t="21">0.00027</Y>
          <Y t="22">0.0003</Y>
          <Y t="23">0.00033</Y>
          <Y t="24">0.00036</Y>
          <Y t="25">0.00036</Y>
        </Axis>
      </Axis>
      <Axis t="2">
        <Axis>
          <Y t="1">9E-05</Y>
          <Y t="2">7E-05</Y>
          <Y t="3">6E-05</Y>
          <Y t="4">7E-05</Y>
          <Y t="5">7E-05</Y>
          <Y t="6">7E-05</Y>
          <Y t="7">7E-05</Y>
          <Y t="8">6E-05</Y>
          <Y t="9">7E-05</Y>
          <Y t="10">8E-05</Y>
          <Y t="11">7E-05</Y>
          <Y t="12">6E-05</Y>
          <Y t="13">9E-05</Y>
          <Y t="14">0.00015</Y>
          <Y t="15">0.00022</Y>
          <Y t="16">0.00026</Y>
          <Y t="17">0.00027</Y>
          <Y t="18">0.00027</Y>
          <Y t="19">0.00027</Y>
          <Y t="20">0.00027</Y>
          <Y t="21">0.0003</Y>
          <Y t="22">0.00033</Y>
          <Y t="23">0.00036</Y>
          <Y t="24">0.00036</Y>
          <Y t="25">0.00035</Y>
        </Axis>
      </Axis>
      <Axis t="3">
        <Axis>
          <Y t="1">7E-05</Y>
          <Y t="2">6E-05</Y>
          <Y t="3">7E-05</Y>
          <Y t="4">7E-05</Y>
          <Y t="5">7E-05</Y>
          <Y t="6">7E-05</Y>
          <Y t="7">6E-05</Y>
          <Y t="8">7E-05</Y>
          <Y t="9">8E-05</Y>
          <Y t="10">7E-05</Y>
          <Y t="11">6E-05</Y>
          <Y t="12">9E-05</Y>
          <Y t="13">0.00015</Y>
          <Y t="14">0.00022</Y>
          <Y t="15">0.00026</Y>
          <Y t="16">0.00027</Y>
          <Y t="17">0.00027</Y>
          <Y t="18">0.00027</Y>
          <Y t="19">0.00027</Y>
          <Y t="20">0.0003</Y>
          <Y t="21">0.00033</Y>
          <Y t="22">0.00036</Y>
          <Y t="23">0.00036</Y>
          <Y t="24">0.00035</Y>
          <Y t="25">0.00034</Y>
        </Axis>
      </Axis>
      <Axis t="4">
        <Axis>
          <Y t="1">6E-05</Y>
          <Y t="2">7E-05</Y>
          <Y t="3">7E-05</Y>
          <Y t="4">7E-05</Y>
          <Y t="5">7E-05</Y>
          <Y t="6">6E-05</Y>
          <Y t="7">7E-05</Y>
          <Y t="8">8E-05</Y>
          <Y t="9">7E-05</Y>
          <Y t="10">6E-05</Y>
          <Y t="11">9E-05</Y>
          <Y t="12">0.00015</Y>
          <Y t="13">0.00022</Y>
          <Y t="14">0.00026</Y>
          <Y t="15">0.00027</Y>
          <Y t="16">0.00027</Y>
          <Y t="17">0.00027</Y>
          <Y t="18">0.00027</Y>
          <Y t="19">0.0003</Y>
          <Y t="20">0.00033</Y>
          <Y t="21">0.00036</Y>
          <Y t="22">0.00036</Y>
          <Y t="23">0.00035</Y>
          <Y t="24">0.00034</Y>
          <Y t="25">0.00034</Y>
        </Axis>
      </Axis>
      <Axis t="5">
        <Axis>
          <Y t="1">7E-05</Y>
          <Y t="2">7E-05</Y>
          <Y t="3">7E-05</Y>
          <Y t="4">7E-05</Y>
          <Y t="5">6E-05</Y>
          <Y t="6">7E-05</Y>
          <Y t="7">8E-05</Y>
          <Y t="8">7E-05</Y>
          <Y t="9">6E-05</Y>
          <Y t="10">9E-05</Y>
          <Y t="11">0.00015</Y>
          <Y t="12">0.00022</Y>
          <Y t="13">0.00026</Y>
          <Y t="14">0.00027</Y>
          <Y t="15">0.00027</Y>
          <Y t="16">0.00027</Y>
          <Y t="17">0.00027</Y>
          <Y t="18">0.0003</Y>
          <Y t="19">0.00033</Y>
          <Y t="20">0.00036</Y>
          <Y t="21">0.00036</Y>
          <Y t="22">0.00035</Y>
          <Y t="23">0.00034</Y>
          <Y t="24">0.00034</Y>
          <Y t="25">0.00036</Y>
        </Axis>
      </Axis>
      <Axis t="6">
        <Axis>
          <Y t="1">7E-05</Y>
          <Y t="2">7E-05</Y>
          <Y t="3">7E-05</Y>
          <Y t="4">6E-05</Y>
          <Y t="5">7E-05</Y>
          <Y t="6">8E-05</Y>
          <Y t="7">7E-05</Y>
          <Y t="8">6E-05</Y>
          <Y t="9">9E-05</Y>
          <Y t="10">0.00015</Y>
          <Y t="11">0.00022</Y>
          <Y t="12">0.00026</Y>
          <Y t="13">0.00027</Y>
          <Y t="14">0.00027</Y>
          <Y t="15">0.00027</Y>
          <Y t="16">0.00027</Y>
          <Y t="17">0.0003</Y>
          <Y t="18">0.00033</Y>
          <Y t="19">0.00036</Y>
          <Y t="20">0.00036</Y>
          <Y t="21">0.00035</Y>
          <Y t="22">0.00034</Y>
          <Y t="23">0.00034</Y>
          <Y t="24">0.00036</Y>
          <Y t="25">0.00039</Y>
        </Axis>
      </Axis>
      <Axis t="7">
        <Axis>
          <Y t="1">7E-05</Y>
          <Y t="2">7E-05</Y>
          <Y t="3">6E-05</Y>
          <Y t="4">7E-05</Y>
          <Y t="5">8E-05</Y>
          <Y t="6">7E-05</Y>
          <Y t="7">6E-05</Y>
          <Y t="8">9E-05</Y>
          <Y t="9">0.00015</Y>
          <Y t="10">0.00022</Y>
          <Y t="11">0.00026</Y>
          <Y t="12">0.00027</Y>
          <Y t="13">0.00027</Y>
          <Y t="14">0.00027</Y>
          <Y t="15">0.00027</Y>
          <Y t="16">0.0003</Y>
          <Y t="17">0.00033</Y>
          <Y t="18">0.00036</Y>
          <Y t="19">0.00036</Y>
          <Y t="20">0.00035</Y>
          <Y t="21">0.00034</Y>
          <Y t="22">0.00034</Y>
          <Y t="23">0.00036</Y>
          <Y t="24">0.00039</Y>
          <Y t="25">0.00042</Y>
        </Axis>
      </Axis>
      <Axis t="8">
        <Axis>
          <Y t="1">7E-05</Y>
          <Y t="2">6E-05</Y>
          <Y t="3">7E-05</Y>
          <Y t="4">8E-05</Y>
          <Y t="5">7E-05</Y>
          <Y t="6">6E-05</Y>
          <Y t="7">9E-05</Y>
          <Y t="8">0.00015</Y>
          <Y t="9">0.00022</Y>
          <Y t="10">0.00026</Y>
          <Y t="11">0.00027</Y>
          <Y t="12">0.00027</Y>
          <Y t="13">0.00027</Y>
          <Y t="14">0.00027</Y>
          <Y t="15">0.0003</Y>
          <Y t="16">0.00033</Y>
          <Y t="17">0.00036</Y>
          <Y t="18">0.00036</Y>
          <Y t="19">0.00035</Y>
          <Y t="20">0.00034</Y>
          <Y t="21">0.00034</Y>
          <Y t="22">0.00036</Y>
          <Y t="23">0.00039</Y>
          <Y t="24">0.00042</Y>
          <Y t="25">0.00045</Y>
        </Axis>
      </Axis>
      <Axis t="9">
        <Axis>
          <Y t="1">6E-05</Y>
          <Y t="2">7E-05</Y>
          <Y t="3">8E-05</Y>
          <Y t="4">7E-05</Y>
          <Y t="5">6E-05</Y>
          <Y t="6">9E-05</Y>
          <Y t="7">0.00015</Y>
          <Y t="8">0.00022</Y>
          <Y t="9">0.00026</Y>
          <Y t="10">0.00027</Y>
          <Y t="11">0.00027</Y>
          <Y t="12">0.00027</Y>
          <Y t="13">0.00027</Y>
          <Y t="14">0.0003</Y>
          <Y t="15">0.00033</Y>
          <Y t="16">0.00036</Y>
          <Y t="17">0.00036</Y>
          <Y t="18">0.00035</Y>
          <Y t="19">0.00034</Y>
          <Y t="20">0.00034</Y>
          <Y t="21">0.00036</Y>
          <Y t="22">0.00039</Y>
          <Y t="23">0.00042</Y>
          <Y t="24">0.00045</Y>
          <Y t="25">0.00049</Y>
        </Axis>
      </Axis>
      <Axis t="10">
        <Axis>
          <Y t="1">7E-05</Y>
          <Y t="2">8E-05</Y>
          <Y t="3">7E-05</Y>
          <Y t="4">6E-05</Y>
          <Y t="5">9E-05</Y>
          <Y t="6">0.00015</Y>
          <Y t="7">0.00022</Y>
          <Y t="8">0.00026</Y>
          <Y t="9">0.00027</Y>
          <Y t="10">0.00027</Y>
          <Y t="11">0.00027</Y>
          <Y t="12">0.00027</Y>
          <Y t="13">0.0003</Y>
          <Y t="14">0.00033</Y>
          <Y t="15">0.00036</Y>
          <Y t="16">0.00036</Y>
          <Y t="17">0.00035</Y>
          <Y t="18">0.00034</Y>
          <Y t="19">0.00034</Y>
          <Y t="20">0.00036</Y>
          <Y t="21">0.00039</Y>
          <Y t="22">0.00042</Y>
          <Y t="23">0.00045</Y>
          <Y t="24">0.00049</Y>
          <Y t="25">0.00053</Y>
        </Axis>
      </Axis>
      <Axis t="11">
        <Axis>
          <Y t="1">8E-05</Y>
          <Y t="2">7E-05</Y>
          <Y t="3">6E-05</Y>
          <Y t="4">9E-05</Y>
          <Y t="5">0.00015</Y>
          <Y t="6">0.00022</Y>
          <Y t="7">0.00026</Y>
          <Y t="8">0.00027</Y>
          <Y t="9">0.00027</Y>
          <Y t="10">0.00027</Y>
          <Y t="11">0.00027</Y>
          <Y t="12">0.0003</Y>
          <Y t="13">0.00033</Y>
          <Y t="14">0.00036</Y>
          <Y t="15">0.00036</Y>
          <Y t="16">0.00035</Y>
          <Y t="17">0.00034</Y>
          <Y t="18">0.00034</Y>
          <Y t="19">0.00036</Y>
          <Y t="20">0.00039</Y>
          <Y t="21">0.00042</Y>
          <Y t="22">0.00045</Y>
          <Y t="23">0.00049</Y>
          <Y t="24">0.00053</Y>
          <Y t="25">0.0006</Y>
        </Axis>
      </Axis>
      <Axis t="12">
        <Axis>
          <Y t="1">7E-05</Y>
          <Y t="2">6E-05</Y>
          <Y t="3">9E-05</Y>
          <Y t="4">0.00015</Y>
          <Y t="5">0.00022</Y>
          <Y t="6">0.00026</Y>
          <Y t="7">0.00027</Y>
          <Y t="8">0.00027</Y>
          <Y t="9">0.00027</Y>
          <Y t="10">0.00027</Y>
          <Y t="11">0.0003</Y>
          <Y t="12">0.00033</Y>
          <Y t="13">0.00036</Y>
          <Y t="14">0.00036</Y>
          <Y t="15">0.00035</Y>
          <Y t="16">0.00034</Y>
          <Y t="17">0.00034</Y>
          <Y t="18">0.00036</Y>
          <Y t="19">0.00039</Y>
          <Y t="20">0.00042</Y>
          <Y t="21">0.00045</Y>
          <Y t="22">0.00049</Y>
          <Y t="23">0.00053</Y>
          <Y t="24">0.0006</Y>
          <Y t="25">0.00067</Y>
        </Axis>
      </Axis>
      <Axis t="13">
        <Axis>
          <Y t="1">6E-05</Y>
          <Y t="2">9E-05</Y>
          <Y t="3">0.00015</Y>
          <Y t="4">0.00022</Y>
          <Y t="5">0.00026</Y>
          <Y t="6">0.00027</Y>
          <Y t="7">0.00027</Y>
          <Y t="8">0.00027</Y>
          <Y t="9">0.00027</Y>
          <Y t="10">0.0003</Y>
          <Y t="11">0.00033</Y>
          <Y t="12">0.00036</Y>
          <Y t="13">0.00036</Y>
          <Y t="14">0.00035</Y>
          <Y t="15">0.00034</Y>
          <Y t="16">0.00034</Y>
          <Y t="17">0.00036</Y>
          <Y t="18">0.00039</Y>
          <Y t="19">0.00042</Y>
          <Y t="20">0.00045</Y>
          <Y t="21">0.00049</Y>
          <Y t="22">0.00053</Y>
          <Y t="23">0.0006</Y>
          <Y t="24">0.00067</Y>
          <Y t="25">0.00075</Y>
        </Axis>
      </Axis>
      <Axis t="14">
        <Axis>
          <Y t="1">9E-05</Y>
          <Y t="2">0.00015</Y>
          <Y t="3">0.00022</Y>
          <Y t="4">0.00026</Y>
          <Y t="5">0.00027</Y>
          <Y t="6">0.00027</Y>
          <Y t="7">0.00027</Y>
          <Y t="8">0.00027</Y>
          <Y t="9">0.0003</Y>
          <Y t="10">0.00033</Y>
          <Y t="11">0.00036</Y>
          <Y t="12">0.00036</Y>
          <Y t="13">0.00035</Y>
          <Y t="14">0.00034</Y>
          <Y t="15">0.00034</Y>
          <Y t="16">0.00036</Y>
          <Y t="17">0.00039</Y>
          <Y t="18">0.00042</Y>
          <Y t="19">0.00045</Y>
          <Y t="20">0.00049</Y>
          <Y t="21">0.00053</Y>
          <Y t="22">0.0006</Y>
          <Y t="23">0.00067</Y>
          <Y t="24">0.00075</Y>
          <Y t="25">0.00082</Y>
        </Axis>
      </Axis>
      <Axis t="15">
        <Axis>
          <Y t="1">0.00015</Y>
          <Y t="2">0.00022</Y>
          <Y t="3">0.00026</Y>
          <Y t="4">0.00027</Y>
          <Y t="5">0.00027</Y>
          <Y t="6">0.00027</Y>
          <Y t="7">0.00027</Y>
          <Y t="8">0.0003</Y>
          <Y t="9">0.00033</Y>
          <Y t="10">0.00036</Y>
          <Y t="11">0.00036</Y>
          <Y t="12">0.00035</Y>
          <Y t="13">0.00034</Y>
          <Y t="14">0.00034</Y>
          <Y t="15">0.00036</Y>
          <Y t="16">0.00039</Y>
          <Y t="17">0.00042</Y>
          <Y t="18">0.00045</Y>
          <Y t="19">0.00049</Y>
          <Y t="20">0.00053</Y>
          <Y t="21">0.0006</Y>
          <Y t="22">0.00067</Y>
          <Y t="23">0.00075</Y>
          <Y t="24">0.00082</Y>
          <Y t="25">0.00089</Y>
        </Axis>
      </Axis>
      <Axis t="16">
        <Axis>
          <Y t="1">0.00022</Y>
          <Y t="2">0.00026</Y>
          <Y t="3">0.00027</Y>
          <Y t="4">0.00027</Y>
          <Y t="5">0.00027</Y>
          <Y t="6">0.00027</Y>
          <Y t="7">0.0003</Y>
          <Y t="8">0.00033</Y>
          <Y t="9">0.00036</Y>
          <Y t="10">0.00036</Y>
          <Y t="11">0.00035</Y>
          <Y t="12">0.00034</Y>
          <Y t="13">0.00034</Y>
          <Y t="14">0.00036</Y>
          <Y t="15">0.00039</Y>
          <Y t="16">0.00042</Y>
          <Y t="17">0.00045</Y>
          <Y t="18">0.00049</Y>
          <Y t="19">0.00053</Y>
          <Y t="20">0.0006</Y>
          <Y t="21">0.00067</Y>
          <Y t="22">0.00075</Y>
          <Y t="23">0.00082</Y>
          <Y t="24">0.00089</Y>
          <Y t="25">0.00095</Y>
        </Axis>
      </Axis>
      <Axis t="17">
        <Axis>
          <Y t="1">0.00026</Y>
          <Y t="2">0.00027</Y>
          <Y t="3">0.00027</Y>
          <Y t="4">0.00027</Y>
          <Y t="5">0.00027</Y>
          <Y t="6">0.0003</Y>
          <Y t="7">0.00033</Y>
          <Y t="8">0.00036</Y>
          <Y t="9">0.00036</Y>
          <Y t="10">0.00035</Y>
          <Y t="11">0.00034</Y>
          <Y t="12">0.00034</Y>
          <Y t="13">0.00036</Y>
          <Y t="14">0.00039</Y>
          <Y t="15">0.00042</Y>
          <Y t="16">0.00045</Y>
          <Y t="17">0.00049</Y>
          <Y t="18">0.00053</Y>
          <Y t="19">0.0006</Y>
          <Y t="20">0.00067</Y>
          <Y t="21">0.00075</Y>
          <Y t="22">0.00082</Y>
          <Y t="23">0.00089</Y>
          <Y t="24">0.00095</Y>
          <Y t="25">0.00099</Y>
        </Axis>
      </Axis>
      <Axis t="18">
        <Axis>
          <Y t="1">0.00027</Y>
          <Y t="2">0.00027</Y>
          <Y t="3">0.00027</Y>
          <Y t="4">0.00027</Y>
          <Y t="5">0.00027</Y>
          <Y t="6">0.00028</Y>
          <Y t="7">0.00029</Y>
          <Y t="8">0.0003</Y>
          <Y t="9">0.0003</Y>
          <Y t="10">0.0003</Y>
          <Y t="11">0.00032</Y>
          <Y t="12">0.00034</Y>
          <Y t="13">0.00036</Y>
          <Y t="14">0.00038</Y>
          <Y t="15">0.00041</Y>
          <Y t="16">0.00046</Y>
          <Y t="17">0.00053</Y>
          <Y t="18">0.0006</Y>
          <Y t="19">0.00067</Y>
          <Y t="20">0.00075</Y>
          <Y t="21">0.00082</Y>
          <Y t="22">0.00089</Y>
          <Y t="23">0.00095</Y>
          <Y t="24">0.00099</Y>
          <Y t="25">0.00103</Y>
        </Axis>
      </Axis>
      <Axis t="19">
        <Axis>
          <Y t="1">0.00027</Y>
          <Y t="2">0.00027</Y>
          <Y t="3">0.00025</Y>
          <Y t="4">0.00025</Y>
          <Y t="5">0.00026</Y>
          <Y t="6">0.00028</Y>
          <Y t="7">0.00028</Y>
          <Y t="8">0.00028</Y>
          <Y t="9">0.00028</Y>
          <Y t="10">0.0003</Y>
          <Y t="11">0.00032</Y>
          <Y t="12">0.00034</Y>
          <Y t="13">0.00036</Y>
          <Y t="14">0.00038</Y>
          <Y t="15">0.00042</Y>
          <Y t="16">0.00051</Y>
          <Y t="17">0.00059</Y>
          <Y t="18">0.00067</Y>
          <Y t="19">0.00075</Y>
          <Y t="20">0.00082</Y>
          <Y t="21">0.00089</Y>
          <Y t="22">0.00095</Y>
          <Y t="23">0.00099</Y>
          <Y t="24">0.00103</Y>
          <Y t="25">0.00106</Y>
        </Axis>
      </Axis>
      <Axis t="20">
        <Axis>
          <Y t="1">0.00023</Y>
          <Y t="2">0.00023</Y>
          <Y t="3">0.00023</Y>
          <Y t="4">0.00024</Y>
          <Y t="5">0.00026</Y>
          <Y t="6">0.00026</Y>
          <Y t="7">0.00026</Y>
          <Y t="8">0.00026</Y>
          <Y t="9">0.00028</Y>
          <Y t="10">0.00031</Y>
          <Y t="11">0.00033</Y>
          <Y t="12">0.00035</Y>
          <Y t="13">0.00036</Y>
          <Y t="14">0.00039</Y>
          <Y t="15">0.00047</Y>
          <Y t="16">0.00055</Y>
          <Y t="17">0.00064</Y>
          <Y t="18">0.00074</Y>
          <Y t="19">0.00082</Y>
          <Y t="20">0.00089</Y>
          <Y t="21">0.00095</Y>
          <Y t="22">0.00099</Y>
          <Y t="23">0.00103</Y>
          <Y t="24">0.00106</Y>
          <Y t="25">0.0011</Y>
        </Axis>
      </Axis>
      <Axis t="21">
        <Axis>
          <Y t="1">0.00018</Y>
          <Y t="2">0.00021</Y>
          <Y t="3">0.00022</Y>
          <Y t="4">0.00024</Y>
          <Y t="5">0.00024</Y>
          <Y t="6">0.00024</Y>
          <Y t="7">0.00024</Y>
          <Y t="8">0.00026</Y>
          <Y t="9">0.00029</Y>
          <Y t="10">0.00032</Y>
          <Y t="11">0.00034</Y>
          <Y t="12">0.00035</Y>
          <Y t="13">0.00037</Y>
          <Y t="14">0.00045</Y>
          <Y t="15">0.00051</Y>
          <Y t="16">0.00061</Y>
          <Y t="17">0.0007</Y>
          <Y t="18">0.00079</Y>
          <Y t="19">0.00087</Y>
          <Y t="20">0.00094</Y>
          <Y t="21">0.00099</Y>
          <Y t="22">0.00103</Y>
          <Y t="23">0.00106</Y>
          <Y t="24">0.0011</Y>
          <Y t="25">0.00115</Y>
        </Axis>
      </Axis>
      <Axis t="22">
        <Axis>
          <Y t="1">0.00016</Y>
          <Y t="2">0.0002</Y>
          <Y t="3">0.00022</Y>
          <Y t="4">0.00022</Y>
          <Y t="5">0.00022</Y>
          <Y t="6">0.00022</Y>
          <Y t="7">0.00024</Y>
          <Y t="8">0.00027</Y>
          <Y t="9">0.0003</Y>
          <Y t="10">0.00033</Y>
          <Y t="11">0.00034</Y>
          <Y t="12">0.00036</Y>
          <Y t="13">0.00042</Y>
          <Y t="14">0.00048</Y>
          <Y t="15">0.00057</Y>
          <Y t="16">0.00066</Y>
          <Y t="17">0.00075</Y>
          <Y t="18">0.00083</Y>
          <Y t="19">0.00091</Y>
          <Y t="20">0.00098</Y>
          <Y t="21">0.00103</Y>
          <Y t="22">0.00106</Y>
          <Y t="23">0.0011</Y>
          <Y t="24">0.00115</Y>
          <Y t="25">0.00124</Y>
        </Axis>
      </Axis>
      <Axis t="23">
        <Axis>
          <Y t="1">0.00016</Y>
          <Y t="2">0.00019</Y>
          <Y t="3">0.0002</Y>
          <Y t="4">0.0002</Y>
          <Y t="5">0.0002</Y>
          <Y t="6">0.00022</Y>
          <Y t="7">0.00025</Y>
          <Y t="8">0.00028</Y>
          <Y t="9">0.00031</Y>
          <Y t="10">0.00033</Y>
          <Y t="11">0.00035</Y>
          <Y t="12">0.00041</Y>
          <Y t="13">0.00045</Y>
          <Y t="14">0.00054</Y>
          <Y t="15">0.00063</Y>
          <Y t="16">0.00071</Y>
          <Y t="17">0.00079</Y>
          <Y t="18">0.00086</Y>
          <Y t="19">0.00094</Y>
          <Y t="20">0.00102</Y>
          <Y t="21">0.00106</Y>
          <Y t="22">0.0011</Y>
          <Y t="23">0.00115</Y>
          <Y t="24">0.00124</Y>
          <Y t="25">0.00133</Y>
        </Axis>
      </Axis>
      <Axis t="24">
        <Axis>
          <Y t="1">0.00015</Y>
          <Y t="2">0.00018</Y>
          <Y t="3">0.00018</Y>
          <Y t="4">0.00018</Y>
          <Y t="5">0.0002</Y>
          <Y t="6">0.00022</Y>
          <Y t="7">0.00026</Y>
          <Y t="8">0.00029</Y>
          <Y t="9">0.00032</Y>
          <Y t="10">0.00035</Y>
          <Y t="11">0.0004</Y>
          <Y t="12">0.00044</Y>
          <Y t="13">0.00051</Y>
          <Y t="14">0.0006</Y>
          <Y t="15">0.00068</Y>
          <Y t="16">0.00076</Y>
          <Y t="17">0.00082</Y>
          <Y t="18">0.0009</Y>
          <Y t="19">0.00097</Y>
          <Y t="20">0.00105</Y>
          <Y t="21">0.0011</Y>
          <Y t="22">0.00115</Y>
          <Y t="23">0.00124</Y>
          <Y t="24">0.00133</Y>
          <Y t="25">0.00144</Y>
        </Axis>
      </Axis>
      <Axis t="25">
        <Axis>
          <Y t="1">0.00013</Y>
          <Y t="2">0.00016</Y>
          <Y t="3">0.00016</Y>
          <Y t="4">0.00018</Y>
          <Y t="5">0.0002</Y>
          <Y t="6">0.00023</Y>
          <Y t="7">0.00026</Y>
          <Y t="8">0.0003</Y>
          <Y t="9">0.00033</Y>
          <Y t="10">0.00038</Y>
          <Y t="11">0.00042</Y>
          <Y t="12">0.00049</Y>
          <Y t="13">0.00057</Y>
          <Y t="14">0.00065</Y>
          <Y t="15">0.00073</Y>
          <Y t="16">0.00079</Y>
          <Y t="17">0.00086</Y>
          <Y t="18">0.00093</Y>
          <Y t="19">0.00101</Y>
          <Y t="20">0.00108</Y>
          <Y t="21">0.00115</Y>
          <Y t="22">0.00124</Y>
          <Y t="23">0.00133</Y>
          <Y t="24">0.00144</Y>
          <Y t="25">0.00156</Y>
        </Axis>
      </Axis>
      <Axis t="26">
        <Axis>
          <Y t="1">0.00011</Y>
          <Y t="2">0.00014</Y>
          <Y t="3">0.00016</Y>
          <Y t="4">0.00018</Y>
          <Y t="5">0.00021</Y>
          <Y t="6">0.00024</Y>
          <Y t="7">0.00027</Y>
          <Y t="8">0.00031</Y>
          <Y t="9">0.00036</Y>
          <Y t="10">0.00041</Y>
          <Y t="11">0.00046</Y>
          <Y t="12">0.00054</Y>
          <Y t="13">0.00063</Y>
          <Y t="14">0.00071</Y>
          <Y t="15">0.00078</Y>
          <Y t="16">0.00083</Y>
          <Y t="17">0.0009</Y>
          <Y t="18">0.00097</Y>
          <Y t="19">0.00105</Y>
          <Y t="20">0.00114</Y>
          <Y t="21">0.00124</Y>
          <Y t="22">0.00133</Y>
          <Y t="23">0.00144</Y>
          <Y t="24">0.00156</Y>
          <Y t="25">0.00168</Y>
        </Axis>
      </Axis>
      <Axis t="27">
        <Axis>
          <Y t="1">0.0001</Y>
          <Y t="2">0.00014</Y>
          <Y t="3">0.00016</Y>
          <Y t="4">0.00018</Y>
          <Y t="5">0.00021</Y>
          <Y t="6">0.00024</Y>
          <Y t="7">0.00028</Y>
          <Y t="8">0.00033</Y>
          <Y t="9">0.00038</Y>
          <Y t="10">0.00044</Y>
          <Y t="11">0.00051</Y>
          <Y t="12">0.00059</Y>
          <Y t="13">0.00069</Y>
          <Y t="14">0.00076</Y>
          <Y t="15">0.00082</Y>
          <Y t="16">0.00087</Y>
          <Y t="17">0.00094</Y>
          <Y t="18">0.00102</Y>
          <Y t="19">0.00111</Y>
          <Y t="20">0.00122</Y>
          <Y t="21">0.00133</Y>
          <Y t="22">0.00144</Y>
          <Y t="23">0.00156</Y>
          <Y t="24">0.00168</Y>
          <Y t="25">0.00183</Y>
        </Axis>
      </Axis>
      <Axis t="28">
        <Axis>
          <Y t="1">9E-05</Y>
          <Y t="2">0.00014</Y>
          <Y t="3">0.00016</Y>
          <Y t="4">0.00019</Y>
          <Y t="5">0.00021</Y>
          <Y t="6">0.00025</Y>
          <Y t="7">0.00029</Y>
          <Y t="8">0.00035</Y>
          <Y t="9">0.00042</Y>
          <Y t="10">0.00048</Y>
          <Y t="11">0.00056</Y>
          <Y t="12">0.00064</Y>
          <Y t="13">0.00073</Y>
          <Y t="14">0.0008</Y>
          <Y t="15">0.00085</Y>
          <Y t="16">0.00091</Y>
          <Y t="17">0.00098</Y>
          <Y t="18">0.00107</Y>
          <Y t="19">0.00118</Y>
          <Y t="20">0.00131</Y>
          <Y t="21">0.00144</Y>
          <Y t="22">0.00156</Y>
          <Y t="23">0.00168</Y>
          <Y t="24">0.00183</Y>
          <Y t="25">0.00199</Y>
        </Axis>
      </Axis>
      <Axis t="29">
        <Axis>
          <Y t="1">9E-05</Y>
          <Y t="2">0.00014</Y>
          <Y t="3">0.00017</Y>
          <Y t="4">0.00019</Y>
          <Y t="5">0.00022</Y>
          <Y t="6">0.00027</Y>
          <Y t="7">0.00032</Y>
          <Y t="8">0.00039</Y>
          <Y t="9">0.00046</Y>
          <Y t="10">0.00053</Y>
          <Y t="11">0.00061</Y>
          <Y t="12">0.00069</Y>
          <Y t="13">0.00077</Y>
          <Y t="14">0.00083</Y>
          <Y t="15">0.00088</Y>
          <Y t="16">0.00095</Y>
          <Y t="17">0.00103</Y>
          <Y t="18">0.00114</Y>
          <Y t="19">0.00126</Y>
          <Y t="20">0.00141</Y>
          <Y t="21">0.00156</Y>
          <Y t="22">0.00168</Y>
          <Y t="23">0.00183</Y>
          <Y t="24">0.00199</Y>
          <Y t="25">0.00216</Y>
        </Axis>
      </Axis>
      <Axis t="30">
        <Axis>
          <Y t="1">0.0001</Y>
          <Y t="2">0.00015</Y>
          <Y t="3">0.00018</Y>
          <Y t="4">0.0002</Y>
          <Y t="5">0.00024</Y>
          <Y t="6">0.00029</Y>
          <Y t="7">0.00036</Y>
          <Y t="8">0.00043</Y>
          <Y t="9">0.0005</Y>
          <Y t="10">0.00058</Y>
          <Y t="11">0.00065</Y>
          <Y t="12">0.00073</Y>
          <Y t="13">0.00081</Y>
          <Y t="14">0.00086</Y>
          <Y t="15">0.00092</Y>
          <Y t="16">0.001</Y>
          <Y t="17">0.00111</Y>
          <Y t="18">0.00124</Y>
          <Y t="19">0.00137</Y>
          <Y t="20">0.00152</Y>
          <Y t="21">0.00168</Y>
          <Y t="22">0.00183</Y>
          <Y t="23">0.00199</Y>
          <Y t="24">0.00216</Y>
          <Y t="25">0.00236</Y>
        </Axis>
      </Axis>
      <Axis t="31">
        <Axis>
          <Y t="1">0.0001</Y>
          <Y t="2">0.00016</Y>
          <Y t="3">0.00019</Y>
          <Y t="4">0.00022</Y>
          <Y t="5">0.00027</Y>
          <Y t="6">0.00033</Y>
          <Y t="7">0.0004</Y>
          <Y t="8">0.00047</Y>
          <Y t="9">0.00054</Y>
          <Y t="10">0.00061</Y>
          <Y t="11">0.00068</Y>
          <Y t="12">0.00076</Y>
          <Y t="13">0.00084</Y>
          <Y t="14">0.0009</Y>
          <Y t="15">0.00097</Y>
          <Y t="16">0.00107</Y>
          <Y t="17">0.0012</Y>
          <Y t="18">0.00134</Y>
          <Y t="19">0.00148</Y>
          <Y t="20">0.00164</Y>
          <Y t="21">0.00183</Y>
          <Y t="22">0.00199</Y>
          <Y t="23">0.00216</Y>
          <Y t="24">0.00236</Y>
          <Y t="25">0.00258</Y>
        </Axis>
      </Axis>
      <Axis t="32">
        <Axis>
          <Y t="1">0.0001</Y>
          <Y t="2">0.00016</Y>
          <Y t="3">0.00021</Y>
          <Y t="4">0.00025</Y>
          <Y t="5">0.0003</Y>
          <Y t="6">0.00037</Y>
          <Y t="7">0.00044</Y>
          <Y t="8">0.00051</Y>
          <Y t="9">0.00058</Y>
          <Y t="10">0.00064</Y>
          <Y t="11">0.00071</Y>
          <Y t="12">0.00079</Y>
          <Y t="13">0.00088</Y>
          <Y t="14">0.00095</Y>
          <Y t="15">0.00105</Y>
          <Y t="16">0.00116</Y>
          <Y t="17">0.0013</Y>
          <Y t="18">0.00144</Y>
          <Y t="19">0.00159</Y>
          <Y t="20">0.00177</Y>
          <Y t="21">0.00199</Y>
          <Y t="22">0.00216</Y>
          <Y t="23">0.00236</Y>
          <Y t="24">0.00258</Y>
          <Y t="25">0.00282</Y>
        </Axis>
      </Axis>
      <Axis t="33">
        <Axis>
          <Y t="1">0.00011</Y>
          <Y t="2">0.00018</Y>
          <Y t="3">0.00023</Y>
          <Y t="4">0.00028</Y>
          <Y t="5">0.00035</Y>
          <Y t="6">0.00041</Y>
          <Y t="7">0.00048</Y>
          <Y t="8">0.00055</Y>
          <Y t="9">0.0006</Y>
          <Y t="10">0.00067</Y>
          <Y t="11">0.00074</Y>
          <Y t="12">0.00083</Y>
          <Y t="13">0.00093</Y>
          <Y t="14">0.00103</Y>
          <Y t="15">0.00114</Y>
          <Y t="16">0.00126</Y>
          <Y t="17">0.00141</Y>
          <Y t="18">0.00155</Y>
          <Y t="19">0.00171</Y>
          <Y t="20">0.00192</Y>
          <Y t="21">0.00216</Y>
          <Y t="22">0.00236</Y>
          <Y t="23">0.00258</Y>
          <Y t="24">0.00282</Y>
          <Y t="25">0.00309</Y>
        </Axis>
      </Axis>
      <Axis t="34">
        <Axis>
          <Y t="1">0.00012</Y>
          <Y t="2">0.00019</Y>
          <Y t="3">0.00026</Y>
          <Y t="4">0.00032</Y>
          <Y t="5">0.00039</Y>
          <Y t="6">0.00045</Y>
          <Y t="7">0.00052</Y>
          <Y t="8">0.00058</Y>
          <Y t="9">0.00063</Y>
          <Y t="10">0.0007</Y>
          <Y t="11">0.00077</Y>
          <Y t="12">0.00087</Y>
          <Y t="13">0.001</Y>
          <Y t="14">0.00112</Y>
          <Y t="15">0.00124</Y>
          <Y t="16">0.00137</Y>
          <Y t="17">0.00152</Y>
          <Y t="18">0.00167</Y>
          <Y t="19">0.00186</Y>
          <Y t="20">0.00209</Y>
          <Y t="21">0.00236</Y>
          <Y t="22">0.00258</Y>
          <Y t="23">0.00282</Y>
          <Y t="24">0.00309</Y>
          <Y t="25">0.0034</Y>
        </Axis>
      </Axis>
      <Axis t="35">
        <Axis>
          <Y t="1">0.00013</Y>
          <Y t="2">0.0002</Y>
          <Y t="3">0.00029</Y>
          <Y t="4">0.00037</Y>
          <Y t="5">0.00043</Y>
          <Y t="6">0.00049</Y>
          <Y t="7">0.00056</Y>
          <Y t="8">0.00062</Y>
          <Y t="9">0.00066</Y>
          <Y t="10">0.00073</Y>
          <Y t="11">0.00082</Y>
          <Y t="12">0.00096</Y>
          <Y t="13">0.0011</Y>
          <Y t="14">0.00122</Y>
          <Y t="15">0.00135</Y>
          <Y t="16">0.00148</Y>
          <Y t="17">0.00164</Y>
          <Y t="18">0.00181</Y>
          <Y t="19">0.00204</Y>
          <Y t="20">0.0023</Y>
          <Y t="21">0.00258</Y>
          <Y t="22">0.00282</Y>
          <Y t="23">0.00309</Y>
          <Y t="24">0.0034</Y>
          <Y t="25">0.00375</Y>
        </Axis>
      </Axis>
      <Axis t="36">
        <Axis>
          <Y t="1">0.00014</Y>
          <Y t="2">0.00022</Y>
          <Y t="3">0.00032</Y>
          <Y t="4">0.0004</Y>
          <Y t="5">0.00047</Y>
          <Y t="6">0.00054</Y>
          <Y t="7">0.0006</Y>
          <Y t="8">0.00065</Y>
          <Y t="9">0.00069</Y>
          <Y t="10">0.00077</Y>
          <Y t="11">0.00092</Y>
          <Y t="12">0.00105</Y>
          <Y t="13">0.00121</Y>
          <Y t="14">0.00134</Y>
          <Y t="15">0.00147</Y>
          <Y t="16">0.00162</Y>
          <Y t="17">0.00179</Y>
          <Y t="18">0.00199</Y>
          <Y t="19">0.00224</Y>
          <Y t="20">0.00253</Y>
          <Y t="21">0.00282</Y>
          <Y t="22">0.00309</Y>
          <Y t="23">0.0034</Y>
          <Y t="24">0.00375</Y>
          <Y t="25">0.00414</Y>
        </Axis>
      </Axis>
      <Axis t="37">
        <Axis>
          <Y t="1">0.00015</Y>
          <Y t="2">0.00024</Y>
          <Y t="3">0.00035</Y>
          <Y t="4">0.00045</Y>
          <Y t="5">0.00052</Y>
          <Y t="6">0.00058</Y>
          <Y t="7">0.00063</Y>
          <Y t="8">0.00068</Y>
          <Y t="9">0.00073</Y>
          <Y t="10">0.00088</Y>
          <Y t="11">0.00101</Y>
          <Y t="12">0.00116</Y>
          <Y t="13">0.00133</Y>
          <Y t="14">0.00146</Y>
          <Y t="15">0.00161</Y>
          <Y t="16">0.00176</Y>
          <Y t="17">0.00196</Y>
          <Y t="18">0.00219</Y>
          <Y t="19">0.00247</Y>
          <Y t="20">0.00278</Y>
          <Y t="21">0.00309</Y>
          <Y t="22">0.0034</Y>
          <Y t="23">0.00375</Y>
          <Y t="24">0.00414</Y>
          <Y t="25">0.00459</Y>
        </Axis>
      </Axis>
      <Axis t="38">
        <Axis>
          <Y t="1">0.00017</Y>
          <Y t="2">0.00025</Y>
          <Y t="3">0.00038</Y>
          <Y t="4">0.00049</Y>
          <Y t="5">0.00056</Y>
          <Y t="6">0.00062</Y>
          <Y t="7">0.00067</Y>
          <Y t="8">0.00072</Y>
          <Y t="9">0.00084</Y>
          <Y t="10">0.00097</Y>
          <Y t="11">0.00112</Y>
          <Y t="12">0.00128</Y>
          <Y t="13">0.00145</Y>
          <Y t="14">0.0016</Y>
          <Y t="15">0.00175</Y>
          <Y t="16">0.00193</Y>
          <Y t="17">0.00216</Y>
          <Y t="18">0.00242</Y>
          <Y t="19">0.00273</Y>
          <Y t="20">0.00306</Y>
          <Y t="21">0.0034</Y>
          <Y t="22">0.00375</Y>
          <Y t="23">0.00414</Y>
          <Y t="24">0.00459</Y>
          <Y t="25">0.0051</Y>
        </Axis>
      </Axis>
      <Axis t="39">
        <Axis>
          <Y t="1">0.00018</Y>
          <Y t="2">0.00027</Y>
          <Y t="3">0.0004</Y>
          <Y t="4">0.00051</Y>
          <Y t="5">0.0006</Y>
          <Y t="6">0.00065</Y>
          <Y t="7">0.0007</Y>
          <Y t="8">0.00081</Y>
          <Y t="9">0.00092</Y>
          <Y t="10">0.00108</Y>
          <Y t="11">0.00124</Y>
          <Y t="12">0.00141</Y>
          <Y t="13">0.00158</Y>
          <Y t="14">0.00175</Y>
          <Y t="15">0.00191</Y>
          <Y t="16">0.00212</Y>
          <Y t="17">0.00238</Y>
          <Y t="18">0.00267</Y>
          <Y t="19">0.003</Y>
          <Y t="20">0.00337</Y>
          <Y t="21">0.00375</Y>
          <Y t="22">0.00414</Y>
          <Y t="23">0.00459</Y>
          <Y t="24">0.0051</Y>
          <Y t="25">0.00567</Y>
        </Axis>
      </Axis>
      <Axis t="40">
        <Axis>
          <Y t="1">0.00019</Y>
          <Y t="2">0.00029</Y>
          <Y t="3">0.00042</Y>
          <Y t="4">0.00053</Y>
          <Y t="5">0.00063</Y>
          <Y t="6">0.00069</Y>
          <Y t="7">0.00079</Y>
          <Y t="8">0.00089</Y>
          <Y t="9">0.00102</Y>
          <Y t="10">0.00119</Y>
          <Y t="11">0.00137</Y>
          <Y t="12">0.00154</Y>
          <Y t="13">0.00173</Y>
          <Y t="14">0.00191</Y>
          <Y t="15">0.0021</Y>
          <Y t="16">0.00234</Y>
          <Y t="17">0.00262</Y>
          <Y t="18">0.00294</Y>
          <Y t="19">0.00331</Y>
          <Y t="20">0.00372</Y>
          <Y t="21">0.00414</Y>
          <Y t="22">0.00459</Y>
          <Y t="23">0.0051</Y>
          <Y t="24">0.00567</Y>
          <Y t="25">0.00631</Y>
        </Axis>
      </Axis>
      <Axis t="41">
        <Axis>
          <Y t="1">0.0002</Y>
          <Y t="2">0.0003</Y>
          <Y t="3">0.00043</Y>
          <Y t="4">0.00056</Y>
          <Y t="5">0.00067</Y>
          <Y t="6">0.00077</Y>
          <Y t="7">0.00087</Y>
          <Y t="8">0.00098</Y>
          <Y t="9">0.00113</Y>
          <Y t="10">0.00132</Y>
          <Y t="11">0.0015</Y>
          <Y t="12">0.00168</Y>
          <Y t="13">0.00188</Y>
          <Y t="14">0.00209</Y>
          <Y t="15">0.00231</Y>
          <Y t="16">0.00258</Y>
          <Y t="17">0.00289</Y>
          <Y t="18">0.00324</Y>
          <Y t="19">0.00364</Y>
          <Y t="20">0.0041</Y>
          <Y t="21">0.00459</Y>
          <Y t="22">0.0051</Y>
          <Y t="23">0.00567</Y>
          <Y t="24">0.00631</Y>
          <Y t="25">0.00702</Y>
        </Axis>
      </Axis>
      <Axis t="42">
        <Axis>
          <Y t="1">0.00021</Y>
          <Y t="2">0.00032</Y>
          <Y t="3">0.00045</Y>
          <Y t="4">0.00059</Y>
          <Y t="5">0.00073</Y>
          <Y t="6">0.00084</Y>
          <Y t="7">0.00094</Y>
          <Y t="8">0.00107</Y>
          <Y t="9">0.00124</Y>
          <Y t="10">0.00145</Y>
          <Y t="11">0.00163</Y>
          <Y t="12">0.00183</Y>
          <Y t="13">0.00205</Y>
          <Y t="14">0.00229</Y>
          <Y t="15">0.00255</Y>
          <Y t="16">0.00286</Y>
          <Y t="17">0.0032</Y>
          <Y t="18">0.00358</Y>
          <Y t="19">0.00402</Y>
          <Y t="20">0.00454</Y>
          <Y t="21">0.0051</Y>
          <Y t="22">0.00567</Y>
          <Y t="23">0.00631</Y>
          <Y t="24">0.00702</Y>
          <Y t="25">0.00781</Y>
        </Axis>
      </Axis>
      <Axis t="43">
        <Axis>
          <Y t="1">0.00022</Y>
          <Y t="2">0.00034</Y>
          <Y t="3">0.00047</Y>
          <Y t="4">0.00065</Y>
          <Y t="5">0.00079</Y>
          <Y t="6">0.00091</Y>
          <Y t="7">0.00102</Y>
          <Y t="8">0.00117</Y>
          <Y t="9">0.00137</Y>
          <Y t="10">0.00158</Y>
          <Y t="11">0.00177</Y>
          <Y t="12">0.00199</Y>
          <Y t="13">0.00225</Y>
          <Y t="14">0.00252</Y>
          <Y t="15">0.00282</Y>
          <Y t="16">0.00317</Y>
          <Y t="17">0.00354</Y>
          <Y t="18">0.00398</Y>
          <Y t="19">0.00447</Y>
          <Y t="20">0.00504</Y>
          <Y t="21">0.00567</Y>
          <Y t="22">0.00631</Y>
          <Y t="23">0.00702</Y>
          <Y t="24">0.00781</Y>
          <Y t="25">0.00869</Y>
        </Axis>
      </Axis>
      <Axis t="44">
        <Axis>
          <Y t="1">0.00023</Y>
          <Y t="2">0.00035</Y>
          <Y t="3">0.00051</Y>
          <Y t="4">0.00073</Y>
          <Y t="5">0.00086</Y>
          <Y t="6">0.00099</Y>
          <Y t="7">0.00111</Y>
          <Y t="8">0.00128</Y>
          <Y t="9">0.00149</Y>
          <Y t="10">0.00172</Y>
          <Y t="11">0.00193</Y>
          <Y t="12">0.00217</Y>
          <Y t="13">0.00246</Y>
          <Y t="14">0.00279</Y>
          <Y t="15">0.00312</Y>
          <Y t="16">0.00351</Y>
          <Y t="17">0.00392</Y>
          <Y t="18">0.00439</Y>
          <Y t="19">0.00494</Y>
          <Y t="20">0.0056</Y>
          <Y t="21">0.00631</Y>
          <Y t="22">0.00702</Y>
          <Y t="23">0.00781</Y>
          <Y t="24">0.00869</Y>
          <Y t="25">0.00966</Y>
        </Axis>
      </Axis>
      <Axis t="45">
        <Axis>
          <Y t="1">0.00026</Y>
          <Y t="2">0.00037</Y>
          <Y t="3">0.00056</Y>
          <Y t="4">0.00081</Y>
          <Y t="5">0.00094</Y>
          <Y t="6">0.00107</Y>
          <Y t="7">0.00121</Y>
          <Y t="8">0.00141</Y>
          <Y t="9">0.00163</Y>
          <Y t="10">0.00187</Y>
          <Y t="11">0.0021</Y>
          <Y t="12">0.00237</Y>
          <Y t="13">0.00272</Y>
          <Y t="14">0.00309</Y>
          <Y t="15">0.00347</Y>
          <Y t="16">0.00388</Y>
          <Y t="17">0.00435</Y>
          <Y t="18">0.0049</Y>
          <Y t="19">0.00552</Y>
          <Y t="20">0.00624</Y>
          <Y t="21">0.00702</Y>
          <Y t="22">0.00781</Y>
          <Y t="23">0.00869</Y>
          <Y t="24">0.00966</Y>
          <Y t="25">0.01073</Y>
        </Axis>
      </Axis>
      <Axis t="46">
        <Axis>
          <Y t="1">0.00028</Y>
          <Y t="2">0.00038</Y>
          <Y t="3">0.00063</Y>
          <Y t="4">0.00088</Y>
          <Y t="5">0.00102</Y>
          <Y t="6">0.00117</Y>
          <Y t="7">0.00133</Y>
          <Y t="8">0.00154</Y>
          <Y t="9">0.00178</Y>
          <Y t="10">0.00203</Y>
          <Y t="11">0.00227</Y>
          <Y t="12">0.00261</Y>
          <Y t="13">0.00302</Y>
          <Y t="14">0.00343</Y>
          <Y t="15">0.00384</Y>
          <Y t="16">0.00432</Y>
          <Y t="17">0.00486</Y>
          <Y t="18">0.00547</Y>
          <Y t="19">0.00617</Y>
          <Y t="20">0.00693</Y>
          <Y t="21">0.00781</Y>
          <Y t="22">0.00869</Y>
          <Y t="23">0.00966</Y>
          <Y t="24">0.01073</Y>
          <Y t="25">0.01191</Y>
        </Axis>
      </Axis>
      <Axis t="47">
        <Axis>
          <Y t="1">0.0003</Y>
          <Y t="2">0.0004</Y>
          <Y t="3">0.00071</Y>
          <Y t="4">0.00096</Y>
          <Y t="5">0.00111</Y>
          <Y t="6">0.00128</Y>
          <Y t="7">0.00147</Y>
          <Y t="8">0.0017</Y>
          <Y t="9">0.00194</Y>
          <Y t="10">0.00219</Y>
          <Y t="11">0.0025</Y>
          <Y t="12">0.0029</Y>
          <Y t="13">0.00336</Y>
          <Y t="14">0.0038</Y>
          <Y t="15">0.00428</Y>
          <Y t="16">0.00482</Y>
          <Y t="17">0.00544</Y>
          <Y t="18">0.00611</Y>
          <Y t="19">0.00686</Y>
          <Y t="20">0.00771</Y>
          <Y t="21">0.00869</Y>
          <Y t="22">0.00966</Y>
          <Y t="23">0.01073</Y>
          <Y t="24">0.01191</Y>
          <Y t="25">0.01319</Y>
        </Axis>
      </Axis>
      <Axis t="48">
        <Axis>
          <Y t="1">0.00032</Y>
          <Y t="2">0.00044</Y>
          <Y t="3">0.00081</Y>
          <Y t="4">0.00105</Y>
          <Y t="5">0.00123</Y>
          <Y t="6">0.00141</Y>
          <Y t="7">0.00162</Y>
          <Y t="8">0.00186</Y>
          <Y t="9">0.0021</Y>
          <Y t="10">0.0024</Y>
          <Y t="11">0.00275</Y>
          <Y t="12">0.00321</Y>
          <Y t="13">0.00374</Y>
          <Y t="14">0.00424</Y>
          <Y t="15">0.00477</Y>
          <Y t="16">0.00539</Y>
          <Y t="17">0.00608</Y>
          <Y t="18">0.00682</Y>
          <Y t="19">0.00764</Y>
          <Y t="20">0.00859</Y>
          <Y t="21">0.00966</Y>
          <Y t="22">0.01073</Y>
          <Y t="23">0.01191</Y>
          <Y t="24">0.01319</Y>
          <Y t="25">0.01459</Y>
        </Axis>
      </Axis>
      <Axis t="49">
        <Axis>
          <Y t="1">0.00033</Y>
          <Y t="2">0.0005</Y>
          <Y t="3">0.00094</Y>
          <Y t="4">0.00117</Y>
          <Y t="5">0.00136</Y>
          <Y t="6">0.00156</Y>
          <Y t="7">0.00179</Y>
          <Y t="8">0.00203</Y>
          <Y t="9">0.0023</Y>
          <Y t="10">0.00264</Y>
          <Y t="11">0.00303</Y>
          <Y t="12">0.00354</Y>
          <Y t="13">0.00412</Y>
          <Y t="14">0.00468</Y>
          <Y t="15">0.00527</Y>
          <Y t="16">0.00597</Y>
          <Y t="17">0.00676</Y>
          <Y t="18">0.00757</Y>
          <Y t="19">0.00847</Y>
          <Y t="20">0.00953</Y>
          <Y t="21">0.01073</Y>
          <Y t="22">0.01191</Y>
          <Y t="23">0.01319</Y>
          <Y t="24">0.01459</Y>
          <Y t="25">0.01614</Y>
        </Axis>
      </Axis>
      <Axis t="50">
        <Axis>
          <Y t="1">0.00035</Y>
          <Y t="2">0.0006</Y>
          <Y t="3">0.00107</Y>
          <Y t="4">0.00131</Y>
          <Y t="5">0.0015</Y>
          <Y t="6">0.00173</Y>
          <Y t="7">0.00197</Y>
          <Y t="8">0.00223</Y>
          <Y t="9">0.00253</Y>
          <Y t="10">0.00291</Y>
          <Y t="11">0.00334</Y>
          <Y t="12">0.00389</Y>
          <Y t="13">0.00451</Y>
          <Y t="14">0.00512</Y>
          <Y t="15">0.00579</Y>
          <Y t="16">0.00659</Y>
          <Y t="17">0.00745</Y>
          <Y t="18">0.00833</Y>
          <Y t="19">0.00936</Y>
          <Y t="20">0.0105</Y>
          <Y t="21">0.01191</Y>
          <Y t="22">0.01319</Y>
          <Y t="23">0.01459</Y>
          <Y t="24">0.01614</Y>
          <Y t="25">0.01786</Y>
        </Axis>
      </Axis>
      <Axis t="51">
        <Axis>
          <Y t="1">0.00037</Y>
          <Y t="2">0.00073</Y>
          <Y t="3">0.00119</Y>
          <Y t="4">0.00144</Y>
          <Y t="5">0.00166</Y>
          <Y t="6">0.00191</Y>
          <Y t="7">0.00216</Y>
          <Y t="8">0.00245</Y>
          <Y t="9">0.0028</Y>
          <Y t="10">0.00323</Y>
          <Y t="11">0.00369</Y>
          <Y t="12">0.00426</Y>
          <Y t="13">0.00491</Y>
          <Y t="14">0.00558</Y>
          <Y t="15">0.00633</Y>
          <Y t="16">0.00722</Y>
          <Y t="17">0.00816</Y>
          <Y t="18">0.00915</Y>
          <Y t="19">0.01025</Y>
          <Y t="20">0.01154</Y>
          <Y t="21">0.01319</Y>
          <Y t="22">0.01459</Y>
          <Y t="23">0.01614</Y>
          <Y t="24">0.01786</Y>
          <Y t="25">0.01981</Y>
        </Axis>
      </Axis>
      <Axis t="52">
        <Axis>
          <Y t="1">0.00039</Y>
          <Y t="2">0.00088</Y>
          <Y t="3">0.00129</Y>
          <Y t="4">0.00157</Y>
          <Y t="5">0.00182</Y>
          <Y t="6">0.00209</Y>
          <Y t="7">0.00238</Y>
          <Y t="8">0.00271</Y>
          <Y t="9">0.0031</Y>
          <Y t="10">0.00358</Y>
          <Y t="11">0.00408</Y>
          <Y t="12">0.00468</Y>
          <Y t="13">0.00536</Y>
          <Y t="14">0.00611</Y>
          <Y t="15">0.00697</Y>
          <Y t="16">0.00795</Y>
          <Y t="17">0.00894</Y>
          <Y t="18">0.01001</Y>
          <Y t="19">0.01127</Y>
          <Y t="20">0.01278</Y>
          <Y t="21">0.01459</Y>
          <Y t="22">0.01614</Y>
          <Y t="23">0.01786</Y>
          <Y t="24">0.01981</Y>
          <Y t="25">0.02201</Y>
        </Axis>
      </Axis>
      <Axis t="53">
        <Axis>
          <Y t="1">0.00041</Y>
          <Y t="2">0.00097</Y>
          <Y t="3">0.00138</Y>
          <Y t="4">0.00171</Y>
          <Y t="5">0.002</Y>
          <Y t="6">0.0023</Y>
          <Y t="7">0.00263</Y>
          <Y t="8">0.00301</Y>
          <Y t="9">0.00346</Y>
          <Y t="10">0.00399</Y>
          <Y t="11">0.00449</Y>
          <Y t="12">0.00513</Y>
          <Y t="13">0.00584</Y>
          <Y t="14">0.00669</Y>
          <Y t="15">0.00766</Y>
          <Y t="16">0.00872</Y>
          <Y t="17">0.00982</Y>
          <Y t="18">0.01105</Y>
          <Y t="19">0.01248</Y>
          <Y t="20">0.01411</Y>
          <Y t="21">0.01614</Y>
          <Y t="22">0.01786</Y>
          <Y t="23">0.01981</Y>
          <Y t="24">0.02201</Y>
          <Y t="25">0.02452</Y>
        </Axis>
      </Axis>
      <Axis t="54">
        <Axis>
          <Y t="1">0.00043</Y>
          <Y t="2">0.00102</Y>
          <Y t="3">0.00147</Y>
          <Y t="4">0.00184</Y>
          <Y t="5">0.00221</Y>
          <Y t="6">0.00255</Y>
          <Y t="7">0.00293</Y>
          <Y t="8">0.00336</Y>
          <Y t="9">0.00386</Y>
          <Y t="10">0.00443</Y>
          <Y t="11">0.00496</Y>
          <Y t="12">0.00562</Y>
          <Y t="13">0.00642</Y>
          <Y t="14">0.00737</Y>
          <Y t="15">0.00845</Y>
          <Y t="16">0.00962</Y>
          <Y t="17">0.01082</Y>
          <Y t="18">0.01223</Y>
          <Y t="19">0.01384</Y>
          <Y t="20">0.01575</Y>
          <Y t="21">0.01786</Y>
          <Y t="22">0.01981</Y>
          <Y t="23">0.02201</Y>
          <Y t="24">0.02452</Y>
          <Y t="25">0.02733</Y>
        </Axis>
      </Axis>
      <Axis t="55">
        <Axis>
          <Y t="1">0.00045</Y>
          <Y t="2">0.00106</Y>
          <Y t="3">0.00155</Y>
          <Y t="4">0.00197</Y>
          <Y t="5">0.00245</Y>
          <Y t="6">0.00284</Y>
          <Y t="7">0.00328</Y>
          <Y t="8">0.00376</Y>
          <Y t="9">0.00431</Y>
          <Y t="10">0.00489</Y>
          <Y t="11">0.00544</Y>
          <Y t="12">0.00615</Y>
          <Y t="13">0.00706</Y>
          <Y t="14">0.00813</Y>
          <Y t="15">0.00933</Y>
          <Y t="16">0.01059</Y>
          <Y t="17">0.01197</Y>
          <Y t="18">0.01355</Y>
          <Y t="19">0.01545</Y>
          <Y t="20">0.01765</Y>
          <Y t="21">0.01981</Y>
          <Y t="22">0.02201</Y>
          <Y t="23">0.02452</Y>
          <Y t="24">0.02733</Y>
          <Y t="25">0.03052</Y>
        </Axis>
      </Axis>
      <Axis t="56">
        <Axis>
          <Y t="1">0.00047</Y>
          <Y t="2">0.0011</Y>
          <Y t="3">0.00162</Y>
          <Y t="4">0.00211</Y>
          <Y t="5">0.00271</Y>
          <Y t="6">0.00317</Y>
          <Y t="7">0.00365</Y>
          <Y t="8">0.00417</Y>
          <Y t="9">0.00474</Y>
          <Y t="10">0.00532</Y>
          <Y t="11">0.00588</Y>
          <Y t="12">0.00669</Y>
          <Y t="13">0.00773</Y>
          <Y t="14">0.00894</Y>
          <Y t="15">0.01024</Y>
          <Y t="16">0.01169</Y>
          <Y t="17">0.0133</Y>
          <Y t="18">0.01511</Y>
          <Y t="19">0.01719</Y>
          <Y t="20">0.01959</Y>
          <Y t="21">0.02201</Y>
          <Y t="22">0.02452</Y>
          <Y t="23">0.02733</Y>
          <Y t="24">0.03052</Y>
          <Y t="25">0.03411</Y>
        </Axis>
      </Axis>
      <Axis t="57">
        <Axis>
          <Y t="1">0.00049</Y>
          <Y t="2">0.00115</Y>
          <Y t="3">0.00168</Y>
          <Y t="4">0.00231</Y>
          <Y t="5">0.00303</Y>
          <Y t="6">0.00354</Y>
          <Y t="7">0.00406</Y>
          <Y t="8">0.00459</Y>
          <Y t="9">0.00517</Y>
          <Y t="10">0.00574</Y>
          <Y t="11">0.00632</Y>
          <Y t="12">0.00723</Y>
          <Y t="13">0.00841</Y>
          <Y t="14">0.00977</Y>
          <Y t="15">0.01125</Y>
          <Y t="16">0.01293</Y>
          <Y t="17">0.01476</Y>
          <Y t="18">0.01675</Y>
          <Y t="19">0.01904</Y>
          <Y t="20">0.02175</Y>
          <Y t="21">0.02452</Y>
          <Y t="22">0.02733</Y>
          <Y t="23">0.03052</Y>
          <Y t="24">0.03411</Y>
          <Y t="25">0.03844</Y>
        </Axis>
      </Axis>
      <Axis t="58">
        <Axis>
          <Y t="1">0.00052</Y>
          <Y t="2">0.0012</Y>
          <Y t="3">0.00177</Y>
          <Y t="4">0.00257</Y>
          <Y t="5">0.00339</Y>
          <Y t="6">0.00394</Y>
          <Y t="7">0.00448</Y>
          <Y t="8">0.00501</Y>
          <Y t="9">0.00556</Y>
          <Y t="10">0.00615</Y>
          <Y t="11">0.00679</Y>
          <Y t="12">0.00784</Y>
          <Y t="13">0.00919</Y>
          <Y t="14">0.01072</Y>
          <Y t="15">0.01241</Y>
          <Y t="16">0.0143</Y>
          <Y t="17">0.01635</Y>
          <Y t="18">0.01858</Y>
          <Y t="19">0.02118</Y>
          <Y t="20">0.02421</Y>
          <Y t="21">0.02733</Y>
          <Y t="22">0.03052</Y>
          <Y t="23">0.03411</Y>
          <Y t="24">0.03844</Y>
          <Y t="25">0.04338</Y>
        </Axis>
      </Axis>
      <Axis t="59">
        <Axis>
          <Y t="1">0.00055</Y>
          <Y t="2">0.00126</Y>
          <Y t="3">0.0019</Y>
          <Y t="4">0.00291</Y>
          <Y t="5">0.00379</Y>
          <Y t="6">0.00435</Y>
          <Y t="7">0.00489</Y>
          <Y t="8">0.0054</Y>
          <Y t="9">0.00596</Y>
          <Y t="10">0.00658</Y>
          <Y t="11">0.00733</Y>
          <Y t="12">0.00856</Y>
          <Y t="13">0.01013</Y>
          <Y t="14">0.01184</Y>
          <Y t="15">0.01375</Y>
          <Y t="16">0.01588</Y>
          <Y t="17">0.01817</Y>
          <Y t="18">0.02065</Y>
          <Y t="19">0.02355</Y>
          <Y t="20">0.02693</Y>
          <Y t="21">0.03052</Y>
          <Y t="22">0.03411</Y>
          <Y t="23">0.03844</Y>
          <Y t="24">0.04338</Y>
          <Y t="25">0.04894</Y>
        </Axis>
      </Axis>
      <Axis t="60">
        <Axis>
          <Y t="1">0.00061</Y>
          <Y t="2">0.00133</Y>
          <Y t="3">0.00213</Y>
          <Y t="4">0.00326</Y>
          <Y t="5">0.00421</Y>
          <Y t="6">0.00476</Y>
          <Y t="7">0.00526</Y>
          <Y t="8">0.00577</Y>
          <Y t="9">0.00634</Y>
          <Y t="10">0.00706</Y>
          <Y t="11">0.00796</Y>
          <Y t="12">0.00943</Y>
          <Y t="13">0.01114</Y>
          <Y t="14">0.01303</Y>
          <Y t="15">0.01517</Y>
          <Y t="16">0.01749</Y>
          <Y t="17">0.01997</Y>
          <Y t="18">0.02261</Y>
          <Y t="19">0.02592</Y>
          <Y t="20">0.02974</Y>
          <Y t="21">0.03411</Y>
          <Y t="22">0.03844</Y>
          <Y t="23">0.04338</Y>
          <Y t="24">0.04894</Y>
          <Y t="25">0.05539</Y>
        </Axis>
      </Axis>
      <Axis t="61">
        <Axis>
          <Y t="1">0.0007</Y>
          <Y t="2">0.00141</Y>
          <Y t="3">0.00244</Y>
          <Y t="4">0.0036</Y>
          <Y t="5">0.0046</Y>
          <Y t="6">0.00511</Y>
          <Y t="7">0.0056</Y>
          <Y t="8">0.00614</Y>
          <Y t="9">0.00679</Y>
          <Y t="10">0.00764</Y>
          <Y t="11">0.00879</Y>
          <Y t="12">0.01042</Y>
          <Y t="13">0.01236</Y>
          <Y t="14">0.01451</Y>
          <Y t="15">0.01682</Y>
          <Y t="16">0.01934</Y>
          <Y t="17">0.02203</Y>
          <Y t="18">0.02507</Y>
          <Y t="19">0.02885</Y>
          <Y t="20">0.0334</Y>
          <Y t="21">0.03844</Y>
          <Y t="22">0.04338</Y>
          <Y t="23">0.04894</Y>
          <Y t="24">0.05539</Y>
          <Y t="25">0.06273</Y>
        </Axis>
      </Axis>
      <Axis t="62">
        <Axis>
          <Y t="1">0.0008</Y>
          <Y t="2">0.00156</Y>
          <Y t="3">0.00281</Y>
          <Y t="4">0.00388</Y>
          <Y t="5">0.00494</Y>
          <Y t="6">0.00544</Y>
          <Y t="7">0.00595</Y>
          <Y t="8">0.00655</Y>
          <Y t="9">0.00734</Y>
          <Y t="10">0.00841</Y>
          <Y t="11">0.00972</Y>
          <Y t="12">0.01164</Y>
          <Y t="13">0.01383</Y>
          <Y t="14">0.01617</Y>
          <Y t="15">0.0187</Y>
          <Y t="16">0.02148</Y>
          <Y t="17">0.02463</Y>
          <Y t="18">0.02845</Y>
          <Y t="19">0.03306</Y>
          <Y t="20">0.03808</Y>
          <Y t="21">0.04338</Y>
          <Y t="22">0.04894</Y>
          <Y t="23">0.05539</Y>
          <Y t="24">0.06273</Y>
          <Y t="25">0.07115</Y>
        </Axis>
      </Axis>
      <Axis t="63">
        <Axis>
          <Y t="1">0.00093</Y>
          <Y t="2">0.00175</Y>
          <Y t="3">0.00321</Y>
          <Y t="4">0.00429</Y>
          <Y t="5">0.00525</Y>
          <Y t="6">0.00579</Y>
          <Y t="7">0.00639</Y>
          <Y t="8">0.00714</Y>
          <Y t="9">0.00811</Y>
          <Y t="10">0.00931</Y>
          <Y t="11">0.0109</Y>
          <Y t="12">0.01311</Y>
          <Y t="13">0.01551</Y>
          <Y t="14">0.01808</Y>
          <Y t="15">0.02086</Y>
          <Y t="16">0.02402</Y>
          <Y t="17">0.02793</Y>
          <Y t="18">0.03234</Y>
          <Y t="19">0.03777</Y>
          <Y t="20">0.04306</Y>
          <Y t="21">0.04894</Y>
          <Y t="22">0.05539</Y>
          <Y t="23">0.06273</Y>
          <Y t="24">0.07115</Y>
          <Y t="25">0.08029</Y>
        </Axis>
      </Axis>
      <Axis t="64">
        <Axis>
          <Y t="1">0.00105</Y>
          <Y t="2">0.00208</Y>
          <Y t="3">0.00358</Y>
          <Y t="4">0.00463</Y>
          <Y t="5">0.00551</Y>
          <Y t="6">0.00618</Y>
          <Y t="7">0.007</Y>
          <Y t="8">0.00793</Y>
          <Y t="9">0.00895</Y>
          <Y t="10">0.01045</Y>
          <Y t="11">0.01229</Y>
          <Y t="12">0.01472</Y>
          <Y t="13">0.01721</Y>
          <Y t="14">0.01996</Y>
          <Y t="15">0.02311</Y>
          <Y t="16">0.02722</Y>
          <Y t="17">0.03192</Y>
          <Y t="18">0.03751</Y>
          <Y t="19">0.04281</Y>
          <Y t="20">0.04871</Y>
          <Y t="21">0.05539</Y>
          <Y t="22">0.06273</Y>
          <Y t="23">0.07115</Y>
          <Y t="24">0.08029</Y>
          <Y t="25">0.09036</Y>
        </Axis>
      </Axis>
      <Axis t="65">
        <Axis>
          <Y t="1">0.00115</Y>
          <Y t="2">0.00245</Y>
          <Y t="3">0.0039</Y>
          <Y t="4">0.00492</Y>
          <Y t="5">0.00586</Y>
          <Y t="6">0.00677</Y>
          <Y t="7">0.00776</Y>
          <Y t="8">0.00872</Y>
          <Y t="9">0.01002</Y>
          <Y t="10">0.01187</Y>
          <Y t="11">0.01393</Y>
          <Y t="12">0.01637</Y>
          <Y t="13">0.01896</Y>
          <Y t="14">0.02191</Y>
          <Y t="15">0.02553</Y>
          <Y t="16">0.03064</Y>
          <Y t="17">0.03606</Y>
          <Y t="18">0.04198</Y>
          <Y t="19">0.04774</Y>
          <Y t="20">0.0543</Y>
          <Y t="21">0.06273</Y>
          <Y t="22">0.07115</Y>
          <Y t="23">0.08029</Y>
          <Y t="24">0.09036</Y>
          <Y t="25">0.10139</Y>
        </Axis>
      </Axis>
      <Axis t="66">
        <Axis>
          <Y t="1">0.00127</Y>
          <Y t="2">0.00262</Y>
          <Y t="3">0.00418</Y>
          <Y t="4">0.00519</Y>
          <Y t="5">0.00625</Y>
          <Y t="6">0.00739</Y>
          <Y t="7">0.00849</Y>
          <Y t="8">0.0097</Y>
          <Y t="9">0.01137</Y>
          <Y t="10">0.01352</Y>
          <Y t="11">0.0157</Y>
          <Y t="12">0.01816</Y>
          <Y t="13">0.02095</Y>
          <Y t="14">0.02458</Y>
          <Y t="15">0.0289</Y>
          <Y t="16">0.03464</Y>
          <Y t="17">0.04147</Y>
          <Y t="18">0.04718</Y>
          <Y t="19">0.05371</Y>
          <Y t="20">0.06216</Y>
          <Y t="21">0.07115</Y>
          <Y t="22">0.08029</Y>
          <Y t="23">0.09036</Y>
          <Y t="24">0.10139</Y>
          <Y t="25">0.11332</Y>
        </Axis>
      </Axis>
      <Axis t="67">
        <Axis>
          <Y t="1">0.00139</Y>
          <Y t="2">0.00277</Y>
          <Y t="3">0.00443</Y>
          <Y t="4">0.00549</Y>
          <Y t="5">0.00673</Y>
          <Y t="6">0.00806</Y>
          <Y t="7">0.00935</Y>
          <Y t="8">0.01092</Y>
          <Y t="9">0.01292</Y>
          <Y t="10">0.01535</Y>
          <Y t="11">0.01766</Y>
          <Y t="12">0.02042</Y>
          <Y t="13">0.02351</Y>
          <Y t="14">0.02767</Y>
          <Y t="15">0.03276</Y>
          <Y t="16">0.03946</Y>
          <Y t="17">0.04683</Y>
          <Y t="18">0.05337</Y>
          <Y t="19">0.06188</Y>
          <Y t="20">0.0709</Y>
          <Y t="21">0.08029</Y>
          <Y t="22">0.09036</Y>
          <Y t="23">0.10139</Y>
          <Y t="24">0.11332</Y>
          <Y t="25">0.12581</Y>
        </Axis>
      </Axis>
      <Axis t="68">
        <Axis>
          <Y t="1">0.00153</Y>
          <Y t="2">0.00291</Y>
          <Y t="3">0.00469</Y>
          <Y t="4">0.00592</Y>
          <Y t="5">0.00734</Y>
          <Y t="6">0.00883</Y>
          <Y t="7">0.01045</Y>
          <Y t="8">0.01232</Y>
          <Y t="9">0.01464</Y>
          <Y t="10">0.01733</Y>
          <Y t="11">0.01984</Y>
          <Y t="12">0.02294</Y>
          <Y t="13">0.02707</Y>
          <Y t="14">0.03199</Y>
          <Y t="15">0.03707</Y>
          <Y t="16">0.04469</Y>
          <Y t="17">0.05274</Y>
          <Y t="18">0.06128</Y>
          <Y t="19">0.07025</Y>
          <Y t="20">0.07962</Y>
          <Y t="21">0.09036</Y>
          <Y t="22">0.10139</Y>
          <Y t="23">0.11332</Y>
          <Y t="24">0.12581</Y>
          <Y t="25">0.13921</Y>
        </Axis>
      </Axis>
      <Axis t="69">
        <Axis>
          <Y t="1">0.00168</Y>
          <Y t="2">0.00306</Y>
          <Y t="3">0.00496</Y>
          <Y t="4">0.00648</Y>
          <Y t="5">0.00801</Y>
          <Y t="6">0.00979</Y>
          <Y t="7">0.01166</Y>
          <Y t="8">0.01382</Y>
          <Y t="9">0.01644</Y>
          <Y t="10">0.01947</Y>
          <Y t="11">0.02234</Y>
          <Y t="12">0.02643</Y>
          <Y t="13">0.03118</Y>
          <Y t="14">0.03633</Y>
          <Y t="15">0.04326</Y>
          <Y t="16">0.05176</Y>
          <Y t="17">0.06065</Y>
          <Y t="18">0.06956</Y>
          <Y t="19">0.07892</Y>
          <Y t="20">0.08964</Y>
          <Y t="21">0.10139</Y>
          <Y t="22">0.11332</Y>
          <Y t="23">0.12581</Y>
          <Y t="24">0.13921</Y>
          <Y t="25">0.15344</Y>
        </Axis>
      </Axis>
      <Axis t="70">
        <Axis>
          <Y t="1">0.00184</Y>
          <Y t="2">0.00323</Y>
          <Y t="3">0.00528</Y>
          <Y t="4">0.00705</Y>
          <Y t="5">0.00889</Y>
          <Y t="6">0.01085</Y>
          <Y t="7">0.01291</Y>
          <Y t="8">0.01533</Y>
          <Y t="9">0.01844</Y>
          <Y t="10">0.02213</Y>
          <Y t="11">0.02578</Y>
          <Y t="12">0.03036</Y>
          <Y t="13">0.03559</Y>
          <Y t="14">0.04222</Y>
          <Y t="15">0.05077</Y>
          <Y t="16">0.05998</Y>
          <Y t="17">0.06883</Y>
          <Y t="18">0.07817</Y>
          <Y t="19">0.08889</Y>
          <Y t="20">0.10063</Y>
          <Y t="21">0.11332</Y>
          <Y t="22">0.12581</Y>
          <Y t="23">0.13921</Y>
          <Y t="24">0.15344</Y>
          <Y t="25">0.16748</Y>
        </Axis>
      </Axis>
      <Axis t="71">
        <Axis>
          <Y t="1">0.00203</Y>
          <Y t="2">0.00342</Y>
          <Y t="3">0.00564</Y>
          <Y t="4">0.00776</Y>
          <Y t="5">0.00986</Y>
          <Y t="6">0.01191</Y>
          <Y t="7">0.01411</Y>
          <Y t="8">0.01699</Y>
          <Y t="9">0.02079</Y>
          <Y t="10">0.02509</Y>
          <Y t="11">0.0295</Y>
          <Y t="12">0.03453</Y>
          <Y t="13">0.04099</Y>
          <Y t="14">0.04884</Y>
          <Y t="15">0.05814</Y>
          <Y t="16">0.06806</Y>
          <Y t="17">0.07738</Y>
          <Y t="18">0.08809</Y>
          <Y t="19">0.09983</Y>
          <Y t="20">0.11253</Y>
          <Y t="21">0.12581</Y>
          <Y t="22">0.13921</Y>
          <Y t="23">0.15344</Y>
          <Y t="24">0.16748</Y>
          <Y t="25">0.18238</Y>
        </Axis>
      </Axis>
      <Axis t="72">
        <Axis>
          <Y t="1">0.00222</Y>
          <Y t="2">0.00365</Y>
          <Y t="3">0.00607</Y>
          <Y t="4">0.00865</Y>
          <Y t="5">0.01083</Y>
          <Y t="6">0.01286</Y>
          <Y t="7">0.01541</Y>
          <Y t="8">0.01897</Y>
          <Y t="9">0.02349</Y>
          <Y t="10">0.02857</Y>
          <Y t="11">0.03353</Y>
          <Y t="12">0.03885</Y>
          <Y t="13">0.04634</Y>
          <Y t="14">0.05551</Y>
          <Y t="15">0.0662</Y>
          <Y t="16">0.07655</Y>
          <Y t="17">0.08725</Y>
          <Y t="18">0.09899</Y>
          <Y t="19">0.1117</Y>
          <Y t="20">0.125</Y>
          <Y t="21">0.13921</Y>
          <Y t="22">0.15344</Y>
          <Y t="23">0.16748</Y>
          <Y t="24">0.18238</Y>
          <Y t="25">0.20089</Y>
        </Axis>
      </Axis>
      <Axis t="73">
        <Axis>
          <Y t="1">0.00244</Y>
          <Y t="2">0.00394</Y>
          <Y t="3">0.00658</Y>
          <Y t="4">0.00955</Y>
          <Y t="5">0.01166</Y>
          <Y t="6">0.01387</Y>
          <Y t="7">0.01697</Y>
          <Y t="8">0.02119</Y>
          <Y t="9">0.02663</Y>
          <Y t="10">0.03246</Y>
          <Y t="11">0.03774</Y>
          <Y t="12">0.04437</Y>
          <Y t="13">0.05307</Y>
          <Y t="14">0.0639</Y>
          <Y t="15">0.07568</Y>
          <Y t="16">0.08637</Y>
          <Y t="17">0.09811</Y>
          <Y t="18">0.11082</Y>
          <Y t="19">0.12415</Y>
          <Y t="20">0.13839</Y>
          <Y t="21">0.15344</Y>
          <Y t="22">0.16748</Y>
          <Y t="23">0.18238</Y>
          <Y t="24">0.20089</Y>
          <Y t="25">0.22099</Y>
        </Axis>
      </Axis>
      <Axis t="74">
        <Axis>
          <Y t="1">0.00276</Y>
          <Y t="2">0.00429</Y>
          <Y t="3">0.00719</Y>
          <Y t="4">0.01033</Y>
          <Y t="5">0.01253</Y>
          <Y t="6">0.01514</Y>
          <Y t="7">0.01873</Y>
          <Y t="8">0.02382</Y>
          <Y t="9">0.03021</Y>
          <Y t="10">0.03671</Y>
          <Y t="11">0.04229</Y>
          <Y t="12">0.04993</Y>
          <Y t="13">0.06022</Y>
          <Y t="14">0.07269</Y>
          <Y t="15">0.08544</Y>
          <Y t="16">0.09718</Y>
          <Y t="17">0.1099</Y>
          <Y t="18">0.12325</Y>
          <Y t="19">0.13752</Y>
          <Y t="20">0.15263</Y>
          <Y t="21">0.16748</Y>
          <Y t="22">0.18238</Y>
          <Y t="23">0.20089</Y>
          <Y t="24">0.22099</Y>
          <Y t="25">0.24266</Y>
        </Axis>
      </Axis>
      <Axis t="75">
        <Axis>
          <Y t="1">0.00313</Y>
          <Y t="2">0.00466</Y>
          <Y t="3">0.00793</Y>
          <Y t="4">0.01118</Y>
          <Y t="5">0.01366</Y>
          <Y t="6">0.01655</Y>
          <Y t="7">0.02082</Y>
          <Y t="8">0.02684</Y>
          <Y t="9">0.03417</Y>
          <Y t="10">0.04126</Y>
          <Y t="11">0.04718</Y>
          <Y t="12">0.05653</Y>
          <Y t="13">0.06842</Y>
          <Y t="14">0.08236</Y>
          <Y t="15">0.09621</Y>
          <Y t="16">0.10893</Y>
          <Y t="17">0.12231</Y>
          <Y t="18">0.13662</Y>
          <Y t="19">0.15178</Y>
          <Y t="20">0.1667</Y>
          <Y t="21">0.18238</Y>
          <Y t="22">0.20089</Y>
          <Y t="23">0.22099</Y>
          <Y t="24">0.24266</Y>
          <Y t="25">0.26552</Y>
        </Axis>
      </Axis>
      <Axis t="76">
        <Axis>
          <Y t="1">0.00357</Y>
          <Y t="2">0.0052</Y>
          <Y t="3">0.00888</Y>
          <Y t="4">0.01244</Y>
          <Y t="5">0.01504</Y>
          <Y t="6">0.01839</Y>
          <Y t="7">0.02342</Y>
          <Y t="8">0.03042</Y>
          <Y t="9">0.03873</Y>
          <Y t="10">0.04643</Y>
          <Y t="11">0.05434</Y>
          <Y t="12">0.06569</Y>
          <Y t="13">0.07888</Y>
          <Y t="14">0.09359</Y>
          <Y t="15">0.10805</Y>
          <Y t="16">0.12143</Y>
          <Y t="17">0.13576</Y>
          <Y t="18">0.15094</Y>
          <Y t="19">0.16592</Y>
          <Y t="20">0.18168</Y>
          <Y t="21">0.20089</Y>
          <Y t="22">0.22099</Y>
          <Y t="23">0.24266</Y>
          <Y t="24">0.26552</Y>
          <Y t="25">0.28919</Y>
        </Axis>
      </Axis>
      <Axis t="77">
        <Axis>
          <Y t="1">0.00402</Y>
          <Y t="2">0.0058</Y>
          <Y t="3">0.00993</Y>
          <Y t="4">0.01381</Y>
          <Y t="5">0.01665</Y>
          <Y t="6">0.02051</Y>
          <Y t="7">0.02636</Y>
          <Y t="8">0.03444</Y>
          <Y t="9">0.0438</Y>
          <Y t="10">0.05253</Y>
          <Y t="11">0.06331</Y>
          <Y t="12">0.07597</Y>
          <Y t="13">0.09084</Y>
          <Y t="14">0.10718</Y>
          <Y t="15">0.12055</Y>
          <Y t="16">0.13489</Y>
          <Y t="17">0.15011</Y>
          <Y t="18">0.16514</Y>
          <Y t="19">0.18097</Y>
          <Y t="20">0.20027</Y>
          <Y t="21">0.22099</Y>
          <Y t="22">0.24266</Y>
          <Y t="23">0.26552</Y>
          <Y t="24">0.28919</Y>
          <Y t="25">0.3133</Y>
        </Axis>
      </Axis>
      <Axis t="78">
        <Axis>
          <Y t="1">0.00453</Y>
          <Y t="2">0.00656</Y>
          <Y t="3">0.01117</Y>
          <Y t="4">0.0154</Y>
          <Y t="5">0.01849</Y>
          <Y t="6">0.02302</Y>
          <Y t="7">0.02971</Y>
          <Y t="8">0.03901</Y>
          <Y t="9">0.04992</Y>
          <Y t="10">0.06034</Y>
          <Y t="11">0.07223</Y>
          <Y t="12">0.08724</Y>
          <Y t="13">0.10486</Y>
          <Y t="14">0.11967</Y>
          <Y t="15">0.13403</Y>
          <Y t="16">0.14928</Y>
          <Y t="17">0.16436</Y>
          <Y t="18">0.18027</Y>
          <Y t="19">0.19964</Y>
          <Y t="20">0.22048</Y>
          <Y t="21">0.24266</Y>
          <Y t="22">0.26552</Y>
          <Y t="23">0.28919</Y>
          <Y t="24">0.3133</Y>
          <Y t="25">0.33747</Y>
        </Axis>
      </Axis>
      <Axis t="79">
        <Axis>
          <Y t="1">0.00505</Y>
          <Y t="2">0.00744</Y>
          <Y t="3">0.01266</Y>
          <Y t="4">0.01714</Y>
          <Y t="5">0.02069</Y>
          <Y t="6">0.02564</Y>
          <Y t="7">0.03358</Y>
          <Y t="8">0.04467</Y>
          <Y t="9">0.05692</Y>
          <Y t="10">0.06978</Y>
          <Y t="11">0.08443</Y>
          <Y t="12">0.1023</Y>
          <Y t="13">0.1188</Y>
          <Y t="14">0.13317</Y>
          <Y t="15">0.14845</Y>
          <Y t="16">0.16358</Y>
          <Y t="17">0.17956</Y>
          <Y t="18">0.19902</Y>
          <Y t="19">0.21997</Y>
          <Y t="20">0.24229</Y>
          <Y t="21">0.26552</Y>
          <Y t="22">0.28919</Y>
          <Y t="23">0.3133</Y>
          <Y t="24">0.33747</Y>
          <Y t="25">0.36133</Y>
        </Axis>
      </Axis>
      <Axis t="80">
        <Axis>
          <Y t="1">0.0053</Y>
          <Y t="2">0.00853</Y>
          <Y t="3">0.01436</Y>
          <Y t="4">0.01911</Y>
          <Y t="5">0.02298</Y>
          <Y t="6">0.02881</Y>
          <Y t="7">0.03845</Y>
          <Y t="8">0.05128</Y>
          <Y t="9">0.06592</Y>
          <Y t="10">0.08171</Y>
          <Y t="11">0.09885</Y>
          <Y t="12">0.11792</Y>
          <Y t="13">0.1323</Y>
          <Y t="14">0.14762</Y>
          <Y t="15">0.1628</Y>
          <Y t="16">0.17885</Y>
          <Y t="17">0.1984</Y>
          <Y t="18">0.21945</Y>
          <Y t="19">0.24191</Y>
          <Y t="20">0.26532</Y>
          <Y t="21">0.28919</Y>
          <Y t="22">0.3133</Y>
          <Y t="23">0.33747</Y>
          <Y t="24">0.36133</Y>
          <Y t="25">0.3845</Y>
        </Axis>
      </Axis>
      <Axis t="81">
        <Axis>
          <Y t="1">0.00583</Y>
          <Y t="2">0.00978</Y>
          <Y t="3">0.01628</Y>
          <Y t="4">0.02111</Y>
          <Y t="5">0.02549</Y>
          <Y t="6">0.03306</Y>
          <Y t="7">0.04422</Y>
          <Y t="8">0.05905</Y>
          <Y t="9">0.07546</Y>
          <Y t="10">0.09341</Y>
          <Y t="11">0.11429</Y>
          <Y t="12">0.13144</Y>
          <Y t="13">0.14678</Y>
          <Y t="14">0.16203</Y>
          <Y t="15">0.17815</Y>
          <Y t="16">0.19778</Y>
          <Y t="17">0.21894</Y>
          <Y t="18">0.24154</Y>
          <Y t="19">0.26511</Y>
          <Y t="20">0.28919</Y>
          <Y t="21">0.3133</Y>
          <Y t="22">0.33747</Y>
          <Y t="23">0.36133</Y>
          <Y t="24">0.3845</Y>
          <Y t="25">0.4066</Y>
        </Axis>
      </Axis>
      <Axis t="82">
        <Axis>
          <Y t="1">0.00647</Y>
          <Y t="2">0.01121</Y>
          <Y t="3">0.01839</Y>
          <Y t="4">0.02316</Y>
          <Y t="5">0.02949</Y>
          <Y t="6">0.03843</Y>
          <Y t="7">0.05122</Y>
          <Y t="8">0.06856</Y>
          <Y t="9">0.08883</Y>
          <Y t="10">0.11114</Y>
          <Y t="11">0.13058</Y>
          <Y t="12">0.14595</Y>
          <Y t="13">0.16125</Y>
          <Y t="14">0.17744</Y>
          <Y t="15">0.19715</Y>
          <Y t="16">0.21843</Y>
          <Y t="17">0.24116</Y>
          <Y t="18">0.2649</Y>
          <Y t="19">0.28919</Y>
          <Y t="20">0.3133</Y>
          <Y t="21">0.33747</Y>
          <Y t="22">0.36133</Y>
          <Y t="23">0.3845</Y>
          <Y t="24">0.4066</Y>
          <Y t="25">0.42726</Y>
        </Axis>
      </Axis>
      <Axis t="83">
        <Axis>
          <Y t="1">0.0074</Y>
          <Y t="2">0.01287</Y>
          <Y t="3">0.02096</Y>
          <Y t="4">0.02708</Y>
          <Y t="5">0.03414</Y>
          <Y t="6">0.04467</Y>
          <Y t="7">0.06059</Y>
          <Y t="8">0.08303</Y>
          <Y t="9">0.10815</Y>
          <Y t="10">0.13058</Y>
          <Y t="11">0.14512</Y>
          <Y t="12">0.16047</Y>
          <Y t="13">0.17673</Y>
          <Y t="14">0.19653</Y>
          <Y t="15">0.21791</Y>
          <Y t="16">0.24078</Y>
          <Y t="17">0.2647</Y>
          <Y t="18">0.28919</Y>
          <Y t="19">0.3133</Y>
          <Y t="20">0.33747</Y>
          <Y t="21">0.36133</Y>
          <Y t="22">0.3845</Y>
          <Y t="23">0.4066</Y>
          <Y t="24">0.42726</Y>
          <Y t="25">0.44611</Y>
        </Axis>
      </Axis>
      <Axis t="84">
        <Axis>
          <Y t="1">0.00862</Y>
          <Y t="2">0.01478</Y>
          <Y t="3">0.02389</Y>
          <Y t="4">0.03171</Y>
          <Y t="5">0.04012</Y>
          <Y t="6">0.05283</Y>
          <Y t="7">0.07611</Y>
          <Y t="8">0.10389</Y>
          <Y t="9">0.13058</Y>
          <Y t="10">0.14512</Y>
          <Y t="11">0.15969</Y>
          <Y t="12">0.17603</Y>
          <Y t="13">0.19591</Y>
          <Y t="14">0.2174</Y>
          <Y t="15">0.24041</Y>
          <Y t="16">0.26449</Y>
          <Y t="17">0.28919</Y>
          <Y t="18">0.3133</Y>
          <Y t="19">0.33747</Y>
          <Y t="20">0.36133</Y>
          <Y t="21">0.3845</Y>
          <Y t="22">0.4066</Y>
          <Y t="23">0.42726</Y>
          <Y t="24">0.44611</Y>
          <Y t="25">0.46277</Y>
        </Axis>
      </Axis>
      <Axis t="85">
        <Axis>
          <Y t="1">0.0098</Y>
          <Y t="2">0.01718</Y>
          <Y t="3">0.02814</Y>
          <Y t="4">0.03723</Y>
          <Y t="5">0.04716</Y>
          <Y t="6">0.06516</Y>
          <Y t="7">0.09511</Y>
          <Y t="8">0.1236</Y>
          <Y t="9">0.14512</Y>
          <Y t="10">0.15969</Y>
          <Y t="11">0.17532</Y>
          <Y t="12">0.19529</Y>
          <Y t="13">0.21689</Y>
          <Y t="14">0.24003</Y>
          <Y t="15">0.26429</Y>
          <Y t="16">0.28919</Y>
          <Y t="17">0.3133</Y>
          <Y t="18">0.33747</Y>
          <Y t="19">0.36133</Y>
          <Y t="20">0.3845</Y>
          <Y t="21">0.4066</Y>
          <Y t="22">0.42726</Y>
          <Y t="23">0.44611</Y>
          <Y t="24">0.46277</Y>
          <Y t="25">0.47686</Y>
        </Axis>
      </Axis>
      <Axis t="86">
        <Axis>
          <Y t="1">0.01091</Y>
          <Y t="2">0.02036</Y>
          <Y t="3">0.03321</Y>
          <Y t="4">0.04378</Y>
          <Y t="5">0.05771</Y>
          <Y t="6">0.08666</Y>
          <Y t="7">0.11663</Y>
          <Y t="8">0.14512</Y>
          <Y t="9">0.15969</Y>
          <Y t="10">0.17532</Y>
          <Y t="11">0.19466</Y>
          <Y t="12">0.21637</Y>
          <Y t="13">0.23966</Y>
          <Y t="14">0.26408</Y>
          <Y t="15">0.28919</Y>
          <Y t="16">0.3133</Y>
          <Y t="17">0.33747</Y>
          <Y t="18">0.36133</Y>
          <Y t="19">0.3845</Y>
          <Y t="20">0.4066</Y>
          <Y t="21">0.42726</Y>
          <Y t="22">0.44611</Y>
          <Y t="23">0.46277</Y>
          <Y t="24">0.47686</Y>
          <Y t="25">0.488</Y>
        </Axis>
      </Axis>
      <Axis t="87">
        <Axis>
          <Y t="1">0.01212</Y>
          <Y t="2">0.02419</Y>
          <Y t="3">0.03924</Y>
          <Y t="4">0.05156</Y>
          <Y t="5">0.07493</Y>
          <Y t="6">0.11211</Y>
          <Y t="7">0.14512</Y>
          <Y t="8">0.15969</Y>
          <Y t="9">0.17532</Y>
          <Y t="10">0.19466</Y>
          <Y t="11">0.21586</Y>
          <Y t="12">0.23928</Y>
          <Y t="13">0.26388</Y>
          <Y t="14">0.28919</Y>
          <Y t="15">0.3133</Y>
          <Y t="16">0.33747</Y>
          <Y t="17">0.36133</Y>
          <Y t="18">0.3845</Y>
          <Y t="19">0.4066</Y>
          <Y t="20">0.42726</Y>
          <Y t="21">0.44611</Y>
          <Y t="22">0.46277</Y>
          <Y t="23">0.47686</Y>
          <Y t="24">0.488</Y>
          <Y t="25">0.49583</Y>
        </Axis>
      </Axis>
      <Axis t="88">
        <Axis>
          <Y t="1">0.01348</Y>
          <Y t="2">0.02874</Y>
          <Y t="3">0.0464</Y>
          <Y t="4">0.06559</Y>
          <Y t="5">0.10294</Y>
          <Y t="6">0.14512</Y>
          <Y t="7">0.15969</Y>
          <Y t="8">0.17532</Y>
          <Y t="9">0.19466</Y>
          <Y t="10">0.21586</Y>
          <Y t="11">0.2389</Y>
          <Y t="12">0.26367</Y>
          <Y t="13">0.28919</Y>
          <Y t="14">0.3133</Y>
          <Y t="15">0.33747</Y>
          <Y t="16">0.36133</Y>
          <Y t="17">0.3845</Y>
          <Y t="18">0.4066</Y>
          <Y t="19">0.42726</Y>
          <Y t="20">0.44611</Y>
          <Y t="21">0.46277</Y>
          <Y t="22">0.47686</Y>
          <Y t="23">0.488</Y>
          <Y t="24">0.49583</Y>
          <Y t="25">0.5</Y>
        </Axis>
      </Axis>
      <Axis t="89">
        <Axis>
          <Y t="1">0.01498</Y>
          <Y t="2">0.03369</Y>
          <Y t="3">0.05487</Y>
          <Y t="4">0.08582</Y>
          <Y t="5">0.13414</Y>
          <Y t="6">0.15969</Y>
          <Y t="7">0.17532</Y>
          <Y t="8">0.19466</Y>
          <Y t="9">0.21586</Y>
          <Y t="10">0.2389</Y>
          <Y t="11">0.26346</Y>
          <Y t="12">0.28919</Y>
          <Y t="13">0.3133</Y>
          <Y t="14">0.33747</Y>
          <Y t="15">0.36133</Y>
          <Y t="16">0.3845</Y>
          <Y t="17">0.4066</Y>
          <Y t="18">0.42726</Y>
          <Y t="19">0.44611</Y>
          <Y t="20">0.46277</Y>
          <Y t="21">0.47686</Y>
          <Y t="22">0.488</Y>
          <Y t="23">0.49583</Y>
          <Y t="24">0.5</Y>
          <Y t="25">0.5</Y>
        </Axis>
      </Axis>
      <Axis t="90">
        <Axis>
          <Y t="1">0.01664</Y>
          <Y t="2">0.03944</Y>
          <Y t="3">0.07057</Y>
          <Y t="4">0.1162</Y>
          <Y t="5">0.15969</Y>
          <Y t="6">0.17532</Y>
          <Y t="7">0.19466</Y>
          <Y t="8">0.21586</Y>
          <Y t="9">0.2389</Y>
          <Y t="10">0.26346</Y>
          <Y t="11">0.28919</Y>
          <Y t="12">0.3133</Y>
          <Y t="13">0.33747</Y>
          <Y t="14">0.36133</Y>
          <Y t="15">0.3845</Y>
          <Y t="16">0.4066</Y>
          <Y t="17">0.42726</Y>
          <Y t="18">0.44611</Y>
          <Y t="19">0.46277</Y>
          <Y t="20">0.47686</Y>
          <Y t="21">0.488</Y>
          <Y t="22">0.49583</Y>
          <Y t="23">0.5</Y>
          <Y t="24">0.5</Y>
          <Y t="25">0.5</Y>
        </Axis>
      </Axis>
      <Axis t="91">
        <Axis>
          <Y t="1">0.02093</Y>
          <Y t="2">0.05012</Y>
          <Y t="3">0.1068</Y>
          <Y t="4">0.15969</Y>
          <Y t="5">0.17532</Y>
          <Y t="6">0.19466</Y>
          <Y t="7">0.21586</Y>
          <Y t="8">0.2389</Y>
          <Y t="9">0.26346</Y>
          <Y t="10">0.28919</Y>
          <Y t="11">0.3133</Y>
          <Y t="12">0.33747</Y>
          <Y t="13">0.36133</Y>
          <Y t="14">0.3845</Y>
          <Y t="15">0.4066</Y>
          <Y t="16">0.42726</Y>
          <Y t="17">0.44611</Y>
          <Y t="18">0.46277</Y>
          <Y t="19">0.47686</Y>
          <Y t="20">0.488</Y>
          <Y t="21">0.49583</Y>
          <Y t="22">0.5</Y>
          <Y t="23">0.5</Y>
          <Y t="24">0.5</Y>
          <Y t="25">0.5</Y>
        </Axis>
      </Axis>
      <Axis t="92">
        <Axis>
          <Y t="1">0.02966</Y>
          <Y t="2">0.0765</Y>
          <Y t="3">0.15969</Y>
          <Y t="4">0.17532</Y>
          <Y t="5">0.19466</Y>
          <Y t="6">0.21586</Y>
          <Y t="7">0.2389</Y>
          <Y t="8">0.26346</Y>
          <Y t="9">0.28919</Y>
          <Y t="10">0.3133</Y>
          <Y t="11">0.33747</Y>
          <Y t="12">0.36133</Y>
          <Y t="13">0.3845</Y>
          <Y t="14">0.4066</Y>
          <Y t="15">0.42726</Y>
          <Y t="16">0.44611</Y>
          <Y t="17">0.46277</Y>
          <Y t="18">0.47686</Y>
          <Y t="19">0.488</Y>
          <Y t="20">0.49583</Y>
          <Y t="21">0.5</Y>
          <Y t="22">0.5</Y>
          <Y t="23">0.5</Y>
          <Y t="24">0.5</Y>
          <Y t="25">0.5</Y>
        </Axis>
      </Axis>
      <Axis t="93">
        <Axis>
          <Y t="1">0.04416</Y>
          <Y t="2">0.11261</Y>
          <Y t="3">0.17532</Y>
          <Y t="4">0.19466</Y>
          <Y t="5">0.21586</Y>
          <Y t="6">0.2389</Y>
          <Y t="7">0.26346</Y>
          <Y t="8">0.28919</Y>
          <Y t="9">0.3133</Y>
          <Y t="10">0.33747</Y>
          <Y t="11">0.36133</Y>
          <Y t="12">0.3845</Y>
          <Y t="13">0.4066</Y>
          <Y t="14">0.42726</Y>
          <Y t="15">0.44611</Y>
          <Y t="16">0.46277</Y>
          <Y t="17">0.47686</Y>
          <Y t="18">0.488</Y>
          <Y t="19">0.49583</Y>
          <Y t="20">0.5</Y>
          <Y t="21">0.5</Y>
          <Y t="22">0.5</Y>
          <Y t="23">0.5</Y>
          <Y t="24">0.5</Y>
          <Y t="25">0.5</Y>
        </Axis>
      </Axis>
      <Axis t="94">
        <Axis>
          <Y t="1">0.06553</Y>
          <Y t="2">0.13548</Y>
          <Y t="3">0.19466</Y>
          <Y t="4">0.21586</Y>
          <Y t="5">0.2389</Y>
          <Y t="6">0.26346</Y>
          <Y t="7">0.28919</Y>
          <Y t="8">0.3133</Y>
          <Y t="9">0.33747</Y>
          <Y t="10">0.36133</Y>
          <Y t="11">0.3845</Y>
          <Y t="12">0.4066</Y>
          <Y t="13">0.42726</Y>
          <Y t="14">0.44611</Y>
          <Y t="15">0.46277</Y>
          <Y t="16">0.47686</Y>
          <Y t="17">0.488</Y>
          <Y t="18">0.49583</Y>
          <Y t="19">0.5</Y>
          <Y t="20">0.5</Y>
          <Y t="21">0.5</Y>
          <Y t="22">0.5</Y>
          <Y t="23">0.5</Y>
          <Y t="24">0.5</Y>
          <Y t="25">0.5</Y>
        </Axis>
      </Axis>
      <Axis t="95">
        <Axis>
          <Y t="1">0.09564</Y>
          <Y t="2">0.19466</Y>
          <Y t="3">0.21586</Y>
          <Y t="4">0.2389</Y>
          <Y t="5">0.26346</Y>
          <Y t="6">0.28919</Y>
          <Y t="7">0.3133</Y>
          <Y t="8">0.33747</Y>
          <Y t="9">0.36133</Y>
          <Y t="10">0.3845</Y>
          <Y t="11">0.4066</Y>
          <Y t="12">0.42726</Y>
          <Y t="13">0.44611</Y>
          <Y t="14">0.46277</Y>
          <Y t="15">0.47686</Y>
          <Y t="16">0.488</Y>
          <Y t="17">0.49583</Y>
          <Y t="18">0.5</Y>
          <Y t="19">0.5</Y>
          <Y t="20">0.5</Y>
          <Y t="21">0.5</Y>
          <Y t="22">0.5</Y>
          <Y t="23">0.5</Y>
          <Y t="24">0.5</Y>
          <Y t="25">0.5</Y>
        </Axis>
      </Axis>
    </Values>
  </Table>
  <Table>
    <MetaData>
      <ScalingFactor>0</ScalingFactor>
      <DataType tc="2">Floating Point</DataType>
      <Nation tc="1">United States of America</Nation>
      <TableDescription>2017 Unloaded CSO Composite, Female, Select and Ultimate Table. Basis: Age Nearest Birthday. Minimum Ultimate Age: 0. Maximum Ultimate Age: 120</TableDescription>
      <AxisDef id="Age">
        <ScaleType tc="3">Age</ScaleType>
        <AxisName>Age</AxisName>
        <MinScaleValue>0</MinScaleValue>
        <MaxScaleValue>120</MaxScaleValue>
        <Increment>1</Increment>
      </AxisDef>
    </MetaData>
    <Values>
      <Axis>
        <Y t="0">0.00025</Y>
        <Y t="1">0.00014</Y>
        <Y t="2">9E-05</Y>
        <Y t="3">7E-05</Y>
        <Y t="4">6E-05</Y>
        <Y t="5">7E-05</Y>
        <Y t="6">7E-05</Y>
        <Y t="7">7E-05</Y>
        <Y t="8">7E-05</Y>
        <Y t="9">6E-05</Y>
        <Y t="10">7E-05</Y>
        <Y t="11">8E-05</Y>
        <Y t="12">7E-05</Y>
        <Y t="13">6E-05</Y>
        <Y t="14">9E-05</Y>
        <Y t="15">0.00015</Y>
        <Y t="16">0.00022</Y>
        <Y t="17">0.00026</Y>
        <Y t="18">0.00027</Y>
        <Y t="19">0.00027</Y>
        <Y t="20">0.00027</Y>
        <Y t="21">0.00027</Y>
        <Y t="22">0.0003</Y>
        <Y t="23">0.00033</Y>
        <Y t="24">0.00036</Y>
        <Y t="25">0.00036</Y>
        <Y t="26">0.00035</Y>
        <Y t="27">0.00034</Y>
        <Y t="28">0.00034</Y>
        <Y t="29">0.00036</Y>
        <Y t="30">0.00039</Y>
        <Y t="31">0.00042</Y>
        <Y t="32">0.00045</Y>
        <Y t="33">0.00049</Y>
        <Y t="34">0.00053</Y>
        <Y t="35">0.0006</Y>
        <Y t="36">0.00067</Y>
        <Y t="37">0.00075</Y>
        <Y t="38">0.00082</Y>
        <Y t="39">0.00089</Y>
        <Y t="40">0.00095</Y>
        <Y t="41">0.00099</Y>
        <Y t="42">0.00103</Y>
        <Y t="43">0.00106</Y>
        <Y t="44">0.0011</Y>
        <Y t="45">0.00115</Y>
        <Y t="46">0.00124</Y>
        <Y t="47">0.00133</Y>
        <Y t="48">0.00144</Y>
        <Y t="49">0.00156</Y>
        <Y t="50">0.00168</Y>
        <Y t="51">0.00183</Y>
        <Y t="52">0.00199</Y>
        <Y t="53">0.00216</Y>
        <Y t="54">0.00236</Y>
        <Y t="55">0.00258</Y>
        <Y t="56">0.00282</Y>
        <Y t="57">0.00309</Y>
        <Y t="58">0.0034</Y>
        <Y t="59">0.00375</Y>
        <Y t="60">0.00414</Y>
        <Y t="61">0.00459</Y>
        <Y t="62">0.0051</Y>
        <Y t="63">0.00567</Y>
        <Y t="64">0.00631</Y>
        <Y t="65">0.00702</Y>
        <Y t="66">0.00781</Y>
        <Y t="67">0.00869</Y>
        <Y t="68">0.00966</Y>
        <Y t="69">0.01073</Y>
        <Y t="70">0.01191</Y>
        <Y t="71">0.01319</Y>
        <Y t="72">0.01459</Y>
        <Y t="73">0.01614</Y>
        <Y t="74">0.01786</Y>
        <Y t="75">0.01981</Y>
        <Y t="76">0.02201</Y>
        <Y t="77">0.02452</Y>
        <Y t="78">0.02733</Y>
        <Y t="79">0.03052</Y>
        <Y t="80">0.03411</Y>
        <Y t="81">0.03844</Y>
        <Y t="82">0.04338</Y>
        <Y t="83">0.04894</Y>
        <Y t="84">0.05539</Y>
        <Y t="85">0.06273</Y>
        <Y t="86">0.07115</Y>
        <Y t="87">0.08029</Y>
        <Y t="88">0.09036</Y>
        <Y t="89">0.10139</Y>
        <Y t="90">0.11332</Y>
        <Y t="91">0.12581</Y>
        <Y t="92">0.13921</Y>
        <Y t="93">0.15344</Y>
        <Y t="94">0.16748</Y>
        <Y t="95">0.18238</Y>
        <Y t="96">0.20089</Y>
        <Y t="97">0.22099</Y>
        <Y t="98">0.24266</Y>
        <Y t="99">0.26552</Y>
        <Y t="100">0.28919</Y>
        <Y t="101">0.3133</Y>
        <Y t="102">0.33747</Y>
        <Y t="103">0.36133</Y>
        <Y t="104">0.3845</Y>
        <Y t="105">0.4066</Y>
        <Y t="106">0.42726</Y>
        <Y t="107">0.44611</Y>
        <Y t="108">0.46277</Y>
        <Y t="109">0.47686</Y>
        <Y t="110">0.488</Y>
        <Y t="111">0.49583</Y>
        <Y t="112">0.5</Y>
        <Y t="113">0.5</Y>
        <Y t="114">0.5</Y>
        <Y t="115">0.5</Y>
        <Y t="116">0.5</Y>
        <Y t="117">0.5</Y>
        <Y t="118">0.5</Y>
        <Y t="119">0.5</Y>
        <Y t="120">0.5</Y>
      </Axis>
    </Values>
  </Table>
</XTbML>