﻿<?xml version="1.0" encoding="utf-8"?>
<XTbML>
  <ContentClassification>
    <TableIdentity>3367</TableIdentity>
    <ProviderDomain>soa.org</ProviderDomain>
    <ProviderName>American Academy of Actuaries along with the Society of Actuaries</ProviderName>
    <TableReference>Joint American Academy of Actuaries' Life Experience Committee and Society of Actuaries Preferred Mortality Oversight Group CSO Development Subgroup, "Report on the 2017 CSO  and on the 2017 CSO Preferred Structure Table Development", American Academy of Actuaries, (2015). Accessed: April, 2016 from https://www.soa.org/Research/Experience-Study/Ind-Life/Valuation/2017-cso-tables.aspx</TableReference>
    <ContentType tc="85">CSO / CET</ContentType>
    <TableName>2017 Unloaded CSO Smoker Distinct Smoker Male ANB </TableName>
    <TableDescription>2017 Unloaded CSO Smoker Distinct Smoker, Male, Age Nearest Birthday. Minimum Age: 18. Maximum Age: 95.</TableDescription>
    <Comments>The 2017 Commissioners Standard Ordinary Tables (CSO) are a series of mortality tables developed for regulatory uses including CRVM, net premium reserves and non-forfeiture determination. The tables were based on life insurance mortality experience from 2002 to 2009, projected with improvement to 2017.  The tables include a margin to cover the variation of individual company’s mortality around the industry mean. Table uploaded: 02/2016. Select rates at ages 0-17 for certain durations and ultimate rates at ages 18-27, 29, 30, 32 and 37 were modified 09/2016. Data verified: 07/2018.</Comments>
    <KeyWord>Select</KeyWord>
    <KeyWord>CSO/CET</KeyWord>
    <KeyWord>United States of America</KeyWord>
  </ContentClassification>
  <Table>
    <MetaData>
      <ScalingFactor>0</ScalingFactor>
      <DataType tc="2">Floating Point</DataType>
      <Nation tc="1">United States of America</Nation>
      <TableDescription>2017 Unloaded CSO Smoker Distinct Smoker, Male, Select and Ultimate Table. Basis: Age Nearest Birthday. Minimum Select Age: 18. Maximum Select Age: 95.</TableDescription>
      <AxisDef id="Age">
        <ScaleType tc="3">Age</ScaleType>
        <AxisName>Age</AxisName>
        <MinScaleValue>18</MinScaleValue>
        <MaxScaleValue>95</MaxScaleValue>
        <Increment>1</Increment>
      </AxisDef>
      <AxisDef id="Duration">
        <ScaleType tc="2">Ordinal Date</ScaleType>
        <AxisName>Duration</AxisName>
        <MinScaleValue>1</MinScaleValue>
        <MaxScaleValue>25</MaxScaleValue>
        <Increment>1</Increment>
      </AxisDef>
    </MetaData>
    <Values>
      <Axis t="18">
        <Axis>
          <Y t="1">0.00067</Y>
          <Y t="2">0.0007</Y>
          <Y t="3">0.00073</Y>
          <Y t="4">0.00076</Y>
          <Y t="5">0.00078</Y>
          <Y t="6">0.00081</Y>
          <Y t="7">0.00084</Y>
          <Y t="8">0.00086</Y>
          <Y t="9">0.00086</Y>
          <Y t="10">0.00085</Y>
          <Y t="11">0.00083</Y>
          <Y t="12">0.00082</Y>
          <Y t="13">0.00082</Y>
          <Y t="14">0.00085</Y>
          <Y t="15">0.00091</Y>
          <Y t="16">0.00097</Y>
          <Y t="17">0.00105</Y>
          <Y t="18">0.00113</Y>
          <Y t="19">0.00124</Y>
          <Y t="20">0.00134</Y>
          <Y t="21">0.00146</Y>
          <Y t="22">0.00165</Y>
          <Y t="23">0.00186</Y>
          <Y t="24">0.00209</Y>
          <Y t="25">0.00231</Y>
        </Axis>
      </Axis>
      <Axis t="19">
        <Axis>
          <Y t="1">0.00063</Y>
          <Y t="2">0.00066</Y>
          <Y t="3">0.00068</Y>
          <Y t="4">0.00071</Y>
          <Y t="5">0.00074</Y>
          <Y t="6">0.00076</Y>
          <Y t="7">0.00079</Y>
          <Y t="8">0.00079</Y>
          <Y t="9">0.00079</Y>
          <Y t="10">0.00078</Y>
          <Y t="11">0.00078</Y>
          <Y t="12">0.00078</Y>
          <Y t="13">0.00082</Y>
          <Y t="14">0.00087</Y>
          <Y t="15">0.00094</Y>
          <Y t="16">0.00101</Y>
          <Y t="17">0.00109</Y>
          <Y t="18">0.0012</Y>
          <Y t="19">0.00129</Y>
          <Y t="20">0.00145</Y>
          <Y t="21">0.00163</Y>
          <Y t="22">0.00185</Y>
          <Y t="23">0.00207</Y>
          <Y t="24">0.00229</Y>
          <Y t="25">0.00249</Y>
        </Axis>
      </Axis>
      <Axis t="20">
        <Axis>
          <Y t="1">0.00061</Y>
          <Y t="2">0.00063</Y>
          <Y t="3">0.00065</Y>
          <Y t="4">0.00068</Y>
          <Y t="5">0.0007</Y>
          <Y t="6">0.00072</Y>
          <Y t="7">0.00073</Y>
          <Y t="8">0.00074</Y>
          <Y t="9">0.00074</Y>
          <Y t="10">0.00073</Y>
          <Y t="11">0.00075</Y>
          <Y t="12">0.00078</Y>
          <Y t="13">0.00084</Y>
          <Y t="14">0.0009</Y>
          <Y t="15">0.00098</Y>
          <Y t="16">0.00106</Y>
          <Y t="17">0.00116</Y>
          <Y t="18">0.00125</Y>
          <Y t="19">0.00144</Y>
          <Y t="20">0.00162</Y>
          <Y t="21">0.00183</Y>
          <Y t="22">0.00206</Y>
          <Y t="23">0.00228</Y>
          <Y t="24">0.00248</Y>
          <Y t="25">0.00264</Y>
        </Axis>
      </Axis>
      <Axis t="21">
        <Axis>
          <Y t="1">0.00057</Y>
          <Y t="2">0.00059</Y>
          <Y t="3">0.00061</Y>
          <Y t="4">0.00063</Y>
          <Y t="5">0.00065</Y>
          <Y t="6">0.00067</Y>
          <Y t="7">0.00069</Y>
          <Y t="8">0.00069</Y>
          <Y t="9">0.00069</Y>
          <Y t="10">0.00071</Y>
          <Y t="11">0.00074</Y>
          <Y t="12">0.0008</Y>
          <Y t="13">0.00087</Y>
          <Y t="14">0.00095</Y>
          <Y t="15">0.00102</Y>
          <Y t="16">0.00112</Y>
          <Y t="17">0.00121</Y>
          <Y t="18">0.00142</Y>
          <Y t="19">0.0016</Y>
          <Y t="20">0.00182</Y>
          <Y t="21">0.00204</Y>
          <Y t="22">0.00227</Y>
          <Y t="23">0.00246</Y>
          <Y t="24">0.00263</Y>
          <Y t="25">0.00276</Y>
        </Axis>
      </Axis>
      <Axis t="22">
        <Axis>
          <Y t="1">0.00053</Y>
          <Y t="2">0.00054</Y>
          <Y t="3">0.00056</Y>
          <Y t="4">0.00057</Y>
          <Y t="5">0.00061</Y>
          <Y t="6">0.00063</Y>
          <Y t="7">0.00064</Y>
          <Y t="8">0.00065</Y>
          <Y t="9">0.00067</Y>
          <Y t="10">0.00071</Y>
          <Y t="11">0.00077</Y>
          <Y t="12">0.00083</Y>
          <Y t="13">0.00091</Y>
          <Y t="14">0.00099</Y>
          <Y t="15">0.00109</Y>
          <Y t="16">0.00118</Y>
          <Y t="17">0.00141</Y>
          <Y t="18">0.00158</Y>
          <Y t="19">0.00179</Y>
          <Y t="20">0.00202</Y>
          <Y t="21">0.00225</Y>
          <Y t="22">0.00245</Y>
          <Y t="23">0.00261</Y>
          <Y t="24">0.00275</Y>
          <Y t="25">0.00295</Y>
        </Axis>
      </Axis>
      <Axis t="23">
        <Axis>
          <Y t="1">0.00048</Y>
          <Y t="2">0.00049</Y>
          <Y t="3">0.0005</Y>
          <Y t="4">0.00055</Y>
          <Y t="5">0.00058</Y>
          <Y t="6">0.0006</Y>
          <Y t="7">0.00061</Y>
          <Y t="8">0.00063</Y>
          <Y t="9">0.00067</Y>
          <Y t="10">0.00073</Y>
          <Y t="11">0.0008</Y>
          <Y t="12">0.00087</Y>
          <Y t="13">0.00095</Y>
          <Y t="14">0.00105</Y>
          <Y t="15">0.00114</Y>
          <Y t="16">0.00139</Y>
          <Y t="17">0.00156</Y>
          <Y t="18">0.00177</Y>
          <Y t="19">0.002</Y>
          <Y t="20">0.00223</Y>
          <Y t="21">0.00243</Y>
          <Y t="22">0.0026</Y>
          <Y t="23">0.00273</Y>
          <Y t="24">0.00293</Y>
          <Y t="25">0.00315</Y>
        </Axis>
      </Axis>
      <Axis t="24">
        <Axis>
          <Y t="1">0.00045</Y>
          <Y t="2">0.00047</Y>
          <Y t="3">0.00049</Y>
          <Y t="4">0.00052</Y>
          <Y t="5">0.00055</Y>
          <Y t="6">0.00057</Y>
          <Y t="7">0.00059</Y>
          <Y t="8">0.00063</Y>
          <Y t="9">0.00069</Y>
          <Y t="10">0.00076</Y>
          <Y t="11">0.00084</Y>
          <Y t="12">0.00091</Y>
          <Y t="13">0.00101</Y>
          <Y t="14">0.0011</Y>
          <Y t="15">0.00136</Y>
          <Y t="16">0.00154</Y>
          <Y t="17">0.00174</Y>
          <Y t="18">0.00197</Y>
          <Y t="19">0.0022</Y>
          <Y t="20">0.00241</Y>
          <Y t="21">0.00258</Y>
          <Y t="22">0.00272</Y>
          <Y t="23">0.00292</Y>
          <Y t="24">0.00313</Y>
          <Y t="25">0.00336</Y>
        </Axis>
      </Axis>
      <Axis t="25">
        <Axis>
          <Y t="1">0.00041</Y>
          <Y t="2">0.00045</Y>
          <Y t="3">0.00047</Y>
          <Y t="4">0.0005</Y>
          <Y t="5">0.00052</Y>
          <Y t="6">0.00055</Y>
          <Y t="7">0.0006</Y>
          <Y t="8">0.00066</Y>
          <Y t="9">0.00073</Y>
          <Y t="10">0.0008</Y>
          <Y t="11">0.00088</Y>
          <Y t="12">0.00097</Y>
          <Y t="13">0.00106</Y>
          <Y t="14">0.00131</Y>
          <Y t="15">0.0015</Y>
          <Y t="16">0.00171</Y>
          <Y t="17">0.00194</Y>
          <Y t="18">0.00217</Y>
          <Y t="19">0.00239</Y>
          <Y t="20">0.00257</Y>
          <Y t="21">0.00272</Y>
          <Y t="22">0.00292</Y>
          <Y t="23">0.00312</Y>
          <Y t="24">0.00336</Y>
          <Y t="25">0.0036</Y>
        </Axis>
      </Axis>
      <Axis t="26">
        <Axis>
          <Y t="1">0.00038</Y>
          <Y t="2">0.00043</Y>
          <Y t="3">0.00045</Y>
          <Y t="4">0.00048</Y>
          <Y t="5">0.00052</Y>
          <Y t="6">0.00056</Y>
          <Y t="7">0.00062</Y>
          <Y t="8">0.00069</Y>
          <Y t="9">0.00077</Y>
          <Y t="10">0.00085</Y>
          <Y t="11">0.00094</Y>
          <Y t="12">0.00102</Y>
          <Y t="13">0.00123</Y>
          <Y t="14">0.00144</Y>
          <Y t="15">0.00166</Y>
          <Y t="16">0.0019</Y>
          <Y t="17">0.00214</Y>
          <Y t="18">0.00236</Y>
          <Y t="19">0.00255</Y>
          <Y t="20">0.00271</Y>
          <Y t="21">0.00292</Y>
          <Y t="22">0.00312</Y>
          <Y t="23">0.00335</Y>
          <Y t="24">0.0036</Y>
          <Y t="25">0.00387</Y>
        </Axis>
      </Axis>
      <Axis t="27">
        <Axis>
          <Y t="1">0.00035</Y>
          <Y t="2">0.00041</Y>
          <Y t="3">0.00044</Y>
          <Y t="4">0.00048</Y>
          <Y t="5">0.00053</Y>
          <Y t="6">0.00059</Y>
          <Y t="7">0.00066</Y>
          <Y t="8">0.00074</Y>
          <Y t="9">0.00082</Y>
          <Y t="10">0.00091</Y>
          <Y t="11">0.001</Y>
          <Y t="12">0.00113</Y>
          <Y t="13">0.00136</Y>
          <Y t="14">0.00161</Y>
          <Y t="15">0.00184</Y>
          <Y t="16">0.00208</Y>
          <Y t="17">0.00232</Y>
          <Y t="18">0.00252</Y>
          <Y t="19">0.00269</Y>
          <Y t="20">0.00292</Y>
          <Y t="21">0.00311</Y>
          <Y t="22">0.00335</Y>
          <Y t="23">0.00359</Y>
          <Y t="24">0.00387</Y>
          <Y t="25">0.00419</Y>
        </Axis>
      </Axis>
      <Axis t="28">
        <Axis>
          <Y t="1">0.00032</Y>
          <Y t="2">0.00039</Y>
          <Y t="3">0.00044</Y>
          <Y t="4">0.00049</Y>
          <Y t="5">0.00055</Y>
          <Y t="6">0.00062</Y>
          <Y t="7">0.0007</Y>
          <Y t="8">0.00078</Y>
          <Y t="9">0.00088</Y>
          <Y t="10">0.00097</Y>
          <Y t="11">0.0011</Y>
          <Y t="12">0.00126</Y>
          <Y t="13">0.00152</Y>
          <Y t="14">0.00178</Y>
          <Y t="15">0.00202</Y>
          <Y t="16">0.00225</Y>
          <Y t="17">0.00247</Y>
          <Y t="18">0.00265</Y>
          <Y t="19">0.00289</Y>
          <Y t="20">0.00311</Y>
          <Y t="21">0.00334</Y>
          <Y t="22">0.00359</Y>
          <Y t="23">0.00387</Y>
          <Y t="24">0.00418</Y>
          <Y t="25">0.00454</Y>
        </Axis>
      </Axis>
      <Axis t="29">
        <Axis>
          <Y t="1">0.00031</Y>
          <Y t="2">0.0004</Y>
          <Y t="3">0.00047</Y>
          <Y t="4">0.00054</Y>
          <Y t="5">0.00061</Y>
          <Y t="6">0.00069</Y>
          <Y t="7">0.00076</Y>
          <Y t="8">0.00085</Y>
          <Y t="9">0.00094</Y>
          <Y t="10">0.00107</Y>
          <Y t="11">0.00122</Y>
          <Y t="12">0.00139</Y>
          <Y t="13">0.00167</Y>
          <Y t="14">0.00193</Y>
          <Y t="15">0.00216</Y>
          <Y t="16">0.00238</Y>
          <Y t="17">0.00259</Y>
          <Y t="18">0.00284</Y>
          <Y t="19">0.0031</Y>
          <Y t="20">0.00333</Y>
          <Y t="21">0.00358</Y>
          <Y t="22">0.00386</Y>
          <Y t="23">0.00418</Y>
          <Y t="24">0.00454</Y>
          <Y t="25">0.00494</Y>
        </Axis>
      </Axis>
      <Axis t="30">
        <Axis>
          <Y t="1">0.0003</Y>
          <Y t="2">0.00042</Y>
          <Y t="3">0.00052</Y>
          <Y t="4">0.0006</Y>
          <Y t="5">0.00068</Y>
          <Y t="6">0.00076</Y>
          <Y t="7">0.00083</Y>
          <Y t="8">0.00091</Y>
          <Y t="9">0.00103</Y>
          <Y t="10">0.00118</Y>
          <Y t="11">0.00135</Y>
          <Y t="12">0.00153</Y>
          <Y t="13">0.00181</Y>
          <Y t="14">0.00205</Y>
          <Y t="15">0.00227</Y>
          <Y t="16">0.00248</Y>
          <Y t="17">0.00277</Y>
          <Y t="18">0.00304</Y>
          <Y t="19">0.00333</Y>
          <Y t="20">0.00358</Y>
          <Y t="21">0.00386</Y>
          <Y t="22">0.00418</Y>
          <Y t="23">0.00453</Y>
          <Y t="24">0.00493</Y>
          <Y t="25">0.00538</Y>
        </Axis>
      </Axis>
      <Axis t="31">
        <Axis>
          <Y t="1">0.00031</Y>
          <Y t="2">0.00045</Y>
          <Y t="3">0.00057</Y>
          <Y t="4">0.00067</Y>
          <Y t="5">0.00075</Y>
          <Y t="6">0.00082</Y>
          <Y t="7">0.00089</Y>
          <Y t="8">0.00099</Y>
          <Y t="9">0.00114</Y>
          <Y t="10">0.00132</Y>
          <Y t="11">0.00149</Y>
          <Y t="12">0.00167</Y>
          <Y t="13">0.00193</Y>
          <Y t="14">0.00216</Y>
          <Y t="15">0.00236</Y>
          <Y t="16">0.00265</Y>
          <Y t="17">0.00297</Y>
          <Y t="18">0.00326</Y>
          <Y t="19">0.00357</Y>
          <Y t="20">0.00385</Y>
          <Y t="21">0.00417</Y>
          <Y t="22">0.00453</Y>
          <Y t="23">0.00493</Y>
          <Y t="24">0.00538</Y>
          <Y t="25">0.00588</Y>
        </Axis>
      </Axis>
      <Axis t="32">
        <Axis>
          <Y t="1">0.00031</Y>
          <Y t="2">0.00047</Y>
          <Y t="3">0.00062</Y>
          <Y t="4">0.00072</Y>
          <Y t="5">0.00082</Y>
          <Y t="6">0.00088</Y>
          <Y t="7">0.00097</Y>
          <Y t="8">0.00109</Y>
          <Y t="9">0.00126</Y>
          <Y t="10">0.00146</Y>
          <Y t="11">0.00163</Y>
          <Y t="12">0.0018</Y>
          <Y t="13">0.00204</Y>
          <Y t="14">0.00225</Y>
          <Y t="15">0.00252</Y>
          <Y t="16">0.00284</Y>
          <Y t="17">0.00319</Y>
          <Y t="18">0.00351</Y>
          <Y t="19">0.00385</Y>
          <Y t="20">0.00417</Y>
          <Y t="21">0.00452</Y>
          <Y t="22">0.00492</Y>
          <Y t="23">0.00537</Y>
          <Y t="24">0.00587</Y>
          <Y t="25">0.00645</Y>
        </Axis>
      </Axis>
      <Axis t="33">
        <Axis>
          <Y t="1">0.00032</Y>
          <Y t="2">0.0005</Y>
          <Y t="3">0.00067</Y>
          <Y t="4">0.00078</Y>
          <Y t="5">0.00087</Y>
          <Y t="6">0.00096</Y>
          <Y t="7">0.00105</Y>
          <Y t="8">0.00121</Y>
          <Y t="9">0.0014</Y>
          <Y t="10">0.0016</Y>
          <Y t="11">0.00176</Y>
          <Y t="12">0.00191</Y>
          <Y t="13">0.00214</Y>
          <Y t="14">0.00242</Y>
          <Y t="15">0.00271</Y>
          <Y t="16">0.00305</Y>
          <Y t="17">0.00343</Y>
          <Y t="18">0.00379</Y>
          <Y t="19">0.00416</Y>
          <Y t="20">0.00452</Y>
          <Y t="21">0.00492</Y>
          <Y t="22">0.00537</Y>
          <Y t="23">0.00587</Y>
          <Y t="24">0.00644</Y>
          <Y t="25">0.0071</Y>
        </Axis>
      </Axis>
      <Axis t="34">
        <Axis>
          <Y t="1">0.00033</Y>
          <Y t="2">0.00051</Y>
          <Y t="3">0.0007</Y>
          <Y t="4">0.00081</Y>
          <Y t="5">0.00091</Y>
          <Y t="6">0.00103</Y>
          <Y t="7">0.00116</Y>
          <Y t="8">0.00134</Y>
          <Y t="9">0.00153</Y>
          <Y t="10">0.00172</Y>
          <Y t="11">0.00181</Y>
          <Y t="12">0.00201</Y>
          <Y t="13">0.0023</Y>
          <Y t="14">0.0026</Y>
          <Y t="15">0.00292</Y>
          <Y t="16">0.0033</Y>
          <Y t="17">0.00371</Y>
          <Y t="18">0.0041</Y>
          <Y t="19">0.00452</Y>
          <Y t="20">0.00492</Y>
          <Y t="21">0.00536</Y>
          <Y t="22">0.00586</Y>
          <Y t="23">0.00643</Y>
          <Y t="24">0.00708</Y>
          <Y t="25">0.00784</Y>
        </Axis>
      </Axis>
      <Axis t="35">
        <Axis>
          <Y t="1">0.00034</Y>
          <Y t="2">0.00054</Y>
          <Y t="3">0.00074</Y>
          <Y t="4">0.00084</Y>
          <Y t="5">0.00097</Y>
          <Y t="6">0.00111</Y>
          <Y t="7">0.00128</Y>
          <Y t="8">0.00147</Y>
          <Y t="9">0.00165</Y>
          <Y t="10">0.00178</Y>
          <Y t="11">0.00192</Y>
          <Y t="12">0.00218</Y>
          <Y t="13">0.00249</Y>
          <Y t="14">0.00281</Y>
          <Y t="15">0.00316</Y>
          <Y t="16">0.00357</Y>
          <Y t="17">0.00402</Y>
          <Y t="18">0.00445</Y>
          <Y t="19">0.00491</Y>
          <Y t="20">0.00536</Y>
          <Y t="21">0.00586</Y>
          <Y t="22">0.00643</Y>
          <Y t="23">0.00707</Y>
          <Y t="24">0.00784</Y>
          <Y t="25">0.00868</Y>
        </Axis>
      </Axis>
      <Axis t="36">
        <Axis>
          <Y t="1">0.00035</Y>
          <Y t="2">0.00057</Y>
          <Y t="3">0.00079</Y>
          <Y t="4">0.00089</Y>
          <Y t="5">0.00104</Y>
          <Y t="6">0.00121</Y>
          <Y t="7">0.0014</Y>
          <Y t="8">0.00158</Y>
          <Y t="9">0.00171</Y>
          <Y t="10">0.00184</Y>
          <Y t="11">0.00209</Y>
          <Y t="12">0.00237</Y>
          <Y t="13">0.0027</Y>
          <Y t="14">0.00305</Y>
          <Y t="15">0.00343</Y>
          <Y t="16">0.00389</Y>
          <Y t="17">0.00438</Y>
          <Y t="18">0.00485</Y>
          <Y t="19">0.00535</Y>
          <Y t="20">0.00585</Y>
          <Y t="21">0.00642</Y>
          <Y t="22">0.00706</Y>
          <Y t="23">0.00784</Y>
          <Y t="24">0.00868</Y>
          <Y t="25">0.00965</Y>
        </Axis>
      </Axis>
      <Axis t="37">
        <Axis>
          <Y t="1">0.00037</Y>
          <Y t="2">0.0006</Y>
          <Y t="3">0.00085</Y>
          <Y t="4">0.00098</Y>
          <Y t="5">0.00115</Y>
          <Y t="6">0.00132</Y>
          <Y t="7">0.00151</Y>
          <Y t="8">0.00165</Y>
          <Y t="9">0.00174</Y>
          <Y t="10">0.00201</Y>
          <Y t="11">0.00228</Y>
          <Y t="12">0.00258</Y>
          <Y t="13">0.00294</Y>
          <Y t="14">0.00333</Y>
          <Y t="15">0.00374</Y>
          <Y t="16">0.00424</Y>
          <Y t="17">0.00477</Y>
          <Y t="18">0.00528</Y>
          <Y t="19">0.00584</Y>
          <Y t="20">0.00641</Y>
          <Y t="21">0.00705</Y>
          <Y t="22">0.00784</Y>
          <Y t="23">0.00867</Y>
          <Y t="24">0.00965</Y>
          <Y t="25">0.01076</Y>
        </Axis>
      </Axis>
      <Axis t="38">
        <Axis>
          <Y t="1">0.0004</Y>
          <Y t="2">0.00065</Y>
          <Y t="3">0.00093</Y>
          <Y t="4">0.00108</Y>
          <Y t="5">0.00125</Y>
          <Y t="6">0.00143</Y>
          <Y t="7">0.00158</Y>
          <Y t="8">0.00166</Y>
          <Y t="9">0.00192</Y>
          <Y t="10">0.00221</Y>
          <Y t="11">0.0025</Y>
          <Y t="12">0.00282</Y>
          <Y t="13">0.00321</Y>
          <Y t="14">0.00364</Y>
          <Y t="15">0.0041</Y>
          <Y t="16">0.00464</Y>
          <Y t="17">0.00521</Y>
          <Y t="18">0.00577</Y>
          <Y t="19">0.0064</Y>
          <Y t="20">0.00704</Y>
          <Y t="21">0.00784</Y>
          <Y t="22">0.00866</Y>
          <Y t="23">0.00965</Y>
          <Y t="24">0.01076</Y>
          <Y t="25">0.01203</Y>
        </Axis>
      </Axis>
      <Axis t="39">
        <Axis>
          <Y t="1">0.00043</Y>
          <Y t="2">0.00072</Y>
          <Y t="3">0.00102</Y>
          <Y t="4">0.00118</Y>
          <Y t="5">0.00135</Y>
          <Y t="6">0.00151</Y>
          <Y t="7">0.0016</Y>
          <Y t="8">0.00185</Y>
          <Y t="9">0.00213</Y>
          <Y t="10">0.00244</Y>
          <Y t="11">0.00276</Y>
          <Y t="12">0.00311</Y>
          <Y t="13">0.00354</Y>
          <Y t="14">0.00402</Y>
          <Y t="15">0.00452</Y>
          <Y t="16">0.0051</Y>
          <Y t="17">0.00571</Y>
          <Y t="18">0.00632</Y>
          <Y t="19">0.00703</Y>
          <Y t="20">0.00784</Y>
          <Y t="21">0.00866</Y>
          <Y t="22">0.00965</Y>
          <Y t="23">0.01076</Y>
          <Y t="24">0.01203</Y>
          <Y t="25">0.01344</Y>
        </Axis>
      </Axis>
      <Axis t="40">
        <Axis>
          <Y t="1">0.00048</Y>
          <Y t="2">0.00079</Y>
          <Y t="3">0.00111</Y>
          <Y t="4">0.00127</Y>
          <Y t="5">0.00143</Y>
          <Y t="6">0.00155</Y>
          <Y t="7">0.00179</Y>
          <Y t="8">0.00206</Y>
          <Y t="9">0.00236</Y>
          <Y t="10">0.0027</Y>
          <Y t="11">0.00305</Y>
          <Y t="12">0.00343</Y>
          <Y t="13">0.00392</Y>
          <Y t="14">0.00445</Y>
          <Y t="15">0.005</Y>
          <Y t="16">0.00561</Y>
          <Y t="17">0.00627</Y>
          <Y t="18">0.00694</Y>
          <Y t="19">0.00783</Y>
          <Y t="20">0.00865</Y>
          <Y t="21">0.00965</Y>
          <Y t="22">0.01076</Y>
          <Y t="23">0.01203</Y>
          <Y t="24">0.01344</Y>
          <Y t="25">0.01495</Y>
        </Axis>
      </Axis>
      <Axis t="41">
        <Axis>
          <Y t="1">0.00053</Y>
          <Y t="2">0.00087</Y>
          <Y t="3">0.00119</Y>
          <Y t="4">0.00136</Y>
          <Y t="5">0.0015</Y>
          <Y t="6">0.00173</Y>
          <Y t="7">0.00201</Y>
          <Y t="8">0.0023</Y>
          <Y t="9">0.00262</Y>
          <Y t="10">0.00299</Y>
          <Y t="11">0.00337</Y>
          <Y t="12">0.00381</Y>
          <Y t="13">0.00436</Y>
          <Y t="14">0.00494</Y>
          <Y t="15">0.00553</Y>
          <Y t="16">0.00619</Y>
          <Y t="17">0.00689</Y>
          <Y t="18">0.00783</Y>
          <Y t="19">0.00864</Y>
          <Y t="20">0.00965</Y>
          <Y t="21">0.01075</Y>
          <Y t="22">0.01203</Y>
          <Y t="23">0.01344</Y>
          <Y t="24">0.01495</Y>
          <Y t="25">0.01665</Y>
        </Axis>
      </Axis>
      <Axis t="42">
        <Axis>
          <Y t="1">0.00058</Y>
          <Y t="2">0.00095</Y>
          <Y t="3">0.00126</Y>
          <Y t="4">0.00144</Y>
          <Y t="5">0.00167</Y>
          <Y t="6">0.00194</Y>
          <Y t="7">0.00225</Y>
          <Y t="8">0.00257</Y>
          <Y t="9">0.00292</Y>
          <Y t="10">0.00332</Y>
          <Y t="11">0.00375</Y>
          <Y t="12">0.00424</Y>
          <Y t="13">0.00485</Y>
          <Y t="14">0.00549</Y>
          <Y t="15">0.00613</Y>
          <Y t="16">0.00683</Y>
          <Y t="17">0.00783</Y>
          <Y t="18">0.00864</Y>
          <Y t="19">0.00964</Y>
          <Y t="20">0.01075</Y>
          <Y t="21">0.01202</Y>
          <Y t="22">0.01344</Y>
          <Y t="23">0.01494</Y>
          <Y t="24">0.01664</Y>
          <Y t="25">0.01849</Y>
        </Axis>
      </Axis>
      <Axis t="43">
        <Axis>
          <Y t="1">0.00062</Y>
          <Y t="2">0.00102</Y>
          <Y t="3">0.00133</Y>
          <Y t="4">0.00157</Y>
          <Y t="5">0.00185</Y>
          <Y t="6">0.00217</Y>
          <Y t="7">0.00251</Y>
          <Y t="8">0.00286</Y>
          <Y t="9">0.00324</Y>
          <Y t="10">0.00368</Y>
          <Y t="11">0.00417</Y>
          <Y t="12">0.00473</Y>
          <Y t="13">0.0054</Y>
          <Y t="14">0.0061</Y>
          <Y t="15">0.00682</Y>
          <Y t="16">0.00773</Y>
          <Y t="17">0.00863</Y>
          <Y t="18">0.00964</Y>
          <Y t="19">0.01075</Y>
          <Y t="20">0.01202</Y>
          <Y t="21">0.01344</Y>
          <Y t="22">0.01493</Y>
          <Y t="23">0.01662</Y>
          <Y t="24">0.01849</Y>
          <Y t="25">0.0204</Y>
        </Axis>
      </Axis>
      <Axis t="44">
        <Axis>
          <Y t="1">0.00067</Y>
          <Y t="2">0.00108</Y>
          <Y t="3">0.00143</Y>
          <Y t="4">0.00173</Y>
          <Y t="5">0.00206</Y>
          <Y t="6">0.00243</Y>
          <Y t="7">0.0028</Y>
          <Y t="8">0.00318</Y>
          <Y t="9">0.0036</Y>
          <Y t="10">0.0041</Y>
          <Y t="11">0.00465</Y>
          <Y t="12">0.00528</Y>
          <Y t="13">0.00604</Y>
          <Y t="14">0.0068</Y>
          <Y t="15">0.00764</Y>
          <Y t="16">0.00862</Y>
          <Y t="17">0.00964</Y>
          <Y t="18">0.01074</Y>
          <Y t="19">0.01202</Y>
          <Y t="20">0.01344</Y>
          <Y t="21">0.01492</Y>
          <Y t="22">0.0166</Y>
          <Y t="23">0.01848</Y>
          <Y t="24">0.02039</Y>
          <Y t="25">0.02241</Y>
        </Axis>
      </Axis>
      <Axis t="45">
        <Axis>
          <Y t="1">0.00071</Y>
          <Y t="2">0.00118</Y>
          <Y t="3">0.00156</Y>
          <Y t="4">0.0019</Y>
          <Y t="5">0.0023</Y>
          <Y t="6">0.00271</Y>
          <Y t="7">0.00312</Y>
          <Y t="8">0.00353</Y>
          <Y t="9">0.004</Y>
          <Y t="10">0.00457</Y>
          <Y t="11">0.0052</Y>
          <Y t="12">0.00592</Y>
          <Y t="13">0.00676</Y>
          <Y t="14">0.00761</Y>
          <Y t="15">0.00854</Y>
          <Y t="16">0.00964</Y>
          <Y t="17">0.01074</Y>
          <Y t="18">0.01202</Y>
          <Y t="19">0.01344</Y>
          <Y t="20">0.01492</Y>
          <Y t="21">0.01659</Y>
          <Y t="22">0.01848</Y>
          <Y t="23">0.02039</Y>
          <Y t="24">0.0224</Y>
          <Y t="25">0.02459</Y>
        </Axis>
      </Axis>
      <Axis t="46">
        <Axis>
          <Y t="1">0.00077</Y>
          <Y t="2">0.00128</Y>
          <Y t="3">0.0017</Y>
          <Y t="4">0.00211</Y>
          <Y t="5">0.00257</Y>
          <Y t="6">0.00302</Y>
          <Y t="7">0.00346</Y>
          <Y t="8">0.00391</Y>
          <Y t="9">0.00444</Y>
          <Y t="10">0.0051</Y>
          <Y t="11">0.00583</Y>
          <Y t="12">0.00664</Y>
          <Y t="13">0.00758</Y>
          <Y t="14">0.00853</Y>
          <Y t="15">0.00958</Y>
          <Y t="16">0.01074</Y>
          <Y t="17">0.01202</Y>
          <Y t="18">0.01343</Y>
          <Y t="19">0.01491</Y>
          <Y t="20">0.01657</Y>
          <Y t="21">0.01848</Y>
          <Y t="22">0.02039</Y>
          <Y t="23">0.0224</Y>
          <Y t="24">0.02457</Y>
          <Y t="25">0.02698</Y>
        </Axis>
      </Axis>
      <Axis t="47">
        <Axis>
          <Y t="1">0.00083</Y>
          <Y t="2">0.00139</Y>
          <Y t="3">0.00187</Y>
          <Y t="4">0.00236</Y>
          <Y t="5">0.00287</Y>
          <Y t="6">0.00336</Y>
          <Y t="7">0.00383</Y>
          <Y t="8">0.00434</Y>
          <Y t="9">0.00495</Y>
          <Y t="10">0.00572</Y>
          <Y t="11">0.00655</Y>
          <Y t="12">0.00757</Y>
          <Y t="13">0.00851</Y>
          <Y t="14">0.00957</Y>
          <Y t="15">0.01074</Y>
          <Y t="16">0.01202</Y>
          <Y t="17">0.01343</Y>
          <Y t="18">0.0149</Y>
          <Y t="19">0.01655</Y>
          <Y t="20">0.01848</Y>
          <Y t="21">0.02039</Y>
          <Y t="22">0.02239</Y>
          <Y t="23">0.02455</Y>
          <Y t="24">0.02691</Y>
          <Y t="25">0.02978</Y>
        </Axis>
      </Axis>
      <Axis t="48">
        <Axis>
          <Y t="1">0.00091</Y>
          <Y t="2">0.00151</Y>
          <Y t="3">0.00207</Y>
          <Y t="4">0.00265</Y>
          <Y t="5">0.00321</Y>
          <Y t="6">0.00373</Y>
          <Y t="7">0.00424</Y>
          <Y t="8">0.00482</Y>
          <Y t="9">0.00553</Y>
          <Y t="10">0.00641</Y>
          <Y t="11">0.00756</Y>
          <Y t="12">0.00851</Y>
          <Y t="13">0.00957</Y>
          <Y t="14">0.01073</Y>
          <Y t="15">0.01202</Y>
          <Y t="16">0.01343</Y>
          <Y t="17">0.01489</Y>
          <Y t="18">0.01654</Y>
          <Y t="19">0.01848</Y>
          <Y t="20">0.02038</Y>
          <Y t="21">0.02238</Y>
          <Y t="22">0.02453</Y>
          <Y t="23">0.02685</Y>
          <Y t="24">0.02972</Y>
          <Y t="25">0.03292</Y>
        </Axis>
      </Axis>
      <Axis t="49">
        <Axis>
          <Y t="1">0.00099</Y>
          <Y t="2">0.00165</Y>
          <Y t="3">0.0023</Y>
          <Y t="4">0.00299</Y>
          <Y t="5">0.0036</Y>
          <Y t="6">0.00414</Y>
          <Y t="7">0.0047</Y>
          <Y t="8">0.00536</Y>
          <Y t="9">0.00619</Y>
          <Y t="10">0.00756</Y>
          <Y t="11">0.0085</Y>
          <Y t="12">0.00954</Y>
          <Y t="13">0.01073</Y>
          <Y t="14">0.01202</Y>
          <Y t="15">0.01343</Y>
          <Y t="16">0.01489</Y>
          <Y t="17">0.01652</Y>
          <Y t="18">0.01847</Y>
          <Y t="19">0.02038</Y>
          <Y t="20">0.02238</Y>
          <Y t="21">0.02451</Y>
          <Y t="22">0.02679</Y>
          <Y t="23">0.02966</Y>
          <Y t="24">0.03286</Y>
          <Y t="25">0.0364</Y>
        </Axis>
      </Axis>
      <Axis t="50">
        <Axis>
          <Y t="1">0.00108</Y>
          <Y t="2">0.0018</Y>
          <Y t="3">0.00258</Y>
          <Y t="4">0.00338</Y>
          <Y t="5">0.00403</Y>
          <Y t="6">0.0046</Y>
          <Y t="7">0.00521</Y>
          <Y t="8">0.00597</Y>
          <Y t="9">0.00755</Y>
          <Y t="10">0.0085</Y>
          <Y t="11">0.00951</Y>
          <Y t="12">0.0107</Y>
          <Y t="13">0.01202</Y>
          <Y t="14">0.01343</Y>
          <Y t="15">0.01488</Y>
          <Y t="16">0.0165</Y>
          <Y t="17">0.01847</Y>
          <Y t="18">0.02038</Y>
          <Y t="19">0.02237</Y>
          <Y t="20">0.02449</Y>
          <Y t="21">0.02672</Y>
          <Y t="22">0.02961</Y>
          <Y t="23">0.0328</Y>
          <Y t="24">0.03639</Y>
          <Y t="25">0.03992</Y>
        </Axis>
      </Axis>
      <Axis t="51">
        <Axis>
          <Y t="1">0.00118</Y>
          <Y t="2">0.00198</Y>
          <Y t="3">0.00291</Y>
          <Y t="4">0.00384</Y>
          <Y t="5">0.00452</Y>
          <Y t="6">0.00512</Y>
          <Y t="7">0.00591</Y>
          <Y t="8">0.00741</Y>
          <Y t="9">0.0085</Y>
          <Y t="10">0.00948</Y>
          <Y t="11">0.01068</Y>
          <Y t="12">0.012</Y>
          <Y t="13">0.01343</Y>
          <Y t="14">0.01487</Y>
          <Y t="15">0.01649</Y>
          <Y t="16">0.01847</Y>
          <Y t="17">0.02037</Y>
          <Y t="18">0.02236</Y>
          <Y t="19">0.02437</Y>
          <Y t="20">0.02666</Y>
          <Y t="21">0.02955</Y>
          <Y t="22">0.03274</Y>
          <Y t="23">0.03638</Y>
          <Y t="24">0.03981</Y>
          <Y t="25">0.04373</Y>
        </Axis>
      </Axis>
      <Axis t="52">
        <Axis>
          <Y t="1">0.0013</Y>
          <Y t="2">0.00218</Y>
          <Y t="3">0.0033</Y>
          <Y t="4">0.00437</Y>
          <Y t="5">0.00508</Y>
          <Y t="6">0.00584</Y>
          <Y t="7">0.00724</Y>
          <Y t="8">0.00835</Y>
          <Y t="9">0.00944</Y>
          <Y t="10">0.01065</Y>
          <Y t="11">0.01198</Y>
          <Y t="12">0.01341</Y>
          <Y t="13">0.01486</Y>
          <Y t="14">0.01647</Y>
          <Y t="15">0.01845</Y>
          <Y t="16">0.02037</Y>
          <Y t="17">0.02235</Y>
          <Y t="18">0.02425</Y>
          <Y t="19">0.02659</Y>
          <Y t="20">0.02949</Y>
          <Y t="21">0.03269</Y>
          <Y t="22">0.03637</Y>
          <Y t="23">0.0397</Y>
          <Y t="24">0.04372</Y>
          <Y t="25">0.04727</Y>
        </Axis>
      </Axis>
      <Axis t="53">
        <Axis>
          <Y t="1">0.00143</Y>
          <Y t="2">0.0024</Y>
          <Y t="3">0.00376</Y>
          <Y t="4">0.00499</Y>
          <Y t="5">0.00577</Y>
          <Y t="6">0.00703</Y>
          <Y t="7">0.00818</Y>
          <Y t="8">0.00941</Y>
          <Y t="9">0.01062</Y>
          <Y t="10">0.01195</Y>
          <Y t="11">0.01339</Y>
          <Y t="12">0.01486</Y>
          <Y t="13">0.01645</Y>
          <Y t="14">0.01844</Y>
          <Y t="15">0.02032</Y>
          <Y t="16">0.02233</Y>
          <Y t="17">0.02413</Y>
          <Y t="18">0.02653</Y>
          <Y t="19">0.02944</Y>
          <Y t="20">0.03263</Y>
          <Y t="21">0.03636</Y>
          <Y t="22">0.03959</Y>
          <Y t="23">0.0437</Y>
          <Y t="24">0.04713</Y>
          <Y t="25">0.05083</Y>
        </Axis>
      </Axis>
      <Axis t="54">
        <Axis>
          <Y t="1">0.00158</Y>
          <Y t="2">0.00267</Y>
          <Y t="3">0.00429</Y>
          <Y t="4">0.0057</Y>
          <Y t="5">0.00678</Y>
          <Y t="6">0.00795</Y>
          <Y t="7">0.00922</Y>
          <Y t="8">0.0106</Y>
          <Y t="9">0.01193</Y>
          <Y t="10">0.01337</Y>
          <Y t="11">0.01485</Y>
          <Y t="12">0.01644</Y>
          <Y t="13">0.01843</Y>
          <Y t="14">0.02028</Y>
          <Y t="15">0.02232</Y>
          <Y t="16">0.02401</Y>
          <Y t="17">0.02646</Y>
          <Y t="18">0.02938</Y>
          <Y t="19">0.03257</Y>
          <Y t="20">0.03635</Y>
          <Y t="21">0.03948</Y>
          <Y t="22">0.04369</Y>
          <Y t="23">0.04698</Y>
          <Y t="24">0.05062</Y>
          <Y t="25">0.05438</Y>
        </Axis>
      </Axis>
      <Axis t="55">
        <Axis>
          <Y t="1">0.00175</Y>
          <Y t="2">0.00296</Y>
          <Y t="3">0.00489</Y>
          <Y t="4">0.00649</Y>
          <Y t="5">0.00769</Y>
          <Y t="6">0.00898</Y>
          <Y t="7">0.01039</Y>
          <Y t="8">0.01191</Y>
          <Y t="9">0.01335</Y>
          <Y t="10">0.01484</Y>
          <Y t="11">0.01642</Y>
          <Y t="12">0.01841</Y>
          <Y t="13">0.02023</Y>
          <Y t="14">0.02231</Y>
          <Y t="15">0.02389</Y>
          <Y t="16">0.0264</Y>
          <Y t="17">0.02933</Y>
          <Y t="18">0.03251</Y>
          <Y t="19">0.03634</Y>
          <Y t="20">0.03937</Y>
          <Y t="21">0.04368</Y>
          <Y t="22">0.04684</Y>
          <Y t="23">0.05041</Y>
          <Y t="24">0.0541</Y>
          <Y t="25">0.05848</Y>
        </Axis>
      </Axis>
      <Axis t="56">
        <Axis>
          <Y t="1">0.00193</Y>
          <Y t="2">0.00331</Y>
          <Y t="3">0.00557</Y>
          <Y t="4">0.00739</Y>
          <Y t="5">0.00869</Y>
          <Y t="6">0.01012</Y>
          <Y t="7">0.01166</Y>
          <Y t="8">0.01332</Y>
          <Y t="9">0.01483</Y>
          <Y t="10">0.0164</Y>
          <Y t="11">0.0184</Y>
          <Y t="12">0.02018</Y>
          <Y t="13">0.0223</Y>
          <Y t="14">0.02376</Y>
          <Y t="15">0.02633</Y>
          <Y t="16">0.02927</Y>
          <Y t="17">0.03245</Y>
          <Y t="18">0.03633</Y>
          <Y t="19">0.03926</Y>
          <Y t="20">0.04366</Y>
          <Y t="21">0.0467</Y>
          <Y t="22">0.05021</Y>
          <Y t="23">0.05382</Y>
          <Y t="24">0.05848</Y>
          <Y t="25">0.06257</Y>
        </Axis>
      </Axis>
      <Axis t="57">
        <Axis>
          <Y t="1">0.00214</Y>
          <Y t="2">0.00369</Y>
          <Y t="3">0.00632</Y>
          <Y t="4">0.00837</Y>
          <Y t="5">0.00979</Y>
          <Y t="6">0.01135</Y>
          <Y t="7">0.01303</Y>
          <Y t="8">0.01483</Y>
          <Y t="9">0.01639</Y>
          <Y t="10">0.01838</Y>
          <Y t="11">0.02013</Y>
          <Y t="12">0.02229</Y>
          <Y t="13">0.02364</Y>
          <Y t="14">0.02627</Y>
          <Y t="15">0.02921</Y>
          <Y t="16">0.0324</Y>
          <Y t="17">0.03632</Y>
          <Y t="18">0.03915</Y>
          <Y t="19">0.04365</Y>
          <Y t="20">0.04656</Y>
          <Y t="21">0.05</Y>
          <Y t="22">0.05354</Y>
          <Y t="23">0.0584</Y>
          <Y t="24">0.06257</Y>
          <Y t="25">0.06709</Y>
        </Axis>
      </Axis>
      <Axis t="58">
        <Axis>
          <Y t="1">0.00237</Y>
          <Y t="2">0.00413</Y>
          <Y t="3">0.00713</Y>
          <Y t="4">0.00942</Y>
          <Y t="5">0.01097</Y>
          <Y t="6">0.01265</Y>
          <Y t="7">0.01447</Y>
          <Y t="8">0.01637</Y>
          <Y t="9">0.01837</Y>
          <Y t="10">0.02009</Y>
          <Y t="11">0.02227</Y>
          <Y t="12">0.02352</Y>
          <Y t="13">0.0262</Y>
          <Y t="14">0.02916</Y>
          <Y t="15">0.03234</Y>
          <Y t="16">0.03631</Y>
          <Y t="17">0.03904</Y>
          <Y t="18">0.04364</Y>
          <Y t="19">0.04641</Y>
          <Y t="20">0.04979</Y>
          <Y t="21">0.05326</Y>
          <Y t="22">0.05832</Y>
          <Y t="23">0.06257</Y>
          <Y t="24">0.06709</Y>
          <Y t="25">0.07172</Y>
        </Axis>
      </Axis>
      <Axis t="59">
        <Axis>
          <Y t="1">0.00263</Y>
          <Y t="2">0.00462</Y>
          <Y t="3">0.00798</Y>
          <Y t="4">0.01055</Y>
          <Y t="5">0.01221</Y>
          <Y t="6">0.01401</Y>
          <Y t="7">0.01593</Y>
          <Y t="8">0.01793</Y>
          <Y t="9">0.02004</Y>
          <Y t="10">0.02226</Y>
          <Y t="11">0.0234</Y>
          <Y t="12">0.02614</Y>
          <Y t="13">0.0291</Y>
          <Y t="14">0.03228</Y>
          <Y t="15">0.0363</Y>
          <Y t="16">0.03893</Y>
          <Y t="17">0.04363</Y>
          <Y t="18">0.04627</Y>
          <Y t="19">0.04958</Y>
          <Y t="20">0.05298</Y>
          <Y t="21">0.05824</Y>
          <Y t="22">0.06253</Y>
          <Y t="23">0.06709</Y>
          <Y t="24">0.07172</Y>
          <Y t="25">0.07885</Y>
        </Axis>
      </Axis>
      <Axis t="60">
        <Axis>
          <Y t="1">0.00292</Y>
          <Y t="2">0.00517</Y>
          <Y t="3">0.00885</Y>
          <Y t="4">0.01172</Y>
          <Y t="5">0.01349</Y>
          <Y t="6">0.01539</Y>
          <Y t="7">0.01741</Y>
          <Y t="8">0.01952</Y>
          <Y t="9">0.02179</Y>
          <Y t="10">0.02328</Y>
          <Y t="11">0.02607</Y>
          <Y t="12">0.02904</Y>
          <Y t="13">0.03222</Y>
          <Y t="14">0.03629</Y>
          <Y t="15">0.03881</Y>
          <Y t="16">0.04361</Y>
          <Y t="17">0.04613</Y>
          <Y t="18">0.04937</Y>
          <Y t="19">0.0527</Y>
          <Y t="20">0.05816</Y>
          <Y t="21">0.0625</Y>
          <Y t="22">0.06709</Y>
          <Y t="23">0.07172</Y>
          <Y t="24">0.07885</Y>
          <Y t="25">0.08693</Y>
        </Axis>
      </Axis>
      <Axis t="61">
        <Axis>
          <Y t="1">0.00324</Y>
          <Y t="2">0.00577</Y>
          <Y t="3">0.00974</Y>
          <Y t="4">0.01291</Y>
          <Y t="5">0.01478</Y>
          <Y t="6">0.01676</Y>
          <Y t="7">0.01852</Y>
          <Y t="8">0.02076</Y>
          <Y t="9">0.02315</Y>
          <Y t="10">0.02601</Y>
          <Y t="11">0.02899</Y>
          <Y t="12">0.03217</Y>
          <Y t="13">0.03628</Y>
          <Y t="14">0.0387</Y>
          <Y t="15">0.0436</Y>
          <Y t="16">0.04599</Y>
          <Y t="17">0.04917</Y>
          <Y t="18">0.05242</Y>
          <Y t="19">0.05808</Y>
          <Y t="20">0.06246</Y>
          <Y t="21">0.06699</Y>
          <Y t="22">0.07172</Y>
          <Y t="23">0.07885</Y>
          <Y t="24">0.08693</Y>
          <Y t="25">0.09613</Y>
        </Axis>
      </Axis>
      <Axis t="62">
        <Axis>
          <Y t="1">0.00358</Y>
          <Y t="2">0.00642</Y>
          <Y t="3">0.01062</Y>
          <Y t="4">0.01409</Y>
          <Y t="5">0.01605</Y>
          <Y t="6">0.01779</Y>
          <Y t="7">0.01944</Y>
          <Y t="8">0.02173</Y>
          <Y t="9">0.02429</Y>
          <Y t="10">0.02741</Y>
          <Y t="11">0.03059</Y>
          <Y t="12">0.0339</Y>
          <Y t="13">0.03859</Y>
          <Y t="14">0.04359</Y>
          <Y t="15">0.04584</Y>
          <Y t="16">0.04896</Y>
          <Y t="17">0.05214</Y>
          <Y t="18">0.05801</Y>
          <Y t="19">0.06243</Y>
          <Y t="20">0.06695</Y>
          <Y t="21">0.07172</Y>
          <Y t="22">0.07885</Y>
          <Y t="23">0.08693</Y>
          <Y t="24">0.09613</Y>
          <Y t="25">0.10656</Y>
        </Axis>
      </Axis>
      <Axis t="63">
        <Axis>
          <Y t="1">0.00396</Y>
          <Y t="2">0.0071</Y>
          <Y t="3">0.0115</Y>
          <Y t="4">0.01523</Y>
          <Y t="5">0.01732</Y>
          <Y t="6">0.01922</Y>
          <Y t="7">0.02046</Y>
          <Y t="8">0.02248</Y>
          <Y t="9">0.02525</Y>
          <Y t="10">0.02854</Y>
          <Y t="11">0.03182</Y>
          <Y t="12">0.03519</Y>
          <Y t="13">0.03986</Y>
          <Y t="14">0.0457</Y>
          <Y t="15">0.04875</Y>
          <Y t="16">0.05186</Y>
          <Y t="17">0.05793</Y>
          <Y t="18">0.06239</Y>
          <Y t="19">0.06673</Y>
          <Y t="20">0.07141</Y>
          <Y t="21">0.07885</Y>
          <Y t="22">0.08693</Y>
          <Y t="23">0.09613</Y>
          <Y t="24">0.10656</Y>
          <Y t="25">0.1182</Y>
        </Axis>
      </Axis>
      <Axis t="64">
        <Axis>
          <Y t="1">0.00435</Y>
          <Y t="2">0.0078</Y>
          <Y t="3">0.01234</Y>
          <Y t="4">0.01637</Y>
          <Y t="5">0.01866</Y>
          <Y t="6">0.02014</Y>
          <Y t="7">0.02184</Y>
          <Y t="8">0.02441</Y>
          <Y t="9">0.0277</Y>
          <Y t="10">0.03031</Y>
          <Y t="11">0.03352</Y>
          <Y t="12">0.03661</Y>
          <Y t="13">0.0412</Y>
          <Y t="14">0.04854</Y>
          <Y t="15">0.05158</Y>
          <Y t="16">0.05785</Y>
          <Y t="17">0.06236</Y>
          <Y t="18">0.0665</Y>
          <Y t="19">0.07117</Y>
          <Y t="20">0.07885</Y>
          <Y t="21">0.08693</Y>
          <Y t="22">0.09613</Y>
          <Y t="23">0.10656</Y>
          <Y t="24">0.1182</Y>
          <Y t="25">0.131</Y>
        </Axis>
      </Axis>
      <Axis t="65">
        <Axis>
          <Y t="1">0.00476</Y>
          <Y t="2">0.0085</Y>
          <Y t="3">0.01318</Y>
          <Y t="4">0.01756</Y>
          <Y t="5">0.01983</Y>
          <Y t="6">0.02169</Y>
          <Y t="7">0.02396</Y>
          <Y t="8">0.02686</Y>
          <Y t="9">0.02952</Y>
          <Y t="10">0.03327</Y>
          <Y t="11">0.03634</Y>
          <Y t="12">0.03915</Y>
          <Y t="13">0.04375</Y>
          <Y t="14">0.0513</Y>
          <Y t="15">0.05777</Y>
          <Y t="16">0.06232</Y>
          <Y t="17">0.06627</Y>
          <Y t="18">0.07093</Y>
          <Y t="19">0.07859</Y>
          <Y t="20">0.08693</Y>
          <Y t="21">0.09613</Y>
          <Y t="22">0.10656</Y>
          <Y t="23">0.1182</Y>
          <Y t="24">0.131</Y>
          <Y t="25">0.1444</Y>
        </Axis>
      </Axis>
      <Axis t="66">
        <Axis>
          <Y t="1">0.00517</Y>
          <Y t="2">0.00921</Y>
          <Y t="3">0.01405</Y>
          <Y t="4">0.01886</Y>
          <Y t="5">0.02152</Y>
          <Y t="6">0.02376</Y>
          <Y t="7">0.02635</Y>
          <Y t="8">0.02921</Y>
          <Y t="9">0.0324</Y>
          <Y t="10">0.03628</Y>
          <Y t="11">0.03887</Y>
          <Y t="12">0.04326</Y>
          <Y t="13">0.04624</Y>
          <Y t="14">0.05406</Y>
          <Y t="15">0.06081</Y>
          <Y t="16">0.06605</Y>
          <Y t="17">0.07068</Y>
          <Y t="18">0.07846</Y>
          <Y t="19">0.08693</Y>
          <Y t="20">0.09613</Y>
          <Y t="21">0.10656</Y>
          <Y t="22">0.1182</Y>
          <Y t="23">0.131</Y>
          <Y t="24">0.1444</Y>
          <Y t="25">0.15823</Y>
        </Axis>
      </Axis>
      <Axis t="67">
        <Axis>
          <Y t="1">0.0056</Y>
          <Y t="2">0.00994</Y>
          <Y t="3">0.015</Y>
          <Y t="4">0.02038</Y>
          <Y t="5">0.02352</Y>
          <Y t="6">0.02611</Y>
          <Y t="7">0.02898</Y>
          <Y t="8">0.03206</Y>
          <Y t="9">0.03534</Y>
          <Y t="10">0.03859</Y>
          <Y t="11">0.04276</Y>
          <Y t="12">0.04593</Y>
          <Y t="13">0.0493</Y>
          <Y t="14">0.05757</Y>
          <Y t="15">0.06479</Y>
          <Y t="16">0.07044</Y>
          <Y t="17">0.07838</Y>
          <Y t="18">0.08664</Y>
          <Y t="19">0.09613</Y>
          <Y t="20">0.10656</Y>
          <Y t="21">0.1182</Y>
          <Y t="22">0.131</Y>
          <Y t="23">0.1444</Y>
          <Y t="24">0.15823</Y>
          <Y t="25">0.17201</Y>
        </Axis>
      </Axis>
      <Axis t="68">
        <Axis>
          <Y t="1">0.00606</Y>
          <Y t="2">0.01072</Y>
          <Y t="3">0.01608</Y>
          <Y t="4">0.02223</Y>
          <Y t="5">0.02584</Y>
          <Y t="6">0.02875</Y>
          <Y t="7">0.03185</Y>
          <Y t="8">0.03503</Y>
          <Y t="9">0.03832</Y>
          <Y t="10">0.04227</Y>
          <Y t="11">0.04561</Y>
          <Y t="12">0.04926</Y>
          <Y t="13">0.05671</Y>
          <Y t="14">0.06153</Y>
          <Y t="15">0.06932</Y>
          <Y t="16">0.07681</Y>
          <Y t="17">0.08636</Y>
          <Y t="18">0.09562</Y>
          <Y t="19">0.10656</Y>
          <Y t="20">0.1182</Y>
          <Y t="21">0.131</Y>
          <Y t="22">0.1444</Y>
          <Y t="23">0.15823</Y>
          <Y t="24">0.17201</Y>
          <Y t="25">0.18536</Y>
        </Axis>
      </Axis>
      <Axis t="69">
        <Axis>
          <Y t="1">0.00657</Y>
          <Y t="2">0.0116</Y>
          <Y t="3">0.01735</Y>
          <Y t="4">0.02439</Y>
          <Y t="5">0.02844</Y>
          <Y t="6">0.0316</Y>
          <Y t="7">0.03481</Y>
          <Y t="8">0.03799</Y>
          <Y t="9">0.04127</Y>
          <Y t="10">0.0453</Y>
          <Y t="11">0.04922</Y>
          <Y t="12">0.05586</Y>
          <Y t="13">0.06092</Y>
          <Y t="14">0.06668</Y>
          <Y t="15">0.07613</Y>
          <Y t="16">0.08482</Y>
          <Y t="17">0.09525</Y>
          <Y t="18">0.10586</Y>
          <Y t="19">0.1182</Y>
          <Y t="20">0.131</Y>
          <Y t="21">0.1444</Y>
          <Y t="22">0.15823</Y>
          <Y t="23">0.17201</Y>
          <Y t="24">0.18536</Y>
          <Y t="25">0.19829</Y>
        </Axis>
      </Axis>
      <Axis t="70">
        <Axis>
          <Y t="1">0.00714</Y>
          <Y t="2">0.0126</Y>
          <Y t="3">0.01881</Y>
          <Y t="4">0.02684</Y>
          <Y t="5">0.03125</Y>
          <Y t="6">0.03454</Y>
          <Y t="7">0.03774</Y>
          <Y t="8">0.04112</Y>
          <Y t="9">0.04523</Y>
          <Y t="10">0.04917</Y>
          <Y t="11">0.055</Y>
          <Y t="12">0.06031</Y>
          <Y t="13">0.06531</Y>
          <Y t="14">0.07321</Y>
          <Y t="15">0.08404</Y>
          <Y t="16">0.09375</Y>
          <Y t="17">0.1053</Y>
          <Y t="18">0.1182</Y>
          <Y t="19">0.131</Y>
          <Y t="20">0.1444</Y>
          <Y t="21">0.15823</Y>
          <Y t="22">0.17201</Y>
          <Y t="23">0.18536</Y>
          <Y t="24">0.19829</Y>
          <Y t="25">0.21012</Y>
        </Axis>
      </Axis>
      <Axis t="71">
        <Axis>
          <Y t="1">0.00781</Y>
          <Y t="2">0.01374</Y>
          <Y t="3">0.02045</Y>
          <Y t="4">0.02949</Y>
          <Y t="5">0.03416</Y>
          <Y t="6">0.03746</Y>
          <Y t="7">0.04097</Y>
          <Y t="8">0.04513</Y>
          <Y t="9">0.04911</Y>
          <Y t="10">0.05414</Y>
          <Y t="11">0.0597</Y>
          <Y t="12">0.06451</Y>
          <Y t="13">0.07014</Y>
          <Y t="14">0.0808</Y>
          <Y t="15">0.0929</Y>
          <Y t="16">0.10402</Y>
          <Y t="17">0.11808</Y>
          <Y t="18">0.131</Y>
          <Y t="19">0.1444</Y>
          <Y t="20">0.15823</Y>
          <Y t="21">0.17201</Y>
          <Y t="22">0.18536</Y>
          <Y t="23">0.19829</Y>
          <Y t="24">0.21012</Y>
          <Y t="25">0.22036</Y>
        </Axis>
      </Axis>
      <Axis t="72">
        <Axis>
          <Y t="1">0.00858</Y>
          <Y t="2">0.015</Y>
          <Y t="3">0.02224</Y>
          <Y t="4">0.03226</Y>
          <Y t="5">0.03706</Y>
          <Y t="6">0.04078</Y>
          <Y t="7">0.04502</Y>
          <Y t="8">0.04902</Y>
          <Y t="9">0.05402</Y>
          <Y t="10">0.05909</Y>
          <Y t="11">0.06405</Y>
          <Y t="12">0.06991</Y>
          <Y t="13">0.07814</Y>
          <Y t="14">0.08912</Y>
          <Y t="15">0.10207</Y>
          <Y t="16">0.11747</Y>
          <Y t="17">0.13067</Y>
          <Y t="18">0.1444</Y>
          <Y t="19">0.15823</Y>
          <Y t="20">0.17201</Y>
          <Y t="21">0.18536</Y>
          <Y t="22">0.19829</Y>
          <Y t="23">0.21012</Y>
          <Y t="24">0.22036</Y>
          <Y t="25">0.23443</Y>
        </Axis>
      </Axis>
      <Axis t="73">
        <Axis>
          <Y t="1">0.00944</Y>
          <Y t="2">0.01635</Y>
          <Y t="3">0.02411</Y>
          <Y t="4">0.035</Y>
          <Y t="5">0.0399</Y>
          <Y t="6">0.04413</Y>
          <Y t="7">0.04856</Y>
          <Y t="8">0.0528</Y>
          <Y t="9">0.05756</Y>
          <Y t="10">0.06301</Y>
          <Y t="11">0.06922</Y>
          <Y t="12">0.07621</Y>
          <Y t="13">0.08594</Y>
          <Y t="14">0.0976</Y>
          <Y t="15">0.11597</Y>
          <Y t="16">0.12952</Y>
          <Y t="17">0.1444</Y>
          <Y t="18">0.15823</Y>
          <Y t="19">0.17201</Y>
          <Y t="20">0.18536</Y>
          <Y t="21">0.19829</Y>
          <Y t="22">0.21012</Y>
          <Y t="23">0.22036</Y>
          <Y t="24">0.23443</Y>
          <Y t="25">0.24987</Y>
        </Axis>
      </Axis>
      <Axis t="74">
        <Axis>
          <Y t="1">0.01038</Y>
          <Y t="2">0.01778</Y>
          <Y t="3">0.02603</Y>
          <Y t="4">0.03772</Y>
          <Y t="5">0.04362</Y>
          <Y t="6">0.04809</Y>
          <Y t="7">0.05173</Y>
          <Y t="8">0.05626</Y>
          <Y t="9">0.06137</Y>
          <Y t="10">0.06808</Y>
          <Y t="11">0.07599</Y>
          <Y t="12">0.08321</Y>
          <Y t="13">0.09421</Y>
          <Y t="14">0.11471</Y>
          <Y t="15">0.12805</Y>
          <Y t="16">0.14338</Y>
          <Y t="17">0.15823</Y>
          <Y t="18">0.17201</Y>
          <Y t="19">0.18536</Y>
          <Y t="20">0.19829</Y>
          <Y t="21">0.21012</Y>
          <Y t="22">0.22036</Y>
          <Y t="23">0.23443</Y>
          <Y t="24">0.24987</Y>
          <Y t="25">0.26725</Y>
        </Axis>
      </Axis>
      <Axis t="75">
        <Axis>
          <Y t="1">0.01139</Y>
          <Y t="2">0.01923</Y>
          <Y t="3">0.028</Y>
          <Y t="4">0.04043</Y>
          <Y t="5">0.04657</Y>
          <Y t="6">0.05071</Y>
          <Y t="7">0.05334</Y>
          <Y t="8">0.058</Y>
          <Y t="9">0.06627</Y>
          <Y t="10">0.07516</Y>
          <Y t="11">0.08293</Y>
          <Y t="12">0.094</Y>
          <Y t="13">0.11305</Y>
          <Y t="14">0.12648</Y>
          <Y t="15">0.14206</Y>
          <Y t="16">0.15823</Y>
          <Y t="17">0.17201</Y>
          <Y t="18">0.18536</Y>
          <Y t="19">0.19829</Y>
          <Y t="20">0.21012</Y>
          <Y t="21">0.22036</Y>
          <Y t="22">0.23443</Y>
          <Y t="23">0.24987</Y>
          <Y t="24">0.26725</Y>
          <Y t="25">0.28629</Y>
        </Axis>
      </Axis>
      <Axis t="76">
        <Axis>
          <Y t="1">0.01246</Y>
          <Y t="2">0.02073</Y>
          <Y t="3">0.03004</Y>
          <Y t="4">0.04318</Y>
          <Y t="5">0.04864</Y>
          <Y t="6">0.0529</Y>
          <Y t="7">0.05685</Y>
          <Y t="8">0.06447</Y>
          <Y t="9">0.07365</Y>
          <Y t="10">0.08201</Y>
          <Y t="11">0.09358</Y>
          <Y t="12">0.11089</Y>
          <Y t="13">0.12453</Y>
          <Y t="14">0.14023</Y>
          <Y t="15">0.15823</Y>
          <Y t="16">0.17201</Y>
          <Y t="17">0.18536</Y>
          <Y t="18">0.19829</Y>
          <Y t="19">0.21012</Y>
          <Y t="20">0.22036</Y>
          <Y t="21">0.23443</Y>
          <Y t="22">0.24987</Y>
          <Y t="23">0.26725</Y>
          <Y t="24">0.28629</Y>
          <Y t="25">0.3067</Y>
        </Axis>
      </Axis>
      <Axis t="77">
        <Axis>
          <Y t="1">0.01358</Y>
          <Y t="2">0.0223</Y>
          <Y t="3">0.03221</Y>
          <Y t="4">0.04603</Y>
          <Y t="5">0.05181</Y>
          <Y t="6">0.05637</Y>
          <Y t="7">0.06222</Y>
          <Y t="8">0.07163</Y>
          <Y t="9">0.08041</Y>
          <Y t="10">0.09241</Y>
          <Y t="11">0.1083</Y>
          <Y t="12">0.12184</Y>
          <Y t="13">0.13773</Y>
          <Y t="14">0.15823</Y>
          <Y t="15">0.17201</Y>
          <Y t="16">0.18536</Y>
          <Y t="17">0.19829</Y>
          <Y t="18">0.21012</Y>
          <Y t="19">0.22036</Y>
          <Y t="20">0.23443</Y>
          <Y t="21">0.24987</Y>
          <Y t="22">0.26725</Y>
          <Y t="23">0.28629</Y>
          <Y t="24">0.3067</Y>
          <Y t="25">0.32825</Y>
        </Axis>
      </Axis>
      <Axis t="78">
        <Axis>
          <Y t="1">0.01477</Y>
          <Y t="2">0.02397</Y>
          <Y t="3">0.03455</Y>
          <Y t="4">0.04903</Y>
          <Y t="5">0.05519</Y>
          <Y t="6">0.06075</Y>
          <Y t="7">0.0691</Y>
          <Y t="8">0.07829</Y>
          <Y t="9">0.09051</Y>
          <Y t="10">0.10532</Y>
          <Y t="11">0.11882</Y>
          <Y t="12">0.13444</Y>
          <Y t="13">0.15664</Y>
          <Y t="14">0.17201</Y>
          <Y t="15">0.18536</Y>
          <Y t="16">0.19829</Y>
          <Y t="17">0.21012</Y>
          <Y t="18">0.22036</Y>
          <Y t="19">0.23443</Y>
          <Y t="20">0.24987</Y>
          <Y t="21">0.26725</Y>
          <Y t="22">0.28629</Y>
          <Y t="23">0.3067</Y>
          <Y t="24">0.32825</Y>
          <Y t="25">0.35002</Y>
        </Axis>
      </Axis>
      <Axis t="79">
        <Axis>
          <Y t="1">0.01607</Y>
          <Y t="2">0.02578</Y>
          <Y t="3">0.0371</Y>
          <Y t="4">0.05221</Y>
          <Y t="5">0.06063</Y>
          <Y t="6">0.06608</Y>
          <Y t="7">0.07563</Y>
          <Y t="8">0.08798</Y>
          <Y t="9">0.10184</Y>
          <Y t="10">0.11535</Y>
          <Y t="11">0.13061</Y>
          <Y t="12">0.15408</Y>
          <Y t="13">0.17201</Y>
          <Y t="14">0.18536</Y>
          <Y t="15">0.19829</Y>
          <Y t="16">0.21012</Y>
          <Y t="17">0.22036</Y>
          <Y t="18">0.23443</Y>
          <Y t="19">0.24987</Y>
          <Y t="20">0.26725</Y>
          <Y t="21">0.28629</Y>
          <Y t="22">0.3067</Y>
          <Y t="23">0.32825</Y>
          <Y t="24">0.35002</Y>
          <Y t="25">0.37165</Y>
        </Axis>
      </Axis>
      <Axis t="80">
        <Axis>
          <Y t="1">0.01751</Y>
          <Y t="2">0.02779</Y>
          <Y t="3">0.0399</Y>
          <Y t="4">0.05612</Y>
          <Y t="5">0.06532</Y>
          <Y t="6">0.07244</Y>
          <Y t="7">0.08481</Y>
          <Y t="8">0.09798</Y>
          <Y t="9">0.11131</Y>
          <Y t="10">0.12612</Y>
          <Y t="11">0.15055</Y>
          <Y t="12">0.17201</Y>
          <Y t="13">0.18536</Y>
          <Y t="14">0.19829</Y>
          <Y t="15">0.21012</Y>
          <Y t="16">0.22036</Y>
          <Y t="17">0.23443</Y>
          <Y t="18">0.24987</Y>
          <Y t="19">0.26725</Y>
          <Y t="20">0.28629</Y>
          <Y t="21">0.3067</Y>
          <Y t="22">0.32825</Y>
          <Y t="23">0.35002</Y>
          <Y t="24">0.37165</Y>
          <Y t="25">0.39279</Y>
        </Axis>
      </Axis>
      <Axis t="81">
        <Axis>
          <Y t="1">0.01911</Y>
          <Y t="2">0.03</Y>
          <Y t="3">0.04339</Y>
          <Y t="4">0.06029</Y>
          <Y t="5">0.07037</Y>
          <Y t="6">0.08102</Y>
          <Y t="7">0.09373</Y>
          <Y t="8">0.10682</Y>
          <Y t="9">0.12083</Y>
          <Y t="10">0.14543</Y>
          <Y t="11">0.17045</Y>
          <Y t="12">0.18536</Y>
          <Y t="13">0.19829</Y>
          <Y t="14">0.21012</Y>
          <Y t="15">0.22036</Y>
          <Y t="16">0.23443</Y>
          <Y t="17">0.24987</Y>
          <Y t="18">0.26725</Y>
          <Y t="19">0.28629</Y>
          <Y t="20">0.3067</Y>
          <Y t="21">0.32825</Y>
          <Y t="22">0.35002</Y>
          <Y t="23">0.37165</Y>
          <Y t="24">0.39279</Y>
          <Y t="25">0.41305</Y>
        </Axis>
      </Axis>
      <Axis t="82">
        <Axis>
          <Y t="1">0.02092</Y>
          <Y t="2">0.03279</Y>
          <Y t="3">0.04722</Y>
          <Y t="4">0.06472</Y>
          <Y t="5">0.0758</Y>
          <Y t="6">0.08825</Y>
          <Y t="7">0.10188</Y>
          <Y t="8">0.11489</Y>
          <Y t="9">0.13903</Y>
          <Y t="10">0.16734</Y>
          <Y t="11">0.18536</Y>
          <Y t="12">0.19829</Y>
          <Y t="13">0.21012</Y>
          <Y t="14">0.22036</Y>
          <Y t="15">0.23443</Y>
          <Y t="16">0.24987</Y>
          <Y t="17">0.26725</Y>
          <Y t="18">0.28629</Y>
          <Y t="19">0.3067</Y>
          <Y t="20">0.32825</Y>
          <Y t="21">0.35002</Y>
          <Y t="22">0.37165</Y>
          <Y t="23">0.39279</Y>
          <Y t="24">0.41305</Y>
          <Y t="25">0.43208</Y>
        </Axis>
      </Axis>
      <Axis t="83">
        <Axis>
          <Y t="1">0.02319</Y>
          <Y t="2">0.03588</Y>
          <Y t="3">0.05139</Y>
          <Y t="4">0.06931</Y>
          <Y t="5">0.0816</Y>
          <Y t="6">0.09518</Y>
          <Y t="7">0.10828</Y>
          <Y t="8">0.13134</Y>
          <Y t="9">0.16267</Y>
          <Y t="10">0.18536</Y>
          <Y t="11">0.19829</Y>
          <Y t="12">0.21012</Y>
          <Y t="13">0.22036</Y>
          <Y t="14">0.23443</Y>
          <Y t="15">0.24987</Y>
          <Y t="16">0.26725</Y>
          <Y t="17">0.28629</Y>
          <Y t="18">0.3067</Y>
          <Y t="19">0.32825</Y>
          <Y t="20">0.35002</Y>
          <Y t="21">0.37165</Y>
          <Y t="22">0.39279</Y>
          <Y t="23">0.41305</Y>
          <Y t="24">0.43208</Y>
          <Y t="25">0.44951</Y>
        </Axis>
      </Axis>
      <Axis t="84">
        <Axis>
          <Y t="1">0.02575</Y>
          <Y t="2">0.03931</Y>
          <Y t="3">0.05583</Y>
          <Y t="4">0.07412</Y>
          <Y t="5">0.08753</Y>
          <Y t="6">0.10107</Y>
          <Y t="7">0.12238</Y>
          <Y t="8">0.15644</Y>
          <Y t="9">0.18536</Y>
          <Y t="10">0.19829</Y>
          <Y t="11">0.21012</Y>
          <Y t="12">0.22036</Y>
          <Y t="13">0.23443</Y>
          <Y t="14">0.24987</Y>
          <Y t="15">0.26725</Y>
          <Y t="16">0.28629</Y>
          <Y t="17">0.3067</Y>
          <Y t="18">0.32825</Y>
          <Y t="19">0.35002</Y>
          <Y t="20">0.37165</Y>
          <Y t="21">0.39279</Y>
          <Y t="22">0.41305</Y>
          <Y t="23">0.43208</Y>
          <Y t="24">0.44951</Y>
          <Y t="25">0.46498</Y>
        </Axis>
      </Axis>
      <Axis t="85">
        <Axis>
          <Y t="1">0.02864</Y>
          <Y t="2">0.04305</Y>
          <Y t="3">0.0606</Y>
          <Y t="4">0.07893</Y>
          <Y t="5">0.09283</Y>
          <Y t="6">0.11214</Y>
          <Y t="7">0.14866</Y>
          <Y t="8">0.18135</Y>
          <Y t="9">0.19829</Y>
          <Y t="10">0.21012</Y>
          <Y t="11">0.22036</Y>
          <Y t="12">0.23443</Y>
          <Y t="13">0.24987</Y>
          <Y t="14">0.26725</Y>
          <Y t="15">0.28629</Y>
          <Y t="16">0.3067</Y>
          <Y t="17">0.32825</Y>
          <Y t="18">0.35002</Y>
          <Y t="19">0.37165</Y>
          <Y t="20">0.39279</Y>
          <Y t="21">0.41305</Y>
          <Y t="22">0.43208</Y>
          <Y t="23">0.44951</Y>
          <Y t="24">0.46498</Y>
          <Y t="25">0.47812</Y>
        </Axis>
      </Axis>
      <Axis t="86">
        <Axis>
          <Y t="1">0.03186</Y>
          <Y t="2">0.04716</Y>
          <Y t="3">0.0655</Y>
          <Y t="4">0.08356</Y>
          <Y t="5">0.10061</Y>
          <Y t="6">0.13932</Y>
          <Y t="7">0.17334</Y>
          <Y t="8">0.19829</Y>
          <Y t="9">0.21012</Y>
          <Y t="10">0.22036</Y>
          <Y t="11">0.23443</Y>
          <Y t="12">0.24987</Y>
          <Y t="13">0.26725</Y>
          <Y t="14">0.28629</Y>
          <Y t="15">0.3067</Y>
          <Y t="16">0.32825</Y>
          <Y t="17">0.35002</Y>
          <Y t="18">0.37165</Y>
          <Y t="19">0.39279</Y>
          <Y t="20">0.41305</Y>
          <Y t="21">0.43208</Y>
          <Y t="22">0.44951</Y>
          <Y t="23">0.46498</Y>
          <Y t="24">0.47812</Y>
          <Y t="25">0.48857</Y>
        </Axis>
      </Axis>
      <Axis t="87">
        <Axis>
          <Y t="1">0.03546</Y>
          <Y t="2">0.05152</Y>
          <Y t="3">0.07039</Y>
          <Y t="4">0.08781</Y>
          <Y t="5">0.12842</Y>
          <Y t="6">0.16131</Y>
          <Y t="7">0.19829</Y>
          <Y t="8">0.21012</Y>
          <Y t="9">0.22036</Y>
          <Y t="10">0.23443</Y>
          <Y t="11">0.24987</Y>
          <Y t="12">0.26725</Y>
          <Y t="13">0.28629</Y>
          <Y t="14">0.3067</Y>
          <Y t="15">0.32825</Y>
          <Y t="16">0.35002</Y>
          <Y t="17">0.37165</Y>
          <Y t="18">0.39279</Y>
          <Y t="19">0.41305</Y>
          <Y t="20">0.43208</Y>
          <Y t="21">0.44951</Y>
          <Y t="22">0.46498</Y>
          <Y t="23">0.47812</Y>
          <Y t="24">0.48857</Y>
          <Y t="25">0.49595</Y>
        </Axis>
      </Axis>
      <Axis t="88">
        <Axis>
          <Y t="1">0.03938</Y>
          <Y t="2">0.05604</Y>
          <Y t="3">0.07508</Y>
          <Y t="4">0.10473</Y>
          <Y t="5">0.14527</Y>
          <Y t="6">0.19829</Y>
          <Y t="7">0.21012</Y>
          <Y t="8">0.22036</Y>
          <Y t="9">0.23443</Y>
          <Y t="10">0.24987</Y>
          <Y t="11">0.26725</Y>
          <Y t="12">0.28629</Y>
          <Y t="13">0.3067</Y>
          <Y t="14">0.32825</Y>
          <Y t="15">0.35002</Y>
          <Y t="16">0.37165</Y>
          <Y t="17">0.39279</Y>
          <Y t="18">0.41305</Y>
          <Y t="19">0.43208</Y>
          <Y t="20">0.44951</Y>
          <Y t="21">0.46498</Y>
          <Y t="22">0.47812</Y>
          <Y t="23">0.48857</Y>
          <Y t="24">0.49595</Y>
          <Y t="25">0.5</Y>
        </Axis>
      </Axis>
      <Axis t="89">
        <Axis>
          <Y t="1">0.04355</Y>
          <Y t="2">0.06148</Y>
          <Y t="3">0.07957</Y>
          <Y t="4">0.12576</Y>
          <Y t="5">0.17474</Y>
          <Y t="6">0.21012</Y>
          <Y t="7">0.22036</Y>
          <Y t="8">0.23443</Y>
          <Y t="9">0.24987</Y>
          <Y t="10">0.26725</Y>
          <Y t="11">0.28629</Y>
          <Y t="12">0.3067</Y>
          <Y t="13">0.32825</Y>
          <Y t="14">0.35002</Y>
          <Y t="15">0.37165</Y>
          <Y t="16">0.39279</Y>
          <Y t="17">0.41305</Y>
          <Y t="18">0.43208</Y>
          <Y t="19">0.44951</Y>
          <Y t="20">0.46498</Y>
          <Y t="21">0.47812</Y>
          <Y t="22">0.48857</Y>
          <Y t="23">0.49595</Y>
          <Y t="24">0.5</Y>
          <Y t="25">0.5</Y>
        </Axis>
      </Axis>
      <Axis t="90">
        <Axis>
          <Y t="1">0.04788</Y>
          <Y t="2">0.06726</Y>
          <Y t="3">0.09277</Y>
          <Y t="4">0.1512</Y>
          <Y t="5">0.21012</Y>
          <Y t="6">0.22036</Y>
          <Y t="7">0.23443</Y>
          <Y t="8">0.24987</Y>
          <Y t="9">0.26725</Y>
          <Y t="10">0.28629</Y>
          <Y t="11">0.3067</Y>
          <Y t="12">0.32825</Y>
          <Y t="13">0.35002</Y>
          <Y t="14">0.37165</Y>
          <Y t="15">0.39279</Y>
          <Y t="16">0.41305</Y>
          <Y t="17">0.43208</Y>
          <Y t="18">0.44951</Y>
          <Y t="19">0.46498</Y>
          <Y t="20">0.47812</Y>
          <Y t="21">0.48857</Y>
          <Y t="22">0.49595</Y>
          <Y t="23">0.5</Y>
          <Y t="24">0.5</Y>
          <Y t="25">0.5</Y>
        </Axis>
      </Axis>
      <Axis t="91">
        <Axis>
          <Y t="1">0.05377</Y>
          <Y t="2">0.07814</Y>
          <Y t="3">0.14871</Y>
          <Y t="4">0.21012</Y>
          <Y t="5">0.22036</Y>
          <Y t="6">0.23443</Y>
          <Y t="7">0.24987</Y>
          <Y t="8">0.26725</Y>
          <Y t="9">0.28629</Y>
          <Y t="10">0.3067</Y>
          <Y t="11">0.32825</Y>
          <Y t="12">0.35002</Y>
          <Y t="13">0.37165</Y>
          <Y t="14">0.39279</Y>
          <Y t="15">0.41305</Y>
          <Y t="16">0.43208</Y>
          <Y t="17">0.44951</Y>
          <Y t="18">0.46498</Y>
          <Y t="19">0.47812</Y>
          <Y t="20">0.48857</Y>
          <Y t="21">0.49595</Y>
          <Y t="22">0.5</Y>
          <Y t="23">0.5</Y>
          <Y t="24">0.5</Y>
          <Y t="25">0.5</Y>
        </Axis>
      </Axis>
      <Axis t="92">
        <Axis>
          <Y t="1">0.06351</Y>
          <Y t="2">0.11328</Y>
          <Y t="3">0.21012</Y>
          <Y t="4">0.22036</Y>
          <Y t="5">0.23443</Y>
          <Y t="6">0.24987</Y>
          <Y t="7">0.26725</Y>
          <Y t="8">0.28629</Y>
          <Y t="9">0.3067</Y>
          <Y t="10">0.32825</Y>
          <Y t="11">0.35002</Y>
          <Y t="12">0.37165</Y>
          <Y t="13">0.39279</Y>
          <Y t="14">0.41305</Y>
          <Y t="15">0.43208</Y>
          <Y t="16">0.44951</Y>
          <Y t="17">0.46498</Y>
          <Y t="18">0.47812</Y>
          <Y t="19">0.48857</Y>
          <Y t="20">0.49595</Y>
          <Y t="21">0.5</Y>
          <Y t="22">0.5</Y>
          <Y t="23">0.5</Y>
          <Y t="24">0.5</Y>
          <Y t="25">0.5</Y>
        </Axis>
      </Axis>
      <Axis t="93">
        <Axis>
          <Y t="1">0.07785</Y>
          <Y t="2">0.15366</Y>
          <Y t="3">0.22036</Y>
          <Y t="4">0.23443</Y>
          <Y t="5">0.24987</Y>
          <Y t="6">0.26725</Y>
          <Y t="7">0.28629</Y>
          <Y t="8">0.3067</Y>
          <Y t="9">0.32825</Y>
          <Y t="10">0.35002</Y>
          <Y t="11">0.37165</Y>
          <Y t="12">0.39279</Y>
          <Y t="13">0.41305</Y>
          <Y t="14">0.43208</Y>
          <Y t="15">0.44951</Y>
          <Y t="16">0.46498</Y>
          <Y t="17">0.47812</Y>
          <Y t="18">0.48857</Y>
          <Y t="19">0.49595</Y>
          <Y t="20">0.5</Y>
          <Y t="21">0.5</Y>
          <Y t="22">0.5</Y>
          <Y t="23">0.5</Y>
          <Y t="24">0.5</Y>
          <Y t="25">0.5</Y>
        </Axis>
      </Axis>
      <Axis t="94">
        <Axis>
          <Y t="1">0.0972</Y>
          <Y t="2">0.17107</Y>
          <Y t="3">0.23443</Y>
          <Y t="4">0.24987</Y>
          <Y t="5">0.26725</Y>
          <Y t="6">0.28629</Y>
          <Y t="7">0.3067</Y>
          <Y t="8">0.32825</Y>
          <Y t="9">0.35002</Y>
          <Y t="10">0.37165</Y>
          <Y t="11">0.39279</Y>
          <Y t="12">0.41305</Y>
          <Y t="13">0.43208</Y>
          <Y t="14">0.44951</Y>
          <Y t="15">0.46498</Y>
          <Y t="16">0.47812</Y>
          <Y t="17">0.48857</Y>
          <Y t="18">0.49595</Y>
          <Y t="19">0.5</Y>
          <Y t="20">0.5</Y>
          <Y t="21">0.5</Y>
          <Y t="22">0.5</Y>
          <Y t="23">0.5</Y>
          <Y t="24">0.5</Y>
          <Y t="25">0.5</Y>
        </Axis>
      </Axis>
      <Axis t="95">
        <Axis>
          <Y t="1">0.12177</Y>
          <Y t="2">0.23443</Y>
          <Y t="3">0.24987</Y>
          <Y t="4">0.26725</Y>
          <Y t="5">0.28629</Y>
          <Y t="6">0.3067</Y>
          <Y t="7">0.32825</Y>
          <Y t="8">0.35002</Y>
          <Y t="9">0.37165</Y>
          <Y t="10">0.39279</Y>
          <Y t="11">0.41305</Y>
          <Y t="12">0.43208</Y>
          <Y t="13">0.44951</Y>
          <Y t="14">0.46498</Y>
          <Y t="15">0.47812</Y>
          <Y t="16">0.48857</Y>
          <Y t="17">0.49595</Y>
          <Y t="18">0.5</Y>
          <Y t="19">0.5</Y>
          <Y t="20">0.5</Y>
          <Y t="21">0.5</Y>
          <Y t="22">0.5</Y>
          <Y t="23">0.5</Y>
          <Y t="24">0.5</Y>
          <Y t="25">0.5</Y>
        </Axis>
      </Axis>
    </Values>
  </Table>
  <Table>
    <MetaData>
      <ScalingFactor>0</ScalingFactor>
      <DataType tc="2">Floating Point</DataType>
      <Nation tc="1">United States of America</Nation>
      <TableDescription>2017 Unloaded CSO Smoker Distinct Smoker, Male, Select and Ultimate Table. Basis: Age Nearest Birthday. Minimum Ultimate Age: 18. Maximum Ultimate Age: 120.</TableDescription>
      <AxisDef id="Age">
        <ScaleType tc="3">Age</ScaleType>
        <AxisName>Age</AxisName>
        <MinScaleValue>18</MinScaleValue>
        <MaxScaleValue>120</MaxScaleValue>
        <Increment>1</Increment>
      </AxisDef>
    </MetaData>
    <Values>
      <Axis>
        <Y t="18">0.00067</Y>
        <Y t="19">0.0007</Y>
        <Y t="20">0.00073</Y>
        <Y t="21">0.00076</Y>
        <Y t="22">0.00078</Y>
        <Y t="23">0.00081</Y>
        <Y t="24">0.00084</Y>
        <Y t="25">0.00086</Y>
        <Y t="26">0.00086</Y>
        <Y t="27">0.00085</Y>
        <Y t="28">0.00083</Y>
        <Y t="29">0.00082</Y>
        <Y t="30">0.00082</Y>
        <Y t="31">0.00085</Y>
        <Y t="32">0.00091</Y>
        <Y t="33">0.00097</Y>
        <Y t="34">0.00105</Y>
        <Y t="35">0.00113</Y>
        <Y t="36">0.00124</Y>
        <Y t="37">0.00134</Y>
        <Y t="38">0.00146</Y>
        <Y t="39">0.00165</Y>
        <Y t="40">0.00186</Y>
        <Y t="41">0.00209</Y>
        <Y t="42">0.00231</Y>
        <Y t="43">0.00252</Y>
        <Y t="44">0.00267</Y>
        <Y t="45">0.00278</Y>
        <Y t="46">0.00297</Y>
        <Y t="47">0.00315</Y>
        <Y t="48">0.00337</Y>
        <Y t="49">0.00361</Y>
        <Y t="50">0.00388</Y>
        <Y t="51">0.00419</Y>
        <Y t="52">0.00455</Y>
        <Y t="53">0.00494</Y>
        <Y t="54">0.00539</Y>
        <Y t="55">0.00589</Y>
        <Y t="56">0.00646</Y>
        <Y t="57">0.00711</Y>
        <Y t="58">0.00785</Y>
        <Y t="59">0.00869</Y>
        <Y t="60">0.00966</Y>
        <Y t="61">0.01077</Y>
        <Y t="62">0.01203</Y>
        <Y t="63">0.01344</Y>
        <Y t="64">0.01496</Y>
        <Y t="65">0.01667</Y>
        <Y t="66">0.01849</Y>
        <Y t="67">0.0204</Y>
        <Y t="68">0.02241</Y>
        <Y t="69">0.02461</Y>
        <Y t="70">0.02704</Y>
        <Y t="71">0.02983</Y>
        <Y t="72">0.03297</Y>
        <Y t="73">0.03641</Y>
        <Y t="74">0.04004</Y>
        <Y t="75">0.04374</Y>
        <Y t="76">0.04741</Y>
        <Y t="77">0.05104</Y>
        <Y t="78">0.05466</Y>
        <Y t="79">0.05848</Y>
        <Y t="80">0.06257</Y>
        <Y t="81">0.06709</Y>
        <Y t="82">0.07172</Y>
        <Y t="83">0.07885</Y>
        <Y t="84">0.08693</Y>
        <Y t="85">0.09613</Y>
        <Y t="86">0.10656</Y>
        <Y t="87">0.1182</Y>
        <Y t="88">0.131</Y>
        <Y t="89">0.1444</Y>
        <Y t="90">0.15823</Y>
        <Y t="91">0.17201</Y>
        <Y t="92">0.18536</Y>
        <Y t="93">0.19829</Y>
        <Y t="94">0.21012</Y>
        <Y t="95">0.22036</Y>
        <Y t="96">0.23443</Y>
        <Y t="97">0.24987</Y>
        <Y t="98">0.26725</Y>
        <Y t="99">0.28629</Y>
        <Y t="100">0.3067</Y>
        <Y t="101">0.32825</Y>
        <Y t="102">0.35002</Y>
        <Y t="103">0.37165</Y>
        <Y t="104">0.39279</Y>
        <Y t="105">0.41305</Y>
        <Y t="106">0.43208</Y>
        <Y t="107">0.44951</Y>
        <Y t="108">0.46498</Y>
        <Y t="109">0.47812</Y>
        <Y t="110">0.48857</Y>
        <Y t="111">0.49595</Y>
        <Y t="112">0.5</Y>
        <Y t="113">0.5</Y>
        <Y t="114">0.5</Y>
        <Y t="115">0.5</Y>
        <Y t="116">0.5</Y>
        <Y t="117">0.5</Y>
        <Y t="118">0.5</Y>
        <Y t="119">0.5</Y>
        <Y t="120">0.5</Y>
      </Axis>
    </Values>
  </Table>
</XTbML>