﻿<?xml version="1.0" encoding="utf-8"?>
<XTbML>
  <ContentClassification>
    <TableIdentity>3377</TableIdentity>
    <ProviderDomain>https://www.e-caa.org.cn/</ProviderDomain>
    <ProviderName>China Association of Actuaries</ProviderName>
    <TableReference>China Association of Actuaries, “CL 3 (2010-2013): Non-Annuity table 2 (Male)” in “Report on China Assured Lives: Mortality Investigation (2010-2013)”</TableReference>
    <ContentType tc="4">Insured Lives Mortality</ContentType>
    <TableName>CL3 (2010-2013)</TableName>
    <TableDescription>China Life Insurance Mortality Table (2010-2013) CL3 – Male. Basis: Non-Annuity, Saving. Minimum Age: 0. Maximum Age: 105</TableDescription>
    <Comments>Study Data: Based on experience data from nine companies (China Life, Ping An, China Pacific, New China, TaiKang, AIA, Taiping, PICC and Funde Sino). Data accounts for 93% of life insurance in force in China. Methodology: Refer to the presentation in London on Sep 8th, 2016 by Zhang Yao (CIRC) and Zhang Chu (NCI): "B5 Introduction of China's 3rd set Life Insurance Mortality Tables (2010-2013)". Data Transcription Errors: None. Data Certified: 07/2018</Comments>
    <KeyWord>Aggregate</KeyWord>
    <KeyWord>Insured Lives Mortality</KeyWord>
    <KeyWord>China</KeyWord>
  </ContentClassification>
  <Table>
    <MetaData>
      <ScalingFactor>0</ScalingFactor>
      <DataType tc="2">Floating Point</DataType>
      <Nation tc="86">China</Nation>
      <TableDescription>China Life Insurance Mortality Table (2010-2013) CL3 – Male. Basis: Non-Annuity, Saving. Minimum Age: 0. Maximum Age: 105</TableDescription>
      <AxisDef id="Age">
        <ScaleType tc="3">Age</ScaleType>
        <AxisName>Age</AxisName>
        <MinScaleValue>0</MinScaleValue>
        <MaxScaleValue>105</MaxScaleValue>
        <Increment>1</Increment>
      </AxisDef>
    </MetaData>
    <Values>
      <Axis>
        <Y t="0">0.00062</Y>
        <Y t="1">0.000465</Y>
        <Y t="2">0.000353</Y>
        <Y t="3">0.000278</Y>
        <Y t="4">0.000229</Y>
        <Y t="5">0.0002</Y>
        <Y t="6">0.000182</Y>
        <Y t="7">0.000172</Y>
        <Y t="8">0.000171</Y>
        <Y t="9">0.000177</Y>
        <Y t="10">0.000187</Y>
        <Y t="11">0.000202</Y>
        <Y t="12">0.00022</Y>
        <Y t="13">0.00024</Y>
        <Y t="14">0.000261</Y>
        <Y t="15">0.00028</Y>
        <Y t="16">0.000298</Y>
        <Y t="17">0.000315</Y>
        <Y t="18">0.000331</Y>
        <Y t="19">0.000346</Y>
        <Y t="20">0.000361</Y>
        <Y t="21">0.000376</Y>
        <Y t="22">0.000392</Y>
        <Y t="23">0.000409</Y>
        <Y t="24">0.000428</Y>
        <Y t="25">0.000448</Y>
        <Y t="26">0.000471</Y>
        <Y t="27">0.000497</Y>
        <Y t="28">0.000526</Y>
        <Y t="29">0.000558</Y>
        <Y t="30">0.000595</Y>
        <Y t="31">0.000635</Y>
        <Y t="32">0.000681</Y>
        <Y t="33">0.000732</Y>
        <Y t="34">0.000788</Y>
        <Y t="35">0.00085</Y>
        <Y t="36">0.000919</Y>
        <Y t="37">0.000995</Y>
        <Y t="38">0.001078</Y>
        <Y t="39">0.00117</Y>
        <Y t="40">0.00127</Y>
        <Y t="41">0.00138</Y>
        <Y t="42">0.0015</Y>
        <Y t="43">0.001631</Y>
        <Y t="44">0.001774</Y>
        <Y t="45">0.001929</Y>
        <Y t="46">0.002096</Y>
        <Y t="47">0.002277</Y>
        <Y t="48">0.002472</Y>
        <Y t="49">0.002682</Y>
        <Y t="50">0.002908</Y>
        <Y t="51">0.00315</Y>
        <Y t="52">0.003409</Y>
        <Y t="53">0.003686</Y>
        <Y t="54">0.003982</Y>
        <Y t="55">0.004297</Y>
        <Y t="56">0.004636</Y>
        <Y t="57">0.004999</Y>
        <Y t="58">0.005389</Y>
        <Y t="59">0.005807</Y>
        <Y t="60">0.006258</Y>
        <Y t="61">0.006742</Y>
        <Y t="62">0.007261</Y>
        <Y t="63">0.007815</Y>
        <Y t="64">0.008405</Y>
        <Y t="65">0.009039</Y>
        <Y t="66">0.009738</Y>
        <Y t="67">0.010538</Y>
        <Y t="68">0.011496</Y>
        <Y t="69">0.012686</Y>
        <Y t="70">0.014192</Y>
        <Y t="71">0.016106</Y>
        <Y t="72">0.018517</Y>
        <Y t="73">0.02151</Y>
        <Y t="74">0.025151</Y>
        <Y t="75">0.02949</Y>
        <Y t="76">0.034545</Y>
        <Y t="77">0.04031</Y>
        <Y t="78">0.046747</Y>
        <Y t="79">0.053801</Y>
        <Y t="80">0.061403</Y>
        <Y t="81">0.069485</Y>
        <Y t="82">0.077987</Y>
        <Y t="83">0.086872</Y>
        <Y t="84">0.09613</Y>
        <Y t="85">0.105786</Y>
        <Y t="86">0.1159</Y>
        <Y t="87">0.126569</Y>
        <Y t="88">0.137917</Y>
        <Y t="89">0.150089</Y>
        <Y t="90">0.163239</Y>
        <Y t="91">0.177519</Y>
        <Y t="92">0.193067</Y>
        <Y t="93">0.209999</Y>
        <Y t="94">0.228394</Y>
        <Y t="95">0.248299</Y>
        <Y t="96">0.269718</Y>
        <Y t="97">0.292621</Y>
        <Y t="98">0.316951</Y>
        <Y t="99">0.342628</Y>
        <Y t="100">0.369561</Y>
        <Y t="101">0.397652</Y>
        <Y t="102">0.426801</Y>
        <Y t="103">0.456906</Y>
        <Y t="104">0.487867</Y>
        <Y t="105">1</Y>
      </Axis>
    </Values>
  </Table>
</XTbML>