﻿<?xml version="1.0" encoding="utf-8"?>
<XTbML>
  <ContentClassification>
    <TableIdentity>3372</TableIdentity>
    <ProviderDomain>soa.org</ProviderDomain>
    <ProviderName>American Academy of Actuaries along with the Society of Actuaries</ProviderName>
    <TableReference>Joint American Academy of Actuaries' Life Experience Committee and Society of Actuaries Preferred Mortality Oversight Group CSO Development Subgroup, "Report on the 2017 CSO  and on the 2017 CSO Preferred Structure Table Development", American Academy of Actuaries, (2015). Accessed: April, 2016 from https://www.soa.org/Research/Experience-Study/Ind-Life/Valuation/2017-cso-tables.aspx</TableReference>
    <ContentType tc="85">CSO / CET</ContentType>
    <TableName>2017 Unloaded CSO Smoker Distinct Smoker Female ALB </TableName>
    <TableDescription>2017 Unloaded CSO Smoker Distinct Smoker, Female, Age Last Birthday. Minimum Age: 18. Maximum Age: 95.</TableDescription>
    <Comments>The 2017 Commissioners Standard Ordinary Tables (CSO) are a series of mortality tables developed for regulatory uses including CRVM, net premium reserves and non-forfeiture determination. The tables were based on life insurance mortality experience from 2002 to 2009, projected with improvement to 2017.  The tables include a margin to cover the variation of individual company’s mortality around the industry mean. Table uploaded: 02/2016. Select rates at ages 0-17 for certain durations and ultimate rates at ages 18-27, 29, 30, 32 and 37 were modified 09/2016. Data verified: 07/2018.</Comments>
    <KeyWord>Select</KeyWord>
    <KeyWord>CSO/CET</KeyWord>
    <KeyWord>United States of America</KeyWord>
  </ContentClassification>
  <Table>
    <MetaData>
      <ScalingFactor>0</ScalingFactor>
      <DataType tc="2">Floating Point</DataType>
      <Nation tc="1">United States of America</Nation>
      <TableDescription>2017 Unloaded CSO Smoker Distinct Smoker, Female, Select and Ultimate Table. Basis: Age Last Birthday. Minimum Select Age: 18. Maximum Select Age: 95.</TableDescription>
      <AxisDef id="Age">
        <ScaleType tc="3">Age</ScaleType>
        <AxisName>Age</AxisName>
        <MinScaleValue>18</MinScaleValue>
        <MaxScaleValue>95</MaxScaleValue>
        <Increment>1</Increment>
      </AxisDef>
      <AxisDef id="Duration">
        <ScaleType tc="2">Ordinal Date</ScaleType>
        <AxisName>Duration</AxisName>
        <MinScaleValue>1</MinScaleValue>
        <MaxScaleValue>25</MaxScaleValue>
        <Increment>1</Increment>
      </AxisDef>
    </MetaData>
    <Values>
      <Axis t="18">
        <Axis>
          <Y t="1">0.00027</Y>
          <Y t="2">0.00027</Y>
          <Y t="3">0.00026</Y>
          <Y t="4">0.00026</Y>
          <Y t="5">0.00027</Y>
          <Y t="6">0.0003</Y>
          <Y t="7">0.00032</Y>
          <Y t="8">0.00033</Y>
          <Y t="9">0.00033</Y>
          <Y t="10">0.00034</Y>
          <Y t="11">0.00035</Y>
          <Y t="12">0.00038</Y>
          <Y t="13">0.0004</Y>
          <Y t="14">0.00043</Y>
          <Y t="15">0.00047</Y>
          <Y t="16">0.00056</Y>
          <Y t="17">0.00068</Y>
          <Y t="18">0.00078</Y>
          <Y t="19">0.00092</Y>
          <Y t="20">0.00108</Y>
          <Y t="21">0.00121</Y>
          <Y t="22">0.00132</Y>
          <Y t="23">0.00142</Y>
          <Y t="24">0.00151</Y>
          <Y t="25">0.0016</Y>
        </Axis>
      </Axis>
      <Axis t="19">
        <Axis>
          <Y t="1">0.00025</Y>
          <Y t="2">0.00025</Y>
          <Y t="3">0.00024</Y>
          <Y t="4">0.00025</Y>
          <Y t="5">0.00028</Y>
          <Y t="6">0.00031</Y>
          <Y t="7">0.00032</Y>
          <Y t="8">0.00032</Y>
          <Y t="9">0.00033</Y>
          <Y t="10">0.00035</Y>
          <Y t="11">0.00037</Y>
          <Y t="12">0.0004</Y>
          <Y t="13">0.00043</Y>
          <Y t="14">0.00046</Y>
          <Y t="15">0.00056</Y>
          <Y t="16">0.00067</Y>
          <Y t="17">0.00077</Y>
          <Y t="18">0.00092</Y>
          <Y t="19">0.00106</Y>
          <Y t="20">0.0012</Y>
          <Y t="21">0.00132</Y>
          <Y t="22">0.00142</Y>
          <Y t="23">0.00151</Y>
          <Y t="24">0.0016</Y>
          <Y t="25">0.00169</Y>
        </Axis>
      </Axis>
      <Axis t="20">
        <Axis>
          <Y t="1">0.00021</Y>
          <Y t="2">0.00022</Y>
          <Y t="3">0.00023</Y>
          <Y t="4">0.00025</Y>
          <Y t="5">0.00029</Y>
          <Y t="6">0.0003</Y>
          <Y t="7">0.00031</Y>
          <Y t="8">0.00032</Y>
          <Y t="9">0.00035</Y>
          <Y t="10">0.00037</Y>
          <Y t="11">0.0004</Y>
          <Y t="12">0.00043</Y>
          <Y t="13">0.00046</Y>
          <Y t="14">0.00056</Y>
          <Y t="15">0.00067</Y>
          <Y t="16">0.00077</Y>
          <Y t="17">0.00091</Y>
          <Y t="18">0.00105</Y>
          <Y t="19">0.00118</Y>
          <Y t="20">0.00131</Y>
          <Y t="21">0.00142</Y>
          <Y t="22">0.00151</Y>
          <Y t="23">0.0016</Y>
          <Y t="24">0.00169</Y>
          <Y t="25">0.00179</Y>
        </Axis>
      </Axis>
      <Axis t="21">
        <Axis>
          <Y t="1">0.00018</Y>
          <Y t="2">0.0002</Y>
          <Y t="3">0.00023</Y>
          <Y t="4">0.00026</Y>
          <Y t="5">0.00028</Y>
          <Y t="6">0.00029</Y>
          <Y t="7">0.00031</Y>
          <Y t="8">0.00034</Y>
          <Y t="9">0.00037</Y>
          <Y t="10">0.0004</Y>
          <Y t="11">0.00043</Y>
          <Y t="12">0.00046</Y>
          <Y t="13">0.00056</Y>
          <Y t="14">0.00067</Y>
          <Y t="15">0.00077</Y>
          <Y t="16">0.0009</Y>
          <Y t="17">0.00104</Y>
          <Y t="18">0.00117</Y>
          <Y t="19">0.00129</Y>
          <Y t="20">0.00141</Y>
          <Y t="21">0.00151</Y>
          <Y t="22">0.0016</Y>
          <Y t="23">0.00169</Y>
          <Y t="24">0.00179</Y>
          <Y t="25">0.00193</Y>
        </Axis>
      </Axis>
      <Axis t="22">
        <Axis>
          <Y t="1">0.00018</Y>
          <Y t="2">0.0002</Y>
          <Y t="3">0.00023</Y>
          <Y t="4">0.00026</Y>
          <Y t="5">0.00028</Y>
          <Y t="6">0.00029</Y>
          <Y t="7">0.00032</Y>
          <Y t="8">0.00036</Y>
          <Y t="9">0.0004</Y>
          <Y t="10">0.00043</Y>
          <Y t="11">0.00046</Y>
          <Y t="12">0.00056</Y>
          <Y t="13">0.00067</Y>
          <Y t="14">0.00077</Y>
          <Y t="15">0.0009</Y>
          <Y t="16">0.00103</Y>
          <Y t="17">0.00116</Y>
          <Y t="18">0.00128</Y>
          <Y t="19">0.00139</Y>
          <Y t="20">0.0015</Y>
          <Y t="21">0.0016</Y>
          <Y t="22">0.00169</Y>
          <Y t="23">0.00179</Y>
          <Y t="24">0.00193</Y>
          <Y t="25">0.00212</Y>
        </Axis>
      </Axis>
      <Axis t="23">
        <Axis>
          <Y t="1">0.00019</Y>
          <Y t="2">0.00021</Y>
          <Y t="3">0.00023</Y>
          <Y t="4">0.00025</Y>
          <Y t="5">0.00028</Y>
          <Y t="6">0.00031</Y>
          <Y t="7">0.00035</Y>
          <Y t="8">0.00039</Y>
          <Y t="9">0.00043</Y>
          <Y t="10">0.00046</Y>
          <Y t="11">0.00055</Y>
          <Y t="12">0.00067</Y>
          <Y t="13">0.00077</Y>
          <Y t="14">0.0009</Y>
          <Y t="15">0.00102</Y>
          <Y t="16">0.00115</Y>
          <Y t="17">0.00127</Y>
          <Y t="18">0.00137</Y>
          <Y t="19">0.00148</Y>
          <Y t="20">0.00158</Y>
          <Y t="21">0.00169</Y>
          <Y t="22">0.00179</Y>
          <Y t="23">0.00193</Y>
          <Y t="24">0.00212</Y>
          <Y t="25">0.00232</Y>
        </Axis>
      </Axis>
      <Axis t="24">
        <Axis>
          <Y t="1">0.00019</Y>
          <Y t="2">0.00021</Y>
          <Y t="3">0.00022</Y>
          <Y t="4">0.00025</Y>
          <Y t="5">0.00029</Y>
          <Y t="6">0.00033</Y>
          <Y t="7">0.00037</Y>
          <Y t="8">0.00042</Y>
          <Y t="9">0.00046</Y>
          <Y t="10">0.00053</Y>
          <Y t="11">0.00065</Y>
          <Y t="12">0.00076</Y>
          <Y t="13">0.00089</Y>
          <Y t="14">0.00101</Y>
          <Y t="15">0.00114</Y>
          <Y t="16">0.00125</Y>
          <Y t="17">0.00136</Y>
          <Y t="18">0.00147</Y>
          <Y t="19">0.00157</Y>
          <Y t="20">0.00168</Y>
          <Y t="21">0.00179</Y>
          <Y t="22">0.00193</Y>
          <Y t="23">0.00212</Y>
          <Y t="24">0.00232</Y>
          <Y t="25">0.00255</Y>
        </Axis>
      </Axis>
      <Axis t="25">
        <Axis>
          <Y t="1">0.00019</Y>
          <Y t="2">0.0002</Y>
          <Y t="3">0.00022</Y>
          <Y t="4">0.00026</Y>
          <Y t="5">0.00031</Y>
          <Y t="6">0.00035</Y>
          <Y t="7">0.0004</Y>
          <Y t="8">0.00046</Y>
          <Y t="9">0.00052</Y>
          <Y t="10">0.00062</Y>
          <Y t="11">0.00074</Y>
          <Y t="12">0.00087</Y>
          <Y t="13">0.00101</Y>
          <Y t="14">0.00113</Y>
          <Y t="15">0.00124</Y>
          <Y t="16">0.00135</Y>
          <Y t="17">0.00146</Y>
          <Y t="18">0.00156</Y>
          <Y t="19">0.00166</Y>
          <Y t="20">0.00178</Y>
          <Y t="21">0.00193</Y>
          <Y t="22">0.00212</Y>
          <Y t="23">0.00232</Y>
          <Y t="24">0.00255</Y>
          <Y t="25">0.0028</Y>
        </Axis>
      </Axis>
      <Axis t="26">
        <Axis>
          <Y t="1">0.00018</Y>
          <Y t="2">0.0002</Y>
          <Y t="3">0.00023</Y>
          <Y t="4">0.00028</Y>
          <Y t="5">0.00033</Y>
          <Y t="6">0.00038</Y>
          <Y t="7">0.00043</Y>
          <Y t="8">0.0005</Y>
          <Y t="9">0.00059</Y>
          <Y t="10">0.00071</Y>
          <Y t="11">0.00084</Y>
          <Y t="12">0.00098</Y>
          <Y t="13">0.00112</Y>
          <Y t="14">0.00124</Y>
          <Y t="15">0.00134</Y>
          <Y t="16">0.00145</Y>
          <Y t="17">0.00156</Y>
          <Y t="18">0.00166</Y>
          <Y t="19">0.00177</Y>
          <Y t="20">0.00192</Y>
          <Y t="21">0.00212</Y>
          <Y t="22">0.00232</Y>
          <Y t="23">0.00255</Y>
          <Y t="24">0.0028</Y>
          <Y t="25">0.00308</Y>
        </Axis>
      </Axis>
      <Axis t="27">
        <Axis>
          <Y t="1">0.00017</Y>
          <Y t="2">0.00021</Y>
          <Y t="3">0.00025</Y>
          <Y t="4">0.0003</Y>
          <Y t="5">0.00036</Y>
          <Y t="6">0.00041</Y>
          <Y t="7">0.00048</Y>
          <Y t="8">0.00056</Y>
          <Y t="9">0.00067</Y>
          <Y t="10">0.0008</Y>
          <Y t="11">0.00095</Y>
          <Y t="12">0.0011</Y>
          <Y t="13">0.00123</Y>
          <Y t="14">0.00134</Y>
          <Y t="15">0.00144</Y>
          <Y t="16">0.00154</Y>
          <Y t="17">0.00165</Y>
          <Y t="18">0.00176</Y>
          <Y t="19">0.0019</Y>
          <Y t="20">0.00211</Y>
          <Y t="21">0.00232</Y>
          <Y t="22">0.00255</Y>
          <Y t="23">0.0028</Y>
          <Y t="24">0.00308</Y>
          <Y t="25">0.0034</Y>
        </Axis>
      </Axis>
      <Axis t="28">
        <Axis>
          <Y t="1">0.00018</Y>
          <Y t="2">0.00022</Y>
          <Y t="3">0.00027</Y>
          <Y t="4">0.00033</Y>
          <Y t="5">0.00039</Y>
          <Y t="6">0.00045</Y>
          <Y t="7">0.00053</Y>
          <Y t="8">0.00063</Y>
          <Y t="9">0.00076</Y>
          <Y t="10">0.00091</Y>
          <Y t="11">0.00106</Y>
          <Y t="12">0.0012</Y>
          <Y t="13">0.00133</Y>
          <Y t="14">0.00143</Y>
          <Y t="15">0.00153</Y>
          <Y t="16">0.00164</Y>
          <Y t="17">0.00176</Y>
          <Y t="18">0.00189</Y>
          <Y t="19">0.00206</Y>
          <Y t="20">0.00231</Y>
          <Y t="21">0.00255</Y>
          <Y t="22">0.0028</Y>
          <Y t="23">0.00308</Y>
          <Y t="24">0.0034</Y>
          <Y t="25">0.00374</Y>
        </Axis>
      </Axis>
      <Axis t="29">
        <Axis>
          <Y t="1">0.00019</Y>
          <Y t="2">0.00023</Y>
          <Y t="3">0.00029</Y>
          <Y t="4">0.00036</Y>
          <Y t="5">0.00042</Y>
          <Y t="6">0.0005</Y>
          <Y t="7">0.0006</Y>
          <Y t="8">0.00072</Y>
          <Y t="9">0.00086</Y>
          <Y t="10">0.00101</Y>
          <Y t="11">0.00115</Y>
          <Y t="12">0.00128</Y>
          <Y t="13">0.00141</Y>
          <Y t="14">0.00151</Y>
          <Y t="15">0.00161</Y>
          <Y t="16">0.00173</Y>
          <Y t="17">0.00189</Y>
          <Y t="18">0.00206</Y>
          <Y t="19">0.00226</Y>
          <Y t="20">0.00253</Y>
          <Y t="21">0.0028</Y>
          <Y t="22">0.00308</Y>
          <Y t="23">0.0034</Y>
          <Y t="24">0.00374</Y>
          <Y t="25">0.00412</Y>
        </Axis>
      </Axis>
      <Axis t="30">
        <Axis>
          <Y t="1">0.0002</Y>
          <Y t="2">0.00025</Y>
          <Y t="3">0.00032</Y>
          <Y t="4">0.00039</Y>
          <Y t="5">0.00047</Y>
          <Y t="6">0.00057</Y>
          <Y t="7">0.00068</Y>
          <Y t="8">0.00081</Y>
          <Y t="9">0.00095</Y>
          <Y t="10">0.0011</Y>
          <Y t="11">0.00123</Y>
          <Y t="12">0.00136</Y>
          <Y t="13">0.00149</Y>
          <Y t="14">0.00159</Y>
          <Y t="15">0.0017</Y>
          <Y t="16">0.00186</Y>
          <Y t="17">0.00205</Y>
          <Y t="18">0.00226</Y>
          <Y t="19">0.0025</Y>
          <Y t="20">0.00278</Y>
          <Y t="21">0.00308</Y>
          <Y t="22">0.0034</Y>
          <Y t="23">0.00374</Y>
          <Y t="24">0.00412</Y>
          <Y t="25">0.00454</Y>
        </Axis>
      </Axis>
      <Axis t="31">
        <Axis>
          <Y t="1">0.00021</Y>
          <Y t="2">0.00027</Y>
          <Y t="3">0.00035</Y>
          <Y t="4">0.00044</Y>
          <Y t="5">0.00053</Y>
          <Y t="6">0.00064</Y>
          <Y t="7">0.00077</Y>
          <Y t="8">0.0009</Y>
          <Y t="9">0.00104</Y>
          <Y t="10">0.00118</Y>
          <Y t="11">0.00131</Y>
          <Y t="12">0.00144</Y>
          <Y t="13">0.00157</Y>
          <Y t="14">0.00169</Y>
          <Y t="15">0.00183</Y>
          <Y t="16">0.00203</Y>
          <Y t="17">0.00226</Y>
          <Y t="18">0.00249</Y>
          <Y t="19">0.00277</Y>
          <Y t="20">0.00305</Y>
          <Y t="21">0.0034</Y>
          <Y t="22">0.00374</Y>
          <Y t="23">0.00412</Y>
          <Y t="24">0.00454</Y>
          <Y t="25">0.00502</Y>
        </Axis>
      </Axis>
      <Axis t="32">
        <Axis>
          <Y t="1">0.00022</Y>
          <Y t="2">0.00029</Y>
          <Y t="3">0.00039</Y>
          <Y t="4">0.0005</Y>
          <Y t="5">0.00061</Y>
          <Y t="6">0.00072</Y>
          <Y t="7">0.00085</Y>
          <Y t="8">0.00098</Y>
          <Y t="9">0.00112</Y>
          <Y t="10">0.00126</Y>
          <Y t="11">0.00139</Y>
          <Y t="12">0.00152</Y>
          <Y t="13">0.00167</Y>
          <Y t="14">0.00183</Y>
          <Y t="15">0.00201</Y>
          <Y t="16">0.00223</Y>
          <Y t="17">0.00249</Y>
          <Y t="18">0.00275</Y>
          <Y t="19">0.00303</Y>
          <Y t="20">0.00336</Y>
          <Y t="21">0.00374</Y>
          <Y t="22">0.00412</Y>
          <Y t="23">0.00454</Y>
          <Y t="24">0.00502</Y>
          <Y t="25">0.00556</Y>
        </Axis>
      </Axis>
      <Axis t="33">
        <Axis>
          <Y t="1">0.00024</Y>
          <Y t="2">0.00032</Y>
          <Y t="3">0.00044</Y>
          <Y t="4">0.00056</Y>
          <Y t="5">0.00068</Y>
          <Y t="6">0.00081</Y>
          <Y t="7">0.00093</Y>
          <Y t="8">0.00106</Y>
          <Y t="9">0.00119</Y>
          <Y t="10">0.00133</Y>
          <Y t="11">0.00147</Y>
          <Y t="12">0.00161</Y>
          <Y t="13">0.00181</Y>
          <Y t="14">0.002</Y>
          <Y t="15">0.00221</Y>
          <Y t="16">0.00246</Y>
          <Y t="17">0.00274</Y>
          <Y t="18">0.00302</Y>
          <Y t="19">0.00333</Y>
          <Y t="20">0.00371</Y>
          <Y t="21">0.00412</Y>
          <Y t="22">0.00454</Y>
          <Y t="23">0.00502</Y>
          <Y t="24">0.00556</Y>
          <Y t="25">0.00616</Y>
        </Axis>
      </Axis>
      <Axis t="34">
        <Axis>
          <Y t="1">0.00026</Y>
          <Y t="2">0.00036</Y>
          <Y t="3">0.0005</Y>
          <Y t="4">0.00064</Y>
          <Y t="5">0.00076</Y>
          <Y t="6">0.00088</Y>
          <Y t="7">0.001</Y>
          <Y t="8">0.00113</Y>
          <Y t="9">0.00126</Y>
          <Y t="10">0.00141</Y>
          <Y t="11">0.00156</Y>
          <Y t="12">0.00176</Y>
          <Y t="13">0.00199</Y>
          <Y t="14">0.00221</Y>
          <Y t="15">0.00244</Y>
          <Y t="16">0.00272</Y>
          <Y t="17">0.00302</Y>
          <Y t="18">0.00332</Y>
          <Y t="19">0.00369</Y>
          <Y t="20">0.0041</Y>
          <Y t="21">0.00454</Y>
          <Y t="22">0.00502</Y>
          <Y t="23">0.00556</Y>
          <Y t="24">0.00616</Y>
          <Y t="25">0.00684</Y>
        </Axis>
      </Axis>
      <Axis t="35">
        <Axis>
          <Y t="1">0.00028</Y>
          <Y t="2">0.00041</Y>
          <Y t="3">0.00056</Y>
          <Y t="4">0.00071</Y>
          <Y t="5">0.00083</Y>
          <Y t="6">0.00095</Y>
          <Y t="7">0.00107</Y>
          <Y t="8">0.00119</Y>
          <Y t="9">0.00133</Y>
          <Y t="10">0.00149</Y>
          <Y t="11">0.00173</Y>
          <Y t="12">0.00196</Y>
          <Y t="13">0.00219</Y>
          <Y t="14">0.00244</Y>
          <Y t="15">0.00269</Y>
          <Y t="16">0.003</Y>
          <Y t="17">0.00332</Y>
          <Y t="18">0.00368</Y>
          <Y t="19">0.00409</Y>
          <Y t="20">0.00454</Y>
          <Y t="21">0.00502</Y>
          <Y t="22">0.00556</Y>
          <Y t="23">0.00616</Y>
          <Y t="24">0.00684</Y>
          <Y t="25">0.0076</Y>
        </Axis>
      </Axis>
      <Axis t="36">
        <Axis>
          <Y t="1">0.00032</Y>
          <Y t="2">0.00046</Y>
          <Y t="3">0.00062</Y>
          <Y t="4">0.00078</Y>
          <Y t="5">0.0009</Y>
          <Y t="6">0.00102</Y>
          <Y t="7">0.00114</Y>
          <Y t="8">0.00126</Y>
          <Y t="9">0.0014</Y>
          <Y t="10">0.00168</Y>
          <Y t="11">0.00195</Y>
          <Y t="12">0.00216</Y>
          <Y t="13">0.00242</Y>
          <Y t="14">0.00269</Y>
          <Y t="15">0.00298</Y>
          <Y t="16">0.00331</Y>
          <Y t="17">0.00367</Y>
          <Y t="18">0.00409</Y>
          <Y t="19">0.00453</Y>
          <Y t="20">0.00502</Y>
          <Y t="21">0.00556</Y>
          <Y t="22">0.00616</Y>
          <Y t="23">0.00684</Y>
          <Y t="24">0.0076</Y>
          <Y t="25">0.00843</Y>
        </Axis>
      </Axis>
      <Axis t="37">
        <Axis>
          <Y t="1">0.00035</Y>
          <Y t="2">0.0005</Y>
          <Y t="3">0.00068</Y>
          <Y t="4">0.00084</Y>
          <Y t="5">0.00096</Y>
          <Y t="6">0.00108</Y>
          <Y t="7">0.00121</Y>
          <Y t="8">0.00134</Y>
          <Y t="9">0.0016</Y>
          <Y t="10">0.00192</Y>
          <Y t="11">0.00215</Y>
          <Y t="12">0.00238</Y>
          <Y t="13">0.00267</Y>
          <Y t="14">0.00297</Y>
          <Y t="15">0.00329</Y>
          <Y t="16">0.00366</Y>
          <Y t="17">0.00408</Y>
          <Y t="18">0.00453</Y>
          <Y t="19">0.00501</Y>
          <Y t="20">0.00556</Y>
          <Y t="21">0.00616</Y>
          <Y t="22">0.00684</Y>
          <Y t="23">0.0076</Y>
          <Y t="24">0.00843</Y>
          <Y t="25">0.00937</Y>
        </Axis>
      </Axis>
      <Axis t="38">
        <Axis>
          <Y t="1">0.00038</Y>
          <Y t="2">0.00054</Y>
          <Y t="3">0.00073</Y>
          <Y t="4">0.0009</Y>
          <Y t="5">0.00103</Y>
          <Y t="6">0.00115</Y>
          <Y t="7">0.00128</Y>
          <Y t="8">0.00152</Y>
          <Y t="9">0.00184</Y>
          <Y t="10">0.00211</Y>
          <Y t="11">0.00237</Y>
          <Y t="12">0.00263</Y>
          <Y t="13">0.00295</Y>
          <Y t="14">0.00329</Y>
          <Y t="15">0.00365</Y>
          <Y t="16">0.00407</Y>
          <Y t="17">0.00452</Y>
          <Y t="18">0.00501</Y>
          <Y t="19">0.00555</Y>
          <Y t="20">0.00616</Y>
          <Y t="21">0.00684</Y>
          <Y t="22">0.0076</Y>
          <Y t="23">0.00843</Y>
          <Y t="24">0.00937</Y>
          <Y t="25">0.01039</Y>
        </Axis>
      </Axis>
      <Axis t="39">
        <Axis>
          <Y t="1">0.0004</Y>
          <Y t="2">0.00058</Y>
          <Y t="3">0.00078</Y>
          <Y t="4">0.00096</Y>
          <Y t="5">0.0011</Y>
          <Y t="6">0.00123</Y>
          <Y t="7">0.00145</Y>
          <Y t="8">0.00176</Y>
          <Y t="9">0.00203</Y>
          <Y t="10">0.00233</Y>
          <Y t="11">0.00261</Y>
          <Y t="12">0.00291</Y>
          <Y t="13">0.00327</Y>
          <Y t="14">0.00364</Y>
          <Y t="15">0.00404</Y>
          <Y t="16">0.00452</Y>
          <Y t="17">0.00501</Y>
          <Y t="18">0.00555</Y>
          <Y t="19">0.00616</Y>
          <Y t="20">0.00684</Y>
          <Y t="21">0.0076</Y>
          <Y t="22">0.00843</Y>
          <Y t="23">0.00937</Y>
          <Y t="24">0.01039</Y>
          <Y t="25">0.01151</Y>
        </Axis>
      </Axis>
      <Axis t="40">
        <Axis>
          <Y t="1">0.00042</Y>
          <Y t="2">0.00061</Y>
          <Y t="3">0.00083</Y>
          <Y t="4">0.00102</Y>
          <Y t="5">0.00117</Y>
          <Y t="6">0.00136</Y>
          <Y t="7">0.00165</Y>
          <Y t="8">0.00194</Y>
          <Y t="9">0.00224</Y>
          <Y t="10">0.00257</Y>
          <Y t="11">0.00289</Y>
          <Y t="12">0.00322</Y>
          <Y t="13">0.00362</Y>
          <Y t="14">0.00404</Y>
          <Y t="15">0.00447</Y>
          <Y t="16">0.00501</Y>
          <Y t="17">0.00555</Y>
          <Y t="18">0.00616</Y>
          <Y t="19">0.00683</Y>
          <Y t="20">0.00759</Y>
          <Y t="21">0.00843</Y>
          <Y t="22">0.00937</Y>
          <Y t="23">0.01039</Y>
          <Y t="24">0.01151</Y>
          <Y t="25">0.01273</Y>
        </Axis>
      </Axis>
      <Axis t="41">
        <Axis>
          <Y t="1">0.00044</Y>
          <Y t="2">0.00064</Y>
          <Y t="3">0.00088</Y>
          <Y t="4">0.00109</Y>
          <Y t="5">0.00127</Y>
          <Y t="6">0.00153</Y>
          <Y t="7">0.00182</Y>
          <Y t="8">0.00214</Y>
          <Y t="9">0.00247</Y>
          <Y t="10">0.00284</Y>
          <Y t="11">0.0032</Y>
          <Y t="12">0.00357</Y>
          <Y t="13">0.00401</Y>
          <Y t="14">0.00447</Y>
          <Y t="15">0.00495</Y>
          <Y t="16">0.00555</Y>
          <Y t="17">0.00615</Y>
          <Y t="18">0.00683</Y>
          <Y t="19">0.00758</Y>
          <Y t="20">0.00842</Y>
          <Y t="21">0.00937</Y>
          <Y t="22">0.01039</Y>
          <Y t="23">0.01151</Y>
          <Y t="24">0.01273</Y>
          <Y t="25">0.01405</Y>
        </Axis>
      </Axis>
      <Axis t="42">
        <Axis>
          <Y t="1">0.00045</Y>
          <Y t="2">0.00067</Y>
          <Y t="3">0.00094</Y>
          <Y t="4">0.00118</Y>
          <Y t="5">0.0014</Y>
          <Y t="6">0.00169</Y>
          <Y t="7">0.00201</Y>
          <Y t="8">0.00236</Y>
          <Y t="9">0.00273</Y>
          <Y t="10">0.00314</Y>
          <Y t="11">0.00353</Y>
          <Y t="12">0.00395</Y>
          <Y t="13">0.00443</Y>
          <Y t="14">0.00492</Y>
          <Y t="15">0.00547</Y>
          <Y t="16">0.00615</Y>
          <Y t="17">0.00682</Y>
          <Y t="18">0.00757</Y>
          <Y t="19">0.0084</Y>
          <Y t="20">0.00934</Y>
          <Y t="21">0.01039</Y>
          <Y t="22">0.01151</Y>
          <Y t="23">0.01273</Y>
          <Y t="24">0.01405</Y>
          <Y t="25">0.01546</Y>
        </Axis>
      </Axis>
      <Axis t="43">
        <Axis>
          <Y t="1">0.00046</Y>
          <Y t="2">0.0007</Y>
          <Y t="3">0.00101</Y>
          <Y t="4">0.0013</Y>
          <Y t="5">0.00154</Y>
          <Y t="6">0.00187</Y>
          <Y t="7">0.00222</Y>
          <Y t="8">0.00261</Y>
          <Y t="9">0.00302</Y>
          <Y t="10">0.00348</Y>
          <Y t="11">0.00391</Y>
          <Y t="12">0.00437</Y>
          <Y t="13">0.00486</Y>
          <Y t="14">0.00542</Y>
          <Y t="15">0.00607</Y>
          <Y t="16">0.00681</Y>
          <Y t="17">0.00756</Y>
          <Y t="18">0.00839</Y>
          <Y t="19">0.00932</Y>
          <Y t="20">0.01034</Y>
          <Y t="21">0.01151</Y>
          <Y t="22">0.01273</Y>
          <Y t="23">0.01405</Y>
          <Y t="24">0.01546</Y>
          <Y t="25">0.01697</Y>
        </Axis>
      </Axis>
      <Axis t="44">
        <Axis>
          <Y t="1">0.00048</Y>
          <Y t="2">0.00075</Y>
          <Y t="3">0.00111</Y>
          <Y t="4">0.00144</Y>
          <Y t="5">0.00171</Y>
          <Y t="6">0.00206</Y>
          <Y t="7">0.00246</Y>
          <Y t="8">0.00288</Y>
          <Y t="9">0.00335</Y>
          <Y t="10">0.00385</Y>
          <Y t="11">0.00433</Y>
          <Y t="12">0.00478</Y>
          <Y t="13">0.00535</Y>
          <Y t="14">0.00601</Y>
          <Y t="15">0.00673</Y>
          <Y t="16">0.00754</Y>
          <Y t="17">0.00837</Y>
          <Y t="18">0.00931</Y>
          <Y t="19">0.01034</Y>
          <Y t="20">0.01147</Y>
          <Y t="21">0.01273</Y>
          <Y t="22">0.01405</Y>
          <Y t="23">0.01546</Y>
          <Y t="24">0.01697</Y>
          <Y t="25">0.01856</Y>
        </Axis>
      </Axis>
      <Axis t="45">
        <Axis>
          <Y t="1">0.0005</Y>
          <Y t="2">0.00081</Y>
          <Y t="3">0.00121</Y>
          <Y t="4">0.00159</Y>
          <Y t="5">0.00189</Y>
          <Y t="6">0.00228</Y>
          <Y t="7">0.00272</Y>
          <Y t="8">0.0032</Y>
          <Y t="9">0.00371</Y>
          <Y t="10">0.00426</Y>
          <Y t="11">0.00474</Y>
          <Y t="12">0.00525</Y>
          <Y t="13">0.00593</Y>
          <Y t="14">0.00667</Y>
          <Y t="15">0.00746</Y>
          <Y t="16">0.00836</Y>
          <Y t="17">0.0093</Y>
          <Y t="18">0.01033</Y>
          <Y t="19">0.01146</Y>
          <Y t="20">0.01267</Y>
          <Y t="21">0.01405</Y>
          <Y t="22">0.01546</Y>
          <Y t="23">0.01697</Y>
          <Y t="24">0.01856</Y>
          <Y t="25">0.02026</Y>
        </Axis>
      </Axis>
      <Axis t="46">
        <Axis>
          <Y t="1">0.00054</Y>
          <Y t="2">0.00088</Y>
          <Y t="3">0.00133</Y>
          <Y t="4">0.00175</Y>
          <Y t="5">0.00209</Y>
          <Y t="6">0.00253</Y>
          <Y t="7">0.00302</Y>
          <Y t="8">0.00354</Y>
          <Y t="9">0.00411</Y>
          <Y t="10">0.00466</Y>
          <Y t="11">0.00519</Y>
          <Y t="12">0.00582</Y>
          <Y t="13">0.00658</Y>
          <Y t="14">0.00739</Y>
          <Y t="15">0.00828</Y>
          <Y t="16">0.00927</Y>
          <Y t="17">0.01033</Y>
          <Y t="18">0.01146</Y>
          <Y t="19">0.01266</Y>
          <Y t="20">0.01393</Y>
          <Y t="21">0.01546</Y>
          <Y t="22">0.01697</Y>
          <Y t="23">0.01856</Y>
          <Y t="24">0.02026</Y>
          <Y t="25">0.02215</Y>
        </Axis>
      </Axis>
      <Axis t="47">
        <Axis>
          <Y t="1">0.00058</Y>
          <Y t="2">0.00095</Y>
          <Y t="3">0.00146</Y>
          <Y t="4">0.00194</Y>
          <Y t="5">0.00232</Y>
          <Y t="6">0.00281</Y>
          <Y t="7">0.00335</Y>
          <Y t="8">0.00393</Y>
          <Y t="9">0.0045</Y>
          <Y t="10">0.00511</Y>
          <Y t="11">0.00576</Y>
          <Y t="12">0.00646</Y>
          <Y t="13">0.0073</Y>
          <Y t="14">0.00821</Y>
          <Y t="15">0.00919</Y>
          <Y t="16">0.01028</Y>
          <Y t="17">0.01145</Y>
          <Y t="18">0.01265</Y>
          <Y t="19">0.01391</Y>
          <Y t="20">0.01534</Y>
          <Y t="21">0.01697</Y>
          <Y t="22">0.01856</Y>
          <Y t="23">0.02026</Y>
          <Y t="24">0.02215</Y>
          <Y t="25">0.02411</Y>
        </Axis>
      </Axis>
      <Axis t="48">
        <Axis>
          <Y t="1">0.00062</Y>
          <Y t="2">0.00104</Y>
          <Y t="3">0.00161</Y>
          <Y t="4">0.00214</Y>
          <Y t="5">0.00258</Y>
          <Y t="6">0.00312</Y>
          <Y t="7">0.00371</Y>
          <Y t="8">0.00431</Y>
          <Y t="9">0.00494</Y>
          <Y t="10">0.00568</Y>
          <Y t="11">0.00639</Y>
          <Y t="12">0.00716</Y>
          <Y t="13">0.00809</Y>
          <Y t="14">0.0091</Y>
          <Y t="15">0.01018</Y>
          <Y t="16">0.01137</Y>
          <Y t="17">0.01265</Y>
          <Y t="18">0.01391</Y>
          <Y t="19">0.01526</Y>
          <Y t="20">0.01683</Y>
          <Y t="21">0.01856</Y>
          <Y t="22">0.02026</Y>
          <Y t="23">0.02215</Y>
          <Y t="24">0.02411</Y>
          <Y t="25">0.02615</Y>
        </Axis>
      </Axis>
      <Axis t="49">
        <Axis>
          <Y t="1">0.00066</Y>
          <Y t="2">0.00113</Y>
          <Y t="3">0.00177</Y>
          <Y t="4">0.00237</Y>
          <Y t="5">0.00287</Y>
          <Y t="6">0.00347</Y>
          <Y t="7">0.00409</Y>
          <Y t="8">0.00474</Y>
          <Y t="9">0.00548</Y>
          <Y t="10">0.00631</Y>
          <Y t="11">0.00709</Y>
          <Y t="12">0.00792</Y>
          <Y t="13">0.00895</Y>
          <Y t="14">0.01006</Y>
          <Y t="15">0.01123</Y>
          <Y t="16">0.01254</Y>
          <Y t="17">0.01391</Y>
          <Y t="18">0.01525</Y>
          <Y t="19">0.01675</Y>
          <Y t="20">0.01836</Y>
          <Y t="21">0.02026</Y>
          <Y t="22">0.02215</Y>
          <Y t="23">0.02411</Y>
          <Y t="24">0.02615</Y>
          <Y t="25">0.02838</Y>
        </Axis>
      </Axis>
      <Axis t="50">
        <Axis>
          <Y t="1">0.00071</Y>
          <Y t="2">0.00123</Y>
          <Y t="3">0.00194</Y>
          <Y t="4">0.00263</Y>
          <Y t="5">0.00319</Y>
          <Y t="6">0.00384</Y>
          <Y t="7">0.00451</Y>
          <Y t="8">0.00526</Y>
          <Y t="9">0.0061</Y>
          <Y t="10">0.00701</Y>
          <Y t="11">0.00786</Y>
          <Y t="12">0.00877</Y>
          <Y t="13">0.0099</Y>
          <Y t="14">0.01111</Y>
          <Y t="15">0.01238</Y>
          <Y t="16">0.01378</Y>
          <Y t="17">0.01525</Y>
          <Y t="18">0.01673</Y>
          <Y t="19">0.01834</Y>
          <Y t="20">0.01999</Y>
          <Y t="21">0.02215</Y>
          <Y t="22">0.02411</Y>
          <Y t="23">0.02615</Y>
          <Y t="24">0.02838</Y>
          <Y t="25">0.03082</Y>
        </Axis>
      </Axis>
      <Axis t="51">
        <Axis>
          <Y t="1">0.00076</Y>
          <Y t="2">0.00134</Y>
          <Y t="3">0.00214</Y>
          <Y t="4">0.00291</Y>
          <Y t="5">0.00356</Y>
          <Y t="6">0.00425</Y>
          <Y t="7">0.00502</Y>
          <Y t="8">0.00586</Y>
          <Y t="9">0.00679</Y>
          <Y t="10">0.00781</Y>
          <Y t="11">0.00874</Y>
          <Y t="12">0.00976</Y>
          <Y t="13">0.01096</Y>
          <Y t="14">0.01228</Y>
          <Y t="15">0.01364</Y>
          <Y t="16">0.01515</Y>
          <Y t="17">0.01672</Y>
          <Y t="18">0.01833</Y>
          <Y t="19">0.01998</Y>
          <Y t="20">0.0218</Y>
          <Y t="21">0.02411</Y>
          <Y t="22">0.02615</Y>
          <Y t="23">0.02838</Y>
          <Y t="24">0.03082</Y>
          <Y t="25">0.03352</Y>
        </Axis>
      </Axis>
      <Axis t="52">
        <Axis>
          <Y t="1">0.00082</Y>
          <Y t="2">0.00147</Y>
          <Y t="3">0.00236</Y>
          <Y t="4">0.00323</Y>
          <Y t="5">0.00397</Y>
          <Y t="6">0.00474</Y>
          <Y t="7">0.00559</Y>
          <Y t="8">0.00652</Y>
          <Y t="9">0.00756</Y>
          <Y t="10">0.0087</Y>
          <Y t="11">0.00972</Y>
          <Y t="12">0.0109</Y>
          <Y t="13">0.01215</Y>
          <Y t="14">0.01357</Y>
          <Y t="15">0.01507</Y>
          <Y t="16">0.01667</Y>
          <Y t="17">0.01831</Y>
          <Y t="18">0.01998</Y>
          <Y t="19">0.02177</Y>
          <Y t="20">0.02372</Y>
          <Y t="21">0.02615</Y>
          <Y t="22">0.02838</Y>
          <Y t="23">0.03082</Y>
          <Y t="24">0.03352</Y>
          <Y t="25">0.03653</Y>
        </Axis>
      </Axis>
      <Axis t="53">
        <Axis>
          <Y t="1">0.00089</Y>
          <Y t="2">0.00161</Y>
          <Y t="3">0.0026</Y>
          <Y t="4">0.00358</Y>
          <Y t="5">0.00443</Y>
          <Y t="6">0.00529</Y>
          <Y t="7">0.00624</Y>
          <Y t="8">0.00728</Y>
          <Y t="9">0.00843</Y>
          <Y t="10">0.00968</Y>
          <Y t="11">0.01083</Y>
          <Y t="12">0.01211</Y>
          <Y t="13">0.01348</Y>
          <Y t="14">0.015</Y>
          <Y t="15">0.01663</Y>
          <Y t="16">0.0183</Y>
          <Y t="17">0.01997</Y>
          <Y t="18">0.02174</Y>
          <Y t="19">0.02369</Y>
          <Y t="20">0.02591</Y>
          <Y t="21">0.02838</Y>
          <Y t="22">0.03082</Y>
          <Y t="23">0.03352</Y>
          <Y t="24">0.03653</Y>
          <Y t="25">0.03986</Y>
        </Axis>
      </Axis>
      <Axis t="54">
        <Axis>
          <Y t="1">0.00096</Y>
          <Y t="2">0.00177</Y>
          <Y t="3">0.00287</Y>
          <Y t="4">0.00398</Y>
          <Y t="5">0.00495</Y>
          <Y t="6">0.00591</Y>
          <Y t="7">0.00697</Y>
          <Y t="8">0.00813</Y>
          <Y t="9">0.0094</Y>
          <Y t="10">0.01078</Y>
          <Y t="11">0.01207</Y>
          <Y t="12">0.01343</Y>
          <Y t="13">0.01497</Y>
          <Y t="14">0.01659</Y>
          <Y t="15">0.01828</Y>
          <Y t="16">0.01996</Y>
          <Y t="17">0.02171</Y>
          <Y t="18">0.02366</Y>
          <Y t="19">0.02584</Y>
          <Y t="20">0.02832</Y>
          <Y t="21">0.03082</Y>
          <Y t="22">0.03352</Y>
          <Y t="23">0.03653</Y>
          <Y t="24">0.03986</Y>
          <Y t="25">0.04353</Y>
        </Axis>
      </Axis>
      <Axis t="55">
        <Axis>
          <Y t="1">0.00104</Y>
          <Y t="2">0.00194</Y>
          <Y t="3">0.00317</Y>
          <Y t="4">0.00442</Y>
          <Y t="5">0.00554</Y>
          <Y t="6">0.00661</Y>
          <Y t="7">0.0078</Y>
          <Y t="8">0.00908</Y>
          <Y t="9">0.01048</Y>
          <Y t="10">0.01198</Y>
          <Y t="11">0.01342</Y>
          <Y t="12">0.0149</Y>
          <Y t="13">0.01657</Y>
          <Y t="14">0.01827</Y>
          <Y t="15">0.01995</Y>
          <Y t="16">0.02168</Y>
          <Y t="17">0.02364</Y>
          <Y t="18">0.02582</Y>
          <Y t="19">0.02819</Y>
          <Y t="20">0.03082</Y>
          <Y t="21">0.03352</Y>
          <Y t="22">0.03653</Y>
          <Y t="23">0.03986</Y>
          <Y t="24">0.04353</Y>
          <Y t="25">0.04802</Y>
        </Axis>
      </Axis>
      <Axis t="56">
        <Axis>
          <Y t="1">0.00113</Y>
          <Y t="2">0.00213</Y>
          <Y t="3">0.00351</Y>
          <Y t="4">0.00492</Y>
          <Y t="5">0.00622</Y>
          <Y t="6">0.00742</Y>
          <Y t="7">0.00873</Y>
          <Y t="8">0.01015</Y>
          <Y t="9">0.01167</Y>
          <Y t="10">0.01329</Y>
          <Y t="11">0.01485</Y>
          <Y t="12">0.01644</Y>
          <Y t="13">0.01819</Y>
          <Y t="14">0.01994</Y>
          <Y t="15">0.02165</Y>
          <Y t="16">0.02361</Y>
          <Y t="17">0.02579</Y>
          <Y t="18">0.02814</Y>
          <Y t="19">0.03065</Y>
          <Y t="20">0.03352</Y>
          <Y t="21">0.03653</Y>
          <Y t="22">0.03986</Y>
          <Y t="23">0.04353</Y>
          <Y t="24">0.04802</Y>
          <Y t="25">0.05365</Y>
        </Axis>
      </Axis>
      <Axis t="57">
        <Axis>
          <Y t="1">0.00123</Y>
          <Y t="2">0.00235</Y>
          <Y t="3">0.00389</Y>
          <Y t="4">0.0055</Y>
          <Y t="5">0.00699</Y>
          <Y t="6">0.00832</Y>
          <Y t="7">0.00977</Y>
          <Y t="8">0.01132</Y>
          <Y t="9">0.01297</Y>
          <Y t="10">0.01471</Y>
          <Y t="11">0.01635</Y>
          <Y t="12">0.018</Y>
          <Y t="13">0.0198</Y>
          <Y t="14">0.02162</Y>
          <Y t="15">0.02349</Y>
          <Y t="16">0.02569</Y>
          <Y t="17">0.02809</Y>
          <Y t="18">0.0306</Y>
          <Y t="19">0.03335</Y>
          <Y t="20">0.03653</Y>
          <Y t="21">0.03986</Y>
          <Y t="22">0.04353</Y>
          <Y t="23">0.04802</Y>
          <Y t="24">0.05365</Y>
          <Y t="25">0.06022</Y>
        </Axis>
      </Axis>
      <Axis t="58">
        <Axis>
          <Y t="1">0.00134</Y>
          <Y t="2">0.0026</Y>
          <Y t="3">0.00432</Y>
          <Y t="4">0.00615</Y>
          <Y t="5">0.00787</Y>
          <Y t="6">0.00933</Y>
          <Y t="7">0.01092</Y>
          <Y t="8">0.01259</Y>
          <Y t="9">0.01437</Y>
          <Y t="10">0.01621</Y>
          <Y t="11">0.01793</Y>
          <Y t="12">0.01965</Y>
          <Y t="13">0.02154</Y>
          <Y t="14">0.02343</Y>
          <Y t="15">0.02551</Y>
          <Y t="16">0.02793</Y>
          <Y t="17">0.03056</Y>
          <Y t="18">0.03332</Y>
          <Y t="19">0.03636</Y>
          <Y t="20">0.03986</Y>
          <Y t="21">0.04353</Y>
          <Y t="22">0.04802</Y>
          <Y t="23">0.05365</Y>
          <Y t="24">0.06022</Y>
          <Y t="25">0.06763</Y>
        </Axis>
      </Axis>
      <Axis t="59">
        <Axis>
          <Y t="1">0.00146</Y>
          <Y t="2">0.00288</Y>
          <Y t="3">0.00481</Y>
          <Y t="4">0.00689</Y>
          <Y t="5">0.00886</Y>
          <Y t="6">0.01046</Y>
          <Y t="7">0.01218</Y>
          <Y t="8">0.01398</Y>
          <Y t="9">0.01587</Y>
          <Y t="10">0.01779</Y>
          <Y t="11">0.01959</Y>
          <Y t="12">0.02144</Y>
          <Y t="13">0.02336</Y>
          <Y t="14">0.02543</Y>
          <Y t="15">0.02778</Y>
          <Y t="16">0.03043</Y>
          <Y t="17">0.03329</Y>
          <Y t="18">0.03632</Y>
          <Y t="19">0.03968</Y>
          <Y t="20">0.04353</Y>
          <Y t="21">0.04802</Y>
          <Y t="22">0.05365</Y>
          <Y t="23">0.06022</Y>
          <Y t="24">0.06763</Y>
          <Y t="25">0.07555</Y>
        </Axis>
      </Axis>
      <Axis t="60">
        <Axis>
          <Y t="1">0.0016</Y>
          <Y t="2">0.0032</Y>
          <Y t="3">0.00538</Y>
          <Y t="4">0.00773</Y>
          <Y t="5">0.00996</Y>
          <Y t="6">0.0117</Y>
          <Y t="7">0.01355</Y>
          <Y t="8">0.01547</Y>
          <Y t="9">0.01744</Y>
          <Y t="10">0.01944</Y>
          <Y t="11">0.02138</Y>
          <Y t="12">0.02324</Y>
          <Y t="13">0.02528</Y>
          <Y t="14">0.02769</Y>
          <Y t="15">0.0303</Y>
          <Y t="16">0.03317</Y>
          <Y t="17">0.03627</Y>
          <Y t="18">0.03959</Y>
          <Y t="19">0.04336</Y>
          <Y t="20">0.04802</Y>
          <Y t="21">0.05365</Y>
          <Y t="22">0.06022</Y>
          <Y t="23">0.06763</Y>
          <Y t="24">0.07555</Y>
          <Y t="25">0.0832</Y>
        </Axis>
      </Axis>
      <Axis t="61">
        <Axis>
          <Y t="1">0.00175</Y>
          <Y t="2">0.00357</Y>
          <Y t="3">0.00601</Y>
          <Y t="4">0.00868</Y>
          <Y t="5">0.01119</Y>
          <Y t="6">0.01306</Y>
          <Y t="7">0.01503</Y>
          <Y t="8">0.01704</Y>
          <Y t="9">0.01908</Y>
          <Y t="10">0.02122</Y>
          <Y t="11">0.02313</Y>
          <Y t="12">0.02508</Y>
          <Y t="13">0.02749</Y>
          <Y t="14">0.03017</Y>
          <Y t="15">0.03301</Y>
          <Y t="16">0.03609</Y>
          <Y t="17">0.03951</Y>
          <Y t="18">0.04324</Y>
          <Y t="19">0.04794</Y>
          <Y t="20">0.05365</Y>
          <Y t="21">0.06022</Y>
          <Y t="22">0.06763</Y>
          <Y t="23">0.07555</Y>
          <Y t="24">0.0832</Y>
          <Y t="25">0.09244</Y>
        </Axis>
      </Axis>
      <Axis t="62">
        <Axis>
          <Y t="1">0.00193</Y>
          <Y t="2">0.00397</Y>
          <Y t="3">0.00674</Y>
          <Y t="4">0.00975</Y>
          <Y t="5">0.01255</Y>
          <Y t="6">0.01454</Y>
          <Y t="7">0.01661</Y>
          <Y t="8">0.01869</Y>
          <Y t="9">0.02087</Y>
          <Y t="10">0.02296</Y>
          <Y t="11">0.02489</Y>
          <Y t="12">0.02723</Y>
          <Y t="13">0.02994</Y>
          <Y t="14">0.03282</Y>
          <Y t="15">0.03584</Y>
          <Y t="16">0.0392</Y>
          <Y t="17">0.04309</Y>
          <Y t="18">0.04778</Y>
          <Y t="19">0.05365</Y>
          <Y t="20">0.06022</Y>
          <Y t="21">0.06763</Y>
          <Y t="22">0.07555</Y>
          <Y t="23">0.0832</Y>
          <Y t="24">0.09244</Y>
          <Y t="25">0.10325</Y>
        </Axis>
      </Axis>
      <Axis t="63">
        <Axis>
          <Y t="1">0.00212</Y>
          <Y t="2">0.00443</Y>
          <Y t="3">0.00755</Y>
          <Y t="4">0.01095</Y>
          <Y t="5">0.01402</Y>
          <Y t="6">0.01612</Y>
          <Y t="7">0.01826</Y>
          <Y t="8">0.02047</Y>
          <Y t="9">0.02261</Y>
          <Y t="10">0.02468</Y>
          <Y t="11">0.02695</Y>
          <Y t="12">0.02972</Y>
          <Y t="13">0.03239</Y>
          <Y t="14">0.03537</Y>
          <Y t="15">0.03863</Y>
          <Y t="16">0.0426</Y>
          <Y t="17">0.04753</Y>
          <Y t="18">0.05355</Y>
          <Y t="19">0.06022</Y>
          <Y t="20">0.06763</Y>
          <Y t="21">0.07555</Y>
          <Y t="22">0.0832</Y>
          <Y t="23">0.09244</Y>
          <Y t="24">0.10325</Y>
          <Y t="25">0.11388</Y>
        </Axis>
      </Axis>
      <Axis t="64">
        <Axis>
          <Y t="1">0.00234</Y>
          <Y t="2">0.00494</Y>
          <Y t="3">0.00847</Y>
          <Y t="4">0.01229</Y>
          <Y t="5">0.0156</Y>
          <Y t="6">0.01778</Y>
          <Y t="7">0.02004</Y>
          <Y t="8">0.02221</Y>
          <Y t="9">0.0243</Y>
          <Y t="10">0.02682</Y>
          <Y t="11">0.02945</Y>
          <Y t="12">0.03226</Y>
          <Y t="13">0.03467</Y>
          <Y t="14">0.03783</Y>
          <Y t="15">0.04158</Y>
          <Y t="16">0.04683</Y>
          <Y t="17">0.05311</Y>
          <Y t="18">0.06022</Y>
          <Y t="19">0.06763</Y>
          <Y t="20">0.07555</Y>
          <Y t="21">0.0832</Y>
          <Y t="22">0.09244</Y>
          <Y t="23">0.10325</Y>
          <Y t="24">0.11388</Y>
          <Y t="25">0.12534</Y>
        </Axis>
      </Axis>
      <Axis t="65">
        <Axis>
          <Y t="1">0.00258</Y>
          <Y t="2">0.00549</Y>
          <Y t="3">0.0095</Y>
          <Y t="4">0.01378</Y>
          <Y t="5">0.01726</Y>
          <Y t="6">0.01953</Y>
          <Y t="7">0.02179</Y>
          <Y t="8">0.02388</Y>
          <Y t="9">0.02641</Y>
          <Y t="10">0.02933</Y>
          <Y t="11">0.03212</Y>
          <Y t="12">0.03461</Y>
          <Y t="13">0.03698</Y>
          <Y t="14">0.04069</Y>
          <Y t="15">0.04544</Y>
          <Y t="16">0.05225</Y>
          <Y t="17">0.05992</Y>
          <Y t="18">0.06763</Y>
          <Y t="19">0.07555</Y>
          <Y t="20">0.0832</Y>
          <Y t="21">0.09244</Y>
          <Y t="22">0.10325</Y>
          <Y t="23">0.11388</Y>
          <Y t="24">0.12534</Y>
          <Y t="25">0.13743</Y>
        </Axis>
      </Axis>
      <Axis t="66">
        <Axis>
          <Y t="1">0.00284</Y>
          <Y t="2">0.0061</Y>
          <Y t="3">0.01066</Y>
          <Y t="4">0.01543</Y>
          <Y t="5">0.01899</Y>
          <Y t="6">0.02129</Y>
          <Y t="7">0.02345</Y>
          <Y t="8">0.02597</Y>
          <Y t="9">0.02894</Y>
          <Y t="10">0.03198</Y>
          <Y t="11">0.03454</Y>
          <Y t="12">0.03687</Y>
          <Y t="13">0.04017</Y>
          <Y t="14">0.04493</Y>
          <Y t="15">0.05131</Y>
          <Y t="16">0.0593</Y>
          <Y t="17">0.06763</Y>
          <Y t="18">0.07555</Y>
          <Y t="19">0.0832</Y>
          <Y t="20">0.09244</Y>
          <Y t="21">0.10325</Y>
          <Y t="22">0.11388</Y>
          <Y t="23">0.12534</Y>
          <Y t="24">0.13743</Y>
          <Y t="25">0.14982</Y>
        </Axis>
      </Axis>
      <Axis t="67">
        <Axis>
          <Y t="1">0.00312</Y>
          <Y t="2">0.00676</Y>
          <Y t="3">0.01196</Y>
          <Y t="4">0.01725</Y>
          <Y t="5">0.02077</Y>
          <Y t="6">0.02296</Y>
          <Y t="7">0.02553</Y>
          <Y t="8">0.02853</Y>
          <Y t="9">0.03161</Y>
          <Y t="10">0.03448</Y>
          <Y t="11">0.03676</Y>
          <Y t="12">0.04003</Y>
          <Y t="13">0.04485</Y>
          <Y t="14">0.05114</Y>
          <Y t="15">0.05904</Y>
          <Y t="16">0.06731</Y>
          <Y t="17">0.07555</Y>
          <Y t="18">0.0832</Y>
          <Y t="19">0.09244</Y>
          <Y t="20">0.10325</Y>
          <Y t="21">0.11388</Y>
          <Y t="22">0.12534</Y>
          <Y t="23">0.13743</Y>
          <Y t="24">0.14982</Y>
          <Y t="25">0.16244</Y>
        </Axis>
      </Axis>
      <Axis t="68">
        <Axis>
          <Y t="1">0.00342</Y>
          <Y t="2">0.00747</Y>
          <Y t="3">0.01343</Y>
          <Y t="4">0.01926</Y>
          <Y t="5">0.02246</Y>
          <Y t="6">0.02502</Y>
          <Y t="7">0.02811</Y>
          <Y t="8">0.03121</Y>
          <Y t="9">0.03403</Y>
          <Y t="10">0.03665</Y>
          <Y t="11">0.03989</Y>
          <Y t="12">0.04476</Y>
          <Y t="13">0.05098</Y>
          <Y t="14">0.05878</Y>
          <Y t="15">0.06699</Y>
          <Y t="16">0.07512</Y>
          <Y t="17">0.0832</Y>
          <Y t="18">0.09244</Y>
          <Y t="19">0.10325</Y>
          <Y t="20">0.11388</Y>
          <Y t="21">0.12534</Y>
          <Y t="22">0.13743</Y>
          <Y t="23">0.14982</Y>
          <Y t="24">0.16244</Y>
          <Y t="25">0.1754</Y>
        </Axis>
      </Axis>
      <Axis t="69">
        <Axis>
          <Y t="1">0.00376</Y>
          <Y t="2">0.00823</Y>
          <Y t="3">0.01508</Y>
          <Y t="4">0.02146</Y>
          <Y t="5">0.02448</Y>
          <Y t="6">0.02762</Y>
          <Y t="7">0.03077</Y>
          <Y t="8">0.03351</Y>
          <Y t="9">0.03628</Y>
          <Y t="10">0.03979</Y>
          <Y t="11">0.04467</Y>
          <Y t="12">0.05081</Y>
          <Y t="13">0.05851</Y>
          <Y t="14">0.06667</Y>
          <Y t="15">0.07468</Y>
          <Y t="16">0.08293</Y>
          <Y t="17">0.09244</Y>
          <Y t="18">0.10325</Y>
          <Y t="19">0.11388</Y>
          <Y t="20">0.12534</Y>
          <Y t="21">0.13743</Y>
          <Y t="22">0.14982</Y>
          <Y t="23">0.16244</Y>
          <Y t="24">0.1754</Y>
          <Y t="25">0.18805</Y>
        </Axis>
      </Axis>
      <Axis t="70">
        <Axis>
          <Y t="1">0.00412</Y>
          <Y t="2">0.00905</Y>
          <Y t="3">0.01693</Y>
          <Y t="4">0.02387</Y>
          <Y t="5">0.02708</Y>
          <Y t="6">0.03026</Y>
          <Y t="7">0.03294</Y>
          <Y t="8">0.03555</Y>
          <Y t="9">0.03931</Y>
          <Y t="10">0.0445</Y>
          <Y t="11">0.05064</Y>
          <Y t="12">0.05825</Y>
          <Y t="13">0.06613</Y>
          <Y t="14">0.07425</Y>
          <Y t="15">0.08235</Y>
          <Y t="16">0.09244</Y>
          <Y t="17">0.10325</Y>
          <Y t="18">0.11388</Y>
          <Y t="19">0.12534</Y>
          <Y t="20">0.13743</Y>
          <Y t="21">0.14982</Y>
          <Y t="22">0.16244</Y>
          <Y t="23">0.1754</Y>
          <Y t="24">0.18805</Y>
          <Y t="25">0.20027</Y>
        </Axis>
      </Axis>
      <Axis t="71">
        <Axis>
          <Y t="1">0.00451</Y>
          <Y t="2">0.00993</Y>
          <Y t="3">0.01897</Y>
          <Y t="4">0.02648</Y>
          <Y t="5">0.0297</Y>
          <Y t="6">0.03228</Y>
          <Y t="7">0.03473</Y>
          <Y t="8">0.03844</Y>
          <Y t="9">0.04364</Y>
          <Y t="10">0.05009</Y>
          <Y t="11">0.0578</Y>
          <Y t="12">0.06599</Y>
          <Y t="13">0.07358</Y>
          <Y t="14">0.08176</Y>
          <Y t="15">0.09141</Y>
          <Y t="16">0.10325</Y>
          <Y t="17">0.11388</Y>
          <Y t="18">0.12534</Y>
          <Y t="19">0.13743</Y>
          <Y t="20">0.14982</Y>
          <Y t="21">0.16244</Y>
          <Y t="22">0.1754</Y>
          <Y t="23">0.18805</Y>
          <Y t="24">0.20027</Y>
          <Y t="25">0.21401</Y>
        </Axis>
      </Axis>
      <Axis t="72">
        <Axis>
          <Y t="1">0.00494</Y>
          <Y t="2">0.01089</Y>
          <Y t="3">0.02123</Y>
          <Y t="4">0.02907</Y>
          <Y t="5">0.03155</Y>
          <Y t="6">0.03381</Y>
          <Y t="7">0.03745</Y>
          <Y t="8">0.04263</Y>
          <Y t="9">0.04903</Y>
          <Y t="10">0.0569</Y>
          <Y t="11">0.06422</Y>
          <Y t="12">0.07279</Y>
          <Y t="13">0.08118</Y>
          <Y t="14">0.09066</Y>
          <Y t="15">0.10251</Y>
          <Y t="16">0.11388</Y>
          <Y t="17">0.12534</Y>
          <Y t="18">0.13743</Y>
          <Y t="19">0.14982</Y>
          <Y t="20">0.16244</Y>
          <Y t="21">0.1754</Y>
          <Y t="22">0.18805</Y>
          <Y t="23">0.20027</Y>
          <Y t="24">0.21401</Y>
          <Y t="25">0.22982</Y>
        </Axis>
      </Axis>
      <Axis t="73">
        <Axis>
          <Y t="1">0.00542</Y>
          <Y t="2">0.01195</Y>
          <Y t="3">0.02371</Y>
          <Y t="4">0.03075</Y>
          <Y t="5">0.0328</Y>
          <Y t="6">0.03634</Y>
          <Y t="7">0.04149</Y>
          <Y t="8">0.04781</Y>
          <Y t="9">0.0556</Y>
          <Y t="10">0.06314</Y>
          <Y t="11">0.06995</Y>
          <Y t="12">0.0794</Y>
          <Y t="13">0.08886</Y>
          <Y t="14">0.10196</Y>
          <Y t="15">0.11388</Y>
          <Y t="16">0.12534</Y>
          <Y t="17">0.13743</Y>
          <Y t="18">0.14982</Y>
          <Y t="19">0.16244</Y>
          <Y t="20">0.1754</Y>
          <Y t="21">0.18805</Y>
          <Y t="22">0.20027</Y>
          <Y t="23">0.21401</Y>
          <Y t="24">0.22982</Y>
          <Y t="25">0.24627</Y>
        </Axis>
      </Axis>
      <Axis t="74">
        <Axis>
          <Y t="1">0.00596</Y>
          <Y t="2">0.01314</Y>
          <Y t="3">0.02642</Y>
          <Y t="4">0.03172</Y>
          <Y t="5">0.03516</Y>
          <Y t="6">0.04026</Y>
          <Y t="7">0.04646</Y>
          <Y t="8">0.05413</Y>
          <Y t="9">0.06166</Y>
          <Y t="10">0.06896</Y>
          <Y t="11">0.07655</Y>
          <Y t="12">0.08786</Y>
          <Y t="13">0.10029</Y>
          <Y t="14">0.11349</Y>
          <Y t="15">0.12534</Y>
          <Y t="16">0.13743</Y>
          <Y t="17">0.14982</Y>
          <Y t="18">0.16244</Y>
          <Y t="19">0.1754</Y>
          <Y t="20">0.18805</Y>
          <Y t="21">0.20027</Y>
          <Y t="22">0.21401</Y>
          <Y t="23">0.22982</Y>
          <Y t="24">0.24627</Y>
          <Y t="25">0.26304</Y>
        </Axis>
      </Axis>
      <Axis t="75">
        <Axis>
          <Y t="1">0.00656</Y>
          <Y t="2">0.01448</Y>
          <Y t="3">0.02885</Y>
          <Y t="4">0.0339</Y>
          <Y t="5">0.03894</Y>
          <Y t="6">0.045</Y>
          <Y t="7">0.05249</Y>
          <Y t="8">0.06083</Y>
          <Y t="9">0.06755</Y>
          <Y t="10">0.07567</Y>
          <Y t="11">0.08495</Y>
          <Y t="12">0.10021</Y>
          <Y t="13">0.11316</Y>
          <Y t="14">0.12479</Y>
          <Y t="15">0.13743</Y>
          <Y t="16">0.14982</Y>
          <Y t="17">0.16244</Y>
          <Y t="18">0.1754</Y>
          <Y t="19">0.18805</Y>
          <Y t="20">0.20027</Y>
          <Y t="21">0.21401</Y>
          <Y t="22">0.22982</Y>
          <Y t="23">0.24627</Y>
          <Y t="24">0.26304</Y>
          <Y t="25">0.27966</Y>
        </Axis>
      </Axis>
      <Axis t="76">
        <Axis>
          <Y t="1">0.00725</Y>
          <Y t="2">0.01598</Y>
          <Y t="3">0.03094</Y>
          <Y t="4">0.03753</Y>
          <Y t="5">0.04342</Y>
          <Y t="6">0.05069</Y>
          <Y t="7">0.05848</Y>
          <Y t="8">0.06755</Y>
          <Y t="9">0.07439</Y>
          <Y t="10">0.08391</Y>
          <Y t="11">0.09867</Y>
          <Y t="12">0.11265</Y>
          <Y t="13">0.12422</Y>
          <Y t="14">0.13712</Y>
          <Y t="15">0.14982</Y>
          <Y t="16">0.16244</Y>
          <Y t="17">0.1754</Y>
          <Y t="18">0.18805</Y>
          <Y t="19">0.20027</Y>
          <Y t="20">0.21401</Y>
          <Y t="21">0.22982</Y>
          <Y t="22">0.24627</Y>
          <Y t="23">0.26304</Y>
          <Y t="24">0.27966</Y>
          <Y t="25">0.29921</Y>
        </Axis>
      </Axis>
      <Axis t="77">
        <Axis>
          <Y t="1">0.00804</Y>
          <Y t="2">0.01767</Y>
          <Y t="3">0.03318</Y>
          <Y t="4">0.04173</Y>
          <Y t="5">0.04872</Y>
          <Y t="6">0.05592</Y>
          <Y t="7">0.06448</Y>
          <Y t="8">0.07439</Y>
          <Y t="9">0.08247</Y>
          <Y t="10">0.09507</Y>
          <Y t="11">0.11206</Y>
          <Y t="12">0.12316</Y>
          <Y t="13">0.13637</Y>
          <Y t="14">0.14982</Y>
          <Y t="15">0.16244</Y>
          <Y t="16">0.1754</Y>
          <Y t="17">0.18805</Y>
          <Y t="18">0.20027</Y>
          <Y t="19">0.21401</Y>
          <Y t="20">0.22982</Y>
          <Y t="21">0.24627</Y>
          <Y t="22">0.26304</Y>
          <Y t="23">0.27966</Y>
          <Y t="24">0.29921</Y>
          <Y t="25">0.32314</Y>
        </Axis>
      </Axis>
      <Axis t="78">
        <Axis>
          <Y t="1">0.00892</Y>
          <Y t="2">0.01956</Y>
          <Y t="3">0.03561</Y>
          <Y t="4">0.04658</Y>
          <Y t="5">0.05478</Y>
          <Y t="6">0.06055</Y>
          <Y t="7">0.07106</Y>
          <Y t="8">0.08247</Y>
          <Y t="9">0.09278</Y>
          <Y t="10">0.10616</Y>
          <Y t="11">0.12194</Y>
          <Y t="12">0.13499</Y>
          <Y t="13">0.14934</Y>
          <Y t="14">0.16244</Y>
          <Y t="15">0.1754</Y>
          <Y t="16">0.18805</Y>
          <Y t="17">0.20027</Y>
          <Y t="18">0.21401</Y>
          <Y t="19">0.22982</Y>
          <Y t="20">0.24627</Y>
          <Y t="21">0.26304</Y>
          <Y t="22">0.27966</Y>
          <Y t="23">0.29921</Y>
          <Y t="24">0.32314</Y>
          <Y t="25">0.34698</Y>
        </Axis>
      </Axis>
      <Axis t="79">
        <Axis>
          <Y t="1">0.00993</Y>
          <Y t="2">0.02175</Y>
          <Y t="3">0.03827</Y>
          <Y t="4">0.0524</Y>
          <Y t="5">0.06026</Y>
          <Y t="6">0.06611</Y>
          <Y t="7">0.07873</Y>
          <Y t="8">0.09232</Y>
          <Y t="9">0.10285</Y>
          <Y t="10">0.11821</Y>
          <Y t="11">0.13325</Y>
          <Y t="12">0.14853</Y>
          <Y t="13">0.16244</Y>
          <Y t="14">0.1754</Y>
          <Y t="15">0.18805</Y>
          <Y t="16">0.20027</Y>
          <Y t="17">0.21401</Y>
          <Y t="18">0.22982</Y>
          <Y t="19">0.24627</Y>
          <Y t="20">0.26304</Y>
          <Y t="21">0.27966</Y>
          <Y t="22">0.29921</Y>
          <Y t="23">0.32314</Y>
          <Y t="24">0.34698</Y>
          <Y t="25">0.37036</Y>
        </Axis>
      </Axis>
      <Axis t="80">
        <Axis>
          <Y t="1">0.01112</Y>
          <Y t="2">0.02429</Y>
          <Y t="3">0.04139</Y>
          <Y t="4">0.05776</Y>
          <Y t="5">0.06491</Y>
          <Y t="6">0.0732</Y>
          <Y t="7">0.08761</Y>
          <Y t="8">0.10172</Y>
          <Y t="9">0.11201</Y>
          <Y t="10">0.1309</Y>
          <Y t="11">0.14669</Y>
          <Y t="12">0.16244</Y>
          <Y t="13">0.1754</Y>
          <Y t="14">0.18805</Y>
          <Y t="15">0.20027</Y>
          <Y t="16">0.21401</Y>
          <Y t="17">0.22982</Y>
          <Y t="18">0.24627</Y>
          <Y t="19">0.26304</Y>
          <Y t="20">0.27966</Y>
          <Y t="21">0.29921</Y>
          <Y t="22">0.32314</Y>
          <Y t="23">0.34698</Y>
          <Y t="24">0.37036</Y>
          <Y t="25">0.39292</Y>
        </Axis>
      </Axis>
      <Axis t="81">
        <Axis>
          <Y t="1">0.0125</Y>
          <Y t="2">0.02713</Y>
          <Y t="3">0.04502</Y>
          <Y t="4">0.06202</Y>
          <Y t="5">0.06992</Y>
          <Y t="6">0.08076</Y>
          <Y t="7">0.096</Y>
          <Y t="8">0.11013</Y>
          <Y t="9">0.12427</Y>
          <Y t="10">0.14368</Y>
          <Y t="11">0.16163</Y>
          <Y t="12">0.1754</Y>
          <Y t="13">0.18805</Y>
          <Y t="14">0.20027</Y>
          <Y t="15">0.21401</Y>
          <Y t="16">0.22982</Y>
          <Y t="17">0.24627</Y>
          <Y t="18">0.26304</Y>
          <Y t="19">0.27966</Y>
          <Y t="20">0.29921</Y>
          <Y t="21">0.32314</Y>
          <Y t="22">0.34698</Y>
          <Y t="23">0.37036</Y>
          <Y t="24">0.39292</Y>
          <Y t="25">0.4143</Y>
        </Axis>
      </Axis>
      <Axis t="82">
        <Axis>
          <Y t="1">0.01407</Y>
          <Y t="2">0.03031</Y>
          <Y t="3">0.04899</Y>
          <Y t="4">0.06648</Y>
          <Y t="5">0.07528</Y>
          <Y t="6">0.08753</Y>
          <Y t="7">0.10319</Y>
          <Y t="8">0.12081</Y>
          <Y t="9">0.13958</Y>
          <Y t="10">0.16002</Y>
          <Y t="11">0.1754</Y>
          <Y t="12">0.18805</Y>
          <Y t="13">0.20027</Y>
          <Y t="14">0.21401</Y>
          <Y t="15">0.22982</Y>
          <Y t="16">0.24627</Y>
          <Y t="17">0.26304</Y>
          <Y t="18">0.27966</Y>
          <Y t="19">0.29921</Y>
          <Y t="20">0.32314</Y>
          <Y t="21">0.34698</Y>
          <Y t="22">0.37036</Y>
          <Y t="23">0.39292</Y>
          <Y t="24">0.4143</Y>
          <Y t="25">0.43413</Y>
        </Axis>
      </Axis>
      <Axis t="83">
        <Axis>
          <Y t="1">0.01587</Y>
          <Y t="2">0.0339</Y>
          <Y t="3">0.05326</Y>
          <Y t="4">0.07114</Y>
          <Y t="5">0.08089</Y>
          <Y t="6">0.09367</Y>
          <Y t="7">0.11314</Y>
          <Y t="8">0.13437</Y>
          <Y t="9">0.15762</Y>
          <Y t="10">0.1754</Y>
          <Y t="11">0.18805</Y>
          <Y t="12">0.20027</Y>
          <Y t="13">0.21401</Y>
          <Y t="14">0.22982</Y>
          <Y t="15">0.24627</Y>
          <Y t="16">0.26304</Y>
          <Y t="17">0.27966</Y>
          <Y t="18">0.29921</Y>
          <Y t="19">0.32314</Y>
          <Y t="20">0.34698</Y>
          <Y t="21">0.37036</Y>
          <Y t="22">0.39292</Y>
          <Y t="23">0.4143</Y>
          <Y t="24">0.43413</Y>
          <Y t="25">0.45205</Y>
        </Axis>
      </Axis>
      <Axis t="84">
        <Axis>
          <Y t="1">0.01793</Y>
          <Y t="2">0.03791</Y>
          <Y t="3">0.05784</Y>
          <Y t="4">0.07591</Y>
          <Y t="5">0.08628</Y>
          <Y t="6">0.10383</Y>
          <Y t="7">0.1269</Y>
          <Y t="8">0.15266</Y>
          <Y t="9">0.1754</Y>
          <Y t="10">0.18805</Y>
          <Y t="11">0.20027</Y>
          <Y t="12">0.21401</Y>
          <Y t="13">0.22982</Y>
          <Y t="14">0.24627</Y>
          <Y t="15">0.26304</Y>
          <Y t="16">0.27966</Y>
          <Y t="17">0.29921</Y>
          <Y t="18">0.32314</Y>
          <Y t="19">0.34698</Y>
          <Y t="20">0.37036</Y>
          <Y t="21">0.39292</Y>
          <Y t="22">0.4143</Y>
          <Y t="23">0.43413</Y>
          <Y t="24">0.45205</Y>
          <Y t="25">0.46769</Y>
        </Axis>
      </Axis>
      <Axis t="85">
        <Axis>
          <Y t="1">0.02028</Y>
          <Y t="2">0.04235</Y>
          <Y t="3">0.06264</Y>
          <Y t="4">0.0806</Y>
          <Y t="5">0.09248</Y>
          <Y t="6">0.11689</Y>
          <Y t="7">0.14513</Y>
          <Y t="8">0.17332</Y>
          <Y t="9">0.18805</Y>
          <Y t="10">0.20027</Y>
          <Y t="11">0.21401</Y>
          <Y t="12">0.22982</Y>
          <Y t="13">0.24627</Y>
          <Y t="14">0.26304</Y>
          <Y t="15">0.27966</Y>
          <Y t="16">0.29921</Y>
          <Y t="17">0.32314</Y>
          <Y t="18">0.34698</Y>
          <Y t="19">0.37036</Y>
          <Y t="20">0.39292</Y>
          <Y t="21">0.4143</Y>
          <Y t="22">0.43413</Y>
          <Y t="23">0.45205</Y>
          <Y t="24">0.46769</Y>
          <Y t="25">0.48068</Y>
        </Axis>
      </Axis>
      <Axis t="86">
        <Axis>
          <Y t="1">0.02293</Y>
          <Y t="2">0.04724</Y>
          <Y t="3">0.0675</Y>
          <Y t="4">0.08501</Y>
          <Y t="5">0.10261</Y>
          <Y t="6">0.1337</Y>
          <Y t="7">0.16918</Y>
          <Y t="8">0.18805</Y>
          <Y t="9">0.20027</Y>
          <Y t="10">0.21401</Y>
          <Y t="11">0.22982</Y>
          <Y t="12">0.24627</Y>
          <Y t="13">0.26304</Y>
          <Y t="14">0.27966</Y>
          <Y t="15">0.29921</Y>
          <Y t="16">0.32314</Y>
          <Y t="17">0.34698</Y>
          <Y t="18">0.37036</Y>
          <Y t="19">0.39292</Y>
          <Y t="20">0.4143</Y>
          <Y t="21">0.43413</Y>
          <Y t="22">0.45205</Y>
          <Y t="23">0.46769</Y>
          <Y t="24">0.48068</Y>
          <Y t="25">0.49065</Y>
        </Axis>
      </Axis>
      <Axis t="87">
        <Axis>
          <Y t="1">0.02592</Y>
          <Y t="2">0.05256</Y>
          <Y t="3">0.07226</Y>
          <Y t="4">0.09126</Y>
          <Y t="5">0.11962</Y>
          <Y t="6">0.16305</Y>
          <Y t="7">0.18805</Y>
          <Y t="8">0.20027</Y>
          <Y t="9">0.21401</Y>
          <Y t="10">0.22982</Y>
          <Y t="11">0.24627</Y>
          <Y t="12">0.26304</Y>
          <Y t="13">0.27966</Y>
          <Y t="14">0.29921</Y>
          <Y t="15">0.32314</Y>
          <Y t="16">0.34698</Y>
          <Y t="17">0.37036</Y>
          <Y t="18">0.39292</Y>
          <Y t="19">0.4143</Y>
          <Y t="20">0.43413</Y>
          <Y t="21">0.45205</Y>
          <Y t="22">0.46769</Y>
          <Y t="23">0.48068</Y>
          <Y t="24">0.49065</Y>
          <Y t="25">0.49723</Y>
        </Axis>
      </Axis>
      <Axis t="88">
        <Axis>
          <Y t="1">0.02927</Y>
          <Y t="2">0.05825</Y>
          <Y t="3">0.07683</Y>
          <Y t="4">0.10333</Y>
          <Y t="5">0.14706</Y>
          <Y t="6">0.18805</Y>
          <Y t="7">0.20027</Y>
          <Y t="8">0.21401</Y>
          <Y t="9">0.22982</Y>
          <Y t="10">0.24627</Y>
          <Y t="11">0.26304</Y>
          <Y t="12">0.27966</Y>
          <Y t="13">0.29921</Y>
          <Y t="14">0.32314</Y>
          <Y t="15">0.34698</Y>
          <Y t="16">0.37036</Y>
          <Y t="17">0.39292</Y>
          <Y t="18">0.4143</Y>
          <Y t="19">0.43413</Y>
          <Y t="20">0.45205</Y>
          <Y t="21">0.46769</Y>
          <Y t="22">0.48068</Y>
          <Y t="23">0.49065</Y>
          <Y t="24">0.49723</Y>
          <Y t="25">0.5</Y>
        </Axis>
      </Axis>
      <Axis t="89">
        <Axis>
          <Y t="1">0.03295</Y>
          <Y t="2">0.06405</Y>
          <Y t="3">0.08373</Y>
          <Y t="4">0.12104</Y>
          <Y t="5">0.17883</Y>
          <Y t="6">0.20027</Y>
          <Y t="7">0.21401</Y>
          <Y t="8">0.22982</Y>
          <Y t="9">0.24627</Y>
          <Y t="10">0.26304</Y>
          <Y t="11">0.27966</Y>
          <Y t="12">0.29921</Y>
          <Y t="13">0.32314</Y>
          <Y t="14">0.34698</Y>
          <Y t="15">0.37036</Y>
          <Y t="16">0.39292</Y>
          <Y t="17">0.4143</Y>
          <Y t="18">0.43413</Y>
          <Y t="19">0.45205</Y>
          <Y t="20">0.46769</Y>
          <Y t="21">0.48068</Y>
          <Y t="22">0.49065</Y>
          <Y t="23">0.49723</Y>
          <Y t="24">0.5</Y>
          <Y t="25">0.5</Y>
        </Axis>
      </Axis>
      <Axis t="90">
        <Axis>
          <Y t="1">0.03792</Y>
          <Y t="2">0.06844</Y>
          <Y t="3">0.10197</Y>
          <Y t="4">0.16089</Y>
          <Y t="5">0.20027</Y>
          <Y t="6">0.21401</Y>
          <Y t="7">0.22982</Y>
          <Y t="8">0.24627</Y>
          <Y t="9">0.26304</Y>
          <Y t="10">0.27966</Y>
          <Y t="11">0.29921</Y>
          <Y t="12">0.32314</Y>
          <Y t="13">0.34698</Y>
          <Y t="14">0.37036</Y>
          <Y t="15">0.39292</Y>
          <Y t="16">0.4143</Y>
          <Y t="17">0.43413</Y>
          <Y t="18">0.45205</Y>
          <Y t="19">0.46769</Y>
          <Y t="20">0.48068</Y>
          <Y t="21">0.49065</Y>
          <Y t="22">0.49723</Y>
          <Y t="23">0.5</Y>
          <Y t="24">0.5</Y>
          <Y t="25">0.5</Y>
        </Axis>
      </Axis>
      <Axis t="91">
        <Axis>
          <Y t="1">0.04602</Y>
          <Y t="2">0.08518</Y>
          <Y t="3">0.15321</Y>
          <Y t="4">0.20027</Y>
          <Y t="5">0.21401</Y>
          <Y t="6">0.22982</Y>
          <Y t="7">0.24627</Y>
          <Y t="8">0.26304</Y>
          <Y t="9">0.27966</Y>
          <Y t="10">0.29921</Y>
          <Y t="11">0.32314</Y>
          <Y t="12">0.34698</Y>
          <Y t="13">0.37036</Y>
          <Y t="14">0.39292</Y>
          <Y t="15">0.4143</Y>
          <Y t="16">0.43413</Y>
          <Y t="17">0.45205</Y>
          <Y t="18">0.46769</Y>
          <Y t="19">0.48068</Y>
          <Y t="20">0.49065</Y>
          <Y t="21">0.49723</Y>
          <Y t="22">0.5</Y>
          <Y t="23">0.5</Y>
          <Y t="24">0.5</Y>
          <Y t="25">0.5</Y>
        </Axis>
      </Axis>
      <Axis t="92">
        <Axis>
          <Y t="1">0.05848</Y>
          <Y t="2">0.11995</Y>
          <Y t="3">0.20027</Y>
          <Y t="4">0.21401</Y>
          <Y t="5">0.22982</Y>
          <Y t="6">0.24627</Y>
          <Y t="7">0.26304</Y>
          <Y t="8">0.27966</Y>
          <Y t="9">0.29921</Y>
          <Y t="10">0.32314</Y>
          <Y t="11">0.34698</Y>
          <Y t="12">0.37036</Y>
          <Y t="13">0.39292</Y>
          <Y t="14">0.4143</Y>
          <Y t="15">0.43413</Y>
          <Y t="16">0.45205</Y>
          <Y t="17">0.46769</Y>
          <Y t="18">0.48068</Y>
          <Y t="19">0.49065</Y>
          <Y t="20">0.49723</Y>
          <Y t="21">0.5</Y>
          <Y t="22">0.5</Y>
          <Y t="23">0.5</Y>
          <Y t="24">0.5</Y>
          <Y t="25">0.5</Y>
        </Axis>
      </Axis>
      <Axis t="93">
        <Axis>
          <Y t="1">0.07579</Y>
          <Y t="2">0.14935</Y>
          <Y t="3">0.21401</Y>
          <Y t="4">0.22982</Y>
          <Y t="5">0.24627</Y>
          <Y t="6">0.26304</Y>
          <Y t="7">0.27966</Y>
          <Y t="8">0.29921</Y>
          <Y t="9">0.32314</Y>
          <Y t="10">0.34698</Y>
          <Y t="11">0.37036</Y>
          <Y t="12">0.39292</Y>
          <Y t="13">0.4143</Y>
          <Y t="14">0.43413</Y>
          <Y t="15">0.45205</Y>
          <Y t="16">0.46769</Y>
          <Y t="17">0.48068</Y>
          <Y t="18">0.49065</Y>
          <Y t="19">0.49723</Y>
          <Y t="20">0.5</Y>
          <Y t="21">0.5</Y>
          <Y t="22">0.5</Y>
          <Y t="23">0.5</Y>
          <Y t="24">0.5</Y>
          <Y t="25">0.5</Y>
        </Axis>
      </Axis>
      <Axis t="94">
        <Axis>
          <Y t="1">0.09863</Y>
          <Y t="2">0.18848</Y>
          <Y t="3">0.22982</Y>
          <Y t="4">0.24627</Y>
          <Y t="5">0.26304</Y>
          <Y t="6">0.27966</Y>
          <Y t="7">0.29921</Y>
          <Y t="8">0.32314</Y>
          <Y t="9">0.34698</Y>
          <Y t="10">0.37036</Y>
          <Y t="11">0.39292</Y>
          <Y t="12">0.4143</Y>
          <Y t="13">0.43413</Y>
          <Y t="14">0.45205</Y>
          <Y t="15">0.46769</Y>
          <Y t="16">0.48068</Y>
          <Y t="17">0.49065</Y>
          <Y t="18">0.49723</Y>
          <Y t="19">0.5</Y>
          <Y t="20">0.5</Y>
          <Y t="21">0.5</Y>
          <Y t="22">0.5</Y>
          <Y t="23">0.5</Y>
          <Y t="24">0.5</Y>
          <Y t="25">0.5</Y>
        </Axis>
      </Axis>
      <Axis t="95">
        <Axis>
          <Y t="1">0.1281</Y>
          <Y t="2">0.22982</Y>
          <Y t="3">0.24627</Y>
          <Y t="4">0.26304</Y>
          <Y t="5">0.27966</Y>
          <Y t="6">0.29921</Y>
          <Y t="7">0.32314</Y>
          <Y t="8">0.34698</Y>
          <Y t="9">0.37036</Y>
          <Y t="10">0.39292</Y>
          <Y t="11">0.4143</Y>
          <Y t="12">0.43413</Y>
          <Y t="13">0.45205</Y>
          <Y t="14">0.46769</Y>
          <Y t="15">0.48068</Y>
          <Y t="16">0.49065</Y>
          <Y t="17">0.49723</Y>
          <Y t="18">0.5</Y>
          <Y t="19">0.5</Y>
          <Y t="20">0.5</Y>
          <Y t="21">0.5</Y>
          <Y t="22">0.5</Y>
          <Y t="23">0.5</Y>
          <Y t="24">0.5</Y>
          <Y t="25">0.5</Y>
        </Axis>
      </Axis>
    </Values>
  </Table>
  <Table>
    <MetaData>
      <ScalingFactor>0</ScalingFactor>
      <DataType tc="2">Floating Point</DataType>
      <Nation tc="1">United States of America</Nation>
      <TableDescription>2017 Unloaded CSO Smoker Distinct Smoker, Female, Select and Ultimate Table. Basis: Age Last Birthday. Minimum Ultimate Age: 18. Maximum Ultimate Age: 120.</TableDescription>
      <AxisDef id="Age">
        <ScaleType tc="3">Age</ScaleType>
        <AxisName>Age</AxisName>
        <MinScaleValue>18</MinScaleValue>
        <MaxScaleValue>120</MaxScaleValue>
        <Increment>1</Increment>
      </AxisDef>
    </MetaData>
    <Values>
      <Axis>
        <Y t="18">0.00027</Y>
        <Y t="19">0.00027</Y>
        <Y t="20">0.00026</Y>
        <Y t="21">0.00026</Y>
        <Y t="22">0.00027</Y>
        <Y t="23">0.0003</Y>
        <Y t="24">0.00032</Y>
        <Y t="25">0.00033</Y>
        <Y t="26">0.00033</Y>
        <Y t="27">0.00034</Y>
        <Y t="28">0.00035</Y>
        <Y t="29">0.00038</Y>
        <Y t="30">0.0004</Y>
        <Y t="31">0.00043</Y>
        <Y t="32">0.00047</Y>
        <Y t="33">0.00056</Y>
        <Y t="34">0.00068</Y>
        <Y t="35">0.00078</Y>
        <Y t="36">0.00092</Y>
        <Y t="37">0.00108</Y>
        <Y t="38">0.00121</Y>
        <Y t="39">0.00132</Y>
        <Y t="40">0.00142</Y>
        <Y t="41">0.00151</Y>
        <Y t="42">0.0016</Y>
        <Y t="43">0.00169</Y>
        <Y t="44">0.00179</Y>
        <Y t="45">0.00193</Y>
        <Y t="46">0.00212</Y>
        <Y t="47">0.00232</Y>
        <Y t="48">0.00255</Y>
        <Y t="49">0.0028</Y>
        <Y t="50">0.00308</Y>
        <Y t="51">0.0034</Y>
        <Y t="52">0.00374</Y>
        <Y t="53">0.00412</Y>
        <Y t="54">0.00454</Y>
        <Y t="55">0.00502</Y>
        <Y t="56">0.00556</Y>
        <Y t="57">0.00616</Y>
        <Y t="58">0.00684</Y>
        <Y t="59">0.0076</Y>
        <Y t="60">0.00843</Y>
        <Y t="61">0.00937</Y>
        <Y t="62">0.01039</Y>
        <Y t="63">0.01151</Y>
        <Y t="64">0.01273</Y>
        <Y t="65">0.01405</Y>
        <Y t="66">0.01546</Y>
        <Y t="67">0.01697</Y>
        <Y t="68">0.01856</Y>
        <Y t="69">0.02026</Y>
        <Y t="70">0.02215</Y>
        <Y t="71">0.02411</Y>
        <Y t="72">0.02615</Y>
        <Y t="73">0.02838</Y>
        <Y t="74">0.03082</Y>
        <Y t="75">0.03352</Y>
        <Y t="76">0.03653</Y>
        <Y t="77">0.03986</Y>
        <Y t="78">0.04353</Y>
        <Y t="79">0.04802</Y>
        <Y t="80">0.05365</Y>
        <Y t="81">0.06022</Y>
        <Y t="82">0.06763</Y>
        <Y t="83">0.07555</Y>
        <Y t="84">0.0832</Y>
        <Y t="85">0.09244</Y>
        <Y t="86">0.10325</Y>
        <Y t="87">0.11388</Y>
        <Y t="88">0.12534</Y>
        <Y t="89">0.13743</Y>
        <Y t="90">0.14982</Y>
        <Y t="91">0.16244</Y>
        <Y t="92">0.1754</Y>
        <Y t="93">0.18805</Y>
        <Y t="94">0.20027</Y>
        <Y t="95">0.21401</Y>
        <Y t="96">0.22982</Y>
        <Y t="97">0.24627</Y>
        <Y t="98">0.26304</Y>
        <Y t="99">0.27966</Y>
        <Y t="100">0.29921</Y>
        <Y t="101">0.32314</Y>
        <Y t="102">0.34698</Y>
        <Y t="103">0.37036</Y>
        <Y t="104">0.39292</Y>
        <Y t="105">0.4143</Y>
        <Y t="106">0.43413</Y>
        <Y t="107">0.45205</Y>
        <Y t="108">0.46769</Y>
        <Y t="109">0.48068</Y>
        <Y t="110">0.49065</Y>
        <Y t="111">0.49723</Y>
        <Y t="112">0.5</Y>
        <Y t="113">0.5</Y>
        <Y t="114">0.5</Y>
        <Y t="115">0.5</Y>
        <Y t="116">0.5</Y>
        <Y t="117">0.5</Y>
        <Y t="118">0.5</Y>
        <Y t="119">0.5</Y>
        <Y t="120">0.5</Y>
      </Axis>
    </Values>
  </Table>
</XTbML>