﻿<?xml version="1.0" encoding="utf-8"?>
<XTbML>
  <ContentClassification>
    <TableIdentity>3376</TableIdentity>
    <ProviderDomain>https://www.e-caa.org.cn/</ProviderDomain>
    <ProviderName>China Association of Actuaries</ProviderName>
    <TableReference>China Association of Actuaries, “CL 2 (2010-2013): Non-Annuity table 1 (Female)” in “Report on China Assured Lives: Mortality Investigation (2010-2013)”</TableReference>
    <ContentType tc="4">Insured Lives Mortality</ContentType>
    <TableName>CL2 (2010-2013)</TableName>
    <TableDescription>China Life Insurance Mortality Table (2010-2013) CL2 – Female. Basis: Non-Annuity, Protection. Minimum Age: 0. Maximum Age: 105</TableDescription>
    <Comments>Study Data: Based on experience data from nine companies (China Life, Ping An, China Pacific, New China, TaiKang, AIA, Taiping, PICC and Funde Sino). Data accounts for 93% of life insurance in force in China. Methodology: Refer to the presentation in London on Sep 8th, 2016 by Zhang Yao (CIRC) and Zhang Chu (NCI): "B5 Introduction of China's 3rd set Life Insurance Mortality Tables (2010-2013)". Data Transcription Errors: None. Data Certified: 07/2018.</Comments>
    <KeyWord>Aggregate</KeyWord>
    <KeyWord>Insured Lives Mortality</KeyWord>
    <KeyWord>China</KeyWord>
  </ContentClassification>
  <Table>
    <MetaData>
      <ScalingFactor>0</ScalingFactor>
      <DataType tc="2">Floating Point</DataType>
      <Nation tc="86">China</Nation>
      <TableDescription>China Life Insurance Mortality Table (2010-2013) CL2 – Female. Basis: Non-Annuity, Protection. Minimum Age: 0. Maximum Age: 105</TableDescription>
      <AxisDef id="Age">
        <ScaleType tc="3">Age</ScaleType>
        <AxisName>Age</AxisName>
        <MinScaleValue>0</MinScaleValue>
        <MaxScaleValue>105</MaxScaleValue>
        <Increment>1</Increment>
      </AxisDef>
    </MetaData>
    <Values>
      <Axis>
        <Y t="0">0.00062</Y>
        <Y t="1">0.000456</Y>
        <Y t="2">0.000337</Y>
        <Y t="3">0.000256</Y>
        <Y t="4">0.000203</Y>
        <Y t="5">0.00017</Y>
        <Y t="6">0.000149</Y>
        <Y t="7">0.000137</Y>
        <Y t="8">0.000133</Y>
        <Y t="9">0.000136</Y>
        <Y t="10">0.000145</Y>
        <Y t="11">0.000157</Y>
        <Y t="12">0.000172</Y>
        <Y t="13">0.000189</Y>
        <Y t="14">0.000206</Y>
        <Y t="15">0.000221</Y>
        <Y t="16">0.000234</Y>
        <Y t="17">0.000245</Y>
        <Y t="18">0.000255</Y>
        <Y t="19">0.000262</Y>
        <Y t="20">0.000269</Y>
        <Y t="21">0.000274</Y>
        <Y t="22">0.000279</Y>
        <Y t="23">0.000284</Y>
        <Y t="24">0.000289</Y>
        <Y t="25">0.000294</Y>
        <Y t="26">0.0003</Y>
        <Y t="27">0.000307</Y>
        <Y t="28">0.000316</Y>
        <Y t="29">0.000327</Y>
        <Y t="30">0.00034</Y>
        <Y t="31">0.000356</Y>
        <Y t="32">0.000374</Y>
        <Y t="33">0.000397</Y>
        <Y t="34">0.000423</Y>
        <Y t="35">0.000454</Y>
        <Y t="36">0.000489</Y>
        <Y t="37">0.00053</Y>
        <Y t="38">0.000577</Y>
        <Y t="39">0.000631</Y>
        <Y t="40">0.000692</Y>
        <Y t="41">0.000762</Y>
        <Y t="42">0.000841</Y>
        <Y t="43">0.000929</Y>
        <Y t="44">0.001028</Y>
        <Y t="45">0.001137</Y>
        <Y t="46">0.001259</Y>
        <Y t="47">0.001392</Y>
        <Y t="48">0.001537</Y>
        <Y t="49">0.001692</Y>
        <Y t="50">0.001859</Y>
        <Y t="51">0.002037</Y>
        <Y t="52">0.002226</Y>
        <Y t="53">0.002424</Y>
        <Y t="54">0.002634</Y>
        <Y t="55">0.002853</Y>
        <Y t="56">0.003085</Y>
        <Y t="57">0.003342</Y>
        <Y t="58">0.003638</Y>
        <Y t="59">0.00399</Y>
        <Y t="60">0.004414</Y>
        <Y t="61">0.004923</Y>
        <Y t="62">0.005529</Y>
        <Y t="63">0.006244</Y>
        <Y t="64">0.007078</Y>
        <Y t="65">0.008045</Y>
        <Y t="66">0.009165</Y>
        <Y t="67">0.01046</Y>
        <Y t="68">0.011955</Y>
        <Y t="69">0.013674</Y>
        <Y t="70">0.015643</Y>
        <Y t="71">0.017887</Y>
        <Y t="72">0.020432</Y>
        <Y t="73">0.023303</Y>
        <Y t="74">0.026528</Y>
        <Y t="75">0.030137</Y>
        <Y t="76">0.034165</Y>
        <Y t="77">0.038653</Y>
        <Y t="78">0.043648</Y>
        <Y t="79">0.049205</Y>
        <Y t="80">0.055385</Y>
        <Y t="81">0.062254</Y>
        <Y t="82">0.06988</Y>
        <Y t="83">0.07832</Y>
        <Y t="84">0.087611</Y>
        <Y t="85">0.097754</Y>
        <Y t="86">0.108704</Y>
        <Y t="87">0.120371</Y>
        <Y t="88">0.132638</Y>
        <Y t="89">0.145395</Y>
        <Y t="90">0.158572</Y>
        <Y t="91">0.172172</Y>
        <Y t="92">0.186294</Y>
        <Y t="93">0.201129</Y>
        <Y t="94">0.21694</Y>
        <Y t="95">0.234026</Y>
        <Y t="96">0.252673</Y>
        <Y t="97">0.273112</Y>
        <Y t="98">0.295478</Y>
        <Y t="99">0.319794</Y>
        <Y t="100">0.345975</Y>
        <Y t="101">0.373856</Y>
        <Y t="102">0.403221</Y>
        <Y t="103">0.433833</Y>
        <Y t="104">0.465447</Y>
        <Y t="105">1</Y>
      </Axis>
    </Values>
  </Table>
</XTbML>