﻿<?xml version="1.0" encoding="utf-8"?>
<XTbML>
  <ContentClassification>
    <TableIdentity>3370</TableIdentity>
    <ProviderDomain>soa.org</ProviderDomain>
    <ProviderName>American Academy of Actuaries along with the Society of Actuaries</ProviderName>
    <TableReference>Joint American Academy of Actuaries' Life Experience Committee and Society of Actuaries Preferred Mortality Oversight Group CSO Development Subgroup, "Report on the 2017 CSO  and on the 2017 CSO Preferred Structure Table Development", American Academy of Actuaries, (2015). Accessed: April, 2016 from https://www.soa.org/Research/Experience-Study/Ind-Life/Valuation/2017-cso-tables.aspx</TableReference>
    <ContentType tc="85">CSO / CET</ContentType>
    <TableName>2017 Unloaded CSO Smoker Distinct Nonsmoker Female ALB </TableName>
    <TableDescription>2017 Unloaded CSO Smoker Distinct Nonsmoker, Female, Age Last Birthday. Minimum Age: 18. Maximum Age: 95.</TableDescription>
    <Comments>The 2017 Commissioners Standard Ordinary Tables (CSO) are a series of mortality tables developed for regulatory uses including CRVM, net premium reserves and non-forfeiture determination. The tables were based on life insurance mortality experience from 2002 to 2009, projected with improvement to 2017.  The tables include a margin to cover the variation of individual company’s mortality around the industry mean. Table uploaded: 02/2016. Select rates at ages 0-17 for certain durations and ultimate rates at ages 18-27, 29, 30, 32 and 37 were modified 09/2016. Data verified: 07/2018.</Comments>
    <KeyWord>Select</KeyWord>
    <KeyWord>CSO/CET</KeyWord>
    <KeyWord>United States of America</KeyWord>
  </ContentClassification>
  <Table>
    <MetaData>
      <ScalingFactor>0</ScalingFactor>
      <DataType tc="2">Floating Point</DataType>
      <Nation tc="1">United States of America</Nation>
      <TableDescription>2017 Unloaded CSO Smoker Distinct Nonsmoker, Female, Select and Ultimate Table. Basis: Age Last Birthday. Minimum Select Age: 18. Maximum Select Age: 95.</TableDescription>
      <AxisDef id="Age">
        <ScaleType tc="3">Age</ScaleType>
        <AxisName>Age</AxisName>
        <MinScaleValue>18</MinScaleValue>
        <MaxScaleValue>95</MaxScaleValue>
        <Increment>1</Increment>
      </AxisDef>
      <AxisDef id="Duration">
        <ScaleType tc="2">Ordinal Date</ScaleType>
        <AxisName>Duration</AxisName>
        <MinScaleValue>1</MinScaleValue>
        <MaxScaleValue>25</MaxScaleValue>
        <Increment>1</Increment>
      </AxisDef>
    </MetaData>
    <Values>
      <Axis t="18">
        <Axis>
          <Y t="1">0.00027</Y>
          <Y t="2">0.00027</Y>
          <Y t="3">0.00026</Y>
          <Y t="4">0.00026</Y>
          <Y t="5">0.00026</Y>
          <Y t="6">0.00026</Y>
          <Y t="7">0.00026</Y>
          <Y t="8">0.00026</Y>
          <Y t="9">0.00026</Y>
          <Y t="10">0.00028</Y>
          <Y t="11">0.0003</Y>
          <Y t="12">0.00032</Y>
          <Y t="13">0.00033</Y>
          <Y t="14">0.00036</Y>
          <Y t="15">0.0004</Y>
          <Y t="16">0.00046</Y>
          <Y t="17">0.00053</Y>
          <Y t="18">0.00061</Y>
          <Y t="19">0.00069</Y>
          <Y t="20">0.00076</Y>
          <Y t="21">0.00082</Y>
          <Y t="22">0.00084</Y>
          <Y t="23">0.00086</Y>
          <Y t="24">0.00086</Y>
          <Y t="25">0.00086</Y>
        </Axis>
      </Axis>
      <Axis t="19">
        <Axis>
          <Y t="1">0.00025</Y>
          <Y t="2">0.00025</Y>
          <Y t="3">0.00024</Y>
          <Y t="4">0.00025</Y>
          <Y t="5">0.00025</Y>
          <Y t="6">0.00025</Y>
          <Y t="7">0.00024</Y>
          <Y t="8">0.00024</Y>
          <Y t="9">0.00025</Y>
          <Y t="10">0.00028</Y>
          <Y t="11">0.0003</Y>
          <Y t="12">0.00031</Y>
          <Y t="13">0.00033</Y>
          <Y t="14">0.00035</Y>
          <Y t="15">0.0004</Y>
          <Y t="16">0.00048</Y>
          <Y t="17">0.00056</Y>
          <Y t="18">0.00065</Y>
          <Y t="19">0.00073</Y>
          <Y t="20">0.0008</Y>
          <Y t="21">0.00084</Y>
          <Y t="22">0.00086</Y>
          <Y t="23">0.00086</Y>
          <Y t="24">0.00086</Y>
          <Y t="25">0.00087</Y>
        </Axis>
      </Axis>
      <Axis t="20">
        <Axis>
          <Y t="1">0.00021</Y>
          <Y t="2">0.00022</Y>
          <Y t="3">0.00023</Y>
          <Y t="4">0.00023</Y>
          <Y t="5">0.00023</Y>
          <Y t="6">0.00022</Y>
          <Y t="7">0.00022</Y>
          <Y t="8">0.00023</Y>
          <Y t="9">0.00025</Y>
          <Y t="10">0.00028</Y>
          <Y t="11">0.0003</Y>
          <Y t="12">0.00031</Y>
          <Y t="13">0.00032</Y>
          <Y t="14">0.00036</Y>
          <Y t="15">0.00042</Y>
          <Y t="16">0.0005</Y>
          <Y t="17">0.00059</Y>
          <Y t="18">0.00067</Y>
          <Y t="19">0.00075</Y>
          <Y t="20">0.00082</Y>
          <Y t="21">0.00086</Y>
          <Y t="22">0.00086</Y>
          <Y t="23">0.00086</Y>
          <Y t="24">0.00087</Y>
          <Y t="25">0.00087</Y>
        </Axis>
      </Axis>
      <Axis t="21">
        <Axis>
          <Y t="1">0.00017</Y>
          <Y t="2">0.0002</Y>
          <Y t="3">0.00022</Y>
          <Y t="4">0.00021</Y>
          <Y t="5">0.0002</Y>
          <Y t="6">0.0002</Y>
          <Y t="7">0.00021</Y>
          <Y t="8">0.00023</Y>
          <Y t="9">0.00026</Y>
          <Y t="10">0.00028</Y>
          <Y t="11">0.0003</Y>
          <Y t="12">0.00031</Y>
          <Y t="13">0.00033</Y>
          <Y t="14">0.00037</Y>
          <Y t="15">0.00045</Y>
          <Y t="16">0.00053</Y>
          <Y t="17">0.00061</Y>
          <Y t="18">0.00068</Y>
          <Y t="19">0.00076</Y>
          <Y t="20">0.00082</Y>
          <Y t="21">0.00086</Y>
          <Y t="22">0.00086</Y>
          <Y t="23">0.00087</Y>
          <Y t="24">0.00087</Y>
          <Y t="25">0.00089</Y>
        </Axis>
      </Axis>
      <Axis t="22">
        <Axis>
          <Y t="1">0.00015</Y>
          <Y t="2">0.00019</Y>
          <Y t="3">0.0002</Y>
          <Y t="4">0.00019</Y>
          <Y t="5">0.00018</Y>
          <Y t="6">0.00019</Y>
          <Y t="7">0.00021</Y>
          <Y t="8">0.00024</Y>
          <Y t="9">0.00027</Y>
          <Y t="10">0.00029</Y>
          <Y t="11">0.0003</Y>
          <Y t="12">0.00031</Y>
          <Y t="13">0.00034</Y>
          <Y t="14">0.0004</Y>
          <Y t="15">0.00048</Y>
          <Y t="16">0.00056</Y>
          <Y t="17">0.00062</Y>
          <Y t="18">0.00069</Y>
          <Y t="19">0.00076</Y>
          <Y t="20">0.00083</Y>
          <Y t="21">0.00086</Y>
          <Y t="22">0.00087</Y>
          <Y t="23">0.00087</Y>
          <Y t="24">0.00089</Y>
          <Y t="25">0.00093</Y>
        </Axis>
      </Axis>
      <Axis t="23">
        <Axis>
          <Y t="1">0.00014</Y>
          <Y t="2">0.00017</Y>
          <Y t="3">0.00017</Y>
          <Y t="4">0.00017</Y>
          <Y t="5">0.00017</Y>
          <Y t="6">0.00019</Y>
          <Y t="7">0.00021</Y>
          <Y t="8">0.00024</Y>
          <Y t="9">0.00027</Y>
          <Y t="10">0.00029</Y>
          <Y t="11">0.00031</Y>
          <Y t="12">0.00033</Y>
          <Y t="13">0.00037</Y>
          <Y t="14">0.00044</Y>
          <Y t="15">0.00051</Y>
          <Y t="16">0.00058</Y>
          <Y t="17">0.00063</Y>
          <Y t="18">0.00069</Y>
          <Y t="19">0.00077</Y>
          <Y t="20">0.00083</Y>
          <Y t="21">0.00087</Y>
          <Y t="22">0.00087</Y>
          <Y t="23">0.00089</Y>
          <Y t="24">0.00093</Y>
          <Y t="25">0.00097</Y>
        </Axis>
      </Axis>
      <Axis t="24">
        <Axis>
          <Y t="1">0.00012</Y>
          <Y t="2">0.00015</Y>
          <Y t="3">0.00015</Y>
          <Y t="4">0.00015</Y>
          <Y t="5">0.00017</Y>
          <Y t="6">0.00019</Y>
          <Y t="7">0.00022</Y>
          <Y t="8">0.00025</Y>
          <Y t="9">0.00028</Y>
          <Y t="10">0.0003</Y>
          <Y t="11">0.00032</Y>
          <Y t="12">0.00035</Y>
          <Y t="13">0.00041</Y>
          <Y t="14">0.00048</Y>
          <Y t="15">0.00055</Y>
          <Y t="16">0.0006</Y>
          <Y t="17">0.00064</Y>
          <Y t="18">0.0007</Y>
          <Y t="19">0.00077</Y>
          <Y t="20">0.00083</Y>
          <Y t="21">0.00087</Y>
          <Y t="22">0.00089</Y>
          <Y t="23">0.00093</Y>
          <Y t="24">0.00097</Y>
          <Y t="25">0.00103</Y>
        </Axis>
      </Axis>
      <Axis t="25">
        <Axis>
          <Y t="1">0.0001</Y>
          <Y t="2">0.00013</Y>
          <Y t="3">0.00014</Y>
          <Y t="4">0.00015</Y>
          <Y t="5">0.00017</Y>
          <Y t="6">0.00019</Y>
          <Y t="7">0.00022</Y>
          <Y t="8">0.00026</Y>
          <Y t="9">0.00029</Y>
          <Y t="10">0.00032</Y>
          <Y t="11">0.00035</Y>
          <Y t="12">0.00039</Y>
          <Y t="13">0.00045</Y>
          <Y t="14">0.00052</Y>
          <Y t="15">0.00058</Y>
          <Y t="16">0.00061</Y>
          <Y t="17">0.00066</Y>
          <Y t="18">0.00072</Y>
          <Y t="19">0.00078</Y>
          <Y t="20">0.00084</Y>
          <Y t="21">0.00089</Y>
          <Y t="22">0.00093</Y>
          <Y t="23">0.00097</Y>
          <Y t="24">0.00103</Y>
          <Y t="25">0.00111</Y>
        </Axis>
      </Axis>
      <Axis t="26">
        <Axis>
          <Y t="1">8E-05</Y>
          <Y t="2">0.00012</Y>
          <Y t="3">0.00014</Y>
          <Y t="4">0.00015</Y>
          <Y t="5">0.00017</Y>
          <Y t="6">0.0002</Y>
          <Y t="7">0.00023</Y>
          <Y t="8">0.00027</Y>
          <Y t="9">0.0003</Y>
          <Y t="10">0.00034</Y>
          <Y t="11">0.00038</Y>
          <Y t="12">0.00044</Y>
          <Y t="13">0.00051</Y>
          <Y t="14">0.00057</Y>
          <Y t="15">0.00061</Y>
          <Y t="16">0.00063</Y>
          <Y t="17">0.00068</Y>
          <Y t="18">0.00074</Y>
          <Y t="19">0.00081</Y>
          <Y t="20">0.00087</Y>
          <Y t="21">0.00093</Y>
          <Y t="22">0.00097</Y>
          <Y t="23">0.00103</Y>
          <Y t="24">0.00111</Y>
          <Y t="25">0.00121</Y>
        </Axis>
      </Axis>
      <Axis t="27">
        <Axis>
          <Y t="1">8E-05</Y>
          <Y t="2">0.00012</Y>
          <Y t="3">0.00014</Y>
          <Y t="4">0.00015</Y>
          <Y t="5">0.00017</Y>
          <Y t="6">0.0002</Y>
          <Y t="7">0.00024</Y>
          <Y t="8">0.00028</Y>
          <Y t="9">0.00033</Y>
          <Y t="10">0.00037</Y>
          <Y t="11">0.00042</Y>
          <Y t="12">0.00048</Y>
          <Y t="13">0.00055</Y>
          <Y t="14">0.0006</Y>
          <Y t="15">0.00063</Y>
          <Y t="16">0.00066</Y>
          <Y t="17">0.0007</Y>
          <Y t="18">0.00077</Y>
          <Y t="19">0.00084</Y>
          <Y t="20">0.00091</Y>
          <Y t="21">0.00097</Y>
          <Y t="22">0.00103</Y>
          <Y t="23">0.00111</Y>
          <Y t="24">0.00121</Y>
          <Y t="25">0.00133</Y>
        </Axis>
      </Axis>
      <Axis t="28">
        <Axis>
          <Y t="1">7E-05</Y>
          <Y t="2">0.00012</Y>
          <Y t="3">0.00014</Y>
          <Y t="4">0.00016</Y>
          <Y t="5">0.00018</Y>
          <Y t="6">0.00021</Y>
          <Y t="7">0.00025</Y>
          <Y t="8">0.0003</Y>
          <Y t="9">0.00036</Y>
          <Y t="10">0.00041</Y>
          <Y t="11">0.00046</Y>
          <Y t="12">0.00053</Y>
          <Y t="13">0.00059</Y>
          <Y t="14">0.00063</Y>
          <Y t="15">0.00065</Y>
          <Y t="16">0.00069</Y>
          <Y t="17">0.00074</Y>
          <Y t="18">0.00081</Y>
          <Y t="19">0.00088</Y>
          <Y t="20">0.00096</Y>
          <Y t="21">0.00103</Y>
          <Y t="22">0.00111</Y>
          <Y t="23">0.00121</Y>
          <Y t="24">0.00133</Y>
          <Y t="25">0.00149</Y>
        </Axis>
      </Axis>
      <Axis t="29">
        <Axis>
          <Y t="1">7E-05</Y>
          <Y t="2">0.00012</Y>
          <Y t="3">0.00015</Y>
          <Y t="4">0.00016</Y>
          <Y t="5">0.00018</Y>
          <Y t="6">0.00022</Y>
          <Y t="7">0.00027</Y>
          <Y t="8">0.00033</Y>
          <Y t="9">0.00039</Y>
          <Y t="10">0.00044</Y>
          <Y t="11">0.00049</Y>
          <Y t="12">0.00056</Y>
          <Y t="13">0.00061</Y>
          <Y t="14">0.00065</Y>
          <Y t="15">0.00068</Y>
          <Y t="16">0.00072</Y>
          <Y t="17">0.00079</Y>
          <Y t="18">0.00086</Y>
          <Y t="19">0.00094</Y>
          <Y t="20">0.00103</Y>
          <Y t="21">0.00111</Y>
          <Y t="22">0.00121</Y>
          <Y t="23">0.00133</Y>
          <Y t="24">0.00149</Y>
          <Y t="25">0.00167</Y>
        </Axis>
      </Axis>
      <Axis t="30">
        <Axis>
          <Y t="1">7E-05</Y>
          <Y t="2">0.00013</Y>
          <Y t="3">0.00015</Y>
          <Y t="4">0.00017</Y>
          <Y t="5">0.0002</Y>
          <Y t="6">0.00024</Y>
          <Y t="7">0.0003</Y>
          <Y t="8">0.00036</Y>
          <Y t="9">0.00041</Y>
          <Y t="10">0.00047</Y>
          <Y t="11">0.00052</Y>
          <Y t="12">0.00058</Y>
          <Y t="13">0.00064</Y>
          <Y t="14">0.00067</Y>
          <Y t="15">0.00071</Y>
          <Y t="16">0.00077</Y>
          <Y t="17">0.00085</Y>
          <Y t="18">0.00094</Y>
          <Y t="19">0.00102</Y>
          <Y t="20">0.00111</Y>
          <Y t="21">0.00121</Y>
          <Y t="22">0.00133</Y>
          <Y t="23">0.00149</Y>
          <Y t="24">0.00167</Y>
          <Y t="25">0.00187</Y>
        </Axis>
      </Axis>
      <Axis t="31">
        <Axis>
          <Y t="1">7E-05</Y>
          <Y t="2">0.00013</Y>
          <Y t="3">0.00016</Y>
          <Y t="4">0.00018</Y>
          <Y t="5">0.00022</Y>
          <Y t="6">0.00027</Y>
          <Y t="7">0.00033</Y>
          <Y t="8">0.00039</Y>
          <Y t="9">0.00044</Y>
          <Y t="10">0.00049</Y>
          <Y t="11">0.00054</Y>
          <Y t="12">0.0006</Y>
          <Y t="13">0.00066</Y>
          <Y t="14">0.00071</Y>
          <Y t="15">0.00076</Y>
          <Y t="16">0.00083</Y>
          <Y t="17">0.00092</Y>
          <Y t="18">0.00101</Y>
          <Y t="19">0.0011</Y>
          <Y t="20">0.0012</Y>
          <Y t="21">0.00133</Y>
          <Y t="22">0.00149</Y>
          <Y t="23">0.00167</Y>
          <Y t="24">0.00187</Y>
          <Y t="25">0.00207</Y>
        </Axis>
      </Axis>
      <Axis t="32">
        <Axis>
          <Y t="1">8E-05</Y>
          <Y t="2">0.00014</Y>
          <Y t="3">0.00017</Y>
          <Y t="4">0.00021</Y>
          <Y t="5">0.00025</Y>
          <Y t="6">0.00031</Y>
          <Y t="7">0.00036</Y>
          <Y t="8">0.00042</Y>
          <Y t="9">0.00046</Y>
          <Y t="10">0.00051</Y>
          <Y t="11">0.00056</Y>
          <Y t="12">0.00062</Y>
          <Y t="13">0.0007</Y>
          <Y t="14">0.00076</Y>
          <Y t="15">0.00083</Y>
          <Y t="16">0.00091</Y>
          <Y t="17">0.001</Y>
          <Y t="18">0.00109</Y>
          <Y t="19">0.00119</Y>
          <Y t="20">0.00132</Y>
          <Y t="21">0.00149</Y>
          <Y t="22">0.00167</Y>
          <Y t="23">0.00187</Y>
          <Y t="24">0.00207</Y>
          <Y t="25">0.00226</Y>
        </Axis>
      </Axis>
      <Axis t="33">
        <Axis>
          <Y t="1">8E-05</Y>
          <Y t="2">0.00015</Y>
          <Y t="3">0.00019</Y>
          <Y t="4">0.00024</Y>
          <Y t="5">0.00029</Y>
          <Y t="6">0.00034</Y>
          <Y t="7">0.00039</Y>
          <Y t="8">0.00044</Y>
          <Y t="9">0.00047</Y>
          <Y t="10">0.00052</Y>
          <Y t="11">0.00058</Y>
          <Y t="12">0.00065</Y>
          <Y t="13">0.00074</Y>
          <Y t="14">0.00082</Y>
          <Y t="15">0.0009</Y>
          <Y t="16">0.00099</Y>
          <Y t="17">0.00109</Y>
          <Y t="18">0.00119</Y>
          <Y t="19">0.00131</Y>
          <Y t="20">0.00148</Y>
          <Y t="21">0.00167</Y>
          <Y t="22">0.00187</Y>
          <Y t="23">0.00207</Y>
          <Y t="24">0.00226</Y>
          <Y t="25">0.00245</Y>
        </Axis>
      </Axis>
      <Axis t="34">
        <Axis>
          <Y t="1">9E-05</Y>
          <Y t="2">0.00015</Y>
          <Y t="3">0.00022</Y>
          <Y t="4">0.00027</Y>
          <Y t="5">0.00032</Y>
          <Y t="6">0.00037</Y>
          <Y t="7">0.00043</Y>
          <Y t="8">0.00047</Y>
          <Y t="9">0.00049</Y>
          <Y t="10">0.00054</Y>
          <Y t="11">0.0006</Y>
          <Y t="12">0.0007</Y>
          <Y t="13">0.00081</Y>
          <Y t="14">0.0009</Y>
          <Y t="15">0.00099</Y>
          <Y t="16">0.00108</Y>
          <Y t="17">0.00119</Y>
          <Y t="18">0.0013</Y>
          <Y t="19">0.00146</Y>
          <Y t="20">0.00165</Y>
          <Y t="21">0.00187</Y>
          <Y t="22">0.00207</Y>
          <Y t="23">0.00226</Y>
          <Y t="24">0.00245</Y>
          <Y t="25">0.00265</Y>
        </Axis>
      </Axis>
      <Axis t="35">
        <Axis>
          <Y t="1">9E-05</Y>
          <Y t="2">0.00016</Y>
          <Y t="3">0.00024</Y>
          <Y t="4">0.0003</Y>
          <Y t="5">0.00035</Y>
          <Y t="6">0.0004</Y>
          <Y t="7">0.00046</Y>
          <Y t="8">0.00049</Y>
          <Y t="9">0.00051</Y>
          <Y t="10">0.00056</Y>
          <Y t="11">0.00065</Y>
          <Y t="12">0.00077</Y>
          <Y t="13">0.00089</Y>
          <Y t="14">0.00098</Y>
          <Y t="15">0.00107</Y>
          <Y t="16">0.00117</Y>
          <Y t="17">0.00129</Y>
          <Y t="18">0.00143</Y>
          <Y t="19">0.00162</Y>
          <Y t="20">0.00184</Y>
          <Y t="21">0.00207</Y>
          <Y t="22">0.00226</Y>
          <Y t="23">0.00245</Y>
          <Y t="24">0.00265</Y>
          <Y t="25">0.00287</Y>
        </Axis>
      </Axis>
      <Axis t="36">
        <Axis>
          <Y t="1">0.0001</Y>
          <Y t="2">0.00017</Y>
          <Y t="3">0.00027</Y>
          <Y t="4">0.00034</Y>
          <Y t="5">0.00039</Y>
          <Y t="6">0.00045</Y>
          <Y t="7">0.00049</Y>
          <Y t="8">0.00051</Y>
          <Y t="9">0.00054</Y>
          <Y t="10">0.00061</Y>
          <Y t="11">0.00072</Y>
          <Y t="12">0.00084</Y>
          <Y t="13">0.00098</Y>
          <Y t="14">0.00107</Y>
          <Y t="15">0.00117</Y>
          <Y t="16">0.00127</Y>
          <Y t="17">0.0014</Y>
          <Y t="18">0.00157</Y>
          <Y t="19">0.00178</Y>
          <Y t="20">0.00203</Y>
          <Y t="21">0.00226</Y>
          <Y t="22">0.00245</Y>
          <Y t="23">0.00265</Y>
          <Y t="24">0.00287</Y>
          <Y t="25">0.00312</Y>
        </Axis>
      </Axis>
      <Axis t="37">
        <Axis>
          <Y t="1">0.00011</Y>
          <Y t="2">0.00018</Y>
          <Y t="3">0.00029</Y>
          <Y t="4">0.00038</Y>
          <Y t="5">0.00043</Y>
          <Y t="6">0.00048</Y>
          <Y t="7">0.00051</Y>
          <Y t="8">0.00054</Y>
          <Y t="9">0.00058</Y>
          <Y t="10">0.00067</Y>
          <Y t="11">0.0008</Y>
          <Y t="12">0.00093</Y>
          <Y t="13">0.00106</Y>
          <Y t="14">0.00116</Y>
          <Y t="15">0.00126</Y>
          <Y t="16">0.00137</Y>
          <Y t="17">0.00152</Y>
          <Y t="18">0.00171</Y>
          <Y t="19">0.00195</Y>
          <Y t="20">0.00221</Y>
          <Y t="21">0.00245</Y>
          <Y t="22">0.00265</Y>
          <Y t="23">0.00287</Y>
          <Y t="24">0.00312</Y>
          <Y t="25">0.00341</Y>
        </Axis>
      </Axis>
      <Axis t="38">
        <Axis>
          <Y t="1">0.00012</Y>
          <Y t="2">0.00019</Y>
          <Y t="3">0.0003</Y>
          <Y t="4">0.0004</Y>
          <Y t="5">0.00047</Y>
          <Y t="6">0.00051</Y>
          <Y t="7">0.00054</Y>
          <Y t="8">0.00058</Y>
          <Y t="9">0.00064</Y>
          <Y t="10">0.00075</Y>
          <Y t="11">0.00088</Y>
          <Y t="12">0.00102</Y>
          <Y t="13">0.00115</Y>
          <Y t="14">0.00125</Y>
          <Y t="15">0.00135</Y>
          <Y t="16">0.00148</Y>
          <Y t="17">0.00166</Y>
          <Y t="18">0.00187</Y>
          <Y t="19">0.00212</Y>
          <Y t="20">0.00239</Y>
          <Y t="21">0.00265</Y>
          <Y t="22">0.00287</Y>
          <Y t="23">0.00312</Y>
          <Y t="24">0.00341</Y>
          <Y t="25">0.00375</Y>
        </Axis>
      </Axis>
      <Axis t="39">
        <Axis>
          <Y t="1">0.00013</Y>
          <Y t="2">0.0002</Y>
          <Y t="3">0.00031</Y>
          <Y t="4">0.00041</Y>
          <Y t="5">0.00049</Y>
          <Y t="6">0.00053</Y>
          <Y t="7">0.00057</Y>
          <Y t="8">0.00063</Y>
          <Y t="9">0.00071</Y>
          <Y t="10">0.00083</Y>
          <Y t="11">0.00098</Y>
          <Y t="12">0.00111</Y>
          <Y t="13">0.00124</Y>
          <Y t="14">0.00135</Y>
          <Y t="15">0.00146</Y>
          <Y t="16">0.00161</Y>
          <Y t="17">0.0018</Y>
          <Y t="18">0.00203</Y>
          <Y t="19">0.00229</Y>
          <Y t="20">0.00259</Y>
          <Y t="21">0.00287</Y>
          <Y t="22">0.00312</Y>
          <Y t="23">0.00341</Y>
          <Y t="24">0.00375</Y>
          <Y t="25">0.00412</Y>
        </Axis>
      </Axis>
      <Axis t="40">
        <Axis>
          <Y t="1">0.00014</Y>
          <Y t="2">0.00021</Y>
          <Y t="3">0.00032</Y>
          <Y t="4">0.00042</Y>
          <Y t="5">0.00052</Y>
          <Y t="6">0.00057</Y>
          <Y t="7">0.00063</Y>
          <Y t="8">0.00069</Y>
          <Y t="9">0.00078</Y>
          <Y t="10">0.00093</Y>
          <Y t="11">0.00107</Y>
          <Y t="12">0.0012</Y>
          <Y t="13">0.00133</Y>
          <Y t="14">0.00145</Y>
          <Y t="15">0.00158</Y>
          <Y t="16">0.00176</Y>
          <Y t="17">0.00196</Y>
          <Y t="18">0.0022</Y>
          <Y t="19">0.00248</Y>
          <Y t="20">0.0028</Y>
          <Y t="21">0.00312</Y>
          <Y t="22">0.00341</Y>
          <Y t="23">0.00375</Y>
          <Y t="24">0.00412</Y>
          <Y t="25">0.00454</Y>
        </Axis>
      </Axis>
      <Axis t="41">
        <Axis>
          <Y t="1">0.00014</Y>
          <Y t="2">0.00023</Y>
          <Y t="3">0.00033</Y>
          <Y t="4">0.00044</Y>
          <Y t="5">0.00056</Y>
          <Y t="6">0.00062</Y>
          <Y t="7">0.00068</Y>
          <Y t="8">0.00075</Y>
          <Y t="9">0.00086</Y>
          <Y t="10">0.00102</Y>
          <Y t="11">0.00116</Y>
          <Y t="12">0.00129</Y>
          <Y t="13">0.00143</Y>
          <Y t="14">0.00157</Y>
          <Y t="15">0.00173</Y>
          <Y t="16">0.00192</Y>
          <Y t="17">0.00214</Y>
          <Y t="18">0.0024</Y>
          <Y t="19">0.00269</Y>
          <Y t="20">0.00305</Y>
          <Y t="21">0.00341</Y>
          <Y t="22">0.00375</Y>
          <Y t="23">0.00412</Y>
          <Y t="24">0.00454</Y>
          <Y t="25">0.00499</Y>
        </Axis>
      </Axis>
      <Axis t="42">
        <Axis>
          <Y t="1">0.00015</Y>
          <Y t="2">0.00024</Y>
          <Y t="3">0.00034</Y>
          <Y t="4">0.00048</Y>
          <Y t="5">0.0006</Y>
          <Y t="6">0.00067</Y>
          <Y t="7">0.00073</Y>
          <Y t="8">0.00081</Y>
          <Y t="9">0.00095</Y>
          <Y t="10">0.00111</Y>
          <Y t="11">0.00125</Y>
          <Y t="12">0.00138</Y>
          <Y t="13">0.00154</Y>
          <Y t="14">0.00172</Y>
          <Y t="15">0.0019</Y>
          <Y t="16">0.00211</Y>
          <Y t="17">0.00235</Y>
          <Y t="18">0.00263</Y>
          <Y t="19">0.00295</Y>
          <Y t="20">0.00334</Y>
          <Y t="21">0.00375</Y>
          <Y t="22">0.00412</Y>
          <Y t="23">0.00454</Y>
          <Y t="24">0.00499</Y>
          <Y t="25">0.00547</Y>
        </Axis>
      </Axis>
      <Axis t="43">
        <Axis>
          <Y t="1">0.00017</Y>
          <Y t="2">0.00025</Y>
          <Y t="3">0.00036</Y>
          <Y t="4">0.00054</Y>
          <Y t="5">0.00065</Y>
          <Y t="6">0.00072</Y>
          <Y t="7">0.00078</Y>
          <Y t="8">0.00088</Y>
          <Y t="9">0.00103</Y>
          <Y t="10">0.00119</Y>
          <Y t="11">0.00134</Y>
          <Y t="12">0.00149</Y>
          <Y t="13">0.00169</Y>
          <Y t="14">0.00189</Y>
          <Y t="15">0.0021</Y>
          <Y t="16">0.00232</Y>
          <Y t="17">0.00258</Y>
          <Y t="18">0.00288</Y>
          <Y t="19">0.00323</Y>
          <Y t="20">0.00367</Y>
          <Y t="21">0.00412</Y>
          <Y t="22">0.00454</Y>
          <Y t="23">0.00499</Y>
          <Y t="24">0.00547</Y>
          <Y t="25">0.006</Y>
        </Axis>
      </Axis>
      <Axis t="44">
        <Axis>
          <Y t="1">0.00019</Y>
          <Y t="2">0.00026</Y>
          <Y t="3">0.0004</Y>
          <Y t="4">0.00061</Y>
          <Y t="5">0.0007</Y>
          <Y t="6">0.00077</Y>
          <Y t="7">0.00084</Y>
          <Y t="8">0.00096</Y>
          <Y t="9">0.00112</Y>
          <Y t="10">0.00128</Y>
          <Y t="11">0.00143</Y>
          <Y t="12">0.00162</Y>
          <Y t="13">0.00185</Y>
          <Y t="14">0.00208</Y>
          <Y t="15">0.0023</Y>
          <Y t="16">0.00255</Y>
          <Y t="17">0.00283</Y>
          <Y t="18">0.00315</Y>
          <Y t="19">0.00355</Y>
          <Y t="20">0.00404</Y>
          <Y t="21">0.00454</Y>
          <Y t="22">0.00499</Y>
          <Y t="23">0.00547</Y>
          <Y t="24">0.006</Y>
          <Y t="25">0.00658</Y>
        </Axis>
      </Axis>
      <Axis t="45">
        <Axis>
          <Y t="1">0.00021</Y>
          <Y t="2">0.00026</Y>
          <Y t="3">0.00044</Y>
          <Y t="4">0.00066</Y>
          <Y t="5">0.00075</Y>
          <Y t="6">0.00083</Y>
          <Y t="7">0.00091</Y>
          <Y t="8">0.00105</Y>
          <Y t="9">0.00121</Y>
          <Y t="10">0.00137</Y>
          <Y t="11">0.00155</Y>
          <Y t="12">0.00177</Y>
          <Y t="13">0.00204</Y>
          <Y t="14">0.0023</Y>
          <Y t="15">0.00253</Y>
          <Y t="16">0.0028</Y>
          <Y t="17">0.00312</Y>
          <Y t="18">0.00349</Y>
          <Y t="19">0.00393</Y>
          <Y t="20">0.00444</Y>
          <Y t="21">0.00499</Y>
          <Y t="22">0.00547</Y>
          <Y t="23">0.006</Y>
          <Y t="24">0.00658</Y>
          <Y t="25">0.00725</Y>
        </Axis>
      </Axis>
      <Axis t="46">
        <Axis>
          <Y t="1">0.00023</Y>
          <Y t="2">0.00027</Y>
          <Y t="3">0.0005</Y>
          <Y t="4">0.00071</Y>
          <Y t="5">0.00081</Y>
          <Y t="6">0.0009</Y>
          <Y t="7">0.00099</Y>
          <Y t="8">0.00114</Y>
          <Y t="9">0.0013</Y>
          <Y t="10">0.00148</Y>
          <Y t="11">0.00168</Y>
          <Y t="12">0.00195</Y>
          <Y t="13">0.00226</Y>
          <Y t="14">0.00253</Y>
          <Y t="15">0.00279</Y>
          <Y t="16">0.0031</Y>
          <Y t="17">0.00345</Y>
          <Y t="18">0.00385</Y>
          <Y t="19">0.00432</Y>
          <Y t="20">0.00487</Y>
          <Y t="21">0.00547</Y>
          <Y t="22">0.006</Y>
          <Y t="23">0.00658</Y>
          <Y t="24">0.00725</Y>
          <Y t="25">0.00804</Y>
        </Axis>
      </Axis>
      <Axis t="47">
        <Axis>
          <Y t="1">0.00024</Y>
          <Y t="2">0.00029</Y>
          <Y t="3">0.00059</Y>
          <Y t="4">0.00077</Y>
          <Y t="5">0.00088</Y>
          <Y t="6">0.00098</Y>
          <Y t="7">0.00109</Y>
          <Y t="8">0.00124</Y>
          <Y t="9">0.0014</Y>
          <Y t="10">0.0016</Y>
          <Y t="11">0.00184</Y>
          <Y t="12">0.00215</Y>
          <Y t="13">0.0025</Y>
          <Y t="14">0.00279</Y>
          <Y t="15">0.00308</Y>
          <Y t="16">0.00343</Y>
          <Y t="17">0.00382</Y>
          <Y t="18">0.00426</Y>
          <Y t="19">0.00476</Y>
          <Y t="20">0.00534</Y>
          <Y t="21">0.006</Y>
          <Y t="22">0.00658</Y>
          <Y t="23">0.00725</Y>
          <Y t="24">0.00804</Y>
          <Y t="25">0.00897</Y>
        </Axis>
      </Axis>
      <Axis t="48">
        <Axis>
          <Y t="1">0.00025</Y>
          <Y t="2">0.00033</Y>
          <Y t="3">0.00069</Y>
          <Y t="4">0.00085</Y>
          <Y t="5">0.00097</Y>
          <Y t="6">0.00107</Y>
          <Y t="7">0.0012</Y>
          <Y t="8">0.00136</Y>
          <Y t="9">0.00152</Y>
          <Y t="10">0.00173</Y>
          <Y t="11">0.00201</Y>
          <Y t="12">0.00237</Y>
          <Y t="13">0.00276</Y>
          <Y t="14">0.00307</Y>
          <Y t="15">0.00338</Y>
          <Y t="16">0.00377</Y>
          <Y t="17">0.00422</Y>
          <Y t="18">0.00469</Y>
          <Y t="19">0.00523</Y>
          <Y t="20">0.00585</Y>
          <Y t="21">0.00658</Y>
          <Y t="22">0.00725</Y>
          <Y t="23">0.00804</Y>
          <Y t="24">0.00897</Y>
          <Y t="25">0.01007</Y>
        </Axis>
      </Axis>
      <Axis t="49">
        <Axis>
          <Y t="1">0.00026</Y>
          <Y t="2">0.00041</Y>
          <Y t="3">0.00081</Y>
          <Y t="4">0.00095</Y>
          <Y t="5">0.00107</Y>
          <Y t="6">0.00118</Y>
          <Y t="7">0.00133</Y>
          <Y t="8">0.00148</Y>
          <Y t="9">0.00165</Y>
          <Y t="10">0.00189</Y>
          <Y t="11">0.00221</Y>
          <Y t="12">0.00259</Y>
          <Y t="13">0.00299</Y>
          <Y t="14">0.00333</Y>
          <Y t="15">0.00368</Y>
          <Y t="16">0.00412</Y>
          <Y t="17">0.00461</Y>
          <Y t="18">0.00512</Y>
          <Y t="19">0.00571</Y>
          <Y t="20">0.00641</Y>
          <Y t="21">0.00725</Y>
          <Y t="22">0.00804</Y>
          <Y t="23">0.00897</Y>
          <Y t="24">0.01007</Y>
          <Y t="25">0.01135</Y>
        </Axis>
      </Axis>
      <Axis t="50">
        <Axis>
          <Y t="1">0.00027</Y>
          <Y t="2">0.00053</Y>
          <Y t="3">0.00093</Y>
          <Y t="4">0.00106</Y>
          <Y t="5">0.00118</Y>
          <Y t="6">0.00131</Y>
          <Y t="7">0.00146</Y>
          <Y t="8">0.00161</Y>
          <Y t="9">0.00181</Y>
          <Y t="10">0.00208</Y>
          <Y t="11">0.00243</Y>
          <Y t="12">0.00281</Y>
          <Y t="13">0.00321</Y>
          <Y t="14">0.00357</Y>
          <Y t="15">0.00398</Y>
          <Y t="16">0.00449</Y>
          <Y t="17">0.00503</Y>
          <Y t="18">0.00558</Y>
          <Y t="19">0.00622</Y>
          <Y t="20">0.00704</Y>
          <Y t="21">0.00804</Y>
          <Y t="22">0.00897</Y>
          <Y t="23">0.01007</Y>
          <Y t="24">0.01135</Y>
          <Y t="25">0.01283</Y>
        </Axis>
      </Axis>
      <Axis t="51">
        <Axis>
          <Y t="1">0.00028</Y>
          <Y t="2">0.00067</Y>
          <Y t="3">0.00102</Y>
          <Y t="4">0.00115</Y>
          <Y t="5">0.00129</Y>
          <Y t="6">0.00144</Y>
          <Y t="7">0.00158</Y>
          <Y t="8">0.00176</Y>
          <Y t="9">0.00199</Y>
          <Y t="10">0.0023</Y>
          <Y t="11">0.00267</Y>
          <Y t="12">0.00304</Y>
          <Y t="13">0.00344</Y>
          <Y t="14">0.00384</Y>
          <Y t="15">0.00432</Y>
          <Y t="16">0.0049</Y>
          <Y t="17">0.00545</Y>
          <Y t="18">0.00605</Y>
          <Y t="19">0.0068</Y>
          <Y t="20">0.00779</Y>
          <Y t="21">0.00897</Y>
          <Y t="22">0.01007</Y>
          <Y t="23">0.01135</Y>
          <Y t="24">0.01283</Y>
          <Y t="25">0.01453</Y>
        </Axis>
      </Axis>
      <Axis t="52">
        <Axis>
          <Y t="1">0.00029</Y>
          <Y t="2">0.00079</Y>
          <Y t="3">0.00108</Y>
          <Y t="4">0.00124</Y>
          <Y t="5">0.0014</Y>
          <Y t="6">0.00156</Y>
          <Y t="7">0.00174</Y>
          <Y t="8">0.00194</Y>
          <Y t="9">0.00221</Y>
          <Y t="10">0.00256</Y>
          <Y t="11">0.00292</Y>
          <Y t="12">0.00328</Y>
          <Y t="13">0.00369</Y>
          <Y t="14">0.00415</Y>
          <Y t="15">0.0047</Y>
          <Y t="16">0.00534</Y>
          <Y t="17">0.00595</Y>
          <Y t="18">0.00666</Y>
          <Y t="19">0.00756</Y>
          <Y t="20">0.00869</Y>
          <Y t="21">0.01007</Y>
          <Y t="22">0.01135</Y>
          <Y t="23">0.01283</Y>
          <Y t="24">0.01453</Y>
          <Y t="25">0.01649</Y>
        </Axis>
      </Axis>
      <Axis t="53">
        <Axis>
          <Y t="1">0.0003</Y>
          <Y t="2">0.00084</Y>
          <Y t="3">0.00113</Y>
          <Y t="4">0.00132</Y>
          <Y t="5">0.00153</Y>
          <Y t="6">0.00171</Y>
          <Y t="7">0.00192</Y>
          <Y t="8">0.00216</Y>
          <Y t="9">0.00247</Y>
          <Y t="10">0.00284</Y>
          <Y t="11">0.0032</Y>
          <Y t="12">0.00355</Y>
          <Y t="13">0.00398</Y>
          <Y t="14">0.00452</Y>
          <Y t="15">0.00516</Y>
          <Y t="16">0.00586</Y>
          <Y t="17">0.00659</Y>
          <Y t="18">0.00747</Y>
          <Y t="19">0.00853</Y>
          <Y t="20">0.0098</Y>
          <Y t="21">0.01135</Y>
          <Y t="22">0.01283</Y>
          <Y t="23">0.01453</Y>
          <Y t="24">0.01649</Y>
          <Y t="25">0.01877</Y>
        </Axis>
      </Axis>
      <Axis t="54">
        <Axis>
          <Y t="1">0.00031</Y>
          <Y t="2">0.00086</Y>
          <Y t="3">0.00117</Y>
          <Y t="4">0.00138</Y>
          <Y t="5">0.00167</Y>
          <Y t="6">0.00189</Y>
          <Y t="7">0.00214</Y>
          <Y t="8">0.00241</Y>
          <Y t="9">0.00276</Y>
          <Y t="10">0.00313</Y>
          <Y t="11">0.00348</Y>
          <Y t="12">0.00383</Y>
          <Y t="13">0.00433</Y>
          <Y t="14">0.00496</Y>
          <Y t="15">0.0057</Y>
          <Y t="16">0.00652</Y>
          <Y t="17">0.00738</Y>
          <Y t="18">0.00841</Y>
          <Y t="19">0.00968</Y>
          <Y t="20">0.01122</Y>
          <Y t="21">0.01283</Y>
          <Y t="22">0.01453</Y>
          <Y t="23">0.01649</Y>
          <Y t="24">0.01877</Y>
          <Y t="25">0.02147</Y>
        </Axis>
      </Axis>
      <Axis t="55">
        <Axis>
          <Y t="1">0.00032</Y>
          <Y t="2">0.00087</Y>
          <Y t="3">0.00119</Y>
          <Y t="4">0.00145</Y>
          <Y t="5">0.00185</Y>
          <Y t="6">0.00212</Y>
          <Y t="7">0.0024</Y>
          <Y t="8">0.0027</Y>
          <Y t="9">0.00306</Y>
          <Y t="10">0.00342</Y>
          <Y t="11">0.00375</Y>
          <Y t="12">0.00415</Y>
          <Y t="13">0.00473</Y>
          <Y t="14">0.00548</Y>
          <Y t="15">0.00635</Y>
          <Y t="16">0.00731</Y>
          <Y t="17">0.00835</Y>
          <Y t="18">0.00954</Y>
          <Y t="19">0.01103</Y>
          <Y t="20">0.01283</Y>
          <Y t="21">0.01453</Y>
          <Y t="22">0.01649</Y>
          <Y t="23">0.01877</Y>
          <Y t="24">0.02147</Y>
          <Y t="25">0.02471</Y>
        </Axis>
      </Axis>
      <Axis t="56">
        <Axis>
          <Y t="1">0.00033</Y>
          <Y t="2">0.00088</Y>
          <Y t="3">0.00121</Y>
          <Y t="4">0.00156</Y>
          <Y t="5">0.00208</Y>
          <Y t="6">0.00238</Y>
          <Y t="7">0.00269</Y>
          <Y t="8">0.00301</Y>
          <Y t="9">0.00336</Y>
          <Y t="10">0.00368</Y>
          <Y t="11">0.00402</Y>
          <Y t="12">0.00448</Y>
          <Y t="13">0.00519</Y>
          <Y t="14">0.00608</Y>
          <Y t="15">0.0071</Y>
          <Y t="16">0.00823</Y>
          <Y t="17">0.00946</Y>
          <Y t="18">0.01084</Y>
          <Y t="19">0.01252</Y>
          <Y t="20">0.01453</Y>
          <Y t="21">0.01649</Y>
          <Y t="22">0.01877</Y>
          <Y t="23">0.02147</Y>
          <Y t="24">0.02471</Y>
          <Y t="25">0.02854</Y>
        </Axis>
      </Axis>
      <Axis t="57">
        <Axis>
          <Y t="1">0.00034</Y>
          <Y t="2">0.0009</Y>
          <Y t="3">0.00123</Y>
          <Y t="4">0.00174</Y>
          <Y t="5">0.00234</Y>
          <Y t="6">0.00268</Y>
          <Y t="7">0.003</Y>
          <Y t="8">0.0033</Y>
          <Y t="9">0.00362</Y>
          <Y t="10">0.00392</Y>
          <Y t="11">0.00429</Y>
          <Y t="12">0.00487</Y>
          <Y t="13">0.00574</Y>
          <Y t="14">0.00679</Y>
          <Y t="15">0.00798</Y>
          <Y t="16">0.0093</Y>
          <Y t="17">0.01072</Y>
          <Y t="18">0.01229</Y>
          <Y t="19">0.0142</Y>
          <Y t="20">0.01649</Y>
          <Y t="21">0.01877</Y>
          <Y t="22">0.02147</Y>
          <Y t="23">0.02471</Y>
          <Y t="24">0.02854</Y>
          <Y t="25">0.03263</Y>
        </Axis>
      </Axis>
      <Axis t="58">
        <Axis>
          <Y t="1">0.00035</Y>
          <Y t="2">0.00092</Y>
          <Y t="3">0.00128</Y>
          <Y t="4">0.00198</Y>
          <Y t="5">0.00264</Y>
          <Y t="6">0.00299</Y>
          <Y t="7">0.00329</Y>
          <Y t="8">0.00356</Y>
          <Y t="9">0.00384</Y>
          <Y t="10">0.00417</Y>
          <Y t="11">0.00463</Y>
          <Y t="12">0.00537</Y>
          <Y t="13">0.00644</Y>
          <Y t="14">0.00767</Y>
          <Y t="15">0.00905</Y>
          <Y t="16">0.01058</Y>
          <Y t="17">0.0122</Y>
          <Y t="18">0.01399</Y>
          <Y t="19">0.01617</Y>
          <Y t="20">0.01877</Y>
          <Y t="21">0.02147</Y>
          <Y t="22">0.02471</Y>
          <Y t="23">0.02854</Y>
          <Y t="24">0.03263</Y>
          <Y t="25">0.03689</Y>
        </Axis>
      </Axis>
      <Axis t="59">
        <Axis>
          <Y t="1">0.00039</Y>
          <Y t="2">0.00095</Y>
          <Y t="3">0.00141</Y>
          <Y t="4">0.00226</Y>
          <Y t="5">0.00295</Y>
          <Y t="6">0.00328</Y>
          <Y t="7">0.00354</Y>
          <Y t="8">0.00377</Y>
          <Y t="9">0.00405</Y>
          <Y t="10">0.00445</Y>
          <Y t="11">0.00507</Y>
          <Y t="12">0.00603</Y>
          <Y t="13">0.00731</Y>
          <Y t="14">0.00873</Y>
          <Y t="15">0.01033</Y>
          <Y t="16">0.01206</Y>
          <Y t="17">0.01391</Y>
          <Y t="18">0.01589</Y>
          <Y t="19">0.01844</Y>
          <Y t="20">0.02147</Y>
          <Y t="21">0.02471</Y>
          <Y t="22">0.02854</Y>
          <Y t="23">0.03263</Y>
          <Y t="24">0.03689</Y>
          <Y t="25">0.04177</Y>
        </Axis>
      </Axis>
      <Axis t="60">
        <Axis>
          <Y t="1">0.00046</Y>
          <Y t="2">0.00099</Y>
          <Y t="3">0.00164</Y>
          <Y t="4">0.00253</Y>
          <Y t="5">0.00324</Y>
          <Y t="6">0.00352</Y>
          <Y t="7">0.00374</Y>
          <Y t="8">0.00397</Y>
          <Y t="9">0.0043</Y>
          <Y t="10">0.00483</Y>
          <Y t="11">0.00567</Y>
          <Y t="12">0.00688</Y>
          <Y t="13">0.00837</Y>
          <Y t="14">0.01001</Y>
          <Y t="15">0.01181</Y>
          <Y t="16">0.01376</Y>
          <Y t="17">0.01582</Y>
          <Y t="18">0.0181</Y>
          <Y t="19">0.02115</Y>
          <Y t="20">0.02471</Y>
          <Y t="21">0.02854</Y>
          <Y t="22">0.03263</Y>
          <Y t="23">0.03689</Y>
          <Y t="24">0.04177</Y>
          <Y t="25">0.04851</Y>
        </Axis>
      </Axis>
      <Axis t="61">
        <Axis>
          <Y t="1">0.00055</Y>
          <Y t="2">0.00107</Y>
          <Y t="3">0.00194</Y>
          <Y t="4">0.00274</Y>
          <Y t="5">0.00348</Y>
          <Y t="6">0.00371</Y>
          <Y t="7">0.00391</Y>
          <Y t="8">0.0042</Y>
          <Y t="9">0.00465</Y>
          <Y t="10">0.00537</Y>
          <Y t="11">0.00646</Y>
          <Y t="12">0.00793</Y>
          <Y t="13">0.00963</Y>
          <Y t="14">0.01146</Y>
          <Y t="15">0.01345</Y>
          <Y t="16">0.01564</Y>
          <Y t="17">0.01804</Y>
          <Y t="18">0.02097</Y>
          <Y t="19">0.02456</Y>
          <Y t="20">0.02854</Y>
          <Y t="21">0.03263</Y>
          <Y t="22">0.03689</Y>
          <Y t="23">0.04177</Y>
          <Y t="24">0.04851</Y>
          <Y t="25">0.05625</Y>
        </Axis>
      </Axis>
      <Axis t="62">
        <Axis>
          <Y t="1">0.00066</Y>
          <Y t="2">0.00121</Y>
          <Y t="3">0.00229</Y>
          <Y t="4">0.00298</Y>
          <Y t="5">0.00365</Y>
          <Y t="6">0.00389</Y>
          <Y t="7">0.00414</Y>
          <Y t="8">0.00455</Y>
          <Y t="9">0.00517</Y>
          <Y t="10">0.00612</Y>
          <Y t="11">0.00748</Y>
          <Y t="12">0.00919</Y>
          <Y t="13">0.01108</Y>
          <Y t="14">0.0131</Y>
          <Y t="15">0.01531</Y>
          <Y t="16">0.01779</Y>
          <Y t="17">0.02081</Y>
          <Y t="18">0.0243</Y>
          <Y t="19">0.02854</Y>
          <Y t="20">0.03263</Y>
          <Y t="21">0.03689</Y>
          <Y t="22">0.04177</Y>
          <Y t="23">0.04851</Y>
          <Y t="24">0.05625</Y>
          <Y t="25">0.06395</Y>
        </Axis>
      </Axis>
      <Axis t="63">
        <Axis>
          <Y t="1">0.00077</Y>
          <Y t="2">0.00145</Y>
          <Y t="3">0.00262</Y>
          <Y t="4">0.00325</Y>
          <Y t="5">0.00377</Y>
          <Y t="6">0.0041</Y>
          <Y t="7">0.00453</Y>
          <Y t="8">0.00512</Y>
          <Y t="9">0.0059</Y>
          <Y t="10">0.00711</Y>
          <Y t="11">0.00872</Y>
          <Y t="12">0.01062</Y>
          <Y t="13">0.01266</Y>
          <Y t="14">0.01487</Y>
          <Y t="15">0.01737</Y>
          <Y t="16">0.02049</Y>
          <Y t="17">0.02414</Y>
          <Y t="18">0.0283</Y>
          <Y t="19">0.03263</Y>
          <Y t="20">0.03689</Y>
          <Y t="21">0.04177</Y>
          <Y t="22">0.04851</Y>
          <Y t="23">0.05625</Y>
          <Y t="24">0.06395</Y>
          <Y t="25">0.07279</Y>
        </Axis>
      </Axis>
      <Axis t="64">
        <Axis>
          <Y t="1">0.00088</Y>
          <Y t="2">0.00178</Y>
          <Y t="3">0.00289</Y>
          <Y t="4">0.00342</Y>
          <Y t="5">0.00391</Y>
          <Y t="6">0.00444</Y>
          <Y t="7">0.0051</Y>
          <Y t="8">0.00583</Y>
          <Y t="9">0.00682</Y>
          <Y t="10">0.00834</Y>
          <Y t="11">0.01017</Y>
          <Y t="12">0.01218</Y>
          <Y t="13">0.01438</Y>
          <Y t="14">0.01677</Y>
          <Y t="15">0.01966</Y>
          <Y t="16">0.02366</Y>
          <Y t="17">0.02786</Y>
          <Y t="18">0.03263</Y>
          <Y t="19">0.03689</Y>
          <Y t="20">0.04177</Y>
          <Y t="21">0.04851</Y>
          <Y t="22">0.05625</Y>
          <Y t="23">0.06395</Y>
          <Y t="24">0.07279</Y>
          <Y t="25">0.08288</Y>
        </Axis>
      </Axis>
      <Axis t="65">
        <Axis>
          <Y t="1">0.00097</Y>
          <Y t="2">0.00202</Y>
          <Y t="3">0.00309</Y>
          <Y t="4">0.00355</Y>
          <Y t="5">0.00412</Y>
          <Y t="6">0.00493</Y>
          <Y t="7">0.00576</Y>
          <Y t="8">0.00667</Y>
          <Y t="9">0.00797</Y>
          <Y t="10">0.00981</Y>
          <Y t="11">0.01182</Y>
          <Y t="12">0.0139</Y>
          <Y t="13">0.0163</Y>
          <Y t="14">0.01911</Y>
          <Y t="15">0.02248</Y>
          <Y t="16">0.02708</Y>
          <Y t="17">0.03224</Y>
          <Y t="18">0.03689</Y>
          <Y t="19">0.04177</Y>
          <Y t="20">0.04851</Y>
          <Y t="21">0.05625</Y>
          <Y t="22">0.06395</Y>
          <Y t="23">0.07279</Y>
          <Y t="24">0.08288</Y>
          <Y t="25">0.09402</Y>
        </Axis>
      </Axis>
      <Axis t="66">
        <Axis>
          <Y t="1">0.00108</Y>
          <Y t="2">0.00213</Y>
          <Y t="3">0.00325</Y>
          <Y t="4">0.00367</Y>
          <Y t="5">0.00441</Y>
          <Y t="6">0.00547</Y>
          <Y t="7">0.00651</Y>
          <Y t="8">0.0077</Y>
          <Y t="9">0.00934</Y>
          <Y t="10">0.01152</Y>
          <Y t="11">0.01371</Y>
          <Y t="12">0.01598</Y>
          <Y t="13">0.01846</Y>
          <Y t="14">0.02174</Y>
          <Y t="15">0.02555</Y>
          <Y t="16">0.03075</Y>
          <Y t="17">0.03689</Y>
          <Y t="18">0.04177</Y>
          <Y t="19">0.04851</Y>
          <Y t="20">0.05625</Y>
          <Y t="21">0.06395</Y>
          <Y t="22">0.07279</Y>
          <Y t="23">0.08288</Y>
          <Y t="24">0.09402</Y>
          <Y t="25">0.10607</Y>
        </Axis>
      </Axis>
      <Axis t="67">
        <Axis>
          <Y t="1">0.0012</Y>
          <Y t="2">0.00221</Y>
          <Y t="3">0.00338</Y>
          <Y t="4">0.00386</Y>
          <Y t="5">0.00484</Y>
          <Y t="6">0.00613</Y>
          <Y t="7">0.00741</Y>
          <Y t="8">0.00892</Y>
          <Y t="9">0.01093</Y>
          <Y t="10">0.01344</Y>
          <Y t="11">0.01587</Y>
          <Y t="12">0.01833</Y>
          <Y t="13">0.02126</Y>
          <Y t="14">0.02491</Y>
          <Y t="15">0.02874</Y>
          <Y t="16">0.03494</Y>
          <Y t="17">0.04177</Y>
          <Y t="18">0.04851</Y>
          <Y t="19">0.05625</Y>
          <Y t="20">0.06395</Y>
          <Y t="21">0.07279</Y>
          <Y t="22">0.08288</Y>
          <Y t="23">0.09402</Y>
          <Y t="24">0.10607</Y>
          <Y t="25">0.11905</Y>
        </Axis>
      </Axis>
      <Axis t="68">
        <Axis>
          <Y t="1">0.00133</Y>
          <Y t="2">0.0023</Y>
          <Y t="3">0.00351</Y>
          <Y t="4">0.0042</Y>
          <Y t="5">0.00541</Y>
          <Y t="6">0.00691</Y>
          <Y t="7">0.00845</Y>
          <Y t="8">0.0103</Y>
          <Y t="9">0.0127</Y>
          <Y t="10">0.0156</Y>
          <Y t="11">0.0182</Y>
          <Y t="12">0.02114</Y>
          <Y t="13">0.02474</Y>
          <Y t="14">0.02861</Y>
          <Y t="15">0.03341</Y>
          <Y t="16">0.0407</Y>
          <Y t="17">0.04851</Y>
          <Y t="18">0.05625</Y>
          <Y t="19">0.06395</Y>
          <Y t="20">0.07279</Y>
          <Y t="21">0.08288</Y>
          <Y t="22">0.09402</Y>
          <Y t="23">0.10607</Y>
          <Y t="24">0.11905</Y>
          <Y t="25">0.13311</Y>
        </Axis>
      </Axis>
      <Axis t="69">
        <Axis>
          <Y t="1">0.00147</Y>
          <Y t="2">0.0024</Y>
          <Y t="3">0.00367</Y>
          <Y t="4">0.00462</Y>
          <Y t="5">0.00611</Y>
          <Y t="6">0.00779</Y>
          <Y t="7">0.00958</Y>
          <Y t="8">0.0118</Y>
          <Y t="9">0.01467</Y>
          <Y t="10">0.01801</Y>
          <Y t="11">0.02102</Y>
          <Y t="12">0.02457</Y>
          <Y t="13">0.02849</Y>
          <Y t="14">0.03322</Y>
          <Y t="15">0.04014</Y>
          <Y t="16">0.04838</Y>
          <Y t="17">0.05625</Y>
          <Y t="18">0.06395</Y>
          <Y t="19">0.07279</Y>
          <Y t="20">0.08288</Y>
          <Y t="21">0.09402</Y>
          <Y t="22">0.10607</Y>
          <Y t="23">0.11905</Y>
          <Y t="24">0.13311</Y>
          <Y t="25">0.14781</Y>
        </Axis>
      </Axis>
      <Axis t="70">
        <Axis>
          <Y t="1">0.00163</Y>
          <Y t="2">0.00252</Y>
          <Y t="3">0.00386</Y>
          <Y t="4">0.00511</Y>
          <Y t="5">0.0069</Y>
          <Y t="6">0.00874</Y>
          <Y t="7">0.0108</Y>
          <Y t="8">0.01345</Y>
          <Y t="9">0.01685</Y>
          <Y t="10">0.02068</Y>
          <Y t="11">0.0244</Y>
          <Y t="12">0.0282</Y>
          <Y t="13">0.03297</Y>
          <Y t="14">0.03932</Y>
          <Y t="15">0.04764</Y>
          <Y t="16">0.05625</Y>
          <Y t="17">0.06395</Y>
          <Y t="18">0.07279</Y>
          <Y t="19">0.08288</Y>
          <Y t="20">0.09402</Y>
          <Y t="21">0.10607</Y>
          <Y t="22">0.11905</Y>
          <Y t="23">0.13311</Y>
          <Y t="24">0.14781</Y>
          <Y t="25">0.16312</Y>
        </Axis>
      </Axis>
      <Axis t="71">
        <Axis>
          <Y t="1">0.00181</Y>
          <Y t="2">0.00269</Y>
          <Y t="3">0.00411</Y>
          <Y t="4">0.00577</Y>
          <Y t="5">0.00777</Y>
          <Y t="6">0.00973</Y>
          <Y t="7">0.01209</Y>
          <Y t="8">0.01524</Y>
          <Y t="9">0.01927</Y>
          <Y t="10">0.02371</Y>
          <Y t="11">0.02799</Y>
          <Y t="12">0.03204</Y>
          <Y t="13">0.03811</Y>
          <Y t="14">0.04592</Y>
          <Y t="15">0.05514</Y>
          <Y t="16">0.06395</Y>
          <Y t="17">0.07279</Y>
          <Y t="18">0.08288</Y>
          <Y t="19">0.09402</Y>
          <Y t="20">0.10607</Y>
          <Y t="21">0.11905</Y>
          <Y t="22">0.13311</Y>
          <Y t="23">0.14781</Y>
          <Y t="24">0.16312</Y>
          <Y t="25">0.18074</Y>
        </Axis>
      </Axis>
      <Axis t="72">
        <Axis>
          <Y t="1">0.002</Y>
          <Y t="2">0.0029</Y>
          <Y t="3">0.00443</Y>
          <Y t="4">0.00657</Y>
          <Y t="5">0.00866</Y>
          <Y t="6">0.01077</Y>
          <Y t="7">0.01348</Y>
          <Y t="8">0.01721</Y>
          <Y t="9">0.022</Y>
          <Y t="10">0.02714</Y>
          <Y t="11">0.03181</Y>
          <Y t="12">0.03674</Y>
          <Y t="13">0.04406</Y>
          <Y t="14">0.05327</Y>
          <Y t="15">0.06346</Y>
          <Y t="16">0.07279</Y>
          <Y t="17">0.08288</Y>
          <Y t="18">0.09402</Y>
          <Y t="19">0.10607</Y>
          <Y t="20">0.11905</Y>
          <Y t="21">0.13311</Y>
          <Y t="22">0.14781</Y>
          <Y t="23">0.16312</Y>
          <Y t="24">0.18074</Y>
          <Y t="25">0.20127</Y>
        </Axis>
      </Axis>
      <Axis t="73">
        <Axis>
          <Y t="1">0.00227</Y>
          <Y t="2">0.00317</Y>
          <Y t="3">0.00486</Y>
          <Y t="4">0.00744</Y>
          <Y t="5">0.0096</Y>
          <Y t="6">0.01187</Y>
          <Y t="7">0.01499</Y>
          <Y t="8">0.01944</Y>
          <Y t="9">0.02512</Y>
          <Y t="10">0.03091</Y>
          <Y t="11">0.036</Y>
          <Y t="12">0.04222</Y>
          <Y t="13">0.05084</Y>
          <Y t="14">0.06145</Y>
          <Y t="15">0.07279</Y>
          <Y t="16">0.08288</Y>
          <Y t="17">0.09402</Y>
          <Y t="18">0.10607</Y>
          <Y t="19">0.11905</Y>
          <Y t="20">0.13311</Y>
          <Y t="21">0.14781</Y>
          <Y t="22">0.16312</Y>
          <Y t="23">0.18074</Y>
          <Y t="24">0.20127</Y>
          <Y t="25">0.22374</Y>
        </Axis>
      </Axis>
      <Axis t="74">
        <Axis>
          <Y t="1">0.00261</Y>
          <Y t="2">0.00349</Y>
          <Y t="3">0.00541</Y>
          <Y t="4">0.00836</Y>
          <Y t="5">0.01057</Y>
          <Y t="6">0.01305</Y>
          <Y t="7">0.01672</Y>
          <Y t="8">0.02202</Y>
          <Y t="9">0.02862</Y>
          <Y t="10">0.03511</Y>
          <Y t="11">0.04064</Y>
          <Y t="12">0.04809</Y>
          <Y t="13">0.05803</Y>
          <Y t="14">0.07036</Y>
          <Y t="15">0.08288</Y>
          <Y t="16">0.09402</Y>
          <Y t="17">0.10607</Y>
          <Y t="18">0.11905</Y>
          <Y t="19">0.13311</Y>
          <Y t="20">0.14781</Y>
          <Y t="21">0.16312</Y>
          <Y t="22">0.18074</Y>
          <Y t="23">0.20127</Y>
          <Y t="24">0.22374</Y>
          <Y t="25">0.24802</Y>
        </Axis>
      </Axis>
      <Axis t="75">
        <Axis>
          <Y t="1">0.003</Y>
          <Y t="2">0.00387</Y>
          <Y t="3">0.0061</Y>
          <Y t="4">0.00935</Y>
          <Y t="5">0.01161</Y>
          <Y t="6">0.0144</Y>
          <Y t="7">0.01873</Y>
          <Y t="8">0.02495</Y>
          <Y t="9">0.03258</Y>
          <Y t="10">0.03982</Y>
          <Y t="11">0.04642</Y>
          <Y t="12">0.05548</Y>
          <Y t="13">0.06701</Y>
          <Y t="14">0.08067</Y>
          <Y t="15">0.09402</Y>
          <Y t="16">0.10607</Y>
          <Y t="17">0.11905</Y>
          <Y t="18">0.13311</Y>
          <Y t="19">0.14781</Y>
          <Y t="20">0.16312</Y>
          <Y t="21">0.18074</Y>
          <Y t="22">0.20127</Y>
          <Y t="23">0.22374</Y>
          <Y t="24">0.24802</Y>
          <Y t="25">0.27379</Y>
        </Axis>
      </Axis>
      <Axis t="76">
        <Axis>
          <Y t="1">0.00341</Y>
          <Y t="2">0.00434</Y>
          <Y t="3">0.00695</Y>
          <Y t="4">0.01041</Y>
          <Y t="5">0.01277</Y>
          <Y t="6">0.01596</Y>
          <Y t="7">0.02103</Y>
          <Y t="8">0.02834</Y>
          <Y t="9">0.03714</Y>
          <Y t="10">0.04511</Y>
          <Y t="11">0.054</Y>
          <Y t="12">0.06493</Y>
          <Y t="13">0.07817</Y>
          <Y t="14">0.09299</Y>
          <Y t="15">0.10607</Y>
          <Y t="16">0.11905</Y>
          <Y t="17">0.13311</Y>
          <Y t="18">0.14781</Y>
          <Y t="19">0.16312</Y>
          <Y t="20">0.18074</Y>
          <Y t="21">0.20127</Y>
          <Y t="22">0.22374</Y>
          <Y t="23">0.24802</Y>
          <Y t="24">0.27379</Y>
          <Y t="25">0.29921</Y>
        </Axis>
      </Axis>
      <Axis t="77">
        <Axis>
          <Y t="1">0.00386</Y>
          <Y t="2">0.0049</Y>
          <Y t="3">0.00797</Y>
          <Y t="4">0.01158</Y>
          <Y t="5">0.0141</Y>
          <Y t="6">0.01776</Y>
          <Y t="7">0.02374</Y>
          <Y t="8">0.03234</Y>
          <Y t="9">0.04239</Y>
          <Y t="10">0.0515</Y>
          <Y t="11">0.06269</Y>
          <Y t="12">0.07569</Y>
          <Y t="13">0.0912</Y>
          <Y t="14">0.10607</Y>
          <Y t="15">0.11905</Y>
          <Y t="16">0.13311</Y>
          <Y t="17">0.14781</Y>
          <Y t="18">0.16312</Y>
          <Y t="19">0.18074</Y>
          <Y t="20">0.20127</Y>
          <Y t="21">0.22374</Y>
          <Y t="22">0.24802</Y>
          <Y t="23">0.27379</Y>
          <Y t="24">0.29921</Y>
          <Y t="25">0.32314</Y>
        </Axis>
      </Axis>
      <Axis t="78">
        <Axis>
          <Y t="1">0.00433</Y>
          <Y t="2">0.0056</Y>
          <Y t="3">0.0092</Y>
          <Y t="4">0.01289</Y>
          <Y t="5">0.01558</Y>
          <Y t="6">0.01988</Y>
          <Y t="7">0.02699</Y>
          <Y t="8">0.03709</Y>
          <Y t="9">0.04847</Y>
          <Y t="10">0.05983</Y>
          <Y t="11">0.07323</Y>
          <Y t="12">0.0889</Y>
          <Y t="13">0.10527</Y>
          <Y t="14">0.11905</Y>
          <Y t="15">0.13311</Y>
          <Y t="16">0.14781</Y>
          <Y t="17">0.16312</Y>
          <Y t="18">0.18074</Y>
          <Y t="19">0.20127</Y>
          <Y t="20">0.22374</Y>
          <Y t="21">0.24802</Y>
          <Y t="22">0.27379</Y>
          <Y t="23">0.29921</Y>
          <Y t="24">0.32314</Y>
          <Y t="25">0.34698</Y>
        </Axis>
      </Axis>
      <Axis t="79">
        <Axis>
          <Y t="1">0.00465</Y>
          <Y t="2">0.00645</Y>
          <Y t="3">0.01066</Y>
          <Y t="4">0.0143</Y>
          <Y t="5">0.01729</Y>
          <Y t="6">0.02244</Y>
          <Y t="7">0.03096</Y>
          <Y t="8">0.04279</Y>
          <Y t="9">0.05616</Y>
          <Y t="10">0.07054</Y>
          <Y t="11">0.08667</Y>
          <Y t="12">0.1044</Y>
          <Y t="13">0.11905</Y>
          <Y t="14">0.13311</Y>
          <Y t="15">0.14781</Y>
          <Y t="16">0.16312</Y>
          <Y t="17">0.18074</Y>
          <Y t="18">0.20127</Y>
          <Y t="19">0.22374</Y>
          <Y t="20">0.24802</Y>
          <Y t="21">0.27379</Y>
          <Y t="22">0.29921</Y>
          <Y t="23">0.32314</Y>
          <Y t="24">0.34698</Y>
          <Y t="25">0.37036</Y>
        </Axis>
      </Axis>
      <Axis t="80">
        <Axis>
          <Y t="1">0.00493</Y>
          <Y t="2">0.00747</Y>
          <Y t="3">0.01231</Y>
          <Y t="4">0.01584</Y>
          <Y t="5">0.0193</Y>
          <Y t="6">0.02572</Y>
          <Y t="7">0.03585</Y>
          <Y t="8">0.04971</Y>
          <Y t="9">0.06537</Y>
          <Y t="10">0.08246</Y>
          <Y t="11">0.10167</Y>
          <Y t="12">0.11905</Y>
          <Y t="13">0.13311</Y>
          <Y t="14">0.14781</Y>
          <Y t="15">0.16312</Y>
          <Y t="16">0.18074</Y>
          <Y t="17">0.20127</Y>
          <Y t="18">0.22374</Y>
          <Y t="19">0.24802</Y>
          <Y t="20">0.27379</Y>
          <Y t="21">0.29921</Y>
          <Y t="22">0.32314</Y>
          <Y t="23">0.34698</Y>
          <Y t="24">0.37036</Y>
          <Y t="25">0.39292</Y>
        </Axis>
      </Axis>
      <Axis t="81">
        <Axis>
          <Y t="1">0.00539</Y>
          <Y t="2">0.00865</Y>
          <Y t="3">0.01415</Y>
          <Y t="4">0.01755</Y>
          <Y t="5">0.0223</Y>
          <Y t="6">0.03017</Y>
          <Y t="7">0.04198</Y>
          <Y t="8">0.05833</Y>
          <Y t="9">0.07688</Y>
          <Y t="10">0.09719</Y>
          <Y t="11">0.11753</Y>
          <Y t="12">0.13311</Y>
          <Y t="13">0.14781</Y>
          <Y t="14">0.16312</Y>
          <Y t="15">0.18074</Y>
          <Y t="16">0.20127</Y>
          <Y t="17">0.22374</Y>
          <Y t="18">0.24802</Y>
          <Y t="19">0.27379</Y>
          <Y t="20">0.29921</Y>
          <Y t="21">0.32314</Y>
          <Y t="22">0.34698</Y>
          <Y t="23">0.37036</Y>
          <Y t="24">0.39292</Y>
          <Y t="25">0.4143</Y>
        </Axis>
      </Axis>
      <Axis t="82">
        <Axis>
          <Y t="1">0.00607</Y>
          <Y t="2">0.01</Y>
          <Y t="3">0.0163</Y>
          <Y t="4">0.02036</Y>
          <Y t="5">0.02647</Y>
          <Y t="6">0.03582</Y>
          <Y t="7">0.05022</Y>
          <Y t="8">0.07042</Y>
          <Y t="9">0.09343</Y>
          <Y t="10">0.11587</Y>
          <Y t="11">0.13311</Y>
          <Y t="12">0.14781</Y>
          <Y t="13">0.16312</Y>
          <Y t="14">0.18074</Y>
          <Y t="15">0.20127</Y>
          <Y t="16">0.22374</Y>
          <Y t="17">0.24802</Y>
          <Y t="18">0.27379</Y>
          <Y t="19">0.29921</Y>
          <Y t="20">0.32314</Y>
          <Y t="21">0.34698</Y>
          <Y t="22">0.37036</Y>
          <Y t="23">0.39292</Y>
          <Y t="24">0.4143</Y>
          <Y t="25">0.43413</Y>
        </Axis>
      </Axis>
      <Axis t="83">
        <Axis>
          <Y t="1">0.0071</Y>
          <Y t="2">0.01158</Y>
          <Y t="3">0.01887</Y>
          <Y t="4">0.02457</Y>
          <Y t="5">0.03172</Y>
          <Y t="6">0.04308</Y>
          <Y t="7">0.06295</Y>
          <Y t="8">0.08842</Y>
          <Y t="9">0.1144</Y>
          <Y t="10">0.13311</Y>
          <Y t="11">0.14781</Y>
          <Y t="12">0.16312</Y>
          <Y t="13">0.18074</Y>
          <Y t="14">0.20127</Y>
          <Y t="15">0.22374</Y>
          <Y t="16">0.24802</Y>
          <Y t="17">0.27379</Y>
          <Y t="18">0.29921</Y>
          <Y t="19">0.32314</Y>
          <Y t="20">0.34698</Y>
          <Y t="21">0.37036</Y>
          <Y t="22">0.39292</Y>
          <Y t="23">0.4143</Y>
          <Y t="24">0.43413</Y>
          <Y t="25">0.45205</Y>
        </Axis>
      </Axis>
      <Axis t="84">
        <Axis>
          <Y t="1">0.00824</Y>
          <Y t="2">0.01353</Y>
          <Y t="3">0.02234</Y>
          <Y t="4">0.02967</Y>
          <Y t="5">0.03831</Y>
          <Y t="6">0.05352</Y>
          <Y t="7">0.08061</Y>
          <Y t="8">0.10881</Y>
          <Y t="9">0.13311</Y>
          <Y t="10">0.14781</Y>
          <Y t="11">0.16312</Y>
          <Y t="12">0.18074</Y>
          <Y t="13">0.20127</Y>
          <Y t="14">0.22374</Y>
          <Y t="15">0.24802</Y>
          <Y t="16">0.27379</Y>
          <Y t="17">0.29921</Y>
          <Y t="18">0.32314</Y>
          <Y t="19">0.34698</Y>
          <Y t="20">0.37036</Y>
          <Y t="21">0.39292</Y>
          <Y t="22">0.4143</Y>
          <Y t="23">0.43413</Y>
          <Y t="24">0.45205</Y>
          <Y t="25">0.46769</Y>
        </Axis>
      </Axis>
      <Axis t="85">
        <Axis>
          <Y t="1">0.00925</Y>
          <Y t="2">0.01613</Y>
          <Y t="3">0.02697</Y>
          <Y t="4">0.03584</Y>
          <Y t="5">0.0473</Y>
          <Y t="6">0.07097</Y>
          <Y t="7">0.10091</Y>
          <Y t="8">0.12925</Y>
          <Y t="9">0.14781</Y>
          <Y t="10">0.16312</Y>
          <Y t="11">0.18074</Y>
          <Y t="12">0.20127</Y>
          <Y t="13">0.22374</Y>
          <Y t="14">0.24802</Y>
          <Y t="15">0.27379</Y>
          <Y t="16">0.29921</Y>
          <Y t="17">0.32314</Y>
          <Y t="18">0.34698</Y>
          <Y t="19">0.37036</Y>
          <Y t="20">0.39292</Y>
          <Y t="21">0.4143</Y>
          <Y t="22">0.43413</Y>
          <Y t="23">0.45205</Y>
          <Y t="24">0.46769</Y>
          <Y t="25">0.48068</Y>
        </Axis>
      </Axis>
      <Axis t="86">
        <Axis>
          <Y t="1">0.01024</Y>
          <Y t="2">0.01948</Y>
          <Y t="3">0.03258</Y>
          <Y t="4">0.04328</Y>
          <Y t="5">0.06172</Y>
          <Y t="6">0.09493</Y>
          <Y t="7">0.12564</Y>
          <Y t="8">0.14781</Y>
          <Y t="9">0.16312</Y>
          <Y t="10">0.18074</Y>
          <Y t="11">0.20127</Y>
          <Y t="12">0.22374</Y>
          <Y t="13">0.24802</Y>
          <Y t="14">0.27379</Y>
          <Y t="15">0.29921</Y>
          <Y t="16">0.32314</Y>
          <Y t="17">0.34698</Y>
          <Y t="18">0.37036</Y>
          <Y t="19">0.39292</Y>
          <Y t="20">0.4143</Y>
          <Y t="21">0.43413</Y>
          <Y t="22">0.45205</Y>
          <Y t="23">0.46769</Y>
          <Y t="24">0.48068</Y>
          <Y t="25">0.49065</Y>
        </Axis>
      </Axis>
      <Axis t="87">
        <Axis>
          <Y t="1">0.01133</Y>
          <Y t="2">0.02353</Y>
          <Y t="3">0.03936</Y>
          <Y t="4">0.05467</Y>
          <Y t="5">0.08492</Y>
          <Y t="6">0.12369</Y>
          <Y t="7">0.14781</Y>
          <Y t="8">0.16312</Y>
          <Y t="9">0.18074</Y>
          <Y t="10">0.20127</Y>
          <Y t="11">0.22374</Y>
          <Y t="12">0.24802</Y>
          <Y t="13">0.27379</Y>
          <Y t="14">0.29921</Y>
          <Y t="15">0.32314</Y>
          <Y t="16">0.34698</Y>
          <Y t="17">0.37036</Y>
          <Y t="18">0.39292</Y>
          <Y t="19">0.4143</Y>
          <Y t="20">0.43413</Y>
          <Y t="21">0.45205</Y>
          <Y t="22">0.46769</Y>
          <Y t="23">0.48068</Y>
          <Y t="24">0.49065</Y>
          <Y t="25">0.49723</Y>
        </Axis>
      </Axis>
      <Axis t="88">
        <Axis>
          <Y t="1">0.01255</Y>
          <Y t="2">0.02817</Y>
          <Y t="3">0.0475</Y>
          <Y t="4">0.07226</Y>
          <Y t="5">0.11442</Y>
          <Y t="6">0.14781</Y>
          <Y t="7">0.16312</Y>
          <Y t="8">0.18074</Y>
          <Y t="9">0.20127</Y>
          <Y t="10">0.22374</Y>
          <Y t="11">0.24802</Y>
          <Y t="12">0.27379</Y>
          <Y t="13">0.29921</Y>
          <Y t="14">0.32314</Y>
          <Y t="15">0.34698</Y>
          <Y t="16">0.37036</Y>
          <Y t="17">0.39292</Y>
          <Y t="18">0.4143</Y>
          <Y t="19">0.43413</Y>
          <Y t="20">0.45205</Y>
          <Y t="21">0.46769</Y>
          <Y t="22">0.48068</Y>
          <Y t="23">0.49065</Y>
          <Y t="24">0.49723</Y>
          <Y t="25">0.5</Y>
        </Axis>
      </Axis>
      <Axis t="89">
        <Axis>
          <Y t="1">0.0139</Y>
          <Y t="2">0.03344</Y>
          <Y t="3">0.06009</Y>
          <Y t="4">0.09803</Y>
          <Y t="5">0.14234</Y>
          <Y t="6">0.16312</Y>
          <Y t="7">0.18074</Y>
          <Y t="8">0.20127</Y>
          <Y t="9">0.22374</Y>
          <Y t="10">0.24802</Y>
          <Y t="11">0.27379</Y>
          <Y t="12">0.29921</Y>
          <Y t="13">0.32314</Y>
          <Y t="14">0.34698</Y>
          <Y t="15">0.37036</Y>
          <Y t="16">0.39292</Y>
          <Y t="17">0.4143</Y>
          <Y t="18">0.43413</Y>
          <Y t="19">0.45205</Y>
          <Y t="20">0.46769</Y>
          <Y t="21">0.48068</Y>
          <Y t="22">0.49065</Y>
          <Y t="23">0.49723</Y>
          <Y t="24">0.5</Y>
          <Y t="25">0.5</Y>
        </Axis>
      </Axis>
      <Axis t="90">
        <Axis>
          <Y t="1">0.01664</Y>
          <Y t="2">0.04202</Y>
          <Y t="3">0.08648</Y>
          <Y t="4">0.13389</Y>
          <Y t="5">0.16312</Y>
          <Y t="6">0.18074</Y>
          <Y t="7">0.20127</Y>
          <Y t="8">0.22374</Y>
          <Y t="9">0.24802</Y>
          <Y t="10">0.27379</Y>
          <Y t="11">0.29921</Y>
          <Y t="12">0.32314</Y>
          <Y t="13">0.34698</Y>
          <Y t="14">0.37036</Y>
          <Y t="15">0.39292</Y>
          <Y t="16">0.4143</Y>
          <Y t="17">0.43413</Y>
          <Y t="18">0.45205</Y>
          <Y t="19">0.46769</Y>
          <Y t="20">0.48068</Y>
          <Y t="21">0.49065</Y>
          <Y t="22">0.49723</Y>
          <Y t="23">0.5</Y>
          <Y t="24">0.5</Y>
          <Y t="25">0.5</Y>
        </Axis>
      </Axis>
      <Axis t="91">
        <Axis>
          <Y t="1">0.02294</Y>
          <Y t="2">0.0605</Y>
          <Y t="3">0.12936</Y>
          <Y t="4">0.16312</Y>
          <Y t="5">0.18074</Y>
          <Y t="6">0.20127</Y>
          <Y t="7">0.22374</Y>
          <Y t="8">0.24802</Y>
          <Y t="9">0.27379</Y>
          <Y t="10">0.29921</Y>
          <Y t="11">0.32314</Y>
          <Y t="12">0.34698</Y>
          <Y t="13">0.37036</Y>
          <Y t="14">0.39292</Y>
          <Y t="15">0.4143</Y>
          <Y t="16">0.43413</Y>
          <Y t="17">0.45205</Y>
          <Y t="18">0.46769</Y>
          <Y t="19">0.48068</Y>
          <Y t="20">0.49065</Y>
          <Y t="21">0.49723</Y>
          <Y t="22">0.5</Y>
          <Y t="23">0.5</Y>
          <Y t="24">0.5</Y>
          <Y t="25">0.5</Y>
        </Axis>
      </Axis>
      <Axis t="92">
        <Axis>
          <Y t="1">0.03439</Y>
          <Y t="2">0.09093</Y>
          <Y t="3">0.16312</Y>
          <Y t="4">0.18074</Y>
          <Y t="5">0.20127</Y>
          <Y t="6">0.22374</Y>
          <Y t="7">0.24802</Y>
          <Y t="8">0.27379</Y>
          <Y t="9">0.29921</Y>
          <Y t="10">0.32314</Y>
          <Y t="11">0.34698</Y>
          <Y t="12">0.37036</Y>
          <Y t="13">0.39292</Y>
          <Y t="14">0.4143</Y>
          <Y t="15">0.43413</Y>
          <Y t="16">0.45205</Y>
          <Y t="17">0.46769</Y>
          <Y t="18">0.48068</Y>
          <Y t="19">0.49065</Y>
          <Y t="20">0.49723</Y>
          <Y t="21">0.5</Y>
          <Y t="22">0.5</Y>
          <Y t="23">0.5</Y>
          <Y t="24">0.5</Y>
          <Y t="25">0.5</Y>
        </Axis>
      </Axis>
      <Axis t="93">
        <Axis>
          <Y t="1">0.05225</Y>
          <Y t="2">0.12048</Y>
          <Y t="3">0.18074</Y>
          <Y t="4">0.20127</Y>
          <Y t="5">0.22374</Y>
          <Y t="6">0.24802</Y>
          <Y t="7">0.27379</Y>
          <Y t="8">0.29921</Y>
          <Y t="9">0.32314</Y>
          <Y t="10">0.34698</Y>
          <Y t="11">0.37036</Y>
          <Y t="12">0.39292</Y>
          <Y t="13">0.4143</Y>
          <Y t="14">0.43413</Y>
          <Y t="15">0.45205</Y>
          <Y t="16">0.46769</Y>
          <Y t="17">0.48068</Y>
          <Y t="18">0.49065</Y>
          <Y t="19">0.49723</Y>
          <Y t="20">0.5</Y>
          <Y t="21">0.5</Y>
          <Y t="22">0.5</Y>
          <Y t="23">0.5</Y>
          <Y t="24">0.5</Y>
          <Y t="25">0.5</Y>
        </Axis>
      </Axis>
      <Axis t="94">
        <Axis>
          <Y t="1">0.07802</Y>
          <Y t="2">0.16008</Y>
          <Y t="3">0.20127</Y>
          <Y t="4">0.22374</Y>
          <Y t="5">0.24802</Y>
          <Y t="6">0.27379</Y>
          <Y t="7">0.29921</Y>
          <Y t="8">0.32314</Y>
          <Y t="9">0.34698</Y>
          <Y t="10">0.37036</Y>
          <Y t="11">0.39292</Y>
          <Y t="12">0.4143</Y>
          <Y t="13">0.43413</Y>
          <Y t="14">0.45205</Y>
          <Y t="15">0.46769</Y>
          <Y t="16">0.48068</Y>
          <Y t="17">0.49065</Y>
          <Y t="18">0.49723</Y>
          <Y t="19">0.5</Y>
          <Y t="20">0.5</Y>
          <Y t="21">0.5</Y>
          <Y t="22">0.5</Y>
          <Y t="23">0.5</Y>
          <Y t="24">0.5</Y>
          <Y t="25">0.5</Y>
        </Axis>
      </Axis>
      <Axis t="95">
        <Axis>
          <Y t="1">0.11351</Y>
          <Y t="2">0.20127</Y>
          <Y t="3">0.22374</Y>
          <Y t="4">0.24802</Y>
          <Y t="5">0.27379</Y>
          <Y t="6">0.29921</Y>
          <Y t="7">0.32314</Y>
          <Y t="8">0.34698</Y>
          <Y t="9">0.37036</Y>
          <Y t="10">0.39292</Y>
          <Y t="11">0.4143</Y>
          <Y t="12">0.43413</Y>
          <Y t="13">0.45205</Y>
          <Y t="14">0.46769</Y>
          <Y t="15">0.48068</Y>
          <Y t="16">0.49065</Y>
          <Y t="17">0.49723</Y>
          <Y t="18">0.5</Y>
          <Y t="19">0.5</Y>
          <Y t="20">0.5</Y>
          <Y t="21">0.5</Y>
          <Y t="22">0.5</Y>
          <Y t="23">0.5</Y>
          <Y t="24">0.5</Y>
          <Y t="25">0.5</Y>
        </Axis>
      </Axis>
    </Values>
  </Table>
  <Table>
    <MetaData>
      <ScalingFactor>0</ScalingFactor>
      <DataType tc="2">Floating Point</DataType>
      <Nation tc="1">United States of America</Nation>
      <TableDescription>2017 Unloaded CSO Smoker Distinct Nonsmoker, Female, Select and Ultimate Table. Basis: Age Last Birthday. Minimum Ultimate Age: 18. Maximum Ultimate Age: 120.</TableDescription>
      <AxisDef id="Age">
        <ScaleType tc="3">Age</ScaleType>
        <AxisName>Age</AxisName>
        <MinScaleValue>18</MinScaleValue>
        <MaxScaleValue>120</MaxScaleValue>
        <Increment>1</Increment>
      </AxisDef>
    </MetaData>
    <Values>
      <Axis>
        <Y t="18">0.00027</Y>
        <Y t="19">0.00027</Y>
        <Y t="20">0.00026</Y>
        <Y t="21">0.00026</Y>
        <Y t="22">0.00026</Y>
        <Y t="23">0.00026</Y>
        <Y t="24">0.00026</Y>
        <Y t="25">0.00026</Y>
        <Y t="26">0.00026</Y>
        <Y t="27">0.00028</Y>
        <Y t="28">0.0003</Y>
        <Y t="29">0.00032</Y>
        <Y t="30">0.00033</Y>
        <Y t="31">0.00036</Y>
        <Y t="32">0.0004</Y>
        <Y t="33">0.00046</Y>
        <Y t="34">0.00053</Y>
        <Y t="35">0.00061</Y>
        <Y t="36">0.00069</Y>
        <Y t="37">0.00076</Y>
        <Y t="38">0.00082</Y>
        <Y t="39">0.00084</Y>
        <Y t="40">0.00086</Y>
        <Y t="41">0.00086</Y>
        <Y t="42">0.00086</Y>
        <Y t="43">0.00087</Y>
        <Y t="44">0.00087</Y>
        <Y t="45">0.00089</Y>
        <Y t="46">0.00093</Y>
        <Y t="47">0.00097</Y>
        <Y t="48">0.00103</Y>
        <Y t="49">0.00111</Y>
        <Y t="50">0.00121</Y>
        <Y t="51">0.00133</Y>
        <Y t="52">0.00149</Y>
        <Y t="53">0.00167</Y>
        <Y t="54">0.00187</Y>
        <Y t="55">0.00207</Y>
        <Y t="56">0.00226</Y>
        <Y t="57">0.00245</Y>
        <Y t="58">0.00265</Y>
        <Y t="59">0.00287</Y>
        <Y t="60">0.00312</Y>
        <Y t="61">0.00341</Y>
        <Y t="62">0.00375</Y>
        <Y t="63">0.00412</Y>
        <Y t="64">0.00454</Y>
        <Y t="65">0.00499</Y>
        <Y t="66">0.00547</Y>
        <Y t="67">0.006</Y>
        <Y t="68">0.00658</Y>
        <Y t="69">0.00725</Y>
        <Y t="70">0.00804</Y>
        <Y t="71">0.00897</Y>
        <Y t="72">0.01007</Y>
        <Y t="73">0.01135</Y>
        <Y t="74">0.01283</Y>
        <Y t="75">0.01453</Y>
        <Y t="76">0.01649</Y>
        <Y t="77">0.01877</Y>
        <Y t="78">0.02147</Y>
        <Y t="79">0.02471</Y>
        <Y t="80">0.02854</Y>
        <Y t="81">0.03263</Y>
        <Y t="82">0.03689</Y>
        <Y t="83">0.04177</Y>
        <Y t="84">0.04851</Y>
        <Y t="85">0.05625</Y>
        <Y t="86">0.06395</Y>
        <Y t="87">0.07279</Y>
        <Y t="88">0.08288</Y>
        <Y t="89">0.09402</Y>
        <Y t="90">0.10607</Y>
        <Y t="91">0.11905</Y>
        <Y t="92">0.13311</Y>
        <Y t="93">0.14781</Y>
        <Y t="94">0.16312</Y>
        <Y t="95">0.18074</Y>
        <Y t="96">0.20127</Y>
        <Y t="97">0.22374</Y>
        <Y t="98">0.24802</Y>
        <Y t="99">0.27379</Y>
        <Y t="100">0.29921</Y>
        <Y t="101">0.32314</Y>
        <Y t="102">0.34698</Y>
        <Y t="103">0.37036</Y>
        <Y t="104">0.39292</Y>
        <Y t="105">0.4143</Y>
        <Y t="106">0.43413</Y>
        <Y t="107">0.45205</Y>
        <Y t="108">0.46769</Y>
        <Y t="109">0.48068</Y>
        <Y t="110">0.49065</Y>
        <Y t="111">0.49723</Y>
        <Y t="112">0.5</Y>
        <Y t="113">0.5</Y>
        <Y t="114">0.5</Y>
        <Y t="115">0.5</Y>
        <Y t="116">0.5</Y>
        <Y t="117">0.5</Y>
        <Y t="118">0.5</Y>
        <Y t="119">0.5</Y>
        <Y t="120">0.5</Y>
      </Axis>
    </Values>
  </Table>
</XTbML>