﻿<?xml version="1.0" encoding="utf-8"?>
<XTbML>
  <ContentClassification>
    <TableIdentity>3371</TableIdentity>
    <ProviderDomain>soa.org</ProviderDomain>
    <ProviderName>American Academy of Actuaries along with the Society of Actuaries</ProviderName>
    <TableReference>Joint American Academy of Actuaries' Life Experience Committee and Society of Actuaries Preferred Mortality Oversight Group CSO Development Subgroup, "Report on the 2017 CSO  and on the 2017 CSO Preferred Structure Table Development", American Academy of Actuaries, (2015). Accessed: April, 2016 from https://www.soa.org/Research/Experience-Study/Ind-Life/Valuation/2017-cso-tables.aspx</TableReference>
    <ContentType tc="85">CSO / CET</ContentType>
    <TableName>2017 Unloaded CSO Smoker Distinct Smoker Male ALB </TableName>
    <TableDescription>2017 Unloaded CSO Smoker Distinct Smoker, Male, Age Last Birthday. Minimum Age: 18. Maximum Age: 95.</TableDescription>
    <Comments>The 2017 Commissioners Standard Ordinary Tables (CSO) are a series of mortality tables developed for regulatory uses including CRVM, net premium reserves and non-forfeiture determination. The tables were based on life insurance mortality experience from 2002 to 2009, projected with improvement to 2017.  The tables include a margin to cover the variation of individual company’s mortality around the industry mean. Table uploaded: 02/2016. Select rates at ages 0-17 for certain durations and ultimate rates at ages 18-27, 29, 30, 32 and 37 were modified 09/2016. Data verified: 07/2018.</Comments>
    <KeyWord>Select</KeyWord>
    <KeyWord>CSO/CET</KeyWord>
    <KeyWord>United States of America</KeyWord>
  </ContentClassification>
  <Table>
    <MetaData>
      <ScalingFactor>0</ScalingFactor>
      <DataType tc="2">Floating Point</DataType>
      <Nation tc="1">United States of America</Nation>
      <TableDescription>2017 Unloaded CSO Smoker Distinct Smoker, Male, Select and Ultimate Table. Basis: Age Last Birthday. Minimum Select Age: 18. Maximum Select Age: 95.</TableDescription>
      <AxisDef id="Age">
        <ScaleType tc="3">Age</ScaleType>
        <AxisName>Age</AxisName>
        <MinScaleValue>18</MinScaleValue>
        <MaxScaleValue>95</MaxScaleValue>
        <Increment>1</Increment>
      </AxisDef>
      <AxisDef id="Duration">
        <ScaleType tc="2">Ordinal Date</ScaleType>
        <AxisName>Duration</AxisName>
        <MinScaleValue>1</MinScaleValue>
        <MaxScaleValue>25</MaxScaleValue>
        <Increment>1</Increment>
      </AxisDef>
    </MetaData>
    <Values>
      <Axis t="18">
        <Axis>
          <Y t="1">0.00065</Y>
          <Y t="2">0.00068</Y>
          <Y t="3">0.00071</Y>
          <Y t="4">0.00073</Y>
          <Y t="5">0.00076</Y>
          <Y t="6">0.00079</Y>
          <Y t="7">0.00081</Y>
          <Y t="8">0.00083</Y>
          <Y t="9">0.00082</Y>
          <Y t="10">0.00081</Y>
          <Y t="11">0.0008</Y>
          <Y t="12">0.0008</Y>
          <Y t="13">0.00082</Y>
          <Y t="14">0.00086</Y>
          <Y t="15">0.00092</Y>
          <Y t="16">0.00099</Y>
          <Y t="17">0.00107</Y>
          <Y t="18">0.00116</Y>
          <Y t="19">0.00127</Y>
          <Y t="20">0.00139</Y>
          <Y t="21">0.00155</Y>
          <Y t="22">0.00175</Y>
          <Y t="23">0.00197</Y>
          <Y t="24">0.00219</Y>
          <Y t="25">0.0024</Y>
        </Axis>
      </Axis>
      <Axis t="19">
        <Axis>
          <Y t="1">0.00062</Y>
          <Y t="2">0.00065</Y>
          <Y t="3">0.00067</Y>
          <Y t="4">0.00069</Y>
          <Y t="5">0.00072</Y>
          <Y t="6">0.00074</Y>
          <Y t="7">0.00076</Y>
          <Y t="8">0.00077</Y>
          <Y t="9">0.00076</Y>
          <Y t="10">0.00076</Y>
          <Y t="11">0.00076</Y>
          <Y t="12">0.00078</Y>
          <Y t="13">0.00083</Y>
          <Y t="14">0.00089</Y>
          <Y t="15">0.00096</Y>
          <Y t="16">0.00104</Y>
          <Y t="17">0.00112</Y>
          <Y t="18">0.00122</Y>
          <Y t="19">0.00136</Y>
          <Y t="20">0.00153</Y>
          <Y t="21">0.00173</Y>
          <Y t="22">0.00195</Y>
          <Y t="23">0.00218</Y>
          <Y t="24">0.00238</Y>
          <Y t="25">0.00257</Y>
        </Axis>
      </Axis>
      <Axis t="20">
        <Axis>
          <Y t="1">0.00059</Y>
          <Y t="2">0.00061</Y>
          <Y t="3">0.00063</Y>
          <Y t="4">0.00065</Y>
          <Y t="5">0.00067</Y>
          <Y t="6">0.0007</Y>
          <Y t="7">0.00071</Y>
          <Y t="8">0.00071</Y>
          <Y t="9">0.00071</Y>
          <Y t="10">0.00072</Y>
          <Y t="11">0.00074</Y>
          <Y t="12">0.00079</Y>
          <Y t="13">0.00085</Y>
          <Y t="14">0.00092</Y>
          <Y t="15">0.001</Y>
          <Y t="16">0.00109</Y>
          <Y t="17">0.00118</Y>
          <Y t="18">0.00134</Y>
          <Y t="19">0.00152</Y>
          <Y t="20">0.00172</Y>
          <Y t="21">0.00194</Y>
          <Y t="22">0.00216</Y>
          <Y t="23">0.00237</Y>
          <Y t="24">0.00255</Y>
          <Y t="25">0.0027</Y>
        </Axis>
      </Axis>
      <Axis t="21">
        <Axis>
          <Y t="1">0.00055</Y>
          <Y t="2">0.00057</Y>
          <Y t="3">0.00058</Y>
          <Y t="4">0.0006</Y>
          <Y t="5">0.00063</Y>
          <Y t="6">0.00065</Y>
          <Y t="7">0.00066</Y>
          <Y t="8">0.00067</Y>
          <Y t="9">0.00068</Y>
          <Y t="10">0.00071</Y>
          <Y t="11">0.00075</Y>
          <Y t="12">0.00082</Y>
          <Y t="13">0.00089</Y>
          <Y t="14">0.00097</Y>
          <Y t="15">0.00105</Y>
          <Y t="16">0.00115</Y>
          <Y t="17">0.00131</Y>
          <Y t="18">0.0015</Y>
          <Y t="19">0.0017</Y>
          <Y t="20">0.00192</Y>
          <Y t="21">0.00215</Y>
          <Y t="22">0.00236</Y>
          <Y t="23">0.00254</Y>
          <Y t="24">0.00269</Y>
          <Y t="25">0.00286</Y>
        </Axis>
      </Axis>
      <Axis t="22">
        <Axis>
          <Y t="1">0.00051</Y>
          <Y t="2">0.00052</Y>
          <Y t="3">0.00053</Y>
          <Y t="4">0.00056</Y>
          <Y t="5">0.00059</Y>
          <Y t="6">0.00061</Y>
          <Y t="7">0.00063</Y>
          <Y t="8">0.00064</Y>
          <Y t="9">0.00067</Y>
          <Y t="10">0.00072</Y>
          <Y t="11">0.00078</Y>
          <Y t="12">0.00085</Y>
          <Y t="13">0.00093</Y>
          <Y t="14">0.00102</Y>
          <Y t="15">0.00111</Y>
          <Y t="16">0.00128</Y>
          <Y t="17">0.00149</Y>
          <Y t="18">0.00168</Y>
          <Y t="19">0.0019</Y>
          <Y t="20">0.00213</Y>
          <Y t="21">0.00234</Y>
          <Y t="22">0.00252</Y>
          <Y t="23">0.00267</Y>
          <Y t="24">0.00284</Y>
          <Y t="25">0.00305</Y>
        </Axis>
      </Axis>
      <Axis t="23">
        <Axis>
          <Y t="1">0.00047</Y>
          <Y t="2">0.00048</Y>
          <Y t="3">0.0005</Y>
          <Y t="4">0.00054</Y>
          <Y t="5">0.00056</Y>
          <Y t="6">0.00058</Y>
          <Y t="7">0.0006</Y>
          <Y t="8">0.00063</Y>
          <Y t="9">0.00068</Y>
          <Y t="10">0.00075</Y>
          <Y t="11">0.00082</Y>
          <Y t="12">0.00089</Y>
          <Y t="13">0.00098</Y>
          <Y t="14">0.00108</Y>
          <Y t="15">0.00125</Y>
          <Y t="16">0.00147</Y>
          <Y t="17">0.00165</Y>
          <Y t="18">0.00187</Y>
          <Y t="19">0.0021</Y>
          <Y t="20">0.00232</Y>
          <Y t="21">0.00251</Y>
          <Y t="22">0.00266</Y>
          <Y t="23">0.00283</Y>
          <Y t="24">0.00303</Y>
          <Y t="25">0.00326</Y>
        </Axis>
      </Axis>
      <Axis t="24">
        <Axis>
          <Y t="1">0.00043</Y>
          <Y t="2">0.00046</Y>
          <Y t="3">0.00048</Y>
          <Y t="4">0.00051</Y>
          <Y t="5">0.00054</Y>
          <Y t="6">0.00056</Y>
          <Y t="7">0.0006</Y>
          <Y t="8">0.00065</Y>
          <Y t="9">0.00071</Y>
          <Y t="10">0.00078</Y>
          <Y t="11">0.00086</Y>
          <Y t="12">0.00094</Y>
          <Y t="13">0.00104</Y>
          <Y t="14">0.0012</Y>
          <Y t="15">0.00143</Y>
          <Y t="16">0.00163</Y>
          <Y t="17">0.00184</Y>
          <Y t="18">0.00207</Y>
          <Y t="19">0.00229</Y>
          <Y t="20">0.00249</Y>
          <Y t="21">0.00265</Y>
          <Y t="22">0.00282</Y>
          <Y t="23">0.00302</Y>
          <Y t="24">0.00324</Y>
          <Y t="25">0.00348</Y>
        </Axis>
      </Axis>
      <Axis t="25">
        <Axis>
          <Y t="1">0.0004</Y>
          <Y t="2">0.00044</Y>
          <Y t="3">0.00046</Y>
          <Y t="4">0.00049</Y>
          <Y t="5">0.00052</Y>
          <Y t="6">0.00056</Y>
          <Y t="7">0.00061</Y>
          <Y t="8">0.00068</Y>
          <Y t="9">0.00075</Y>
          <Y t="10">0.00083</Y>
          <Y t="11">0.00091</Y>
          <Y t="12">0.001</Y>
          <Y t="13">0.00114</Y>
          <Y t="14">0.00137</Y>
          <Y t="15">0.00158</Y>
          <Y t="16">0.0018</Y>
          <Y t="17">0.00204</Y>
          <Y t="18">0.00226</Y>
          <Y t="19">0.00247</Y>
          <Y t="20">0.00264</Y>
          <Y t="21">0.00282</Y>
          <Y t="22">0.00302</Y>
          <Y t="23">0.00324</Y>
          <Y t="24">0.00348</Y>
          <Y t="25">0.00374</Y>
        </Axis>
      </Axis>
      <Axis t="26">
        <Axis>
          <Y t="1">0.00037</Y>
          <Y t="2">0.00042</Y>
          <Y t="3">0.00045</Y>
          <Y t="4">0.00048</Y>
          <Y t="5">0.00052</Y>
          <Y t="6">0.00058</Y>
          <Y t="7">0.00064</Y>
          <Y t="8">0.00072</Y>
          <Y t="9">0.00079</Y>
          <Y t="10">0.00088</Y>
          <Y t="11">0.00097</Y>
          <Y t="12">0.00108</Y>
          <Y t="13">0.0013</Y>
          <Y t="14">0.00153</Y>
          <Y t="15">0.00175</Y>
          <Y t="16">0.00199</Y>
          <Y t="17">0.00223</Y>
          <Y t="18">0.00244</Y>
          <Y t="19">0.00262</Y>
          <Y t="20">0.00281</Y>
          <Y t="21">0.00302</Y>
          <Y t="22">0.00323</Y>
          <Y t="23">0.00347</Y>
          <Y t="24">0.00373</Y>
          <Y t="25">0.00403</Y>
        </Axis>
      </Axis>
      <Axis t="27">
        <Axis>
          <Y t="1">0.00034</Y>
          <Y t="2">0.0004</Y>
          <Y t="3">0.00044</Y>
          <Y t="4">0.00048</Y>
          <Y t="5">0.00054</Y>
          <Y t="6">0.00061</Y>
          <Y t="7">0.00068</Y>
          <Y t="8">0.00076</Y>
          <Y t="9">0.00085</Y>
          <Y t="10">0.00094</Y>
          <Y t="11">0.00105</Y>
          <Y t="12">0.00119</Y>
          <Y t="13">0.00144</Y>
          <Y t="14">0.00169</Y>
          <Y t="15">0.00193</Y>
          <Y t="16">0.00217</Y>
          <Y t="17">0.00239</Y>
          <Y t="18">0.00259</Y>
          <Y t="19">0.00279</Y>
          <Y t="20">0.00301</Y>
          <Y t="21">0.00323</Y>
          <Y t="22">0.00347</Y>
          <Y t="23">0.00373</Y>
          <Y t="24">0.00403</Y>
          <Y t="25">0.00437</Y>
        </Axis>
      </Axis>
      <Axis t="28">
        <Axis>
          <Y t="1">0.00031</Y>
          <Y t="2">0.00039</Y>
          <Y t="3">0.00045</Y>
          <Y t="4">0.00051</Y>
          <Y t="5">0.00058</Y>
          <Y t="6">0.00066</Y>
          <Y t="7">0.00073</Y>
          <Y t="8">0.00081</Y>
          <Y t="9">0.00091</Y>
          <Y t="10">0.00102</Y>
          <Y t="11">0.00116</Y>
          <Y t="12">0.00132</Y>
          <Y t="13">0.00159</Y>
          <Y t="14">0.00185</Y>
          <Y t="15">0.00209</Y>
          <Y t="16">0.00232</Y>
          <Y t="17">0.00253</Y>
          <Y t="18">0.00275</Y>
          <Y t="19">0.003</Y>
          <Y t="20">0.00322</Y>
          <Y t="21">0.00346</Y>
          <Y t="22">0.00372</Y>
          <Y t="23">0.00402</Y>
          <Y t="24">0.00436</Y>
          <Y t="25">0.00474</Y>
        </Axis>
      </Axis>
      <Axis t="29">
        <Axis>
          <Y t="1">0.00031</Y>
          <Y t="2">0.00041</Y>
          <Y t="3">0.00049</Y>
          <Y t="4">0.00057</Y>
          <Y t="5">0.00065</Y>
          <Y t="6">0.00072</Y>
          <Y t="7">0.0008</Y>
          <Y t="8">0.00088</Y>
          <Y t="9">0.00098</Y>
          <Y t="10">0.00112</Y>
          <Y t="11">0.00128</Y>
          <Y t="12">0.00146</Y>
          <Y t="13">0.00174</Y>
          <Y t="14">0.00199</Y>
          <Y t="15">0.00221</Y>
          <Y t="16">0.00243</Y>
          <Y t="17">0.00268</Y>
          <Y t="18">0.00294</Y>
          <Y t="19">0.00321</Y>
          <Y t="20">0.00345</Y>
          <Y t="21">0.00372</Y>
          <Y t="22">0.00402</Y>
          <Y t="23">0.00436</Y>
          <Y t="24">0.00474</Y>
          <Y t="25">0.00516</Y>
        </Axis>
      </Axis>
      <Axis t="30">
        <Axis>
          <Y t="1">0.00031</Y>
          <Y t="2">0.00043</Y>
          <Y t="3">0.00055</Y>
          <Y t="4">0.00063</Y>
          <Y t="5">0.00072</Y>
          <Y t="6">0.00079</Y>
          <Y t="7">0.00086</Y>
          <Y t="8">0.00095</Y>
          <Y t="9">0.00108</Y>
          <Y t="10">0.00125</Y>
          <Y t="11">0.00142</Y>
          <Y t="12">0.0016</Y>
          <Y t="13">0.00187</Y>
          <Y t="14">0.00211</Y>
          <Y t="15">0.00231</Y>
          <Y t="16">0.00256</Y>
          <Y t="17">0.00287</Y>
          <Y t="18">0.00315</Y>
          <Y t="19">0.00345</Y>
          <Y t="20">0.00372</Y>
          <Y t="21">0.00401</Y>
          <Y t="22">0.00435</Y>
          <Y t="23">0.00473</Y>
          <Y t="24">0.00516</Y>
          <Y t="25">0.00563</Y>
        </Axis>
      </Axis>
      <Axis t="31">
        <Axis>
          <Y t="1">0.00031</Y>
          <Y t="2">0.00046</Y>
          <Y t="3">0.0006</Y>
          <Y t="4">0.0007</Y>
          <Y t="5">0.00079</Y>
          <Y t="6">0.00085</Y>
          <Y t="7">0.00093</Y>
          <Y t="8">0.00104</Y>
          <Y t="9">0.0012</Y>
          <Y t="10">0.00139</Y>
          <Y t="11">0.00156</Y>
          <Y t="12">0.00173</Y>
          <Y t="13">0.00199</Y>
          <Y t="14">0.00221</Y>
          <Y t="15">0.00244</Y>
          <Y t="16">0.00274</Y>
          <Y t="17">0.00308</Y>
          <Y t="18">0.00339</Y>
          <Y t="19">0.00371</Y>
          <Y t="20">0.00401</Y>
          <Y t="21">0.00435</Y>
          <Y t="22">0.00473</Y>
          <Y t="23">0.00515</Y>
          <Y t="24">0.00563</Y>
          <Y t="25">0.00616</Y>
        </Axis>
      </Axis>
      <Axis t="32">
        <Axis>
          <Y t="1">0.00032</Y>
          <Y t="2">0.00048</Y>
          <Y t="3">0.00064</Y>
          <Y t="4">0.00075</Y>
          <Y t="5">0.00085</Y>
          <Y t="6">0.00092</Y>
          <Y t="7">0.00101</Y>
          <Y t="8">0.00115</Y>
          <Y t="9">0.00133</Y>
          <Y t="10">0.00153</Y>
          <Y t="11">0.0017</Y>
          <Y t="12">0.00186</Y>
          <Y t="13">0.00209</Y>
          <Y t="14">0.00233</Y>
          <Y t="15">0.00261</Y>
          <Y t="16">0.00295</Y>
          <Y t="17">0.00331</Y>
          <Y t="18">0.00365</Y>
          <Y t="19">0.00401</Y>
          <Y t="20">0.00434</Y>
          <Y t="21">0.00472</Y>
          <Y t="22">0.00515</Y>
          <Y t="23">0.00562</Y>
          <Y t="24">0.00616</Y>
          <Y t="25">0.00677</Y>
        </Axis>
      </Axis>
      <Axis t="33">
        <Axis>
          <Y t="1">0.00033</Y>
          <Y t="2">0.00051</Y>
          <Y t="3">0.00068</Y>
          <Y t="4">0.00079</Y>
          <Y t="5">0.00089</Y>
          <Y t="6">0.001</Y>
          <Y t="7">0.00111</Y>
          <Y t="8">0.00128</Y>
          <Y t="9">0.00147</Y>
          <Y t="10">0.00166</Y>
          <Y t="11">0.00179</Y>
          <Y t="12">0.00196</Y>
          <Y t="13">0.00222</Y>
          <Y t="14">0.00251</Y>
          <Y t="15">0.00281</Y>
          <Y t="16">0.00318</Y>
          <Y t="17">0.00357</Y>
          <Y t="18">0.00394</Y>
          <Y t="19">0.00434</Y>
          <Y t="20">0.00472</Y>
          <Y t="21">0.00514</Y>
          <Y t="22">0.00561</Y>
          <Y t="23">0.00615</Y>
          <Y t="24">0.00676</Y>
          <Y t="25">0.00747</Y>
        </Axis>
      </Axis>
      <Axis t="34">
        <Axis>
          <Y t="1">0.00033</Y>
          <Y t="2">0.00053</Y>
          <Y t="3">0.00072</Y>
          <Y t="4">0.00083</Y>
          <Y t="5">0.00094</Y>
          <Y t="6">0.00107</Y>
          <Y t="7">0.00122</Y>
          <Y t="8">0.0014</Y>
          <Y t="9">0.00159</Y>
          <Y t="10">0.00175</Y>
          <Y t="11">0.00187</Y>
          <Y t="12">0.0021</Y>
          <Y t="13">0.00239</Y>
          <Y t="14">0.00271</Y>
          <Y t="15">0.00304</Y>
          <Y t="16">0.00343</Y>
          <Y t="17">0.00387</Y>
          <Y t="18">0.00428</Y>
          <Y t="19">0.00471</Y>
          <Y t="20">0.00514</Y>
          <Y t="21">0.00561</Y>
          <Y t="22">0.00614</Y>
          <Y t="23">0.00675</Y>
          <Y t="24">0.00746</Y>
          <Y t="25">0.00826</Y>
        </Axis>
      </Axis>
      <Axis t="35">
        <Axis>
          <Y t="1">0.00034</Y>
          <Y t="2">0.00055</Y>
          <Y t="3">0.00077</Y>
          <Y t="4">0.00087</Y>
          <Y t="5">0.00101</Y>
          <Y t="6">0.00116</Y>
          <Y t="7">0.00134</Y>
          <Y t="8">0.00152</Y>
          <Y t="9">0.00168</Y>
          <Y t="10">0.00181</Y>
          <Y t="11">0.00201</Y>
          <Y t="12">0.00227</Y>
          <Y t="13">0.00259</Y>
          <Y t="14">0.00293</Y>
          <Y t="15">0.0033</Y>
          <Y t="16">0.00373</Y>
          <Y t="17">0.0042</Y>
          <Y t="18">0.00465</Y>
          <Y t="19">0.00513</Y>
          <Y t="20">0.0056</Y>
          <Y t="21">0.00614</Y>
          <Y t="22">0.00674</Y>
          <Y t="23">0.00746</Y>
          <Y t="24">0.00826</Y>
          <Y t="25">0.00917</Y>
        </Axis>
      </Axis>
      <Axis t="36">
        <Axis>
          <Y t="1">0.00036</Y>
          <Y t="2">0.00058</Y>
          <Y t="3">0.00082</Y>
          <Y t="4">0.00094</Y>
          <Y t="5">0.00109</Y>
          <Y t="6">0.00127</Y>
          <Y t="7">0.00145</Y>
          <Y t="8">0.00162</Y>
          <Y t="9">0.00172</Y>
          <Y t="10">0.00192</Y>
          <Y t="11">0.00219</Y>
          <Y t="12">0.00247</Y>
          <Y t="13">0.00282</Y>
          <Y t="14">0.00319</Y>
          <Y t="15">0.00359</Y>
          <Y t="16">0.00406</Y>
          <Y t="17">0.00457</Y>
          <Y t="18">0.00506</Y>
          <Y t="19">0.0056</Y>
          <Y t="20">0.00613</Y>
          <Y t="21">0.00673</Y>
          <Y t="22">0.00745</Y>
          <Y t="23">0.00825</Y>
          <Y t="24">0.00916</Y>
          <Y t="25">0.01021</Y>
        </Axis>
      </Axis>
      <Axis t="37">
        <Axis>
          <Y t="1">0.00038</Y>
          <Y t="2">0.00062</Y>
          <Y t="3">0.00089</Y>
          <Y t="4">0.00103</Y>
          <Y t="5">0.0012</Y>
          <Y t="6">0.00138</Y>
          <Y t="7">0.00154</Y>
          <Y t="8">0.00165</Y>
          <Y t="9">0.00183</Y>
          <Y t="10">0.00211</Y>
          <Y t="11">0.00239</Y>
          <Y t="12">0.0027</Y>
          <Y t="13">0.00308</Y>
          <Y t="14">0.00348</Y>
          <Y t="15">0.00392</Y>
          <Y t="16">0.00444</Y>
          <Y t="17">0.00499</Y>
          <Y t="18">0.00553</Y>
          <Y t="19">0.00612</Y>
          <Y t="20">0.00672</Y>
          <Y t="21">0.00744</Y>
          <Y t="22">0.00825</Y>
          <Y t="23">0.00916</Y>
          <Y t="24">0.0102</Y>
          <Y t="25">0.01139</Y>
        </Axis>
      </Axis>
      <Axis t="38">
        <Axis>
          <Y t="1">0.00041</Y>
          <Y t="2">0.00068</Y>
          <Y t="3">0.00098</Y>
          <Y t="4">0.00113</Y>
          <Y t="5">0.0013</Y>
          <Y t="6">0.00147</Y>
          <Y t="7">0.00159</Y>
          <Y t="8">0.00176</Y>
          <Y t="9">0.00202</Y>
          <Y t="10">0.00233</Y>
          <Y t="11">0.00263</Y>
          <Y t="12">0.00296</Y>
          <Y t="13">0.00338</Y>
          <Y t="14">0.00383</Y>
          <Y t="15">0.00431</Y>
          <Y t="16">0.00487</Y>
          <Y t="17">0.00546</Y>
          <Y t="18">0.00605</Y>
          <Y t="19">0.00671</Y>
          <Y t="20">0.00744</Y>
          <Y t="21">0.00825</Y>
          <Y t="22">0.00915</Y>
          <Y t="23">0.0102</Y>
          <Y t="24">0.01139</Y>
          <Y t="25">0.01273</Y>
        </Axis>
      </Axis>
      <Axis t="39">
        <Axis>
          <Y t="1">0.00045</Y>
          <Y t="2">0.00075</Y>
          <Y t="3">0.00106</Y>
          <Y t="4">0.00123</Y>
          <Y t="5">0.00139</Y>
          <Y t="6">0.00153</Y>
          <Y t="7">0.0017</Y>
          <Y t="8">0.00196</Y>
          <Y t="9">0.00224</Y>
          <Y t="10">0.00257</Y>
          <Y t="11">0.0029</Y>
          <Y t="12">0.00327</Y>
          <Y t="13">0.00373</Y>
          <Y t="14">0.00423</Y>
          <Y t="15">0.00476</Y>
          <Y t="16">0.00535</Y>
          <Y t="17">0.00599</Y>
          <Y t="18">0.00663</Y>
          <Y t="19">0.00743</Y>
          <Y t="20">0.00824</Y>
          <Y t="21">0.00915</Y>
          <Y t="22">0.0102</Y>
          <Y t="23">0.01139</Y>
          <Y t="24">0.01273</Y>
          <Y t="25">0.01419</Y>
        </Axis>
      </Axis>
      <Axis t="40">
        <Axis>
          <Y t="1">0.0005</Y>
          <Y t="2">0.00083</Y>
          <Y t="3">0.00115</Y>
          <Y t="4">0.00132</Y>
          <Y t="5">0.00147</Y>
          <Y t="6">0.00164</Y>
          <Y t="7">0.0019</Y>
          <Y t="8">0.00218</Y>
          <Y t="9">0.00249</Y>
          <Y t="10">0.00285</Y>
          <Y t="11">0.00321</Y>
          <Y t="12">0.00362</Y>
          <Y t="13">0.00414</Y>
          <Y t="14">0.00469</Y>
          <Y t="15">0.00526</Y>
          <Y t="16">0.0059</Y>
          <Y t="17">0.00658</Y>
          <Y t="18">0.00739</Y>
          <Y t="19">0.00824</Y>
          <Y t="20">0.00915</Y>
          <Y t="21">0.0102</Y>
          <Y t="22">0.01139</Y>
          <Y t="23">0.01273</Y>
          <Y t="24">0.01419</Y>
          <Y t="25">0.0158</Y>
        </Axis>
      </Axis>
      <Axis t="41">
        <Axis>
          <Y t="1">0.00055</Y>
          <Y t="2">0.00091</Y>
          <Y t="3">0.00123</Y>
          <Y t="4">0.0014</Y>
          <Y t="5">0.00158</Y>
          <Y t="6">0.00184</Y>
          <Y t="7">0.00213</Y>
          <Y t="8">0.00244</Y>
          <Y t="9">0.00277</Y>
          <Y t="10">0.00315</Y>
          <Y t="11">0.00356</Y>
          <Y t="12">0.00403</Y>
          <Y t="13">0.0046</Y>
          <Y t="14">0.00521</Y>
          <Y t="15">0.00583</Y>
          <Y t="16">0.00651</Y>
          <Y t="17">0.00736</Y>
          <Y t="18">0.00823</Y>
          <Y t="19">0.00914</Y>
          <Y t="20">0.0102</Y>
          <Y t="21">0.01139</Y>
          <Y t="22">0.01273</Y>
          <Y t="23">0.01418</Y>
          <Y t="24">0.01579</Y>
          <Y t="25">0.01756</Y>
        </Axis>
      </Axis>
      <Axis t="42">
        <Axis>
          <Y t="1">0.0006</Y>
          <Y t="2">0.00099</Y>
          <Y t="3">0.00129</Y>
          <Y t="4">0.00151</Y>
          <Y t="5">0.00176</Y>
          <Y t="6">0.00206</Y>
          <Y t="7">0.00238</Y>
          <Y t="8">0.00271</Y>
          <Y t="9">0.00308</Y>
          <Y t="10">0.0035</Y>
          <Y t="11">0.00396</Y>
          <Y t="12">0.00448</Y>
          <Y t="13">0.00513</Y>
          <Y t="14">0.00579</Y>
          <Y t="15">0.00647</Y>
          <Y t="16">0.00728</Y>
          <Y t="17">0.00823</Y>
          <Y t="18">0.00914</Y>
          <Y t="19">0.01019</Y>
          <Y t="20">0.01138</Y>
          <Y t="21">0.01273</Y>
          <Y t="22">0.01418</Y>
          <Y t="23">0.01577</Y>
          <Y t="24">0.01755</Y>
          <Y t="25">0.01943</Y>
        </Axis>
      </Axis>
      <Axis t="43">
        <Axis>
          <Y t="1">0.00065</Y>
          <Y t="2">0.00105</Y>
          <Y t="3">0.00138</Y>
          <Y t="4">0.00165</Y>
          <Y t="5">0.00196</Y>
          <Y t="6">0.0023</Y>
          <Y t="7">0.00266</Y>
          <Y t="8">0.00302</Y>
          <Y t="9">0.00342</Y>
          <Y t="10">0.00389</Y>
          <Y t="11">0.00441</Y>
          <Y t="12">0.005</Y>
          <Y t="13">0.00572</Y>
          <Y t="14">0.00645</Y>
          <Y t="15">0.00723</Y>
          <Y t="16">0.00818</Y>
          <Y t="17">0.00913</Y>
          <Y t="18">0.01019</Y>
          <Y t="19">0.01138</Y>
          <Y t="20">0.01273</Y>
          <Y t="21">0.01418</Y>
          <Y t="22">0.01576</Y>
          <Y t="23">0.01754</Y>
          <Y t="24">0.01943</Y>
          <Y t="25">0.02139</Y>
        </Axis>
      </Axis>
      <Axis t="44">
        <Axis>
          <Y t="1">0.00069</Y>
          <Y t="2">0.00113</Y>
          <Y t="3">0.00149</Y>
          <Y t="4">0.00182</Y>
          <Y t="5">0.00218</Y>
          <Y t="6">0.00257</Y>
          <Y t="7">0.00296</Y>
          <Y t="8">0.00335</Y>
          <Y t="9">0.0038</Y>
          <Y t="10">0.00433</Y>
          <Y t="11">0.00492</Y>
          <Y t="12">0.0056</Y>
          <Y t="13">0.0064</Y>
          <Y t="14">0.0072</Y>
          <Y t="15">0.00809</Y>
          <Y t="16">0.00913</Y>
          <Y t="17">0.01019</Y>
          <Y t="18">0.01138</Y>
          <Y t="19">0.01273</Y>
          <Y t="20">0.01417</Y>
          <Y t="21">0.01575</Y>
          <Y t="22">0.01754</Y>
          <Y t="23">0.01943</Y>
          <Y t="24">0.02139</Y>
          <Y t="25">0.02349</Y>
        </Axis>
      </Axis>
      <Axis t="45">
        <Axis>
          <Y t="1">0.00074</Y>
          <Y t="2">0.00123</Y>
          <Y t="3">0.00163</Y>
          <Y t="4">0.00201</Y>
          <Y t="5">0.00243</Y>
          <Y t="6">0.00287</Y>
          <Y t="7">0.00329</Y>
          <Y t="8">0.00372</Y>
          <Y t="9">0.00422</Y>
          <Y t="10">0.00484</Y>
          <Y t="11">0.00551</Y>
          <Y t="12">0.00628</Y>
          <Y t="13">0.00717</Y>
          <Y t="14">0.00806</Y>
          <Y t="15">0.00906</Y>
          <Y t="16">0.01019</Y>
          <Y t="17">0.01138</Y>
          <Y t="18">0.01272</Y>
          <Y t="19">0.01417</Y>
          <Y t="20">0.01574</Y>
          <Y t="21">0.01753</Y>
          <Y t="22">0.01943</Y>
          <Y t="23">0.02138</Y>
          <Y t="24">0.02347</Y>
          <Y t="25">0.02577</Y>
        </Axis>
      </Axis>
      <Axis t="46">
        <Axis>
          <Y t="1">0.0008</Y>
          <Y t="2">0.00133</Y>
          <Y t="3">0.00178</Y>
          <Y t="4">0.00224</Y>
          <Y t="5">0.00272</Y>
          <Y t="6">0.00319</Y>
          <Y t="7">0.00364</Y>
          <Y t="8">0.00413</Y>
          <Y t="9">0.0047</Y>
          <Y t="10">0.00541</Y>
          <Y t="11">0.00619</Y>
          <Y t="12">0.0071</Y>
          <Y t="13">0.00804</Y>
          <Y t="14">0.00905</Y>
          <Y t="15">0.01015</Y>
          <Y t="16">0.01138</Y>
          <Y t="17">0.01272</Y>
          <Y t="18">0.01416</Y>
          <Y t="19">0.01573</Y>
          <Y t="20">0.01752</Y>
          <Y t="21">0.01942</Y>
          <Y t="22">0.02138</Y>
          <Y t="23">0.02346</Y>
          <Y t="24">0.02573</Y>
          <Y t="25">0.02836</Y>
        </Axis>
      </Axis>
      <Axis t="47">
        <Axis>
          <Y t="1">0.00087</Y>
          <Y t="2">0.00145</Y>
          <Y t="3">0.00197</Y>
          <Y t="4">0.0025</Y>
          <Y t="5">0.00304</Y>
          <Y t="6">0.00355</Y>
          <Y t="7">0.00404</Y>
          <Y t="8">0.00458</Y>
          <Y t="9">0.00524</Y>
          <Y t="10">0.00606</Y>
          <Y t="11">0.00705</Y>
          <Y t="12">0.00804</Y>
          <Y t="13">0.00904</Y>
          <Y t="14">0.01015</Y>
          <Y t="15">0.01138</Y>
          <Y t="16">0.01272</Y>
          <Y t="17">0.01416</Y>
          <Y t="18">0.01571</Y>
          <Y t="19">0.01751</Y>
          <Y t="20">0.01942</Y>
          <Y t="21">0.02137</Y>
          <Y t="22">0.02345</Y>
          <Y t="23">0.02569</Y>
          <Y t="24">0.0283</Y>
          <Y t="25">0.03132</Y>
        </Axis>
      </Axis>
      <Axis t="48">
        <Axis>
          <Y t="1">0.00095</Y>
          <Y t="2">0.00158</Y>
          <Y t="3">0.00218</Y>
          <Y t="4">0.00282</Y>
          <Y t="5">0.00341</Y>
          <Y t="6">0.00394</Y>
          <Y t="7">0.00447</Y>
          <Y t="8">0.00508</Y>
          <Y t="9">0.00586</Y>
          <Y t="10">0.00698</Y>
          <Y t="11">0.00803</Y>
          <Y t="12">0.00902</Y>
          <Y t="13">0.01015</Y>
          <Y t="14">0.01137</Y>
          <Y t="15">0.01272</Y>
          <Y t="16">0.01416</Y>
          <Y t="17">0.0157</Y>
          <Y t="18">0.0175</Y>
          <Y t="19">0.01942</Y>
          <Y t="20">0.02137</Y>
          <Y t="21">0.02344</Y>
          <Y t="22">0.02564</Y>
          <Y t="23">0.02824</Y>
          <Y t="24">0.03127</Y>
          <Y t="25">0.03463</Y>
        </Axis>
      </Axis>
      <Axis t="49">
        <Axis>
          <Y t="1">0.00103</Y>
          <Y t="2">0.00172</Y>
          <Y t="3">0.00244</Y>
          <Y t="4">0.00318</Y>
          <Y t="5">0.00381</Y>
          <Y t="6">0.00437</Y>
          <Y t="7">0.00496</Y>
          <Y t="8">0.00566</Y>
          <Y t="9">0.00687</Y>
          <Y t="10">0.00803</Y>
          <Y t="11">0.009</Y>
          <Y t="12">0.01012</Y>
          <Y t="13">0.01137</Y>
          <Y t="14">0.01272</Y>
          <Y t="15">0.01415</Y>
          <Y t="16">0.01569</Y>
          <Y t="17">0.01749</Y>
          <Y t="18">0.01942</Y>
          <Y t="19">0.02137</Y>
          <Y t="20">0.02342</Y>
          <Y t="21">0.0256</Y>
          <Y t="22">0.02818</Y>
          <Y t="23">0.03121</Y>
          <Y t="24">0.03459</Y>
          <Y t="25">0.03813</Y>
        </Axis>
      </Axis>
      <Axis t="50">
        <Axis>
          <Y t="1">0.00113</Y>
          <Y t="2">0.00189</Y>
          <Y t="3">0.00275</Y>
          <Y t="4">0.00361</Y>
          <Y t="5">0.00428</Y>
          <Y t="6">0.00486</Y>
          <Y t="7">0.00556</Y>
          <Y t="8">0.00669</Y>
          <Y t="9">0.00803</Y>
          <Y t="10">0.00899</Y>
          <Y t="11">0.01009</Y>
          <Y t="12">0.01135</Y>
          <Y t="13">0.01272</Y>
          <Y t="14">0.01415</Y>
          <Y t="15">0.01568</Y>
          <Y t="16">0.01748</Y>
          <Y t="17">0.01941</Y>
          <Y t="18">0.02136</Y>
          <Y t="19">0.02336</Y>
          <Y t="20">0.02556</Y>
          <Y t="21">0.02812</Y>
          <Y t="22">0.03115</Y>
          <Y t="23">0.03456</Y>
          <Y t="24">0.03807</Y>
          <Y t="25">0.04179</Y>
        </Axis>
      </Axis>
      <Axis t="51">
        <Axis>
          <Y t="1">0.00124</Y>
          <Y t="2">0.00208</Y>
          <Y t="3">0.00311</Y>
          <Y t="4">0.00411</Y>
          <Y t="5">0.0048</Y>
          <Y t="6">0.00548</Y>
          <Y t="7">0.00658</Y>
          <Y t="8">0.00788</Y>
          <Y t="9">0.00897</Y>
          <Y t="10">0.01006</Y>
          <Y t="11">0.01132</Y>
          <Y t="12">0.0127</Y>
          <Y t="13">0.01414</Y>
          <Y t="14">0.01567</Y>
          <Y t="15">0.01746</Y>
          <Y t="16">0.01941</Y>
          <Y t="17">0.02135</Y>
          <Y t="18">0.02329</Y>
          <Y t="19">0.02547</Y>
          <Y t="20">0.02806</Y>
          <Y t="21">0.03109</Y>
          <Y t="22">0.03453</Y>
          <Y t="23">0.03801</Y>
          <Y t="24">0.04172</Y>
          <Y t="25">0.04546</Y>
        </Axis>
      </Axis>
      <Axis t="52">
        <Axis>
          <Y t="1">0.00137</Y>
          <Y t="2">0.00229</Y>
          <Y t="3">0.00353</Y>
          <Y t="4">0.00468</Y>
          <Y t="5">0.00542</Y>
          <Y t="6">0.00644</Y>
          <Y t="7">0.00771</Y>
          <Y t="8">0.00888</Y>
          <Y t="9">0.01003</Y>
          <Y t="10">0.0113</Y>
          <Y t="11">0.01268</Y>
          <Y t="12">0.01413</Y>
          <Y t="13">0.01565</Y>
          <Y t="14">0.01745</Y>
          <Y t="15">0.01938</Y>
          <Y t="16">0.02134</Y>
          <Y t="17">0.02323</Y>
          <Y t="18">0.02537</Y>
          <Y t="19">0.028</Y>
          <Y t="20">0.03104</Y>
          <Y t="21">0.03449</Y>
          <Y t="22">0.03795</Y>
          <Y t="23">0.04166</Y>
          <Y t="24">0.04538</Y>
          <Y t="25">0.04901</Y>
        </Axis>
      </Axis>
      <Axis t="53">
        <Axis>
          <Y t="1">0.00151</Y>
          <Y t="2">0.00254</Y>
          <Y t="3">0.00402</Y>
          <Y t="4">0.00534</Y>
          <Y t="5">0.00627</Y>
          <Y t="6">0.00749</Y>
          <Y t="7">0.0087</Y>
          <Y t="8">0.01</Y>
          <Y t="9">0.01127</Y>
          <Y t="10">0.01266</Y>
          <Y t="11">0.01411</Y>
          <Y t="12">0.01564</Y>
          <Y t="13">0.01743</Y>
          <Y t="14">0.01935</Y>
          <Y t="15">0.02131</Y>
          <Y t="16">0.02316</Y>
          <Y t="17">0.02528</Y>
          <Y t="18">0.02794</Y>
          <Y t="19">0.03098</Y>
          <Y t="20">0.03446</Y>
          <Y t="21">0.03789</Y>
          <Y t="22">0.0416</Y>
          <Y t="23">0.04531</Y>
          <Y t="24">0.04883</Y>
          <Y t="25">0.05256</Y>
        </Axis>
      </Axis>
      <Axis t="54">
        <Axis>
          <Y t="1">0.00166</Y>
          <Y t="2">0.00282</Y>
          <Y t="3">0.00459</Y>
          <Y t="4">0.00609</Y>
          <Y t="5">0.00723</Y>
          <Y t="6">0.00846</Y>
          <Y t="7">0.0098</Y>
          <Y t="8">0.01125</Y>
          <Y t="9">0.01263</Y>
          <Y t="10">0.0141</Y>
          <Y t="11">0.01563</Y>
          <Y t="12">0.01742</Y>
          <Y t="13">0.01932</Y>
          <Y t="14">0.02128</Y>
          <Y t="15">0.0231</Y>
          <Y t="16">0.02519</Y>
          <Y t="17">0.02787</Y>
          <Y t="18">0.03092</Y>
          <Y t="19">0.03442</Y>
          <Y t="20">0.03783</Y>
          <Y t="21">0.04154</Y>
          <Y t="22">0.04523</Y>
          <Y t="23">0.04866</Y>
          <Y t="24">0.05232</Y>
          <Y t="25">0.05637</Y>
        </Axis>
      </Axis>
      <Axis t="55">
        <Axis>
          <Y t="1">0.00184</Y>
          <Y t="2">0.00314</Y>
          <Y t="3">0.00523</Y>
          <Y t="4">0.00694</Y>
          <Y t="5">0.00819</Y>
          <Y t="6">0.00955</Y>
          <Y t="7">0.01102</Y>
          <Y t="8">0.01261</Y>
          <Y t="9">0.01409</Y>
          <Y t="10">0.01562</Y>
          <Y t="11">0.0174</Y>
          <Y t="12">0.01929</Y>
          <Y t="13">0.02125</Y>
          <Y t="14">0.02303</Y>
          <Y t="15">0.02509</Y>
          <Y t="16">0.02781</Y>
          <Y t="17">0.03087</Y>
          <Y t="18">0.03439</Y>
          <Y t="19">0.03777</Y>
          <Y t="20">0.04147</Y>
          <Y t="21">0.04515</Y>
          <Y t="22">0.04848</Y>
          <Y t="23">0.05208</Y>
          <Y t="24">0.05623</Y>
          <Y t="25">0.06046</Y>
        </Axis>
      </Axis>
      <Axis t="56">
        <Axis>
          <Y t="1">0.00204</Y>
          <Y t="2">0.0035</Y>
          <Y t="3">0.00595</Y>
          <Y t="4">0.00787</Y>
          <Y t="5">0.00924</Y>
          <Y t="6">0.01073</Y>
          <Y t="7">0.01234</Y>
          <Y t="8">0.01407</Y>
          <Y t="9">0.0156</Y>
          <Y t="10">0.01738</Y>
          <Y t="11">0.01926</Y>
          <Y t="12">0.02122</Y>
          <Y t="13">0.02296</Y>
          <Y t="14">0.025</Y>
          <Y t="15">0.02775</Y>
          <Y t="16">0.03081</Y>
          <Y t="17">0.03435</Y>
          <Y t="18">0.03771</Y>
          <Y t="19">0.04141</Y>
          <Y t="20">0.04508</Y>
          <Y t="21">0.04831</Y>
          <Y t="22">0.05183</Y>
          <Y t="23">0.05605</Y>
          <Y t="24">0.06046</Y>
          <Y t="25">0.06475</Y>
        </Axis>
      </Axis>
      <Axis t="57">
        <Axis>
          <Y t="1">0.00226</Y>
          <Y t="2">0.00391</Y>
          <Y t="3">0.00673</Y>
          <Y t="4">0.00889</Y>
          <Y t="5">0.01038</Y>
          <Y t="6">0.012</Y>
          <Y t="7">0.01375</Y>
          <Y t="8">0.01559</Y>
          <Y t="9">0.01737</Y>
          <Y t="10">0.01923</Y>
          <Y t="11">0.02119</Y>
          <Y t="12">0.0229</Y>
          <Y t="13">0.02491</Y>
          <Y t="14">0.02769</Y>
          <Y t="15">0.03075</Y>
          <Y t="16">0.03432</Y>
          <Y t="17">0.03765</Y>
          <Y t="18">0.04135</Y>
          <Y t="19">0.045</Y>
          <Y t="20">0.04813</Y>
          <Y t="21">0.05159</Y>
          <Y t="22">0.05587</Y>
          <Y t="23">0.06042</Y>
          <Y t="24">0.06475</Y>
          <Y t="25">0.06932</Y>
        </Axis>
      </Axis>
      <Axis t="58">
        <Axis>
          <Y t="1">0.0025</Y>
          <Y t="2">0.00438</Y>
          <Y t="3">0.00755</Y>
          <Y t="4">0.00998</Y>
          <Y t="5">0.01159</Y>
          <Y t="6">0.01333</Y>
          <Y t="7">0.01519</Y>
          <Y t="8">0.01714</Y>
          <Y t="9">0.0192</Y>
          <Y t="10">0.02116</Y>
          <Y t="11">0.02283</Y>
          <Y t="12">0.02481</Y>
          <Y t="13">0.02763</Y>
          <Y t="14">0.0307</Y>
          <Y t="15">0.03429</Y>
          <Y t="16">0.03759</Y>
          <Y t="17">0.04129</Y>
          <Y t="18">0.04493</Y>
          <Y t="19">0.04796</Y>
          <Y t="20">0.05135</Y>
          <Y t="21">0.05569</Y>
          <Y t="22">0.06036</Y>
          <Y t="23">0.06475</Y>
          <Y t="24">0.06932</Y>
          <Y t="25">0.07515</Y>
        </Axis>
      </Axis>
      <Axis t="59">
        <Axis>
          <Y t="1">0.00278</Y>
          <Y t="2">0.0049</Y>
          <Y t="3">0.00841</Y>
          <Y t="4">0.01113</Y>
          <Y t="5">0.01285</Y>
          <Y t="6">0.0147</Y>
          <Y t="7">0.01666</Y>
          <Y t="8">0.01872</Y>
          <Y t="9">0.0209</Y>
          <Y t="10">0.02276</Y>
          <Y t="11">0.02472</Y>
          <Y t="12">0.02757</Y>
          <Y t="13">0.03064</Y>
          <Y t="14">0.03425</Y>
          <Y t="15">0.03753</Y>
          <Y t="16">0.04122</Y>
          <Y t="17">0.04485</Y>
          <Y t="18">0.04779</Y>
          <Y t="19">0.0511</Y>
          <Y t="20">0.0555</Y>
          <Y t="21">0.06031</Y>
          <Y t="22">0.06474</Y>
          <Y t="23">0.06932</Y>
          <Y t="24">0.07515</Y>
          <Y t="25">0.08272</Y>
        </Axis>
      </Axis>
      <Axis t="60">
        <Axis>
          <Y t="1">0.00308</Y>
          <Y t="2">0.00547</Y>
          <Y t="3">0.00929</Y>
          <Y t="4">0.01231</Y>
          <Y t="5">0.01413</Y>
          <Y t="6">0.01607</Y>
          <Y t="7">0.01796</Y>
          <Y t="8">0.02013</Y>
          <Y t="9">0.02246</Y>
          <Y t="10">0.02463</Y>
          <Y t="11">0.02751</Y>
          <Y t="12">0.03058</Y>
          <Y t="13">0.03422</Y>
          <Y t="14">0.03747</Y>
          <Y t="15">0.04116</Y>
          <Y t="16">0.04477</Y>
          <Y t="17">0.04761</Y>
          <Y t="18">0.05086</Y>
          <Y t="19">0.05532</Y>
          <Y t="20">0.06025</Y>
          <Y t="21">0.06467</Y>
          <Y t="22">0.06932</Y>
          <Y t="23">0.07515</Y>
          <Y t="24">0.08272</Y>
          <Y t="25">0.09132</Y>
        </Axis>
      </Axis>
      <Axis t="61">
        <Axis>
          <Y t="1">0.00341</Y>
          <Y t="2">0.0061</Y>
          <Y t="3">0.01018</Y>
          <Y t="4">0.01349</Y>
          <Y t="5">0.01541</Y>
          <Y t="6">0.01727</Y>
          <Y t="7">0.01898</Y>
          <Y t="8">0.02124</Y>
          <Y t="9">0.02372</Y>
          <Y t="10">0.0267</Y>
          <Y t="11">0.02978</Y>
          <Y t="12">0.03302</Y>
          <Y t="13">0.03741</Y>
          <Y t="14">0.0411</Y>
          <Y t="15">0.0447</Y>
          <Y t="16">0.04744</Y>
          <Y t="17">0.05062</Y>
          <Y t="18">0.05514</Y>
          <Y t="19">0.06019</Y>
          <Y t="20">0.06463</Y>
          <Y t="21">0.06927</Y>
          <Y t="22">0.07515</Y>
          <Y t="23">0.08272</Y>
          <Y t="24">0.09132</Y>
          <Y t="25">0.10108</Y>
        </Axis>
      </Axis>
      <Axis t="62">
        <Axis>
          <Y t="1">0.00377</Y>
          <Y t="2">0.00676</Y>
          <Y t="3">0.01106</Y>
          <Y t="4">0.01466</Y>
          <Y t="5">0.01668</Y>
          <Y t="6">0.0185</Y>
          <Y t="7">0.01994</Y>
          <Y t="8">0.0221</Y>
          <Y t="9">0.02477</Y>
          <Y t="10">0.02797</Y>
          <Y t="11">0.0312</Y>
          <Y t="12">0.03453</Y>
          <Y t="13">0.03921</Y>
          <Y t="14">0.04462</Y>
          <Y t="15">0.04726</Y>
          <Y t="16">0.05037</Y>
          <Y t="17">0.05496</Y>
          <Y t="18">0.06013</Y>
          <Y t="19">0.06451</Y>
          <Y t="20">0.0691</Y>
          <Y t="21">0.07515</Y>
          <Y t="22">0.08272</Y>
          <Y t="23">0.09132</Y>
          <Y t="24">0.10108</Y>
          <Y t="25">0.11205</Y>
        </Axis>
      </Axis>
      <Axis t="63">
        <Axis>
          <Y t="1">0.00415</Y>
          <Y t="2">0.00745</Y>
          <Y t="3">0.01192</Y>
          <Y t="4">0.0158</Y>
          <Y t="5">0.01799</Y>
          <Y t="6">0.01968</Y>
          <Y t="7">0.02114</Y>
          <Y t="8">0.02344</Y>
          <Y t="9">0.02646</Y>
          <Y t="10">0.02941</Y>
          <Y t="11">0.03266</Y>
          <Y t="12">0.03589</Y>
          <Y t="13">0.04051</Y>
          <Y t="14">0.04709</Y>
          <Y t="15">0.05013</Y>
          <Y t="16">0.05478</Y>
          <Y t="17">0.06008</Y>
          <Y t="18">0.06438</Y>
          <Y t="19">0.06887</Y>
          <Y t="20">0.07499</Y>
          <Y t="21">0.08272</Y>
          <Y t="22">0.09132</Y>
          <Y t="23">0.10108</Y>
          <Y t="24">0.11205</Y>
          <Y t="25">0.1242</Y>
        </Axis>
      </Axis>
      <Axis t="64">
        <Axis>
          <Y t="1">0.00455</Y>
          <Y t="2">0.00815</Y>
          <Y t="3">0.01276</Y>
          <Y t="4">0.01696</Y>
          <Y t="5">0.01924</Y>
          <Y t="6">0.02091</Y>
          <Y t="7">0.02289</Y>
          <Y t="8">0.02562</Y>
          <Y t="9">0.0286</Y>
          <Y t="10">0.03176</Y>
          <Y t="11">0.03491</Y>
          <Y t="12">0.03786</Y>
          <Y t="13">0.04245</Y>
          <Y t="14">0.04989</Y>
          <Y t="15">0.0546</Y>
          <Y t="16">0.06002</Y>
          <Y t="17">0.06425</Y>
          <Y t="18">0.06864</Y>
          <Y t="19">0.07474</Y>
          <Y t="20">0.08272</Y>
          <Y t="21">0.09132</Y>
          <Y t="22">0.10108</Y>
          <Y t="23">0.11205</Y>
          <Y t="24">0.1242</Y>
          <Y t="25">0.13723</Y>
        </Axis>
      </Axis>
      <Axis t="65">
        <Axis>
          <Y t="1">0.00497</Y>
          <Y t="2">0.00885</Y>
          <Y t="3">0.01361</Y>
          <Y t="4">0.0182</Y>
          <Y t="5">0.02066</Y>
          <Y t="6">0.02271</Y>
          <Y t="7">0.02514</Y>
          <Y t="8">0.02802</Y>
          <Y t="9">0.03094</Y>
          <Y t="10">0.03475</Y>
          <Y t="11">0.03758</Y>
          <Y t="12">0.04116</Y>
          <Y t="13">0.04497</Y>
          <Y t="14">0.05264</Y>
          <Y t="15">0.05924</Y>
          <Y t="16">0.06412</Y>
          <Y t="17">0.0684</Y>
          <Y t="18">0.07456</Y>
          <Y t="19">0.08259</Y>
          <Y t="20">0.09132</Y>
          <Y t="21">0.10108</Y>
          <Y t="22">0.11205</Y>
          <Y t="23">0.1242</Y>
          <Y t="24">0.13723</Y>
          <Y t="25">0.15078</Y>
        </Axis>
      </Axis>
      <Axis t="66">
        <Axis>
          <Y t="1">0.00539</Y>
          <Y t="2">0.00957</Y>
          <Y t="3">0.01452</Y>
          <Y t="4">0.01961</Y>
          <Y t="5">0.02251</Y>
          <Y t="6">0.02492</Y>
          <Y t="7">0.02765</Y>
          <Y t="8">0.03061</Y>
          <Y t="9">0.03385</Y>
          <Y t="10">0.03741</Y>
          <Y t="11">0.04078</Y>
          <Y t="12">0.04456</Y>
          <Y t="13">0.04773</Y>
          <Y t="14">0.05577</Y>
          <Y t="15">0.06274</Y>
          <Y t="16">0.06817</Y>
          <Y t="17">0.07439</Y>
          <Y t="18">0.08238</Y>
          <Y t="19">0.09132</Y>
          <Y t="20">0.10108</Y>
          <Y t="21">0.11205</Y>
          <Y t="22">0.1242</Y>
          <Y t="23">0.13723</Y>
          <Y t="24">0.15078</Y>
          <Y t="25">0.16453</Y>
        </Axis>
      </Axis>
      <Axis t="67">
        <Axis>
          <Y t="1">0.00583</Y>
          <Y t="2">0.01033</Y>
          <Y t="3">0.01553</Y>
          <Y t="4">0.02129</Y>
          <Y t="5">0.02467</Y>
          <Y t="6">0.02741</Y>
          <Y t="7">0.0304</Y>
          <Y t="8">0.03352</Y>
          <Y t="9">0.0368</Y>
          <Y t="10">0.0404</Y>
          <Y t="11">0.04416</Y>
          <Y t="12">0.04755</Y>
          <Y t="13">0.05291</Y>
          <Y t="14">0.05949</Y>
          <Y t="15">0.06698</Y>
          <Y t="16">0.07351</Y>
          <Y t="17">0.08221</Y>
          <Y t="18">0.09093</Y>
          <Y t="19">0.10108</Y>
          <Y t="20">0.11205</Y>
          <Y t="21">0.1242</Y>
          <Y t="22">0.13723</Y>
          <Y t="23">0.15078</Y>
          <Y t="24">0.16453</Y>
          <Y t="25">0.17806</Y>
        </Axis>
      </Axis>
      <Axis t="68">
        <Axis>
          <Y t="1">0.00631</Y>
          <Y t="2">0.01116</Y>
          <Y t="3">0.01671</Y>
          <Y t="4">0.0233</Y>
          <Y t="5">0.02712</Y>
          <Y t="6">0.03015</Y>
          <Y t="7">0.03331</Y>
          <Y t="8">0.03648</Y>
          <Y t="9">0.03976</Y>
          <Y t="10">0.04375</Y>
          <Y t="11">0.04737</Y>
          <Y t="12">0.05247</Y>
          <Y t="13">0.05876</Y>
          <Y t="14">0.06402</Y>
          <Y t="15">0.0726</Y>
          <Y t="16">0.08065</Y>
          <Y t="17">0.0906</Y>
          <Y t="18">0.10048</Y>
          <Y t="19">0.11205</Y>
          <Y t="20">0.1242</Y>
          <Y t="21">0.13723</Y>
          <Y t="22">0.15078</Y>
          <Y t="23">0.16453</Y>
          <Y t="24">0.17806</Y>
          <Y t="25">0.19117</Y>
        </Axis>
      </Axis>
      <Axis t="69">
        <Axis>
          <Y t="1">0.00685</Y>
          <Y t="2">0.0121</Y>
          <Y t="3">0.01807</Y>
          <Y t="4">0.0256</Y>
          <Y t="5">0.02982</Y>
          <Y t="6">0.03304</Y>
          <Y t="7">0.03625</Y>
          <Y t="8">0.03952</Y>
          <Y t="9">0.0432</Y>
          <Y t="10">0.04719</Y>
          <Y t="11">0.05204</Y>
          <Y t="12">0.05802</Y>
          <Y t="13">0.06305</Y>
          <Y t="14">0.06983</Y>
          <Y t="15">0.07993</Y>
          <Y t="16">0.08909</Y>
          <Y t="17">0.10002</Y>
          <Y t="18">0.11168</Y>
          <Y t="19">0.1242</Y>
          <Y t="20">0.13723</Y>
          <Y t="21">0.15078</Y>
          <Y t="22">0.16453</Y>
          <Y t="23">0.17806</Y>
          <Y t="24">0.19117</Y>
          <Y t="25">0.20355</Y>
        </Axis>
      </Axis>
      <Axis t="70">
        <Axis>
          <Y t="1">0.00747</Y>
          <Y t="2">0.01317</Y>
          <Y t="3">0.01962</Y>
          <Y t="4">0.02815</Y>
          <Y t="5">0.03268</Y>
          <Y t="6">0.03597</Y>
          <Y t="7">0.03932</Y>
          <Y t="8">0.04309</Y>
          <Y t="9">0.04712</Y>
          <Y t="10">0.0516</Y>
          <Y t="11">0.05729</Y>
          <Y t="12">0.06235</Y>
          <Y t="13">0.06765</Y>
          <Y t="14">0.07686</Y>
          <Y t="15">0.08828</Y>
          <Y t="16">0.09863</Y>
          <Y t="17">0.11133</Y>
          <Y t="18">0.1242</Y>
          <Y t="19">0.13723</Y>
          <Y t="20">0.15078</Y>
          <Y t="21">0.16453</Y>
          <Y t="22">0.17806</Y>
          <Y t="23">0.19117</Y>
          <Y t="24">0.20355</Y>
          <Y t="25">0.21464</Y>
        </Axis>
      </Axis>
      <Axis t="71">
        <Axis>
          <Y t="1">0.00819</Y>
          <Y t="2">0.01436</Y>
          <Y t="3">0.02133</Y>
          <Y t="4">0.03085</Y>
          <Y t="5">0.03559</Y>
          <Y t="6">0.03909</Y>
          <Y t="7">0.04295</Y>
          <Y t="8">0.04703</Y>
          <Y t="9">0.0515</Y>
          <Y t="10">0.05655</Y>
          <Y t="11">0.06181</Y>
          <Y t="12">0.06712</Y>
          <Y t="13">0.07399</Y>
          <Y t="14">0.08479</Y>
          <Y t="15">0.09726</Y>
          <Y t="16">0.11038</Y>
          <Y t="17">0.12398</Y>
          <Y t="18">0.13723</Y>
          <Y t="19">0.15078</Y>
          <Y t="20">0.16453</Y>
          <Y t="21">0.17806</Y>
          <Y t="22">0.19117</Y>
          <Y t="23">0.20355</Y>
          <Y t="24">0.21464</Y>
          <Y t="25">0.22652</Y>
        </Axis>
      </Axis>
      <Axis t="72">
        <Axis>
          <Y t="1">0.009</Y>
          <Y t="2">0.01567</Y>
          <Y t="3">0.02316</Y>
          <Y t="4">0.03361</Y>
          <Y t="5">0.03846</Y>
          <Y t="6">0.04242</Y>
          <Y t="7">0.04675</Y>
          <Y t="8">0.05087</Y>
          <Y t="9">0.05574</Y>
          <Y t="10">0.06099</Y>
          <Y t="11">0.06655</Y>
          <Y t="12">0.07295</Y>
          <Y t="13">0.08188</Y>
          <Y t="14">0.09316</Y>
          <Y t="15">0.10865</Y>
          <Y t="16">0.12312</Y>
          <Y t="17">0.13706</Y>
          <Y t="18">0.15078</Y>
          <Y t="19">0.16453</Y>
          <Y t="20">0.17806</Y>
          <Y t="21">0.19117</Y>
          <Y t="22">0.20355</Y>
          <Y t="23">0.21464</Y>
          <Y t="24">0.22652</Y>
          <Y t="25">0.24113</Y>
        </Axis>
      </Axis>
      <Axis t="73">
        <Axis>
          <Y t="1">0.00991</Y>
          <Y t="2">0.01706</Y>
          <Y t="3">0.02506</Y>
          <Y t="4">0.03633</Y>
          <Y t="5">0.04173</Y>
          <Y t="6">0.04607</Y>
          <Y t="7">0.05011</Y>
          <Y t="8">0.05448</Y>
          <Y t="9">0.05941</Y>
          <Y t="10">0.06546</Y>
          <Y t="11">0.07248</Y>
          <Y t="12">0.07957</Y>
          <Y t="13">0.08989</Y>
          <Y t="14">0.10571</Y>
          <Y t="15">0.12164</Y>
          <Y t="16">0.13597</Y>
          <Y t="17">0.15078</Y>
          <Y t="18">0.16453</Y>
          <Y t="19">0.17806</Y>
          <Y t="20">0.19117</Y>
          <Y t="21">0.20355</Y>
          <Y t="22">0.21464</Y>
          <Y t="23">0.22652</Y>
          <Y t="24">0.24113</Y>
          <Y t="25">0.25732</Y>
        </Axis>
      </Axis>
      <Axis t="74">
        <Axis>
          <Y t="1">0.01089</Y>
          <Y t="2">0.0185</Y>
          <Y t="3">0.027</Y>
          <Y t="4">0.03905</Y>
          <Y t="5">0.04506</Y>
          <Y t="6">0.04937</Y>
          <Y t="7">0.05251</Y>
          <Y t="8">0.0571</Y>
          <Y t="9">0.06374</Y>
          <Y t="10">0.07149</Y>
          <Y t="11">0.07932</Y>
          <Y t="12">0.08837</Y>
          <Y t="13">0.10317</Y>
          <Y t="14">0.12023</Y>
          <Y t="15">0.13458</Y>
          <Y t="16">0.15023</Y>
          <Y t="17">0.16453</Y>
          <Y t="18">0.17806</Y>
          <Y t="19">0.19117</Y>
          <Y t="20">0.20355</Y>
          <Y t="21">0.21464</Y>
          <Y t="22">0.22652</Y>
          <Y t="23">0.24113</Y>
          <Y t="24">0.25732</Y>
          <Y t="25">0.2753</Y>
        </Axis>
      </Axis>
      <Axis t="75">
        <Axis>
          <Y t="1">0.01192</Y>
          <Y t="2">0.01998</Y>
          <Y t="3">0.02901</Y>
          <Y t="4">0.04178</Y>
          <Y t="5">0.04758</Y>
          <Y t="6">0.05178</Y>
          <Y t="7">0.05505</Y>
          <Y t="8">0.06114</Y>
          <Y t="9">0.06983</Y>
          <Y t="10">0.07845</Y>
          <Y t="11">0.08803</Y>
          <Y t="12">0.10203</Y>
          <Y t="13">0.11845</Y>
          <Y t="14">0.13289</Y>
          <Y t="15">0.14953</Y>
          <Y t="16">0.16453</Y>
          <Y t="17">0.17806</Y>
          <Y t="18">0.19117</Y>
          <Y t="19">0.20355</Y>
          <Y t="20">0.21464</Y>
          <Y t="21">0.22652</Y>
          <Y t="22">0.24113</Y>
          <Y t="23">0.25732</Y>
          <Y t="24">0.2753</Y>
          <Y t="25">0.29479</Y>
        </Axis>
      </Axis>
      <Axis t="76">
        <Axis>
          <Y t="1">0.01301</Y>
          <Y t="2">0.02151</Y>
          <Y t="3">0.03111</Y>
          <Y t="4">0.04458</Y>
          <Y t="5">0.05019</Y>
          <Y t="6">0.05459</Y>
          <Y t="7">0.05946</Y>
          <Y t="8">0.06793</Y>
          <Y t="9">0.0769</Y>
          <Y t="10">0.08699</Y>
          <Y t="11">0.10058</Y>
          <Y t="12">0.11604</Y>
          <Y t="13">0.13069</Y>
          <Y t="14">0.14855</Y>
          <Y t="15">0.16453</Y>
          <Y t="16">0.17806</Y>
          <Y t="17">0.19117</Y>
          <Y t="18">0.20355</Y>
          <Y t="19">0.21464</Y>
          <Y t="20">0.22652</Y>
          <Y t="21">0.24113</Y>
          <Y t="22">0.25732</Y>
          <Y t="23">0.2753</Y>
          <Y t="24">0.29479</Y>
          <Y t="25">0.31552</Y>
        </Axis>
      </Axis>
      <Axis t="77">
        <Axis>
          <Y t="1">0.01417</Y>
          <Y t="2">0.02313</Y>
          <Y t="3">0.03336</Y>
          <Y t="4">0.0475</Y>
          <Y t="5">0.05346</Y>
          <Y t="6">0.0585</Y>
          <Y t="7">0.06555</Y>
          <Y t="8">0.07483</Y>
          <Y t="9">0.08525</Y>
          <Y t="10">0.09855</Y>
          <Y t="11">0.11326</Y>
          <Y t="12">0.12773</Y>
          <Y t="13">0.14649</Y>
          <Y t="14">0.16453</Y>
          <Y t="15">0.17806</Y>
          <Y t="16">0.19117</Y>
          <Y t="17">0.20355</Y>
          <Y t="18">0.21464</Y>
          <Y t="19">0.22652</Y>
          <Y t="20">0.24113</Y>
          <Y t="21">0.25732</Y>
          <Y t="22">0.2753</Y>
          <Y t="23">0.29479</Y>
          <Y t="24">0.31552</Y>
          <Y t="25">0.33699</Y>
        </Axis>
      </Axis>
      <Axis t="78">
        <Axis>
          <Y t="1">0.01542</Y>
          <Y t="2">0.02487</Y>
          <Y t="3">0.0358</Y>
          <Y t="4">0.05058</Y>
          <Y t="5">0.05783</Y>
          <Y t="6">0.06333</Y>
          <Y t="7">0.07225</Y>
          <Y t="8">0.08294</Y>
          <Y t="9">0.09591</Y>
          <Y t="10">0.11006</Y>
          <Y t="11">0.12435</Y>
          <Y t="12">0.14355</Y>
          <Y t="13">0.16367</Y>
          <Y t="14">0.17806</Y>
          <Y t="15">0.19117</Y>
          <Y t="16">0.20355</Y>
          <Y t="17">0.21464</Y>
          <Y t="18">0.22652</Y>
          <Y t="19">0.24113</Y>
          <Y t="20">0.25732</Y>
          <Y t="21">0.2753</Y>
          <Y t="22">0.29479</Y>
          <Y t="23">0.31552</Y>
          <Y t="24">0.33699</Y>
          <Y t="25">0.35854</Y>
        </Axis>
      </Axis>
      <Axis t="79">
        <Axis>
          <Y t="1">0.01678</Y>
          <Y t="2">0.02677</Y>
          <Y t="3">0.03848</Y>
          <Y t="4">0.05411</Y>
          <Y t="5">0.0629</Y>
          <Y t="6">0.06915</Y>
          <Y t="7">0.08004</Y>
          <Y t="8">0.09275</Y>
          <Y t="9">0.10632</Y>
          <Y t="10">0.1204</Y>
          <Y t="11">0.13988</Y>
          <Y t="12">0.1623</Y>
          <Y t="13">0.17806</Y>
          <Y t="14">0.19117</Y>
          <Y t="15">0.20355</Y>
          <Y t="16">0.21464</Y>
          <Y t="17">0.22652</Y>
          <Y t="18">0.24113</Y>
          <Y t="19">0.25732</Y>
          <Y t="20">0.2753</Y>
          <Y t="21">0.29479</Y>
          <Y t="22">0.31552</Y>
          <Y t="23">0.33699</Y>
          <Y t="24">0.35854</Y>
          <Y t="25">0.37981</Y>
        </Axis>
      </Axis>
      <Axis t="80">
        <Axis>
          <Y t="1">0.0183</Y>
          <Y t="2">0.02888</Y>
          <Y t="3">0.04161</Y>
          <Y t="4">0.05815</Y>
          <Y t="5">0.06776</Y>
          <Y t="6">0.07657</Y>
          <Y t="7">0.08907</Y>
          <Y t="8">0.10217</Y>
          <Y t="9">0.11579</Y>
          <Y t="10">0.13512</Y>
          <Y t="11">0.15969</Y>
          <Y t="12">0.17806</Y>
          <Y t="13">0.19117</Y>
          <Y t="14">0.20355</Y>
          <Y t="15">0.21464</Y>
          <Y t="16">0.22652</Y>
          <Y t="17">0.24113</Y>
          <Y t="18">0.25732</Y>
          <Y t="19">0.2753</Y>
          <Y t="20">0.29479</Y>
          <Y t="21">0.31552</Y>
          <Y t="22">0.33699</Y>
          <Y t="23">0.35854</Y>
          <Y t="24">0.37981</Y>
          <Y t="25">0.40044</Y>
        </Axis>
      </Axis>
      <Axis t="81">
        <Axis>
          <Y t="1">0.02001</Y>
          <Y t="2">0.03137</Y>
          <Y t="3">0.04526</Y>
          <Y t="4">0.06244</Y>
          <Y t="5">0.07299</Y>
          <Y t="6">0.08448</Y>
          <Y t="7">0.0976</Y>
          <Y t="8">0.11063</Y>
          <Y t="9">0.12934</Y>
          <Y t="10">0.15553</Y>
          <Y t="11">0.17721</Y>
          <Y t="12">0.19117</Y>
          <Y t="13">0.20355</Y>
          <Y t="14">0.21464</Y>
          <Y t="15">0.22652</Y>
          <Y t="16">0.24113</Y>
          <Y t="17">0.25732</Y>
          <Y t="18">0.2753</Y>
          <Y t="19">0.29479</Y>
          <Y t="20">0.31552</Y>
          <Y t="21">0.33699</Y>
          <Y t="22">0.35854</Y>
          <Y t="23">0.37981</Y>
          <Y t="24">0.40044</Y>
          <Y t="25">0.42009</Y>
        </Axis>
      </Axis>
      <Axis t="82">
        <Axis>
          <Y t="1">0.02205</Y>
          <Y t="2">0.03431</Y>
          <Y t="3">0.04925</Y>
          <Y t="4">0.06694</Y>
          <Y t="5">0.07859</Y>
          <Y t="6">0.09155</Y>
          <Y t="7">0.10491</Y>
          <Y t="8">0.12261</Y>
          <Y t="9">0.14997</Y>
          <Y t="10">0.17553</Y>
          <Y t="11">0.19117</Y>
          <Y t="12">0.20355</Y>
          <Y t="13">0.21464</Y>
          <Y t="14">0.22652</Y>
          <Y t="15">0.24113</Y>
          <Y t="16">0.25732</Y>
          <Y t="17">0.2753</Y>
          <Y t="18">0.29479</Y>
          <Y t="19">0.31552</Y>
          <Y t="20">0.33699</Y>
          <Y t="21">0.35854</Y>
          <Y t="22">0.37981</Y>
          <Y t="23">0.40044</Y>
          <Y t="24">0.42009</Y>
          <Y t="25">0.4384</Y>
        </Axis>
      </Axis>
      <Axis t="83">
        <Axis>
          <Y t="1">0.02446</Y>
          <Y t="2">0.03756</Y>
          <Y t="3">0.05355</Y>
          <Y t="4">0.07163</Y>
          <Y t="5">0.08444</Y>
          <Y t="6">0.09798</Y>
          <Y t="7">0.11493</Y>
          <Y t="8">0.14301</Y>
          <Y t="9">0.17301</Y>
          <Y t="10">0.19117</Y>
          <Y t="11">0.20355</Y>
          <Y t="12">0.21464</Y>
          <Y t="13">0.22652</Y>
          <Y t="14">0.24113</Y>
          <Y t="15">0.25732</Y>
          <Y t="16">0.2753</Y>
          <Y t="17">0.29479</Y>
          <Y t="18">0.31552</Y>
          <Y t="19">0.33699</Y>
          <Y t="20">0.35854</Y>
          <Y t="21">0.37981</Y>
          <Y t="22">0.40044</Y>
          <Y t="23">0.42009</Y>
          <Y t="24">0.4384</Y>
          <Y t="25">0.45501</Y>
        </Axis>
      </Axis>
      <Axis t="84">
        <Axis>
          <Y t="1">0.02718</Y>
          <Y t="2">0.04114</Y>
          <Y t="3">0.05815</Y>
          <Y t="4">0.07643</Y>
          <Y t="5">0.09006</Y>
          <Y t="6">0.10631</Y>
          <Y t="7">0.13466</Y>
          <Y t="8">0.16784</Y>
          <Y t="9">0.19117</Y>
          <Y t="10">0.20355</Y>
          <Y t="11">0.21464</Y>
          <Y t="12">0.22652</Y>
          <Y t="13">0.24113</Y>
          <Y t="14">0.25732</Y>
          <Y t="15">0.2753</Y>
          <Y t="16">0.29479</Y>
          <Y t="17">0.31552</Y>
          <Y t="18">0.33699</Y>
          <Y t="19">0.35854</Y>
          <Y t="20">0.37981</Y>
          <Y t="21">0.40044</Y>
          <Y t="22">0.42009</Y>
          <Y t="23">0.4384</Y>
          <Y t="24">0.45501</Y>
          <Y t="25">0.46956</Y>
        </Axis>
      </Axis>
      <Axis t="85">
        <Axis>
          <Y t="1">0.03023</Y>
          <Y t="2">0.04506</Y>
          <Y t="3">0.06297</Y>
          <Y t="4">0.08115</Y>
          <Y t="5">0.09653</Y>
          <Y t="6">0.12492</Y>
          <Y t="7">0.16001</Y>
          <Y t="8">0.18898</Y>
          <Y t="9">0.20355</Y>
          <Y t="10">0.21464</Y>
          <Y t="11">0.22652</Y>
          <Y t="12">0.24113</Y>
          <Y t="13">0.25732</Y>
          <Y t="14">0.2753</Y>
          <Y t="15">0.29479</Y>
          <Y t="16">0.31552</Y>
          <Y t="17">0.33699</Y>
          <Y t="18">0.35854</Y>
          <Y t="19">0.37981</Y>
          <Y t="20">0.40044</Y>
          <Y t="21">0.42009</Y>
          <Y t="22">0.4384</Y>
          <Y t="23">0.45501</Y>
          <Y t="24">0.46956</Y>
          <Y t="25">0.4817</Y>
        </Axis>
      </Axis>
      <Axis t="86">
        <Axis>
          <Y t="1">0.03363</Y>
          <Y t="2">0.04929</Y>
          <Y t="3">0.06787</Y>
          <Y t="4">0.08559</Y>
          <Y t="5">0.11378</Y>
          <Y t="6">0.14949</Y>
          <Y t="7">0.18463</Y>
          <Y t="8">0.20355</Y>
          <Y t="9">0.21464</Y>
          <Y t="10">0.22652</Y>
          <Y t="11">0.24113</Y>
          <Y t="12">0.25732</Y>
          <Y t="13">0.2753</Y>
          <Y t="14">0.29479</Y>
          <Y t="15">0.31552</Y>
          <Y t="16">0.33699</Y>
          <Y t="17">0.35854</Y>
          <Y t="18">0.37981</Y>
          <Y t="19">0.40044</Y>
          <Y t="20">0.42009</Y>
          <Y t="21">0.4384</Y>
          <Y t="22">0.45501</Y>
          <Y t="23">0.46956</Y>
          <Y t="24">0.4817</Y>
          <Y t="25">0.49107</Y>
        </Axis>
      </Axis>
      <Axis t="87">
        <Axis>
          <Y t="1">0.03738</Y>
          <Y t="2">0.05372</Y>
          <Y t="3">0.07265</Y>
          <Y t="4">0.09588</Y>
          <Y t="5">0.13627</Y>
          <Y t="6">0.17818</Y>
          <Y t="7">0.20355</Y>
          <Y t="8">0.21464</Y>
          <Y t="9">0.22652</Y>
          <Y t="10">0.24113</Y>
          <Y t="11">0.25732</Y>
          <Y t="12">0.2753</Y>
          <Y t="13">0.29479</Y>
          <Y t="14">0.31552</Y>
          <Y t="15">0.33699</Y>
          <Y t="16">0.35854</Y>
          <Y t="17">0.37981</Y>
          <Y t="18">0.40044</Y>
          <Y t="19">0.42009</Y>
          <Y t="20">0.4384</Y>
          <Y t="21">0.45501</Y>
          <Y t="22">0.46956</Y>
          <Y t="23">0.4817</Y>
          <Y t="24">0.49107</Y>
          <Y t="25">0.49731</Y>
        </Axis>
      </Axis>
      <Axis t="88">
        <Axis>
          <Y t="1">0.04142</Y>
          <Y t="2">0.05868</Y>
          <Y t="3">0.07724</Y>
          <Y t="4">0.11467</Y>
          <Y t="5">0.15885</Y>
          <Y t="6">0.20355</Y>
          <Y t="7">0.21464</Y>
          <Y t="8">0.22652</Y>
          <Y t="9">0.24113</Y>
          <Y t="10">0.25732</Y>
          <Y t="11">0.2753</Y>
          <Y t="12">0.29479</Y>
          <Y t="13">0.31552</Y>
          <Y t="14">0.33699</Y>
          <Y t="15">0.35854</Y>
          <Y t="16">0.37981</Y>
          <Y t="17">0.40044</Y>
          <Y t="18">0.42009</Y>
          <Y t="19">0.4384</Y>
          <Y t="20">0.45501</Y>
          <Y t="21">0.46956</Y>
          <Y t="22">0.4817</Y>
          <Y t="23">0.49107</Y>
          <Y t="24">0.49731</Y>
          <Y t="25">0.5</Y>
        </Axis>
      </Axis>
      <Axis t="89">
        <Axis>
          <Y t="1">0.04567</Y>
          <Y t="2">0.06428</Y>
          <Y t="3">0.0859</Y>
          <Y t="4">0.13763</Y>
          <Y t="5">0.19074</Y>
          <Y t="6">0.21464</Y>
          <Y t="7">0.22652</Y>
          <Y t="8">0.24113</Y>
          <Y t="9">0.25732</Y>
          <Y t="10">0.2753</Y>
          <Y t="11">0.29479</Y>
          <Y t="12">0.31552</Y>
          <Y t="13">0.33699</Y>
          <Y t="14">0.35854</Y>
          <Y t="15">0.37981</Y>
          <Y t="16">0.40044</Y>
          <Y t="17">0.42009</Y>
          <Y t="18">0.4384</Y>
          <Y t="19">0.45501</Y>
          <Y t="20">0.46956</Y>
          <Y t="21">0.4817</Y>
          <Y t="22">0.49107</Y>
          <Y t="23">0.49731</Y>
          <Y t="24">0.5</Y>
          <Y t="25">0.5</Y>
        </Axis>
      </Axis>
      <Axis t="90">
        <Axis>
          <Y t="1">0.05076</Y>
          <Y t="2">0.07251</Y>
          <Y t="3">0.11938</Y>
          <Y t="4">0.17825</Y>
          <Y t="5">0.21464</Y>
          <Y t="6">0.22652</Y>
          <Y t="7">0.24113</Y>
          <Y t="8">0.25732</Y>
          <Y t="9">0.2753</Y>
          <Y t="10">0.29479</Y>
          <Y t="11">0.31552</Y>
          <Y t="12">0.33699</Y>
          <Y t="13">0.35854</Y>
          <Y t="14">0.37981</Y>
          <Y t="15">0.40044</Y>
          <Y t="16">0.42009</Y>
          <Y t="17">0.4384</Y>
          <Y t="18">0.45501</Y>
          <Y t="19">0.46956</Y>
          <Y t="20">0.4817</Y>
          <Y t="21">0.49107</Y>
          <Y t="22">0.49731</Y>
          <Y t="23">0.5</Y>
          <Y t="24">0.5</Y>
          <Y t="25">0.5</Y>
        </Axis>
      </Axis>
      <Axis t="91">
        <Axis>
          <Y t="1">0.0585</Y>
          <Y t="2">0.095</Y>
          <Y t="3">0.17695</Y>
          <Y t="4">0.21464</Y>
          <Y t="5">0.22652</Y>
          <Y t="6">0.24113</Y>
          <Y t="7">0.25732</Y>
          <Y t="8">0.2753</Y>
          <Y t="9">0.29479</Y>
          <Y t="10">0.31552</Y>
          <Y t="11">0.33699</Y>
          <Y t="12">0.35854</Y>
          <Y t="13">0.37981</Y>
          <Y t="14">0.40044</Y>
          <Y t="15">0.42009</Y>
          <Y t="16">0.4384</Y>
          <Y t="17">0.45501</Y>
          <Y t="18">0.46956</Y>
          <Y t="19">0.4817</Y>
          <Y t="20">0.49107</Y>
          <Y t="21">0.49731</Y>
          <Y t="22">0.5</Y>
          <Y t="23">0.5</Y>
          <Y t="24">0.5</Y>
          <Y t="25">0.5</Y>
        </Axis>
      </Axis>
      <Axis t="92">
        <Axis>
          <Y t="1">0.07044</Y>
          <Y t="2">0.13226</Y>
          <Y t="3">0.21464</Y>
          <Y t="4">0.22652</Y>
          <Y t="5">0.24113</Y>
          <Y t="6">0.25732</Y>
          <Y t="7">0.2753</Y>
          <Y t="8">0.29479</Y>
          <Y t="9">0.31552</Y>
          <Y t="10">0.33699</Y>
          <Y t="11">0.35854</Y>
          <Y t="12">0.37981</Y>
          <Y t="13">0.40044</Y>
          <Y t="14">0.42009</Y>
          <Y t="15">0.4384</Y>
          <Y t="16">0.45501</Y>
          <Y t="17">0.46956</Y>
          <Y t="18">0.4817</Y>
          <Y t="19">0.49107</Y>
          <Y t="20">0.49731</Y>
          <Y t="21">0.5</Y>
          <Y t="22">0.5</Y>
          <Y t="23">0.5</Y>
          <Y t="24">0.5</Y>
          <Y t="25">0.5</Y>
        </Axis>
      </Axis>
      <Axis t="93">
        <Axis>
          <Y t="1">0.08713</Y>
          <Y t="2">0.16164</Y>
          <Y t="3">0.22652</Y>
          <Y t="4">0.24113</Y>
          <Y t="5">0.25732</Y>
          <Y t="6">0.2753</Y>
          <Y t="7">0.29479</Y>
          <Y t="8">0.31552</Y>
          <Y t="9">0.33699</Y>
          <Y t="10">0.35854</Y>
          <Y t="11">0.37981</Y>
          <Y t="12">0.40044</Y>
          <Y t="13">0.42009</Y>
          <Y t="14">0.4384</Y>
          <Y t="15">0.45501</Y>
          <Y t="16">0.46956</Y>
          <Y t="17">0.4817</Y>
          <Y t="18">0.49107</Y>
          <Y t="19">0.49731</Y>
          <Y t="20">0.5</Y>
          <Y t="21">0.5</Y>
          <Y t="22">0.5</Y>
          <Y t="23">0.5</Y>
          <Y t="24">0.5</Y>
          <Y t="25">0.5</Y>
        </Axis>
      </Axis>
      <Axis t="94">
        <Axis>
          <Y t="1">0.10886</Y>
          <Y t="2">0.19978</Y>
          <Y t="3">0.24113</Y>
          <Y t="4">0.25732</Y>
          <Y t="5">0.2753</Y>
          <Y t="6">0.29479</Y>
          <Y t="7">0.31552</Y>
          <Y t="8">0.33699</Y>
          <Y t="9">0.35854</Y>
          <Y t="10">0.37981</Y>
          <Y t="11">0.40044</Y>
          <Y t="12">0.42009</Y>
          <Y t="13">0.4384</Y>
          <Y t="14">0.45501</Y>
          <Y t="15">0.46956</Y>
          <Y t="16">0.4817</Y>
          <Y t="17">0.49107</Y>
          <Y t="18">0.49731</Y>
          <Y t="19">0.5</Y>
          <Y t="20">0.5</Y>
          <Y t="21">0.5</Y>
          <Y t="22">0.5</Y>
          <Y t="23">0.5</Y>
          <Y t="24">0.5</Y>
          <Y t="25">0.5</Y>
        </Axis>
      </Axis>
      <Axis t="95">
        <Axis>
          <Y t="1">0.13717</Y>
          <Y t="2">0.24113</Y>
          <Y t="3">0.25732</Y>
          <Y t="4">0.2753</Y>
          <Y t="5">0.29479</Y>
          <Y t="6">0.31552</Y>
          <Y t="7">0.33699</Y>
          <Y t="8">0.35854</Y>
          <Y t="9">0.37981</Y>
          <Y t="10">0.40044</Y>
          <Y t="11">0.42009</Y>
          <Y t="12">0.4384</Y>
          <Y t="13">0.45501</Y>
          <Y t="14">0.46956</Y>
          <Y t="15">0.4817</Y>
          <Y t="16">0.49107</Y>
          <Y t="17">0.49731</Y>
          <Y t="18">0.5</Y>
          <Y t="19">0.5</Y>
          <Y t="20">0.5</Y>
          <Y t="21">0.5</Y>
          <Y t="22">0.5</Y>
          <Y t="23">0.5</Y>
          <Y t="24">0.5</Y>
          <Y t="25">0.5</Y>
        </Axis>
      </Axis>
    </Values>
  </Table>
  <Table>
    <MetaData>
      <ScalingFactor>0</ScalingFactor>
      <DataType tc="2">Floating Point</DataType>
      <Nation tc="1">United States of America</Nation>
      <TableDescription>2017 Unloaded CSO Smoker Distinct Smoker, Male, Select and Ultimate Table. Basis: Age Last Birthday. Minimum Ultimate Age: 18. Maximum Ultimate Age: 120.</TableDescription>
      <AxisDef id="Age">
        <ScaleType tc="3">Age</ScaleType>
        <AxisName>Age</AxisName>
        <MinScaleValue>18</MinScaleValue>
        <MaxScaleValue>120</MaxScaleValue>
        <Increment>1</Increment>
      </AxisDef>
    </MetaData>
    <Values>
      <Axis>
        <Y t="18">0.00065</Y>
        <Y t="19">0.00068</Y>
        <Y t="20">0.00071</Y>
        <Y t="21">0.00073</Y>
        <Y t="22">0.00076</Y>
        <Y t="23">0.00079</Y>
        <Y t="24">0.00081</Y>
        <Y t="25">0.00083</Y>
        <Y t="26">0.00082</Y>
        <Y t="27">0.00081</Y>
        <Y t="28">0.0008</Y>
        <Y t="29">0.0008</Y>
        <Y t="30">0.00082</Y>
        <Y t="31">0.00086</Y>
        <Y t="32">0.00092</Y>
        <Y t="33">0.00099</Y>
        <Y t="34">0.00107</Y>
        <Y t="35">0.00116</Y>
        <Y t="36">0.00127</Y>
        <Y t="37">0.00139</Y>
        <Y t="38">0.00155</Y>
        <Y t="39">0.00175</Y>
        <Y t="40">0.00197</Y>
        <Y t="41">0.00219</Y>
        <Y t="42">0.0024</Y>
        <Y t="43">0.00259</Y>
        <Y t="44">0.00273</Y>
        <Y t="45">0.00288</Y>
        <Y t="46">0.00306</Y>
        <Y t="47">0.00326</Y>
        <Y t="48">0.00349</Y>
        <Y t="49">0.00374</Y>
        <Y t="50">0.00404</Y>
        <Y t="51">0.00437</Y>
        <Y t="52">0.00474</Y>
        <Y t="53">0.00516</Y>
        <Y t="54">0.00564</Y>
        <Y t="55">0.00617</Y>
        <Y t="56">0.00678</Y>
        <Y t="57">0.00748</Y>
        <Y t="58">0.00827</Y>
        <Y t="59">0.00917</Y>
        <Y t="60">0.01021</Y>
        <Y t="61">0.01139</Y>
        <Y t="62">0.01273</Y>
        <Y t="63">0.01419</Y>
        <Y t="64">0.01581</Y>
        <Y t="65">0.01757</Y>
        <Y t="66">0.01944</Y>
        <Y t="67">0.0214</Y>
        <Y t="68">0.0235</Y>
        <Y t="69">0.02581</Y>
        <Y t="70">0.02842</Y>
        <Y t="71">0.03138</Y>
        <Y t="72">0.03466</Y>
        <Y t="73">0.03819</Y>
        <Y t="74">0.04185</Y>
        <Y t="75">0.04553</Y>
        <Y t="76">0.04918</Y>
        <Y t="77">0.0528</Y>
        <Y t="78">0.05652</Y>
        <Y t="79">0.06046</Y>
        <Y t="80">0.06475</Y>
        <Y t="81">0.06932</Y>
        <Y t="82">0.07515</Y>
        <Y t="83">0.08272</Y>
        <Y t="84">0.09132</Y>
        <Y t="85">0.10108</Y>
        <Y t="86">0.11205</Y>
        <Y t="87">0.1242</Y>
        <Y t="88">0.13723</Y>
        <Y t="89">0.15078</Y>
        <Y t="90">0.16453</Y>
        <Y t="91">0.17806</Y>
        <Y t="92">0.19117</Y>
        <Y t="93">0.20355</Y>
        <Y t="94">0.21464</Y>
        <Y t="95">0.22652</Y>
        <Y t="96">0.24113</Y>
        <Y t="97">0.25732</Y>
        <Y t="98">0.2753</Y>
        <Y t="99">0.29479</Y>
        <Y t="100">0.31552</Y>
        <Y t="101">0.33699</Y>
        <Y t="102">0.35854</Y>
        <Y t="103">0.37981</Y>
        <Y t="104">0.40044</Y>
        <Y t="105">0.42009</Y>
        <Y t="106">0.4384</Y>
        <Y t="107">0.45501</Y>
        <Y t="108">0.46956</Y>
        <Y t="109">0.4817</Y>
        <Y t="110">0.49107</Y>
        <Y t="111">0.49731</Y>
        <Y t="112">0.5</Y>
        <Y t="113">0.5</Y>
        <Y t="114">0.5</Y>
        <Y t="115">0.5</Y>
        <Y t="116">0.5</Y>
        <Y t="117">0.5</Y>
        <Y t="118">0.5</Y>
        <Y t="119">0.5</Y>
        <Y t="120">0.5</Y>
      </Axis>
    </Values>
  </Table>
</XTbML>