﻿<?xml version="1.0" encoding="utf-8"?>
<XTbML>
  <ContentClassification>
    <TableIdentity>34039</TableIdentity>
    <ProviderDomain>soa.org</ProviderDomain>
    <ProviderName>Bertrand Cleuvenot</ProviderName>
    <TableReference>Eidgenössische Versicherungskasse Schweiz,  “Technische Grundlagen der Eidgenössischen Versicherungskasse EVK 1990”, Caisse Fédérale d'Assurance (1992). Reprinted by A.S.MacDonald , "The Second Actuarial Study of Mortality in Europe", Groupe Consultatif des Associations d’Actuaries des Pays Des Communautés Européennes (United Kingdom, 1997) Appendix. Accessed: February, 2013 from http://www.gcactuaries.org/documents/mortalitystudy1997.zip</TableReference>
    <ContentType tc="78">Annuitant Mortality</ContentType>
    <TableName>EVK90_F</TableName>
    <TableDescription>1990 Eidgenössische Versicherungskasse  (Federal Employees Pension Funds Mortality) – Female.  Minimum Age: 20. Maximum Age: 103</TableDescription>
    <Comments>Study Data: Federal Employees Pension Funds observed 1982 to 1987. Methodology: Not available at this time. Data Transcription Errors: None. Data Certified: 11/2013</Comments>
    <KeyWord>Aggregate</KeyWord>
    <KeyWord>Annuitant mortality</KeyWord>
    <KeyWord>Switzerland</KeyWord>
  </ContentClassification>
  <Table>
    <MetaData>
      <ScalingFactor>0</ScalingFactor>
      <DataType tc="2">Floating Point</DataType>
      <Nation tc="41">Switzerland</Nation>
      <TableDescription>1990 Eidgenössische Versicherungskasse  (Federal Employees Pension Funds Mortality) – Female.  Minimum Age: 20. Maximum Age: 103</TableDescription>
      <AxisDef id="Age">
        <ScaleType tc="3">Age</ScaleType>
        <AxisName>Age</AxisName>
        <MinScaleValue>20</MinScaleValue>
        <MaxScaleValue>103</MaxScaleValue>
        <Increment>1</Increment>
      </AxisDef>
    </MetaData>
    <Values>
      <Axis>
        <Y t="20">0.00040</Y>
        <Y t="21">0.00039</Y>
        <Y t="22">0.00038</Y>
        <Y t="23">0.00037</Y>
        <Y t="24">0.00036</Y>
        <Y t="25">0.00036</Y>
        <Y t="26">0.00035</Y>
        <Y t="27">0.00034</Y>
        <Y t="28">0.00033</Y>
        <Y t="29">0.00032</Y>
        <Y t="30">0.00032</Y>
        <Y t="31">0.00034</Y>
        <Y t="32">0.00036</Y>
        <Y t="33">0.00039</Y>
        <Y t="34">0.00043</Y>
        <Y t="35">0.00049</Y>
        <Y t="36">0.00056</Y>
        <Y t="37">0.00063</Y>
        <Y t="38">0.00071</Y>
        <Y t="39">0.00078</Y>
        <Y t="40">0.00085</Y>
        <Y t="41">0.00093</Y>
        <Y t="42">0.00101</Y>
        <Y t="43">0.00108</Y>
        <Y t="44">0.00116</Y>
        <Y t="45">0.00126</Y>
        <Y t="46">0.00136</Y>
        <Y t="47">0.00147</Y>
        <Y t="48">0.00160</Y>
        <Y t="49">0.00175</Y>
        <Y t="50">0.00194</Y>
        <Y t="51">0.00218</Y>
        <Y t="52">0.00247</Y>
        <Y t="53">0.00282</Y>
        <Y t="54">0.00325</Y>
        <Y t="55">0.00377</Y>
        <Y t="56">0.00430</Y>
        <Y t="57">0.00485</Y>
        <Y t="58">0.00536</Y>
        <Y t="59">0.00584</Y>
        <Y t="60">0.00619</Y>
        <Y t="61">0.00646</Y>
        <Y t="62">0.00668</Y>
        <Y t="63">0.00688</Y>
        <Y t="64">0.00709</Y>
        <Y t="65">0.00731</Y>
        <Y t="66">0.00758</Y>
        <Y t="67">0.00792</Y>
        <Y t="68">0.00839</Y>
        <Y t="69">0.00909</Y>
        <Y t="70">0.01010</Y>
        <Y t="71">0.01151</Y>
        <Y t="72">0.01334</Y>
        <Y t="73">0.01561</Y>
        <Y t="74">0.01834</Y>
        <Y t="75">0.02155</Y>
        <Y t="76">0.02525</Y>
        <Y t="77">0.02944</Y>
        <Y t="78">0.03412</Y>
        <Y t="79">0.03929</Y>
        <Y t="80">0.04495</Y>
        <Y t="81">0.05110</Y>
        <Y t="82">0.05775</Y>
        <Y t="83">0.06491</Y>
        <Y t="84">0.07259</Y>
        <Y t="85">0.08080</Y>
        <Y t="86">0.08956</Y>
        <Y t="87">0.09891</Y>
        <Y t="88">0.10894</Y>
        <Y t="89">0.11989</Y>
        <Y t="90">0.13221</Y>
        <Y t="91">0.14644</Y>
        <Y t="92">0.16328</Y>
        <Y t="93">0.18353</Y>
        <Y t="94">0.20809</Y>
        <Y t="95">0.23796</Y>
        <Y t="96">0.27424</Y>
        <Y t="97">0.31813</Y>
        <Y t="98">0.37093</Y>
        <Y t="99">0.43404</Y>
        <Y t="100">0.50896</Y>
        <Y t="101">0.59729</Y>
        <Y t="102">0.70073</Y>
        <Y t="103">1.00000</Y>
      </Axis>
    </Values>
  </Table>
</XTbML>