﻿<?xml version="1.0" encoding="utf-8"?>
<XTbML>
  <ContentClassification>
    <TableIdentity>34028</TableIdentity>
    <ProviderDomain>soa.org</ProviderDomain>
    <ProviderName>Tillinghast-Towers Perrin, Bertrand Cleuvenot</ProviderName>
    <TableReference></TableReference>
    <ContentType tc="84">Population Mortality</ContentType>
    <TableName>SM_60_70: Swiss Male</TableName>
    <TableDescription>TM-Country: Switzerland
Source of data: Population data
Volume of data: All male lives in Switzerland
Observation period: 1960 to 1970
Minimum age: 0
Maximum age: 107
Number of decimal places: 5
Hash value: -1057794375
</TableDescription>
    <Comments>Swiss population tables</Comments>
    <KeyWord>Aggregate</KeyWord>
    <KeyWord>Population mortality</KeyWord>
    <KeyWord>Switzerland</KeyWord>
  </ContentClassification>
  <Table>
    <MetaData>
      <ScalingFactor>0</ScalingFactor>
      <DataType tc="2">Floating Point</DataType>
      <Nation tc="41">Switzerland</Nation>
      <TableDescription>SM_60_70: Swiss Male-Aggregate</TableDescription>
      <AxisDef id="Age">
        <ScaleType tc="3">Age</ScaleType>
        <AxisName>Age</AxisName>
        <MinScaleValue>0</MinScaleValue>
        <MaxScaleValue>107</MaxScaleValue>
        <Increment>1</Increment>
      </AxisDef>
    </MetaData>
    <Values>
      <Axis>
        <Y t="0">0.02116</Y>
        <Y t="1">0.00161</Y>
        <Y t="2">0.00121</Y>
        <Y t="3">0.00108</Y>
        <Y t="4">0.00095</Y>
        <Y t="5">0.00084</Y>
        <Y t="6">0.00073</Y>
        <Y t="7">0.00061</Y>
        <Y t="8">0.00050</Y>
        <Y t="9">0.00041</Y>
        <Y t="10">0.00037</Y>
        <Y t="11">0.00037</Y>
        <Y t="12">0.00041</Y>
        <Y t="13">0.00050</Y>
        <Y t="14">0.00062</Y>
        <Y t="15">0.00077</Y>
        <Y t="16">0.00092</Y>
        <Y t="17">0.00109</Y>
        <Y t="18">0.00124</Y>
        <Y t="19">0.00137</Y>
        <Y t="20">0.00147</Y>
        <Y t="21">0.00154</Y>
        <Y t="22">0.00156</Y>
        <Y t="23">0.00155</Y>
        <Y t="24">0.00149</Y>
        <Y t="25">0.00142</Y>
        <Y t="26">0.00137</Y>
        <Y t="27">0.00135</Y>
        <Y t="28">0.00136</Y>
        <Y t="29">0.00138</Y>
        <Y t="30">0.00140</Y>
        <Y t="31">0.00144</Y>
        <Y t="32">0.00148</Y>
        <Y t="33">0.00154</Y>
        <Y t="34">0.00162</Y>
        <Y t="35">0.00172</Y>
        <Y t="36">0.00185</Y>
        <Y t="37">0.00200</Y>
        <Y t="38">0.00217</Y>
        <Y t="39">0.00237</Y>
        <Y t="40">0.00259</Y>
        <Y t="41">0.00283</Y>
        <Y t="42">0.00308</Y>
        <Y t="43">0.00336</Y>
        <Y t="44">0.00369</Y>
        <Y t="45">0.00406</Y>
        <Y t="46">0.00447</Y>
        <Y t="47">0.00491</Y>
        <Y t="48">0.00541</Y>
        <Y t="49">0.00598</Y>
        <Y t="50">0.00666</Y>
        <Y t="51">0.00743</Y>
        <Y t="52">0.00829</Y>
        <Y t="53">0.00923</Y>
        <Y t="54">0.01027</Y>
        <Y t="55">0.01141</Y>
        <Y t="56">0.01262</Y>
        <Y t="57">0.01390</Y>
        <Y t="58">0.01529</Y>
        <Y t="59">0.01684</Y>
        <Y t="60">0.01858</Y>
        <Y t="61">0.02050</Y>
        <Y t="62">0.02258</Y>
        <Y t="63">0.02484</Y>
        <Y t="64">0.02729</Y>
        <Y t="65">0.02998</Y>
        <Y t="66">0.03283</Y>
        <Y t="67">0.03582</Y>
        <Y t="68">0.03905</Y>
        <Y t="69">0.04264</Y>
        <Y t="70">0.04668</Y>
        <Y t="71">0.05108</Y>
        <Y t="72">0.05579</Y>
        <Y t="73">0.06093</Y>
        <Y t="74">0.06661</Y>
        <Y t="75">0.07297</Y>
        <Y t="76">0.07993</Y>
        <Y t="77">0.08740</Y>
        <Y t="78">0.09551</Y>
        <Y t="79">0.10437</Y>
        <Y t="80">0.11411</Y>
        <Y t="81">0.12481</Y>
        <Y t="82">0.13639</Y>
        <Y t="83">0.14878</Y>
        <Y t="84">0.16192</Y>
        <Y t="85">0.17574</Y>
        <Y t="86">0.19029</Y>
        <Y t="87">0.20559</Y>
        <Y t="88">0.22165</Y>
        <Y t="89">0.23849</Y>
        <Y t="90">0.25612</Y>
        <Y t="91">0.27455</Y>
        <Y t="92">0.29379</Y>
        <Y t="93">0.31382</Y>
        <Y t="94">0.33464</Y>
        <Y t="95">0.35624</Y>
        <Y t="96">0.37860</Y>
        <Y t="97">0.40169</Y>
        <Y t="98">0.42546</Y>
        <Y t="99">0.44987</Y>
        <Y t="100">0.44987</Y>
        <Y t="101">0.47486</Y>
        <Y t="102">0.50037</Y>
        <Y t="103">0.52632</Y>
        <Y t="104">0.55262</Y>
        <Y t="105">0.57916</Y>
        <Y t="106">0.60585</Y>
        <Y t="107">1.00000</Y>
      </Axis>
    </Values>
  </Table>
</XTbML>