﻿<?xml version="1.0" encoding="utf-8"?>
<XTbML>
  <ContentClassification>
    <TableIdentity>34006</TableIdentity>
    <ProviderDomain>soa.org</ProviderDomain>
    <ProviderName>Bertrand Cleuvenot</ProviderName>
    <TableReference>Statistique de la Suisse, “Tables de Mortalité Historiques des Femmes, Pour Les Années 1876/1880 à 1988/1993”, L’Office Fédéral de la Statistique (Neuchâtel, 2005).  Accessed: March, 2014 from http://www.bfs.admin.ch/bfs/portal/fr/index/themen/01/06/blank/dos/la_mortalite_en_suisse/tabl01.parsys.0006.downloadList.00061.DownloadFile.tmp/tablesmortalitesuisse187680198893hommes.xls</TableReference>
    <ContentType tc="84">Population Mortality</ContentType>
    <TableName>TM_1889_1900_M</TableName>
    <TableDescription>Tables de Mortalité pour la Suisse 1889-1900 – Hommes (Males). Minimum Age: 0. Maximum Age: 97</TableDescription>
    <Comments>Study Data: After each federal census of population, from the period 1876/1880 and after, the Federal Statistical Office (FSO) establishes tables of the resident population in Switzerland, for a period of six years, where the center of the range is formed by the census year.  In a small country like Switzerland, the number of recorded deaths at each age and the number of residents at different ages are too low to allow for the calculation of values ​​to make actuarial analysis, epidemiological and demographic specific. Mortality tables compiled from observations spanning six years around a census make it possible to obtain more reliable values ​​for a detailed study of mortality in Switzerland. Methodology: Not Available at this time. Data Transcription Errors Detected: 03/2014. Data Corrected and Certified: 03/2014</Comments>
    <KeyWord>Aggregate</KeyWord>
    <KeyWord>Population mortality</KeyWord>
    <KeyWord>Switzerland</KeyWord>
  </ContentClassification>
  <Table>
    <MetaData>
      <ScalingFactor>0</ScalingFactor>
      <DataType tc="2">Floating Point</DataType>
      <Nation tc="41">Switzerland</Nation>
      <TableDescription>Tables de Mortalité pour la Suisse 1889-1900 – Hommes (Males). Minimum Age: 0. Maximum Age: 97</TableDescription>
      <AxisDef id="Age">
        <ScaleType tc="3">Age</ScaleType>
        <AxisName>Age</AxisName>
        <MinScaleValue>0</MinScaleValue>
        <MaxScaleValue>97</MaxScaleValue>
        <Increment>1</Increment>
      </AxisDef>
    </MetaData>
    <Values>
      <Axis>
        <Y t="0">0.16500</Y>
        <Y t="1">0.02891</Y>
        <Y t="2">0.01351</Y>
        <Y t="3">0.00986</Y>
        <Y t="4">0.00725</Y>
        <Y t="5">0.00552</Y>
        <Y t="6">0.00498</Y>
        <Y t="7">0.00429</Y>
        <Y t="8">0.00377</Y>
        <Y t="9">0.00332</Y>
        <Y t="10">0.00301</Y>
        <Y t="11">0.00277</Y>
        <Y t="12">0.00263</Y>
        <Y t="13">0.00259</Y>
        <Y t="14">0.00273</Y>
        <Y t="15">0.00307</Y>
        <Y t="16">0.00362</Y>
        <Y t="17">0.00426</Y>
        <Y t="18">0.00490</Y>
        <Y t="19">0.00537</Y>
        <Y t="20">0.00567</Y>
        <Y t="21">0.00582</Y>
        <Y t="22">0.00601</Y>
        <Y t="23">0.00618</Y>
        <Y t="24">0.00640</Y>
        <Y t="25">0.00648</Y>
        <Y t="26">0.00661</Y>
        <Y t="27">0.00670</Y>
        <Y t="28">0.00689</Y>
        <Y t="29">0.00704</Y>
        <Y t="30">0.00724</Y>
        <Y t="31">0.00748</Y>
        <Y t="32">0.00786</Y>
        <Y t="33">0.00829</Y>
        <Y t="34">0.00870</Y>
        <Y t="35">0.00907</Y>
        <Y t="36">0.00950</Y>
        <Y t="37">0.01000</Y>
        <Y t="38">0.01051</Y>
        <Y t="39">0.01096</Y>
        <Y t="40">0.01140</Y>
        <Y t="41">0.01191</Y>
        <Y t="42">0.01256</Y>
        <Y t="43">0.01335</Y>
        <Y t="44">0.01413</Y>
        <Y t="45">0.01486</Y>
        <Y t="46">0.01543</Y>
        <Y t="47">0.01618</Y>
        <Y t="48">0.01699</Y>
        <Y t="49">0.01808</Y>
        <Y t="50">0.01917</Y>
        <Y t="51">0.02047</Y>
        <Y t="52">0.02169</Y>
        <Y t="53">0.02292</Y>
        <Y t="54">0.02411</Y>
        <Y t="55">0.02554</Y>
        <Y t="56">0.02705</Y>
        <Y t="57">0.02881</Y>
        <Y t="58">0.03065</Y>
        <Y t="59">0.03299</Y>
        <Y t="60">0.03550</Y>
        <Y t="61">0.03831</Y>
        <Y t="62">0.04104</Y>
        <Y t="63">0.04409</Y>
        <Y t="64">0.04765</Y>
        <Y t="65">0.05176</Y>
        <Y t="66">0.05599</Y>
        <Y t="67">0.06008</Y>
        <Y t="68">0.06440</Y>
        <Y t="69">0.06957</Y>
        <Y t="70">0.07557</Y>
        <Y t="71">0.08247</Y>
        <Y t="72">0.08949</Y>
        <Y t="73">0.09750</Y>
        <Y t="74">0.10575</Y>
        <Y t="75">0.11551</Y>
        <Y t="76">0.12524</Y>
        <Y t="77">0.13572</Y>
        <Y t="78">0.14634</Y>
        <Y t="79">0.15833</Y>
        <Y t="80">0.17187</Y>
        <Y t="81">0.18516</Y>
        <Y t="82">0.19897</Y>
        <Y t="83">0.21205</Y>
        <Y t="84">0.22831</Y>
        <Y t="85">0.24457</Y>
        <Y t="86">0.26260</Y>
        <Y t="87">0.27909</Y>
        <Y t="88">0.29806</Y>
        <Y t="89">0.31707</Y>
        <Y t="90">0.33863</Y>
        <Y t="91">0.35274</Y>
        <Y t="92">0.35982</Y>
        <Y t="93">0.36620</Y>
        <Y t="94">0.38575</Y>
        <Y t="95">0.42351</Y>
        <Y t="96">0.47988</Y>
        <Y t="97">0.54796</Y>
      </Axis>
    </Values>
  </Table>
</XTbML>