﻿<?xml version="1.0" encoding="utf-8"?>
<XTbML>
  <ContentClassification>
    <TableIdentity>34014</TableIdentity>
    <ProviderDomain>soa.org</ProviderDomain>
    <ProviderName>Tillinghast-Towers Perrin, Bertrand Cleuvenot</ProviderName>
    <TableReference></TableReference>
    <ContentType tc="84">Population Mortality</ContentType>
    <TableName>SM_21_30: Swiss Male</TableName>
    <TableDescription>TM-Country: Switzerland
Source of data: Population data
Volume of data: All male lives in Switzerland
Observation period: 1921 to 1930
Minimum age: 0
Maximum age: 106
Number of decimal places: 5
Hash value: -1963447145
</TableDescription>
    <Comments>Swiss population tables</Comments>
    <KeyWord>Aggregate</KeyWord>
    <KeyWord>Population mortality</KeyWord>
    <KeyWord>Switzerland</KeyWord>
  </ContentClassification>
  <Table>
    <MetaData>
      <ScalingFactor>0</ScalingFactor>
      <DataType tc="2">Floating Point</DataType>
      <Nation tc="41">Switzerland</Nation>
      <TableDescription>SM_21_30: Swiss Male-Aggregate</TableDescription>
      <AxisDef id="Age">
        <ScaleType tc="3">Age</ScaleType>
        <AxisName>Age</AxisName>
        <MinScaleValue>0</MinScaleValue>
        <MaxScaleValue>106</MaxScaleValue>
        <Increment>1</Increment>
      </AxisDef>
    </MetaData>
    <Values>
      <Axis>
        <Y t="0">0.06665</Y>
        <Y t="1">0.01013</Y>
        <Y t="2">0.00496</Y>
        <Y t="3">0.00342</Y>
        <Y t="4">0.00288</Y>
        <Y t="5">0.00244</Y>
        <Y t="6">0.00218</Y>
        <Y t="7">0.00198</Y>
        <Y t="8">0.00183</Y>
        <Y t="9">0.00169</Y>
        <Y t="10">0.00155</Y>
        <Y t="11">0.00143</Y>
        <Y t="12">0.00139</Y>
        <Y t="13">0.00149</Y>
        <Y t="14">0.00171</Y>
        <Y t="15">0.00198</Y>
        <Y t="16">0.00230</Y>
        <Y t="17">0.00273</Y>
        <Y t="18">0.00310</Y>
        <Y t="19">0.00343</Y>
        <Y t="20">0.00365</Y>
        <Y t="21">0.00380</Y>
        <Y t="22">0.00390</Y>
        <Y t="23">0.00396</Y>
        <Y t="24">0.00397</Y>
        <Y t="25">0.00394</Y>
        <Y t="26">0.00392</Y>
        <Y t="27">0.00394</Y>
        <Y t="28">0.00398</Y>
        <Y t="29">0.00404</Y>
        <Y t="30">0.00412</Y>
        <Y t="31">0.00421</Y>
        <Y t="32">0.00435</Y>
        <Y t="33">0.00450</Y>
        <Y t="34">0.00466</Y>
        <Y t="35">0.00486</Y>
        <Y t="36">0.00509</Y>
        <Y t="37">0.00537</Y>
        <Y t="38">0.00569</Y>
        <Y t="39">0.00604</Y>
        <Y t="40">0.00643</Y>
        <Y t="41">0.00687</Y>
        <Y t="42">0.00737</Y>
        <Y t="43">0.00793</Y>
        <Y t="44">0.00854</Y>
        <Y t="45">0.00921</Y>
        <Y t="46">0.00993</Y>
        <Y t="47">0.01073</Y>
        <Y t="48">0.01157</Y>
        <Y t="49">0.01247</Y>
        <Y t="50">0.01344</Y>
        <Y t="51">0.01449</Y>
        <Y t="52">0.01563</Y>
        <Y t="53">0.01685</Y>
        <Y t="54">0.01812</Y>
        <Y t="55">0.01950</Y>
        <Y t="56">0.02100</Y>
        <Y t="57">0.02268</Y>
        <Y t="58">0.02447</Y>
        <Y t="59">0.02637</Y>
        <Y t="60">0.02843</Y>
        <Y t="61">0.03072</Y>
        <Y t="62">0.03332</Y>
        <Y t="63">0.03618</Y>
        <Y t="64">0.03924</Y>
        <Y t="65">0.04258</Y>
        <Y t="66">0.04629</Y>
        <Y t="67">0.05043</Y>
        <Y t="68">0.05492</Y>
        <Y t="69">0.05970</Y>
        <Y t="70">0.06491</Y>
        <Y t="71">0.07071</Y>
        <Y t="72">0.07723</Y>
        <Y t="73">0.08451</Y>
        <Y t="74">0.09245</Y>
        <Y t="75">0.10100</Y>
        <Y t="76">0.11012</Y>
        <Y t="77">0.11977</Y>
        <Y t="78">0.12982</Y>
        <Y t="79">0.14032</Y>
        <Y t="80">0.15142</Y>
        <Y t="81">0.16332</Y>
        <Y t="82">0.17619</Y>
        <Y t="83">0.19060</Y>
        <Y t="84">0.20645</Y>
        <Y t="85">0.22286</Y>
        <Y t="86">0.23896</Y>
        <Y t="87">0.25387</Y>
        <Y t="88">0.26727</Y>
        <Y t="89">0.27971</Y>
        <Y t="90">0.29173</Y>
        <Y t="91">0.30382</Y>
        <Y t="92">0.31648</Y>
        <Y t="93">0.32914</Y>
        <Y t="94">0.34230</Y>
        <Y t="95">0.35599</Y>
        <Y t="96">0.37023</Y>
        <Y t="97">0.38504</Y>
        <Y t="98">0.40044</Y>
        <Y t="99">0.41646</Y>
        <Y t="100">0.43312</Y>
        <Y t="101">0.45044</Y>
        <Y t="102">0.46846</Y>
        <Y t="103">0.48720</Y>
        <Y t="104">0.50669</Y>
        <Y t="105">0.52696</Y>
        <Y t="106">1.00000</Y>
      </Axis>
    </Values>
  </Table>
</XTbML>