﻿<?xml version="1.0" encoding="utf-8"?>
<XTbML>
  <ContentClassification>
    <TableIdentity>34029</TableIdentity>
    <ProviderDomain>soa.org</ProviderDomain>
    <ProviderName>Bertrand Cleuvenot</ProviderName>
    <TableReference>Statistique de la Suisse, “Tables de Mortalité Historiques des Femmes, Pour Les Années 1876/1880 à 1988/1993”, L’Office Fédéral de la Statistique (Neuchâtel, 2005).  Accessed: March, 2014 from http://www.bfs.admin.ch/bfs/portal/fr/index/themen/01/06/blank/dos/la_mortalite_en_suisse/tabl01.parsys.0006.downloadList.00061.DownloadFile.tmp/tablesmortalitesuisse187680198893femmes.xls</TableReference>
    <ContentType tc="84">Population Mortality</ContentType>
    <TableName>TM_1968_73_F</TableName>
    <TableDescription>Tables de Mortalité pour la Suisse 1968-73 – Femmes (Females). Minimum Age: 0. Maximum Age: 100</TableDescription>
    <Comments>Study Data: After each federal census of population, from the period 1876/1880 and after, the Federal Statistical Office (FSO) establishes tables of the resident population in Switzerland, for a period of six years, where the center of the range is formed by the census year.  In a small country like Switzerland, the number of recorded deaths at each age and the number of residents at different ages are too low to allow for the calculation of values ​​to make actuarial analysis, epidemiological and demographic specific. Mortality tables compiled from observations spanning six years around a census make it possible to obtain more reliable values ​​for a detailed study of mortality in Switzerland. Methodology: Not Available at this time. Data Transcription Errors Detected: 03/2014. Data Corrected and Certified: 03/2014</Comments>
    <KeyWord>Aggregate</KeyWord>
    <KeyWord>Population mortality</KeyWord>
    <KeyWord>Switzerland</KeyWord>
  </ContentClassification>
  <Table>
    <MetaData>
      <ScalingFactor>0</ScalingFactor>
      <DataType tc="2">Floating Point</DataType>
      <Nation tc="41">Switzerland</Nation>
      <TableDescription>Tables de Mortalité pour la Suisse 1968-73 – Femmes (Females). Minimum Age: 0. Maximum Age: 100</TableDescription>
      <AxisDef id="Age">
        <ScaleType tc="3">Age</ScaleType>
        <AxisName>Age</AxisName>
        <MinScaleValue>0</MinScaleValue>
        <MaxScaleValue>100</MaxScaleValue>
        <Increment>1</Increment>
      </AxisDef>
    </MetaData>
    <Values>
      <Axis>
        <Y t="0">0.012978</Y>
        <Y t="1">0.001035</Y>
        <Y t="2">0.000696</Y>
        <Y t="3">0.000627</Y>
        <Y t="4">0.000559</Y>
        <Y t="5">0.000492</Y>
        <Y t="6">0.000426</Y>
        <Y t="7">0.000365</Y>
        <Y t="8">0.000314</Y>
        <Y t="9">0.000278</Y>
        <Y t="10">0.000259</Y>
        <Y t="11">0.000257</Y>
        <Y t="12">0.000270</Y>
        <Y t="13">0.000296</Y>
        <Y t="14">0.000331</Y>
        <Y t="15">0.000370</Y>
        <Y t="16">0.000411</Y>
        <Y t="17">0.000447</Y>
        <Y t="18">0.000477</Y>
        <Y t="19">0.000497</Y>
        <Y t="20">0.000506</Y>
        <Y t="21">0.000504</Y>
        <Y t="22">0.000493</Y>
        <Y t="23">0.000478</Y>
        <Y t="24">0.000467</Y>
        <Y t="25">0.000469</Y>
        <Y t="26">0.000482</Y>
        <Y t="27">0.000503</Y>
        <Y t="28">0.000530</Y>
        <Y t="29">0.000560</Y>
        <Y t="30">0.000590</Y>
        <Y t="31">0.000624</Y>
        <Y t="32">0.000664</Y>
        <Y t="33">0.000711</Y>
        <Y t="34">0.000769</Y>
        <Y t="35">0.000836</Y>
        <Y t="36">0.000910</Y>
        <Y t="37">0.000994</Y>
        <Y t="38">0.001090</Y>
        <Y t="39">0.001200</Y>
        <Y t="40">0.001322</Y>
        <Y t="41">0.001455</Y>
        <Y t="42">0.001602</Y>
        <Y t="43">0.001766</Y>
        <Y t="44">0.001951</Y>
        <Y t="45">0.002156</Y>
        <Y t="46">0.002378</Y>
        <Y t="47">0.002619</Y>
        <Y t="48">0.002882</Y>
        <Y t="49">0.003169</Y>
        <Y t="50">0.003474</Y>
        <Y t="51">0.003795</Y>
        <Y t="52">0.004142</Y>
        <Y t="53">0.004522</Y>
        <Y t="54">0.004945</Y>
        <Y t="55">0.005391</Y>
        <Y t="56">0.005855</Y>
        <Y t="57">0.006364</Y>
        <Y t="58">0.006948</Y>
        <Y t="59">0.007634</Y>
        <Y t="60">0.008380</Y>
        <Y t="61">0.009168</Y>
        <Y t="62">0.010060</Y>
        <Y t="63">0.011120</Y>
        <Y t="64">0.012413</Y>
        <Y t="65">0.013878</Y>
        <Y t="66">0.015472</Y>
        <Y t="67">0.017285</Y>
        <Y t="68">0.019410</Y>
        <Y t="69">0.021938</Y>
        <Y t="70">0.024773</Y>
        <Y t="71">0.027856</Y>
        <Y t="72">0.031327</Y>
        <Y t="73">0.035328</Y>
        <Y t="74">0.039999</Y>
        <Y t="75">0.045235</Y>
        <Y t="76">0.050940</Y>
        <Y t="77">0.057275</Y>
        <Y t="78">0.064400</Y>
        <Y t="79">0.072474</Y>
        <Y t="80">0.081492</Y>
        <Y t="81">0.091274</Y>
        <Y t="82">0.101864</Y>
        <Y t="83">0.113304</Y>
        <Y t="84">0.125625</Y>
        <Y t="85">0.138901</Y>
        <Y t="86">0.152981</Y>
        <Y t="87">0.167906</Y>
        <Y t="88">0.183707</Y>
        <Y t="89">0.200410</Y>
        <Y t="90">0.218040</Y>
        <Y t="91">0.236616</Y>
        <Y t="92">0.256154</Y>
        <Y t="93">0.276663</Y>
        <Y t="94">0.298147</Y>
        <Y t="95">0.320600</Y>
        <Y t="96">0.344008</Y>
        <Y t="97">0.368348</Y>
        <Y t="98">0.393585</Y>
        <Y t="99">0.419671</Y>
        <Y t="100">0.446546</Y>
      </Axis>
    </Values>
  </Table>
</XTbML>