﻿<?xml version="1.0" encoding="utf-8"?>
<XTbML>
  <ContentClassification>
    <TableIdentity>34015</TableIdentity>
    <ProviderDomain>soa.org</ProviderDomain>
    <ProviderName>Bertrand Cleuvenot</ProviderName>
    <TableReference>Statistique de la Suisse, “Tables de Mortalité Historiques des Femmes, Pour Les Années 1876/1880 à 1988/1993”, L’Office Fédéral de la Statistique (Neuchâtel, 2005).  Accessed: March, 2014 from http://www.bfs.admin.ch/bfs/portal/fr/index/themen/01/06/blank/dos/la_mortalite_en_suisse/tabl01.parsys.0006.downloadList.00061.DownloadFile.tmp/tablesmortalitesuisse187680198893femmes.xls</TableReference>
    <ContentType tc="84">Population Mortality</ContentType>
    <TableName>TM_1929_32_F</TableName>
    <TableDescription>Tables de Mortalité pour la Suisse 1929-32 – Femmes (Females). Minimum Age: 0. Maximum Age: 100</TableDescription>
    <Comments>Study Data: After each federal census of population, from the period 1876/1880 and after, the Federal Statistical Office (FSO) establishes tables of the resident population in Switzerland, for a period of six years, where the center of the range is formed by the census year.  In a small country like Switzerland, the number of recorded deaths at each age and the number of residents at different ages are too low to allow for the calculation of values ​​to make actuarial analysis, epidemiological and demographic specific. Mortality tables compiled from observations spanning six years around a census make it possible to obtain more reliable values ​​for a detailed study of mortality in Switzerland. Methodology: Not Available at this time. Data Transcription Errors: None. Data Certified: 03/2014</Comments>
    <KeyWord>Aggregate</KeyWord>
    <KeyWord>Population mortality</KeyWord>
    <KeyWord>Switzerland</KeyWord>
  </ContentClassification>
  <Table>
    <MetaData>
      <ScalingFactor>0</ScalingFactor>
      <DataType tc="2">Floating Point</DataType>
      <Nation tc="41">Switzerland</Nation>
      <TableDescription>Tables de Mortalité pour la Suisse 1929-32 – Femmes (Females). Minimum Age: 0. Maximum Age: 100</TableDescription>
      <AxisDef id="Age">
        <ScaleType tc="3">Age</ScaleType>
        <AxisName>Age</AxisName>
        <MinScaleValue>0</MinScaleValue>
        <MaxScaleValue>100</MaxScaleValue>
        <Increment>1</Increment>
      </AxisDef>
    </MetaData>
    <Values>
      <Axis>
        <Y t="0">0.04412</Y>
        <Y t="1">0.00735</Y>
        <Y t="2">0.00410</Y>
        <Y t="3">0.00281</Y>
        <Y t="4">0.00236</Y>
        <Y t="5">0.00208</Y>
        <Y t="6">0.00184</Y>
        <Y t="7">0.00165</Y>
        <Y t="8">0.00150</Y>
        <Y t="9">0.00136</Y>
        <Y t="10">0.00120</Y>
        <Y t="11">0.00111</Y>
        <Y t="12">0.00119</Y>
        <Y t="13">0.00135</Y>
        <Y t="14">0.00157</Y>
        <Y t="15">0.00182</Y>
        <Y t="16">0.00211</Y>
        <Y t="17">0.00239</Y>
        <Y t="18">0.00264</Y>
        <Y t="19">0.00286</Y>
        <Y t="20">0.00305</Y>
        <Y t="21">0.00323</Y>
        <Y t="22">0.00340</Y>
        <Y t="23">0.00354</Y>
        <Y t="24">0.00366</Y>
        <Y t="25">0.00373</Y>
        <Y t="26">0.00374</Y>
        <Y t="27">0.00369</Y>
        <Y t="28">0.00362</Y>
        <Y t="29">0.00357</Y>
        <Y t="30">0.00356</Y>
        <Y t="31">0.00362</Y>
        <Y t="32">0.00371</Y>
        <Y t="33">0.00383</Y>
        <Y t="34">0.00390</Y>
        <Y t="35">0.00396</Y>
        <Y t="36">0.00404</Y>
        <Y t="37">0.00414</Y>
        <Y t="38">0.00425</Y>
        <Y t="39">0.00436</Y>
        <Y t="40">0.00450</Y>
        <Y t="41">0.00468</Y>
        <Y t="42">0.00492</Y>
        <Y t="43">0.00524</Y>
        <Y t="44">0.00561</Y>
        <Y t="45">0.00602</Y>
        <Y t="46">0.00649</Y>
        <Y t="47">0.00700</Y>
        <Y t="48">0.00753</Y>
        <Y t="49">0.00808</Y>
        <Y t="50">0.00869</Y>
        <Y t="51">0.00938</Y>
        <Y t="52">0.01017</Y>
        <Y t="53">0.01105</Y>
        <Y t="54">0.01200</Y>
        <Y t="55">0.01305</Y>
        <Y t="56">0.01420</Y>
        <Y t="57">0.01548</Y>
        <Y t="58">0.01683</Y>
        <Y t="59">0.01823</Y>
        <Y t="60">0.01978</Y>
        <Y t="61">0.02156</Y>
        <Y t="62">0.02366</Y>
        <Y t="63">0.02603</Y>
        <Y t="64">0.02859</Y>
        <Y t="65">0.03145</Y>
        <Y t="66">0.03470</Y>
        <Y t="67">0.03844</Y>
        <Y t="68">0.04263</Y>
        <Y t="69">0.04720</Y>
        <Y t="70">0.05221</Y>
        <Y t="71">0.05773</Y>
        <Y t="72">0.06384</Y>
        <Y t="73">0.07043</Y>
        <Y t="74">0.07747</Y>
        <Y t="75">0.08509</Y>
        <Y t="76">0.09342</Y>
        <Y t="77">0.10262</Y>
        <Y t="78">0.11267</Y>
        <Y t="79">0.12347</Y>
        <Y t="80">0.13504</Y>
        <Y t="81">0.14741</Y>
        <Y t="82">0.16057</Y>
        <Y t="83">0.17507</Y>
        <Y t="84">0.19087</Y>
        <Y t="85">0.20721</Y>
        <Y t="86">0.22330</Y>
        <Y t="87">0.23839</Y>
        <Y t="88">0.25205</Y>
        <Y t="89">0.26541</Y>
        <Y t="90">0.27847</Y>
        <Y t="91">0.29124</Y>
        <Y t="92">0.30372</Y>
        <Y t="93">0.31593</Y>
        <Y t="94">0.32787</Y>
        <Y t="95">0.33954</Y>
        <Y t="96">0.35095</Y>
        <Y t="97">0.36210</Y>
        <Y t="98">0.39365</Y>
        <Y t="99">0.42795</Y>
        <Y t="100">0.46524</Y>
      </Axis>
    </Values>
  </Table>
</XTbML>