﻿<?xml version="1.0" encoding="utf-8"?>
<XTbML>
  <ContentClassification>
    <TableIdentity>34012</TableIdentity>
    <ProviderDomain>soa.org</ProviderDomain>
    <ProviderName>Bertrand Cleuvenot</ProviderName>
    <TableReference>Statistique de la Suisse, “Tables de Mortalité Historiques des Femmes, Pour Les Années 1876/1880 à 1988/1993”, L’Office Fédéral de la Statistique (Neuchâtel, 2005).  Accessed: March, 2014 from http://www.bfs.admin.ch/bfs/portal/fr/index/themen/01/06/blank/dos/la_mortalite_en_suisse/tabl01.parsys.0006.downloadList.00061.DownloadFile.tmp/tablesmortalitesuisse187680198893hommes.xls</TableReference>
    <ContentType tc="84">Population Mortality</ContentType>
    <TableName>TM_1920_21_M</TableName>
    <TableDescription>Tables de Mortalité pour la Suisse 1920-1921 – Hommes (Males). Minimum Age: 0. Maximum Age: 100</TableDescription>
    <Comments>Study Data: After each federal census of population, from the period 1876/1880 and after, the Federal Statistical Office (FSO) establishes tables of the resident population in Switzerland, for a period of six years, where the center of the range is formed by the census year.  In a small country like Switzerland, the number of recorded deaths at each age and the number of residents at different ages are too low to allow for the calculation of values ​​to make actuarial analysis, epidemiological and demographic specific. Mortality tables compiled from observations spanning six years around a census make it possible to obtain more reliable values ​​for a detailed study of mortality in Switzerland. Methodology: Not Available at this time. Data Transcription Errors Detected: 03/2014. Data Corrected and Certified: 03/2014</Comments>
    <KeyWord>Aggregate</KeyWord>
    <KeyWord>Population mortality</KeyWord>
    <KeyWord>Switzerland</KeyWord>
  </ContentClassification>
  <Table>
    <MetaData>
      <ScalingFactor>0</ScalingFactor>
      <DataType tc="2">Floating Point</DataType>
      <Nation tc="41">Switzerland</Nation>
      <TableDescription>Tables de Mortalité pour la Suisse 1920-1921 – Hommes (Males). Minimum Age: 0. Maximum Age: 100</TableDescription>
      <AxisDef id="Age">
        <ScaleType tc="3">Age</ScaleType>
        <AxisName>Age</AxisName>
        <MinScaleValue>0</MinScaleValue>
        <MaxScaleValue>100</MaxScaleValue>
        <Increment>1</Increment>
      </AxisDef>
    </MetaData>
    <Values>
      <Axis>
        <Y t="0">0.09051</Y>
        <Y t="1">0.01593</Y>
        <Y t="2">0.00656</Y>
        <Y t="3">0.00543</Y>
        <Y t="4">0.00399</Y>
        <Y t="5">0.00376</Y>
        <Y t="6">0.00313</Y>
        <Y t="7">0.00276</Y>
        <Y t="8">0.00257</Y>
        <Y t="9">0.00236</Y>
        <Y t="10">0.00218</Y>
        <Y t="11">0.00213</Y>
        <Y t="12">0.00210</Y>
        <Y t="13">0.00214</Y>
        <Y t="14">0.00238</Y>
        <Y t="15">0.00268</Y>
        <Y t="16">0.00303</Y>
        <Y t="17">0.00351</Y>
        <Y t="18">0.00376</Y>
        <Y t="19">0.00382</Y>
        <Y t="20">0.00389</Y>
        <Y t="21">0.00396</Y>
        <Y t="22">0.00405</Y>
        <Y t="23">0.00414</Y>
        <Y t="24">0.00423</Y>
        <Y t="25">0.00434</Y>
        <Y t="26">0.00445</Y>
        <Y t="27">0.00458</Y>
        <Y t="28">0.00472</Y>
        <Y t="29">0.00487</Y>
        <Y t="30">0.00504</Y>
        <Y t="31">0.00522</Y>
        <Y t="32">0.00541</Y>
        <Y t="33">0.00563</Y>
        <Y t="34">0.00587</Y>
        <Y t="35">0.00613</Y>
        <Y t="36">0.00642</Y>
        <Y t="37">0.00671</Y>
        <Y t="38">0.00705</Y>
        <Y t="39">0.00743</Y>
        <Y t="40">0.00781</Y>
        <Y t="41">0.00825</Y>
        <Y t="42">0.00873</Y>
        <Y t="43">0.00926</Y>
        <Y t="44">0.00984</Y>
        <Y t="45">0.01047</Y>
        <Y t="46">0.01114</Y>
        <Y t="47">0.01189</Y>
        <Y t="48">0.01271</Y>
        <Y t="49">0.01360</Y>
        <Y t="50">0.01457</Y>
        <Y t="51">0.01564</Y>
        <Y t="52">0.01681</Y>
        <Y t="53">0.01808</Y>
        <Y t="54">0.01945</Y>
        <Y t="55">0.02097</Y>
        <Y t="56">0.02263</Y>
        <Y t="57">0.02443</Y>
        <Y t="58">0.02639</Y>
        <Y t="59">0.02854</Y>
        <Y t="60">0.03088</Y>
        <Y t="61">0.03354</Y>
        <Y t="62">0.03622</Y>
        <Y t="63">0.03925</Y>
        <Y t="64">0.04257</Y>
        <Y t="65">0.04617</Y>
        <Y t="66">0.05010</Y>
        <Y t="67">0.05437</Y>
        <Y t="68">0.05902</Y>
        <Y t="69">0.06408</Y>
        <Y t="70">0.06958</Y>
        <Y t="71">0.07556</Y>
        <Y t="72">0.08204</Y>
        <Y t="73">0.08910</Y>
        <Y t="74">0.09674</Y>
        <Y t="75">0.10502</Y>
        <Y t="76">0.11399</Y>
        <Y t="77">0.12370</Y>
        <Y t="78">0.13416</Y>
        <Y t="79">0.14550</Y>
        <Y t="80">0.15769</Y>
        <Y t="81">0.17085</Y>
        <Y t="82">0.18494</Y>
        <Y t="83">0.20017</Y>
        <Y t="84">0.21645</Y>
        <Y t="85">0.23388</Y>
        <Y t="86">0.25249</Y>
        <Y t="87">0.27232</Y>
        <Y t="88">0.29419</Y>
        <Y t="89">0.31573</Y>
        <Y t="90">0.33937</Y>
        <Y t="91">0.36428</Y>
        <Y t="92">0.39043</Y>
        <Y t="93">0.41779</Y>
        <Y t="94">0.44635</Y>
        <Y t="95">0.47595</Y>
        <Y t="96">0.50656</Y>
        <Y t="97">0.53802</Y>
        <Y t="98">0.57020</Y>
        <Y t="99">0.60296</Y>
        <Y t="100">0.63609</Y>
      </Axis>
    </Values>
  </Table>
</XTbML>