﻿<?xml version="1.0" encoding="utf-8"?>
<XTbML>
  <ContentClassification>
    <TableIdentity>34005</TableIdentity>
    <ProviderDomain>soa.org</ProviderDomain>
    <ProviderName>Bertrand Cleuvenot</ProviderName>
    <TableReference>Statistique de la Suisse, “Tables de Mortalité Historiques des Femmes, Pour Les Années 1876/1880 à 1988/1993”, L’Office Fédéral de la Statistique (Neuchâtel, 2005).  Accessed: March, 2014 from http://www.bfs.admin.ch/bfs/portal/fr/index/themen/01/06/blank/dos/la_mortalite_en_suisse/tabl01.parsys.0006.downloadList.00061.DownloadFile.tmp/tablesmortalitesuisse187680198893femmes.xls</TableReference>
    <ContentType tc="84">Population Mortality</ContentType>
    <TableName>TM_1889_1900_F</TableName>
    <TableDescription>Tables de Mortalité pour la Suisse 1889-1900 – Femmes (Females). Minimum Age: 0. Maximum Age: 97</TableDescription>
    <Comments>Study Data: After each federal census of population, from the period 1876/1880 and after, the Federal Statistical Office (FSO) establishes tables of the resident population in Switzerland, for a period of six years, where the center of the range is formed by the census year.  In a small country like Switzerland, the number of recorded deaths at each age and the number of residents at different ages are too low to allow for the calculation of values ​​to make actuarial analysis, epidemiological and demographic specific. Mortality tables compiled from observations spanning six years around a census make it possible to obtain more reliable values ​​for a detailed study of mortality in Switzerland. Methodology: Not Available at this time. Data Transcription Errors Detected: 03/2014. Data Corrected and Certified: 03/2014</Comments>
    <KeyWord>Aggregate</KeyWord>
    <KeyWord>Population mortality</KeyWord>
    <KeyWord>Switzerland</KeyWord>
  </ContentClassification>
  <Table>
    <MetaData>
      <ScalingFactor>0</ScalingFactor>
      <DataType tc="2">Floating Point</DataType>
      <Nation tc="41">Switzerland</Nation>
      <TableDescription>Tables de Mortalité pour la Suisse 1889-1900 – Femmes (Females). Minimum Age: 0. Maximum Age: 97</TableDescription>
      <AxisDef id="Age">
        <ScaleType tc="3">Age</ScaleType>
        <AxisName>Age</AxisName>
        <MinScaleValue>0</MinScaleValue>
        <MaxScaleValue>97</MaxScaleValue>
        <Increment>1</Increment>
      </AxisDef>
    </MetaData>
    <Values>
      <Axis>
        <Y t="0">0.13575</Y>
        <Y t="1">0.02762</Y>
        <Y t="2">0.01303</Y>
        <Y t="3">0.00942</Y>
        <Y t="4">0.00706</Y>
        <Y t="5">0.00544</Y>
        <Y t="6">0.00485</Y>
        <Y t="7">0.00414</Y>
        <Y t="8">0.00369</Y>
        <Y t="9">0.00336</Y>
        <Y t="10">0.00311</Y>
        <Y t="11">0.00296</Y>
        <Y t="12">0.00296</Y>
        <Y t="13">0.00319</Y>
        <Y t="14">0.00362</Y>
        <Y t="15">0.00417</Y>
        <Y t="16">0.00473</Y>
        <Y t="17">0.00519</Y>
        <Y t="18">0.00550</Y>
        <Y t="19">0.00565</Y>
        <Y t="20">0.00572</Y>
        <Y t="21">0.00584</Y>
        <Y t="22">0.00604</Y>
        <Y t="23">0.00629</Y>
        <Y t="24">0.00649</Y>
        <Y t="25">0.00663</Y>
        <Y t="26">0.00664</Y>
        <Y t="27">0.00706</Y>
        <Y t="28">0.00728</Y>
        <Y t="29">0.00736</Y>
        <Y t="30">0.00745</Y>
        <Y t="31">0.00755</Y>
        <Y t="32">0.00773</Y>
        <Y t="33">0.00796</Y>
        <Y t="34">0.00820</Y>
        <Y t="35">0.00848</Y>
        <Y t="36">0.00870</Y>
        <Y t="37">0.00896</Y>
        <Y t="38">0.00915</Y>
        <Y t="39">0.00938</Y>
        <Y t="40">0.00951</Y>
        <Y t="41">0.00966</Y>
        <Y t="42">0.00978</Y>
        <Y t="43">0.01005</Y>
        <Y t="44">0.01030</Y>
        <Y t="45">0.01064</Y>
        <Y t="46">0.01096</Y>
        <Y t="47">0.01146</Y>
        <Y t="48">0.01208</Y>
        <Y t="49">0.01288</Y>
        <Y t="50">0.01376</Y>
        <Y t="51">0.01480</Y>
        <Y t="52">0.01596</Y>
        <Y t="53">0.01719</Y>
        <Y t="54">0.01844</Y>
        <Y t="55">0.01983</Y>
        <Y t="56">0.02141</Y>
        <Y t="57">0.02326</Y>
        <Y t="58">0.02549</Y>
        <Y t="59">0.02792</Y>
        <Y t="60">0.03066</Y>
        <Y t="61">0.03318</Y>
        <Y t="62">0.03614</Y>
        <Y t="63">0.03914</Y>
        <Y t="64">0.04303</Y>
        <Y t="65">0.04711</Y>
        <Y t="66">0.05201</Y>
        <Y t="67">0.05702</Y>
        <Y t="68">0.06253</Y>
        <Y t="69">0.06817</Y>
        <Y t="70">0.07431</Y>
        <Y t="71">0.08064</Y>
        <Y t="72">0.08758</Y>
        <Y t="73">0.09486</Y>
        <Y t="74">0.10327</Y>
        <Y t="75">0.11195</Y>
        <Y t="76">0.12150</Y>
        <Y t="77">0.13139</Y>
        <Y t="78">0.14248</Y>
        <Y t="79">0.15510</Y>
        <Y t="80">0.16808</Y>
        <Y t="81">0.18229</Y>
        <Y t="82">0.19496</Y>
        <Y t="83">0.21074</Y>
        <Y t="84">0.22559</Y>
        <Y t="85">0.24230</Y>
        <Y t="86">0.25236</Y>
        <Y t="87">0.26189</Y>
        <Y t="88">0.27354</Y>
        <Y t="89">0.29111</Y>
        <Y t="90">0.31019</Y>
        <Y t="91">0.32684</Y>
        <Y t="92">0.35301</Y>
        <Y t="93">0.37102</Y>
        <Y t="94">0.39668</Y>
        <Y t="95">0.39640</Y>
        <Y t="96">0.41326</Y>
        <Y t="97">0.43530</Y>
      </Axis>
    </Values>
  </Table>
</XTbML>