﻿<?xml version="1.0" encoding="utf-8"?>
<XTbML>
  <ContentClassification>
    <TableIdentity>34013</TableIdentity>
    <ProviderDomain>soa.org</ProviderDomain>
    <ProviderName>Tillinghast-Towers Perrin, Bertrand Cleuvenot</ProviderName>
    <TableReference></TableReference>
    <ContentType tc="84">Population Mortality</ContentType>
    <TableName>SF_21_30: Swiss Female</TableName>
    <TableDescription>TM-Country: Switzerland
Source of data: Population data
Volume of data: All female lives in Switzerland
Observation period: 1921 to 1930
Minimum age: 0
Maximum age: 101
Number of decimal places: 5
Hash value: -15266667
</TableDescription>
    <Comments>Swiss population tables</Comments>
    <KeyWord>Aggregate</KeyWord>
    <KeyWord>Population mortality</KeyWord>
    <KeyWord>Switzerland</KeyWord>
  </ContentClassification>
  <Table>
    <MetaData>
      <ScalingFactor>0</ScalingFactor>
      <DataType tc="2">Floating Point</DataType>
      <Nation tc="41">Switzerland</Nation>
      <TableDescription>SF_21_30: Swiss Female-Aggregate</TableDescription>
      <AxisDef id="Age">
        <ScaleType tc="3">Age</ScaleType>
        <AxisName>Age</AxisName>
        <MinScaleValue>0</MinScaleValue>
        <MaxScaleValue>101</MaxScaleValue>
        <Increment>1</Increment>
      </AxisDef>
    </MetaData>
    <Values>
      <Axis>
        <Y t="0">0.05245</Y>
        <Y t="1">0.00913</Y>
        <Y t="2">0.00459</Y>
        <Y t="3">0.00328</Y>
        <Y t="4">0.00256</Y>
        <Y t="5">0.00218</Y>
        <Y t="6">0.00191</Y>
        <Y t="7">0.00171</Y>
        <Y t="8">0.00158</Y>
        <Y t="9">0.00147</Y>
        <Y t="10">0.00138</Y>
        <Y t="11">0.00131</Y>
        <Y t="12">0.00129</Y>
        <Y t="13">0.00150</Y>
        <Y t="14">0.00181</Y>
        <Y t="15">0.00213</Y>
        <Y t="16">0.00246</Y>
        <Y t="17">0.00282</Y>
        <Y t="18">0.00312</Y>
        <Y t="19">0.00334</Y>
        <Y t="20">0.00349</Y>
        <Y t="21">0.00362</Y>
        <Y t="22">0.00375</Y>
        <Y t="23">0.00386</Y>
        <Y t="24">0.00393</Y>
        <Y t="25">0.00398</Y>
        <Y t="26">0.00401</Y>
        <Y t="27">0.00404</Y>
        <Y t="28">0.00405</Y>
        <Y t="29">0.00404</Y>
        <Y t="30">0.00401</Y>
        <Y t="31">0.00401</Y>
        <Y t="32">0.00405</Y>
        <Y t="33">0.00415</Y>
        <Y t="34">0.00427</Y>
        <Y t="35">0.00443</Y>
        <Y t="36">0.00459</Y>
        <Y t="37">0.00476</Y>
        <Y t="38">0.00491</Y>
        <Y t="39">0.00507</Y>
        <Y t="40">0.00524</Y>
        <Y t="41">0.00543</Y>
        <Y t="42">0.00567</Y>
        <Y t="43">0.00593</Y>
        <Y t="44">0.00622</Y>
        <Y t="45">0.00654</Y>
        <Y t="46">0.00692</Y>
        <Y t="47">0.00741</Y>
        <Y t="48">0.00797</Y>
        <Y t="49">0.00861</Y>
        <Y t="50">0.00932</Y>
        <Y t="51">0.01010</Y>
        <Y t="52">0.01096</Y>
        <Y t="53">0.01185</Y>
        <Y t="54">0.01279</Y>
        <Y t="55">0.01381</Y>
        <Y t="56">0.01496</Y>
        <Y t="57">0.01628</Y>
        <Y t="58">0.01771</Y>
        <Y t="59">0.01923</Y>
        <Y t="60">0.02091</Y>
        <Y t="61">0.02285</Y>
        <Y t="62">0.02513</Y>
        <Y t="63">0.02772</Y>
        <Y t="64">0.03056</Y>
        <Y t="65">0.03370</Y>
        <Y t="66">0.03718</Y>
        <Y t="67">0.04107</Y>
        <Y t="68">0.04524</Y>
        <Y t="69">0.04967</Y>
        <Y t="70">0.05452</Y>
        <Y t="71">0.05994</Y>
        <Y t="72">0.06609</Y>
        <Y t="73">0.07296</Y>
        <Y t="74">0.08045</Y>
        <Y t="75">0.08857</Y>
        <Y t="76">0.09733</Y>
        <Y t="77">0.10673</Y>
        <Y t="78">0.11685</Y>
        <Y t="79">0.12769</Y>
        <Y t="80">0.13912</Y>
        <Y t="81">0.15104</Y>
        <Y t="82">0.16332</Y>
        <Y t="83">0.17592</Y>
        <Y t="84">0.18891</Y>
        <Y t="85">0.20237</Y>
        <Y t="86">0.21637</Y>
        <Y t="87">0.23097</Y>
        <Y t="88">0.24632</Y>
        <Y t="89">0.26237</Y>
        <Y t="90">0.27891</Y>
        <Y t="91">0.29571</Y>
        <Y t="92">0.31254</Y>
        <Y t="93">0.32813</Y>
        <Y t="94">0.34451</Y>
        <Y t="95">0.36170</Y>
        <Y t="96">0.37974</Y>
        <Y t="97">0.39869</Y>
        <Y t="98">0.41858</Y>
        <Y t="99">0.43947</Y>
        <Y t="100">0.46139</Y>
        <Y t="101">1.00000</Y>
      </Axis>
    </Values>
  </Table>
</XTbML>