﻿<?xml version="1.0" encoding="utf-8"?>
<XTbML>
  <ContentClassification>
    <TableIdentity>449</TableIdentity>
    <ProviderDomain>soa.org</ProviderDomain>
    <ProviderName>Roger Scott Lumsden</ProviderName>
    <TableReference>Committee on Expected Experience – Subcommittee on Group Life and Health Insurance, “Report of the Mortality Committee, Canadian Basic Group Life Tables, 1968-72”, Mortality Committee Report, Canadian Institute of Actuaries (Ottawa, 1978) Table 2D</TableReference>
    <ContentType tc="80">Claim Incidence</ContentType>
    <TableName>1968-72 CIA Group Life Waiver and Permanent Disability – Females, ANB</TableName>
    <TableDescription>1968-72 Canadian Institute of Actuaries (CIA) Group Life Waiver of Premium (75% basis) and Total and Permanent Disability (50% basis) Table – Females. Basis: Age Nearest Birthday. Minimum Age: 18 Maximum Age: 64</TableDescription>
    <Comments>Study Data: Basic data from eleven companies contributing to Canadian Institute of Actuaries (CIA) mortality studies. Rated and non-rated group term life experience from groups with 25 lives or more, excluding association groups, credit life groups, dependents life and group permanent insurance observed 1968 to 1972 policy years. Prior studies were built of the form death-plus-disability claim rate. With the 1968-72 study, the Committee introduced graduated rates of death-only and disability-only rates in addition to the death-plus-disability tables. Methodology: Data is contributed in quinquennial age groups on the basis of age nearest birthday. Crude values of µ(x) obtained for central ages. Crude q(x) at central ages then found by formula:  [-13µ(x-5) + 296 µ(x) + 17µ(x+5) ] / 300. Graduated values of q(x) for each age 18 to 90 were obtained by applying Jenkin’s Fifth Difference Modified Osculatory Interpolation formula to the crude quinquennial values of q(x). Use of the Jenkin’s Fifth Difference Formula corresponds in general with the graduation method employed in arriving at the q(x) values in the Society of Actuaries (SOA) 1960 Commissioners Standard Group (See SOA Table Identity 305) and 1960 Basic Group Mortality tables (See SOA Table Identity 304). Female rates were similarly further smoothed by applying a Whittaker-Henderson “A” formula. The 75% factor for the waiver of premium disability provision may be roughly correct in the aggregate; i.e., the reserve needed, at the time a disability claim is established to support subsequent death benefits may be about $750 per $1000 of death benefit. The 50% factor for the total and permanent disability provision is intended as an equivalence factor so that the total and permanent disability experience can be combined with the waiver of premium disability. Data Transcription Errors: None. Data Certified: 08/2013</Comments>
    <KeyWord>Aggregate</KeyWord>
    <KeyWord>Group Life</KeyWord>
    <KeyWord>Canada</KeyWord>
  </ContentClassification>
  <Table>
    <MetaData>
      <ScalingFactor>0</ScalingFactor>
      <DataType tc="2">Floating Point</DataType>
      <Nation tc="2">Canada</Nation>
      <TableDescription>1968-72 Canadian Institute of Actuaries (CIA) Group Life Waiver of Premium (75% basis) and Total and Permanent Disability (50% basis) Table – Females. Basis: Age Nearest Birthday. Minimum Age: 18 Maximum Age: 64</TableDescription>
      <AxisDef id="Age">
        <ScaleType tc="3">Age</ScaleType>
        <AxisName>Age</AxisName>
        <MinScaleValue>18</MinScaleValue>
        <MaxScaleValue>64</MaxScaleValue>
        <Increment>1</Increment>
      </AxisDef>
    </MetaData>
    <Values>
      <Axis>
        <Y t="18">0.00004</Y>
        <Y t="19">0.00004</Y>
        <Y t="20">0.00004</Y>
        <Y t="21">0.00004</Y>
        <Y t="22">0.00004</Y>
        <Y t="23">0.00005</Y>
        <Y t="24">0.00005</Y>
        <Y t="25">0.00006</Y>
        <Y t="26">0.00007</Y>
        <Y t="27">0.00008</Y>
        <Y t="28">0.00009</Y>
        <Y t="29">0.00010</Y>
        <Y t="30">0.00011</Y>
        <Y t="31">0.00012</Y>
        <Y t="32">0.00012</Y>
        <Y t="33">0.00013</Y>
        <Y t="34">0.00014</Y>
        <Y t="35">0.00014</Y>
        <Y t="36">0.00015</Y>
        <Y t="37">0.00016</Y>
        <Y t="38">0.00018</Y>
        <Y t="39">0.00020</Y>
        <Y t="40">0.00022</Y>
        <Y t="41">0.00025</Y>
        <Y t="42">0.00028</Y>
        <Y t="43">0.00031</Y>
        <Y t="44">0.00034</Y>
        <Y t="45">0.00037</Y>
        <Y t="46">0.00040</Y>
        <Y t="47">0.00044</Y>
        <Y t="48">0.00049</Y>
        <Y t="49">0.00055</Y>
        <Y t="50">0.00063</Y>
        <Y t="51">0.00071</Y>
        <Y t="52">0.00081</Y>
        <Y t="53">0.00094</Y>
        <Y t="54">0.00108</Y>
        <Y t="55">0.00124</Y>
        <Y t="56">0.00143</Y>
        <Y t="57">0.00163</Y>
        <Y t="58">0.00185</Y>
        <Y t="59">0.00209</Y>
        <Y t="60">0.00235</Y>
        <Y t="61">0.00263</Y>
        <Y t="62">0.00293</Y>
        <Y t="63">0.00324</Y>
        <Y t="64">0.00358</Y>
      </Axis>
    </Values>
  </Table>
</XTbML>