﻿<?xml version="1.0" encoding="utf-8"?>
<XTbML>
  <ContentClassification>
    <TableIdentity>50025</TableIdentity>
    <ProviderDomain>soa.org</ProviderDomain>
    <ProviderName>Prepared by Chi Hong An, Milliman USAData provided by Iqyu Jang (KIDI)</ProviderName>
    <TableReference>"3rd Mortality Tables (1988 - 1992) by Korea Insurance Development Institute"</TableReference>
    <ContentType tc="4">Insured Lives Mortality</ContentType>
    <TableName>1988-92 Korea 3rd Non-Par Table, Male - PENDING VALIDATION</TableName>
    <TableDescription>TM-Country: Korea
Source of data: Direct standard individual insurance ( KIDI mortality study)
Volume of data: Based on 103,489 death claims (male: 76,378, female:27,111)
Observation period: 1988 to 1992 policy years
Unit of observation: Number of Lives
Construction method: Based on policies issued after January 1, 1976.
Data from 6 largest companies 
Excluded claim data during first policy year due to underwriting effects, high lapse rates, antiselection.
Graduation order  1) Jenkins  2) Safety Margin  3) Greville  4) Gompertz
   1) Jenkins: only apply to female age 18
   2) Safety Margins: minimum of 2 times of sigma and 30% of mortality rates.
   3) Greville: except for age 0
   4) Gompertz: after age 79
Note: Death claims include the first degree disability claims
Minimum age: 0
Maximum age: 103
Number of decimal places: 5
Hash value: 1740592253
</TableDescription>
    <Comments>The Korean standard reserve regulation requires to use 100% of this table.
Most of companies are experiencing "underwriting effects" during first few years.
NOTE: the contents of this table have yet to be validated against a published source to ensure no transcription errors have occurred</Comments>
    <KeyWord>Aggregate</KeyWord>
    <KeyWord>Insured Lives Mortality</KeyWord>
    <KeyWord>Korea</KeyWord>
  </ContentClassification>
  <Table>
    <MetaData>
      <ScalingFactor>0</ScalingFactor>
      <DataType tc="2">Floating Point</DataType>
      <Nation tc="82">Korea</Nation>
      <TableDescription>1988-92 Korea 3rd Non-Par Table, Male-Aggregate</TableDescription>
      <AxisDef id="Age">
        <ScaleType tc="3">Age</ScaleType>
        <AxisName>Age</AxisName>
        <MinScaleValue>0</MinScaleValue>
        <MaxScaleValue>103</MaxScaleValue>
        <Increment>1</Increment>
      </AxisDef>
    </MetaData>
    <Values>
      <Axis>
        <Y t="0">0.00431</Y>
        <Y t="1">0.00093</Y>
        <Y t="2">0.00089</Y>
        <Y t="3">0.00083</Y>
        <Y t="4">0.00076</Y>
        <Y t="5">0.00069</Y>
        <Y t="6">0.00060</Y>
        <Y t="7">0.00051</Y>
        <Y t="8">0.00043</Y>
        <Y t="9">0.00036</Y>
        <Y t="10">0.00033</Y>
        <Y t="11">0.00036</Y>
        <Y t="12">0.00044</Y>
        <Y t="13">0.00055</Y>
        <Y t="14">0.00065</Y>
        <Y t="15">0.00072</Y>
        <Y t="16">0.00076</Y>
        <Y t="17">0.00079</Y>
        <Y t="18">0.00085</Y>
        <Y t="19">0.00095</Y>
        <Y t="20">0.00111</Y>
        <Y t="21">0.00130</Y>
        <Y t="22">0.00148</Y>
        <Y t="23">0.00161</Y>
        <Y t="24">0.00167</Y>
        <Y t="25">0.00167</Y>
        <Y t="26">0.00162</Y>
        <Y t="27">0.00155</Y>
        <Y t="28">0.00148</Y>
        <Y t="29">0.00143</Y>
        <Y t="30">0.00141</Y>
        <Y t="31">0.00142</Y>
        <Y t="32">0.00146</Y>
        <Y t="33">0.00153</Y>
        <Y t="34">0.00163</Y>
        <Y t="35">0.00175</Y>
        <Y t="36">0.00189</Y>
        <Y t="37">0.00205</Y>
        <Y t="38">0.00222</Y>
        <Y t="39">0.00243</Y>
        <Y t="40">0.00266</Y>
        <Y t="41">0.00293</Y>
        <Y t="42">0.00323</Y>
        <Y t="43">0.00356</Y>
        <Y t="44">0.00393</Y>
        <Y t="45">0.00437</Y>
        <Y t="46">0.00487</Y>
        <Y t="47">0.00543</Y>
        <Y t="48">0.00604</Y>
        <Y t="49">0.00673</Y>
        <Y t="50">0.00749</Y>
        <Y t="51">0.00830</Y>
        <Y t="52">0.00915</Y>
        <Y t="53">0.01004</Y>
        <Y t="54">0.01108</Y>
        <Y t="55">0.01233</Y>
        <Y t="56">0.01386</Y>
        <Y t="57">0.01569</Y>
        <Y t="58">0.01778</Y>
        <Y t="59">0.02017</Y>
        <Y t="60">0.02288</Y>
        <Y t="61">0.02577</Y>
        <Y t="62">0.02887</Y>
        <Y t="63">0.03216</Y>
        <Y t="64">0.03559</Y>
        <Y t="65">0.03910</Y>
        <Y t="66">0.04278</Y>
        <Y t="67">0.04652</Y>
        <Y t="68">0.05059</Y>
        <Y t="69">0.05500</Y>
        <Y t="70">0.05978</Y>
        <Y t="71">0.06496</Y>
        <Y t="72">0.07057</Y>
        <Y t="73">0.07665</Y>
        <Y t="74">0.08323</Y>
        <Y t="75">0.09034</Y>
        <Y t="76">0.09803</Y>
        <Y t="77">0.10633</Y>
        <Y t="78">0.11530</Y>
        <Y t="79">0.12496</Y>
        <Y t="80">0.13537</Y>
        <Y t="81">0.14657</Y>
        <Y t="82">0.15861</Y>
        <Y t="83">0.17154</Y>
        <Y t="84">0.18540</Y>
        <Y t="85">0.20024</Y>
        <Y t="86">0.21610</Y>
        <Y t="87">0.23302</Y>
        <Y t="88">0.25105</Y>
        <Y t="89">0.27021</Y>
        <Y t="90">0.29053</Y>
        <Y t="91">0.31203</Y>
        <Y t="92">0.33472</Y>
        <Y t="93">0.35859</Y>
        <Y t="94">0.38362</Y>
        <Y t="95">0.40979</Y>
        <Y t="96">0.43704</Y>
        <Y t="97">0.46530</Y>
        <Y t="98">0.49449</Y>
        <Y t="99">0.52448</Y>
        <Y t="100">0.55514</Y>
        <Y t="101">0.58630</Y>
        <Y t="102">0.61777</Y>
        <Y t="103">1.00000</Y>
      </Axis>
    </Values>
  </Table>
</XTbML>