﻿<?xml version="1.0" encoding="utf-8"?>
<XTbML>
  <ContentClassification>
    <TableIdentity>50019</TableIdentity>
    <ProviderDomain>soa.org</ProviderDomain>
    <ProviderName>Kenjiro Ito of Milliman Asia</ProviderName>
    <TableReference>Statistics and Information Department “The 18th Life Tables”, Minister's Secretariat, Ministry of Health, Labor and Welfare (Tokyo, 1998). Accessed: February, 2014 from http://www1.mhlw.go.jp/houdou/0904/h0425-4/h0425-4e.html</TableReference>
    <ContentType tc="84">Population Mortality</ContentType>
    <TableName>JLT 18 Excluding Kobe Earthquake – Male, ANB</TableName>
    <TableDescription>Japanese Life Table No. 18 (JLT18) Excluding Kobe Earthquake Deaths – Male. Basis: Age Nearest Birthday. Minimum Age: 0 Maximum Age: 110</TableDescription>
    <Comments>Study Data: The Ministry of Health, Labor and Welfare prepared two JLT18 life tables – one includes deaths caused by the Hanshin-Kobe earthquake of January, 1995 (See SOA Table Identities 50017 and 50018), and the other set excludes said deaths. Methodology: Not available at this time. Data Transcription Errors: None. Data Certified: 02/2014.</Comments>
    <KeyWord>Aggregate</KeyWord>
    <KeyWord>Population mortality</KeyWord>
    <KeyWord>Japan</KeyWord>
  </ContentClassification>
  <Table>
    <MetaData>
      <ScalingFactor>0</ScalingFactor>
      <DataType tc="2">Floating Point</DataType>
      <Nation tc="81">Japan</Nation>
      <TableDescription>Japanese Life Table No. 18 (JLT18) Excluding Kobe Earthquake Deaths – Male. Basis: Age Nearest Birthday. Minimum Age: 0 Maximum Age: 110</TableDescription>
      <AxisDef id="Age">
        <ScaleType tc="3">Age</ScaleType>
        <AxisName>Age</AxisName>
        <MinScaleValue>0</MinScaleValue>
        <MaxScaleValue>110</MaxScaleValue>
        <Increment>1</Increment>
      </AxisDef>
    </MetaData>
    <Values>
      <Axis>
        <Y t="0">0.00453</Y>
        <Y t="1">0.00066</Y>
        <Y t="2">0.00049</Y>
        <Y t="3">0.00035</Y>
        <Y t="4">0.00027</Y>
        <Y t="5">0.00024</Y>
        <Y t="6">0.00022</Y>
        <Y t="7">0.00020</Y>
        <Y t="8">0.00019</Y>
        <Y t="9">0.00017</Y>
        <Y t="10">0.00016</Y>
        <Y t="11">0.00015</Y>
        <Y t="12">0.00015</Y>
        <Y t="13">0.00018</Y>
        <Y t="14">0.00023</Y>
        <Y t="15">0.00032</Y>
        <Y t="16">0.00043</Y>
        <Y t="17">0.00054</Y>
        <Y t="18">0.00063</Y>
        <Y t="19">0.00069</Y>
        <Y t="20">0.00072</Y>
        <Y t="21">0.00072</Y>
        <Y t="22">0.00071</Y>
        <Y t="23">0.00070</Y>
        <Y t="24">0.00070</Y>
        <Y t="25">0.00070</Y>
        <Y t="26">0.00069</Y>
        <Y t="27">0.00071</Y>
        <Y t="28">0.00073</Y>
        <Y t="29">0.00075</Y>
        <Y t="30">0.00077</Y>
        <Y t="31">0.00078</Y>
        <Y t="32">0.00079</Y>
        <Y t="33">0.00083</Y>
        <Y t="34">0.00089</Y>
        <Y t="35">0.00097</Y>
        <Y t="36">0.00104</Y>
        <Y t="37">0.00111</Y>
        <Y t="38">0.00120</Y>
        <Y t="39">0.00130</Y>
        <Y t="40">0.00143</Y>
        <Y t="41">0.00157</Y>
        <Y t="42">0.00175</Y>
        <Y t="43">0.00194</Y>
        <Y t="44">0.00216</Y>
        <Y t="45">0.00245</Y>
        <Y t="46">0.00275</Y>
        <Y t="47">0.00303</Y>
        <Y t="48">0.00332</Y>
        <Y t="49">0.00364</Y>
        <Y t="50">0.00403</Y>
        <Y t="51">0.00447</Y>
        <Y t="52">0.00492</Y>
        <Y t="53">0.00534</Y>
        <Y t="54">0.00577</Y>
        <Y t="55">0.00629</Y>
        <Y t="56">0.00691</Y>
        <Y t="57">0.00763</Y>
        <Y t="58">0.00849</Y>
        <Y t="59">0.00949</Y>
        <Y t="60">0.01061</Y>
        <Y t="61">0.01182</Y>
        <Y t="62">0.01305</Y>
        <Y t="63">0.01431</Y>
        <Y t="64">0.01563</Y>
        <Y t="65">0.01698</Y>
        <Y t="66">0.01837</Y>
        <Y t="67">0.01989</Y>
        <Y t="68">0.02168</Y>
        <Y t="69">0.02379</Y>
        <Y t="70">0.02616</Y>
        <Y t="71">0.02873</Y>
        <Y t="72">0.03169</Y>
        <Y t="73">0.03512</Y>
        <Y t="74">0.03901</Y>
        <Y t="75">0.04333</Y>
        <Y t="76">0.04821</Y>
        <Y t="77">0.05374</Y>
        <Y t="78">0.05992</Y>
        <Y t="79">0.06678</Y>
        <Y t="80">0.07439</Y>
        <Y t="81">0.08296</Y>
        <Y t="82">0.09247</Y>
        <Y t="83">0.10277</Y>
        <Y t="84">0.11362</Y>
        <Y t="85">0.12598</Y>
        <Y t="86">0.13966</Y>
        <Y t="87">0.15381</Y>
        <Y t="88">0.16775</Y>
        <Y t="89">0.18203</Y>
        <Y t="90">0.19947</Y>
        <Y t="91">0.21562</Y>
        <Y t="92">0.23222</Y>
        <Y t="93">0.24927</Y>
        <Y t="94">0.26676</Y>
        <Y t="95">0.28467</Y>
        <Y t="96">0.30300</Y>
        <Y t="97">0.32174</Y>
        <Y t="98">0.34086</Y>
        <Y t="99">0.36035</Y>
        <Y t="100">0.38018</Y>
        <Y t="101">0.40034</Y>
        <Y t="102">0.42079</Y>
        <Y t="103">0.44151</Y>
        <Y t="104">0.46245</Y>
        <Y t="105">0.48359</Y>
        <Y t="106">0.50488</Y>
        <Y t="107">0.52629</Y>
        <Y t="108">0.54776</Y>
        <Y t="109">0.56925</Y>
        <Y t="110">0.59071</Y>
      </Axis>
    </Values>
  </Table>
</XTbML>