﻿<?xml version="1.0" encoding="utf-8"?>
<XTbML>
  <ContentClassification>
    <TableIdentity>50035</TableIdentity>
    <ProviderDomain>soa.org</ProviderDomain>
    <ProviderName>Milliman Asia</ProviderName>
    <TableReference>Institute of Actuaries of Japan booklet</TableReference>
    <ContentType tc="4">Insured Lives Mortality</ContentType>
    <TableName>Japan qx_ins male1972 to 1976(3rd) - PENDING VALIDATION</TableName>
    <TableDescription>TM-Country: Japan
Minimum age: 0
Maximum age: 105
Number of decimal places: 5
Hash value: 3963152
</TableDescription>
    <Comments>It needs too much time to find detail information.
NOTE: the contents of this table have yet to be validated against a published source to ensure no transcription errors have occurred</Comments>
    <KeyWord>Aggregate</KeyWord>
    <KeyWord>Insured Lives Mortality</KeyWord>
    <KeyWord>Japan</KeyWord>
  </ContentClassification>
  <Table>
    <MetaData>
      <ScalingFactor>0</ScalingFactor>
      <DataType tc="2">Floating Point</DataType>
      <Nation tc="81">Japan</Nation>
      <TableDescription>Japan qx_ins male1972 to 1976(3rd)-Aggregate</TableDescription>
      <AxisDef id="Age">
        <ScaleType tc="3">Age</ScaleType>
        <AxisName>Age</AxisName>
        <MinScaleValue>0</MinScaleValue>
        <MaxScaleValue>105</MaxScaleValue>
        <Increment>1</Increment>
      </AxisDef>
    </MetaData>
    <Values>
      <Axis>
        <Y t="0">0.00278</Y>
        <Y t="1">0.00189</Y>
        <Y t="2">0.00135</Y>
        <Y t="3">0.00105</Y>
        <Y t="4">0.00093</Y>
        <Y t="5">0.00083</Y>
        <Y t="6">0.00073</Y>
        <Y t="7">0.00061</Y>
        <Y t="8">0.00051</Y>
        <Y t="9">0.00045</Y>
        <Y t="10">0.00040</Y>
        <Y t="11">0.00036</Y>
        <Y t="12">0.00033</Y>
        <Y t="13">0.00036</Y>
        <Y t="14">0.00049</Y>
        <Y t="15">0.00074</Y>
        <Y t="16">0.00106</Y>
        <Y t="17">0.00135</Y>
        <Y t="18">0.00151</Y>
        <Y t="19">0.00150</Y>
        <Y t="20">0.00140</Y>
        <Y t="21">0.00129</Y>
        <Y t="22">0.00121</Y>
        <Y t="23">0.00116</Y>
        <Y t="24">0.00112</Y>
        <Y t="25">0.00106</Y>
        <Y t="26">0.00101</Y>
        <Y t="27">0.00098</Y>
        <Y t="28">0.00097</Y>
        <Y t="29">0.00099</Y>
        <Y t="30">0.00103</Y>
        <Y t="31">0.00108</Y>
        <Y t="32">0.00114</Y>
        <Y t="33">0.00119</Y>
        <Y t="34">0.00125</Y>
        <Y t="35">0.00134</Y>
        <Y t="36">0.00145</Y>
        <Y t="37">0.00156</Y>
        <Y t="38">0.00170</Y>
        <Y t="39">0.00185</Y>
        <Y t="40">0.00204</Y>
        <Y t="41">0.00224</Y>
        <Y t="42">0.00245</Y>
        <Y t="43">0.00265</Y>
        <Y t="44">0.00286</Y>
        <Y t="45">0.00309</Y>
        <Y t="46">0.00334</Y>
        <Y t="47">0.00364</Y>
        <Y t="48">0.00394</Y>
        <Y t="49">0.00427</Y>
        <Y t="50">0.00462</Y>
        <Y t="51">0.00501</Y>
        <Y t="52">0.00547</Y>
        <Y t="53">0.00602</Y>
        <Y t="54">0.00669</Y>
        <Y t="55">0.00746</Y>
        <Y t="56">0.00828</Y>
        <Y t="57">0.00912</Y>
        <Y t="58">0.01001</Y>
        <Y t="59">0.01100</Y>
        <Y t="60">0.01209</Y>
        <Y t="61">0.01334</Y>
        <Y t="62">0.01475</Y>
        <Y t="63">0.01631</Y>
        <Y t="64">0.01805</Y>
        <Y t="65">0.01998</Y>
        <Y t="66">0.02212</Y>
        <Y t="67">0.02450</Y>
        <Y t="68">0.02713</Y>
        <Y t="69">0.03006</Y>
        <Y t="70">0.03330</Y>
        <Y t="71">0.03689</Y>
        <Y t="72">0.04087</Y>
        <Y t="73">0.04528</Y>
        <Y t="74">0.05017</Y>
        <Y t="75">0.05557</Y>
        <Y t="76">0.06154</Y>
        <Y t="77">0.06814</Y>
        <Y t="78">0.07543</Y>
        <Y t="79">0.08347</Y>
        <Y t="80">0.09233</Y>
        <Y t="81">0.10209</Y>
        <Y t="82">0.11282</Y>
        <Y t="83">0.12461</Y>
        <Y t="84">0.13754</Y>
        <Y t="85">0.15169</Y>
        <Y t="86">0.16717</Y>
        <Y t="87">0.18405</Y>
        <Y t="88">0.20243</Y>
        <Y t="89">0.22239</Y>
        <Y t="90">0.24401</Y>
        <Y t="91">0.26735</Y>
        <Y t="92">0.29247</Y>
        <Y t="93">0.31941</Y>
        <Y t="94">0.34816</Y>
        <Y t="95">0.37873</Y>
        <Y t="96">0.41105</Y>
        <Y t="97">0.44503</Y>
        <Y t="98">0.48054</Y>
        <Y t="99">0.51737</Y>
        <Y t="100">0.55528</Y>
        <Y t="101">0.59397</Y>
        <Y t="102">0.63306</Y>
        <Y t="103">0.67215</Y>
        <Y t="104">0.71075</Y>
        <Y t="105">1.00000</Y>
      </Axis>
    </Values>
  </Table>
</XTbML>