<?xml version="1.0" encoding="UTF-8" standalone="no"?>
<XTbML>
	<ContentClassification>
		<TableIdentity>505</TableIdentity>
		<ProviderDomain>soa.org</ProviderDomain>
		<ProviderName>Roger Scott Lumsden</ProviderName>
		<TableReference>U.S. Department of Health, Education, and Welfare, “United States Life Tables: 1959-61”, Public Health Service Publication No. 1252 – Vol. I, No. 1, National Center for Health Statistics (1967) Table 8. Accessed: May, 2013 from http://www.cdc.gov/nchs/data/lifetables/life59-61_1_1acc.pdf AND U.S. Department of Health, Education, and Welfare, “Methodology of the National, Regional, and State Life Tables for the United States: 1959-61”, Public Health Service Publication No. 1252 – Vol. I, No. 4, National Center for Health Statistics (1967) Accessed: May, 2013 from http://www.cdc.gov/nchs/data/lifetables/life59_1_4.pdf</TableReference>
		<ContentType tc="84">Population Mortality</ContentType>
		<TableName>U.S. Life Tables 1959-61 – Non-White Males, ANB</TableName>
		<TableDescription>United States (U.S.) Life Tables 1959-61 – Non-White Males. Basis: Age Nearest Birthday. Minimum Age: 0 Maximum Age: 109</TableDescription>
		<Comments>Study Data: The principal data for the life tables were the 1960 census of population figures provided by the Bureau of the Census and death the United States during the 3-year period 1959-61. In order to arrive at more reliable mortality rates at the youngest ages, where census data are significantly affected by under enumeration, use was made of reported births for each of the years 1957 to 1961. An important adjustment made in the underlying data involved a redistribution of the non-white population affecting the age groups 55-59 and 60-64. The redistribution was made by fitting a second-degree polynomial to the populations in the four consecutive 5-year age groups 50-54, 55-59, 60-64, and 65-69 in such a way that the populations in the age intervals 50-54, 55-64, and 65-69 are exactly reproduced (but not 55-59 and 60-64).  Data from the Union Civil War veterans’ experience supplemented data at the advanced ages. Methodology:  Special formulas employed for ages under 2 and then ages 2 through 4. Uniform distribution of deaths assumed in both formulas. At ages 5 through 95, individual age rates derived by interpolation performed on the quinquennial l(x) values using interpolation coefficients developed by H. S. Beers. The smoothness inherent in the Beers coefficients insures that l(4) and l(5) will form a smooth progression with l(6) and succeeding values. The coefficients were also designed to secure equality of 5-year central death rates in the life table and in the actual population. As the underlying data at ages 95 and over were scanty and unreliable, q(x) values for ages 95 and over from the Union Civil War veterans’ experience were used instead of the calculated value. Thus q(x) for ages 95 and over will be identical in all the 1959-61 Life Tables (See SOA Table Identities 500-506). In order to provide a smooth transition from the values based on the relevant underlying data to those based on Union Civil War veterans’ experience, a linear blending of the two sets of mortality rates was used at ages 85 to 94, inclusive. Data Transcription Errors: None. Data Certified: 05/2013</Comments>
		<KeyWord>Aggregate</KeyWord>
		<KeyWord>Healthy Lives mortality</KeyWord>
		<KeyWord>United States of America</KeyWord>
	</ContentClassification>
	<Table>
		<MetaData>
			<ScalingFactor>0</ScalingFactor>
			<DataType tc="2">Floating Point</DataType>
			<Nation tc="1">United States of America</Nation>
			<TableDescription>United States (U.S.) Life Tables 1959-61 – Non-White Males. Basis: Age Nearest Birthday. Minimum Age: 0 Maximum Age: 109</TableDescription>
			<AxisDef id="Age">
				<ScaleType tc="3">Age</ScaleType>
				<AxisName>Age</AxisName>
				<MinScaleValue>0</MinScaleValue>
				<MaxScaleValue>109</MaxScaleValue>
				<Increment>1</Increment>
			</AxisDef>
		</MetaData>
		<Values>
			<Axis>
				<Y t="0">0.04699</Y><Y t="1">0.00337</Y><Y t="2">0.00197</Y><Y t="3">0.00134</Y><Y t="4">0.00102</Y><Y t="5">0.00087</Y><Y t="6">0.00076</Y><Y t="7">0.00068</Y><Y t="8">0.00063</Y><Y t="9">0.00060</Y><Y t="10">0.00060</Y><Y t="11">0.00064</Y><Y t="12">0.00072</Y><Y t="13">0.00085</Y><Y t="14">0.00102</Y><Y t="15">0.00120</Y><Y t="16">0.00140</Y><Y t="17">0.00162</Y><Y t="18">0.00186</Y><Y t="19">0.00210</Y><Y t="20">0.00236</Y><Y t="21">0.00262</Y><Y t="22">0.00283</Y><Y t="23">0.00298</Y><Y t="24">0.00307</Y><Y t="25">0.00316</Y><Y t="26">0.00327</Y><Y t="27">0.00339</Y><Y t="28">0.00353</Y><Y t="29">0.00370</Y><Y t="30">0.00389</Y><Y t="31">0.00409</Y><Y t="32">0.00431</Y><Y t="33">0.00455</Y><Y t="34">0.00483</Y><Y t="35">0.00513</Y><Y t="36">0.00546</Y><Y t="37">0.00585</Y><Y t="38">0.00633</Y><Y t="39">0.00688</Y><Y t="40">0.00749</Y><Y t="41">0.00814</Y><Y t="42">0.00875</Y><Y t="43">0.00931</Y><Y t="44">0.00984</Y><Y t="45">0.01038</Y><Y t="46">0.01101</Y><Y t="47">0.01183</Y><Y t="48">0.01292</Y><Y t="49">0.01422</Y><Y t="50">0.01565</Y><Y t="51">0.01710</Y><Y t="52">0.01854</Y><Y t="53">0.01994</Y><Y t="54">0.02131</Y><Y t="55">0.02273</Y><Y t="56">0.02427</Y><Y t="57">0.02589</Y><Y t="58">0.02762</Y><Y t="59">0.02947</Y><Y t="60">0.03137</Y><Y t="61">0.03335</Y><Y t="62">0.03554</Y><Y t="63">0.03801</Y><Y t="64">0.04072</Y><Y t="65">0.04365</Y><Y t="66">0.04665</Y><Y t="67">0.04953</Y><Y t="68">0.05213</Y><Y t="69">0.05448</Y><Y t="70">0.05690</Y><Y t="71">0.05944</Y><Y t="72">0.06177</Y><Y t="73">0.06375</Y><Y t="74">0.06548</Y><Y t="75">0.06673</Y><Y t="76">0.06803</Y><Y t="77">0.07037</Y><Y t="78">0.07460</Y><Y t="79">0.08065</Y><Y t="80">0.08836</Y><Y t="81">0.09668</Y><Y t="82">0.10452</Y><Y t="83">0.11038</Y><Y t="84">0.11410</Y><Y t="85">0.12280</Y><Y t="86">0.13313</Y><Y t="87">0.14588</Y><Y t="88">0.16219</Y><Y t="89">0.18166</Y><Y t="90">0.20304</Y><Y t="91">0.22519</Y><Y t="92">0.24791</Y><Y t="93">0.27050</Y><Y t="94">0.29270</Y><Y t="95">0.31416</Y><Y t="96">0.32915</Y><Y t="97">0.34450</Y><Y t="98">0.36018</Y><Y t="99">0.37616</Y><Y t="100">0.39242</Y><Y t="101">0.40891</Y><Y t="102">0.42562</Y><Y t="103">0.44250</Y><Y t="104">0.45951</Y><Y t="105">0.47662</Y><Y t="106">0.49378</Y><Y t="107">0.51095</Y><Y t="108">0.52810</Y><Y t="109">0.54519</Y>
			</Axis>
		</Values>
	</Table>
</XTbML>