﻿<?xml version="1.0" encoding="utf-8"?>
<XTbML>
  <ContentClassification>
    <TableIdentity>529</TableIdentity>
    <ProviderDomain>soa.org</ProviderDomain>
    <ProviderName>Roger Scott Lumsden</ProviderName>
    <TableReference>Vital Statistics and Disease Registries Section, “Life Tables, Canada and Provinces, 1980-1982”, Statistics Canada Health Division (1984). Accessed: July, 2013 from http://www.prdh.umontreal.ca/BDLC/data/pdfs/84-532_(80-82).pdf</TableReference>
    <ContentType tc="84">Population Mortality</ContentType>
    <TableName>Canada Life Tables 1980-82 – Females, ANB</TableName>
    <TableDescription>Canada Life Tables 1980-82 – Females. Basis: Age Nearest Birthday. Minimum Age: 0 Maximum Age: 102</TableDescription>
    <Comments>Study Data: Tables generated on the basis of age-sex-specific mortality rates for Canada and the provinces prevailing in the period 1980-1982.  Deaths recorded for calendar years 1980-82, the number of births for the calendar years 1979-82, and then census population by single years of age as of June 1, 1981 serve as the basis. Methodology: Same as used in production of the 1975-77 tables which is essentially the procedure used based on Greville 1939-41 U.S. Life Tables (See SOA Table Identity 530). Thus qx = mx/(1+.5mx) where qx is calculated for pivotal ages in the middle of 5-year age bands (2, 7, etc) and then graduated by osculatory interpolation. Special handling is accorded ages 0-4. Ages above 95 were calculated by third degree curve so as to terminate at 102. Data Transcription Errors: None. Data Certified: 07/2013</Comments>
    <KeyWord>Aggregate</KeyWord>
    <KeyWord>Healthy Lives mortality</KeyWord>
    <KeyWord>Canada</KeyWord>
  </ContentClassification>
  <Table>
    <MetaData>
      <ScalingFactor>0</ScalingFactor>
      <DataType tc="2">Floating Point</DataType>
      <Nation tc="2">Canada</Nation>
      <TableDescription>Canada Life Tables 1980-82 – Females. Basis: Age Nearest Birthday. Minimum Age: 0 Maximum Age: 102</TableDescription>
      <AxisDef id="Age">
        <ScaleType tc="3">Age</ScaleType>
        <AxisName>Age</AxisName>
        <MinScaleValue>0</MinScaleValue>
        <MaxScaleValue>102</MaxScaleValue>
        <Increment>1</Increment>
      </AxisDef>
    </MetaData>
    <Values>
      <Axis>
        <Y t="0">0.00843</Y>
        <Y t="1">0.00066</Y>
        <Y t="2">0.00046</Y>
        <Y t="3">0.00039</Y>
        <Y t="4">0.00032</Y>
        <Y t="5">0.00027</Y>
        <Y t="6">0.00023</Y>
        <Y t="7">0.00020</Y>
        <Y t="8">0.00019</Y>
        <Y t="9">0.00018</Y>
        <Y t="10">0.00018</Y>
        <Y t="11">0.00019</Y>
        <Y t="12">0.00022</Y>
        <Y t="13">0.00025</Y>
        <Y t="14">0.00030</Y>
        <Y t="15">0.00036</Y>
        <Y t="16">0.00041</Y>
        <Y t="17">0.00045</Y>
        <Y t="18">0.00046</Y>
        <Y t="19">0.00047</Y>
        <Y t="20">0.00047</Y>
        <Y t="21">0.00047</Y>
        <Y t="22">0.00047</Y>
        <Y t="23">0.00048</Y>
        <Y t="24">0.00049</Y>
        <Y t="25">0.00050</Y>
        <Y t="26">0.00052</Y>
        <Y t="27">0.00053</Y>
        <Y t="28">0.00055</Y>
        <Y t="29">0.00056</Y>
        <Y t="30">0.00057</Y>
        <Y t="31">0.00060</Y>
        <Y t="32">0.00063</Y>
        <Y t="33">0.00069</Y>
        <Y t="34">0.00075</Y>
        <Y t="35">0.00082</Y>
        <Y t="36">0.00090</Y>
        <Y t="37">0.00099</Y>
        <Y t="38">0.00109</Y>
        <Y t="39">0.00120</Y>
        <Y t="40">0.00132</Y>
        <Y t="41">0.00145</Y>
        <Y t="42">0.00160</Y>
        <Y t="43">0.00176</Y>
        <Y t="44">0.00192</Y>
        <Y t="45">0.00210</Y>
        <Y t="46">0.00231</Y>
        <Y t="47">0.00254</Y>
        <Y t="48">0.00280</Y>
        <Y t="49">0.00308</Y>
        <Y t="50">0.00338</Y>
        <Y t="51">0.00371</Y>
        <Y t="52">0.00407</Y>
        <Y t="53">0.00445</Y>
        <Y t="54">0.00485</Y>
        <Y t="55">0.00528</Y>
        <Y t="56">0.00575</Y>
        <Y t="57">0.00627</Y>
        <Y t="58">0.00682</Y>
        <Y t="59">0.00740</Y>
        <Y t="60">0.00804</Y>
        <Y t="61">0.00875</Y>
        <Y t="62">0.00957</Y>
        <Y t="63">0.01049</Y>
        <Y t="64">0.01147</Y>
        <Y t="65">0.01256</Y>
        <Y t="66">0.01376</Y>
        <Y t="67">0.01512</Y>
        <Y t="68">0.01658</Y>
        <Y t="69">0.01813</Y>
        <Y t="70">0.01983</Y>
        <Y t="71">0.02177</Y>
        <Y t="72">0.02402</Y>
        <Y t="73">0.02649</Y>
        <Y t="74">0.02913</Y>
        <Y t="75">0.03208</Y>
        <Y t="76">0.03545</Y>
        <Y t="77">0.03939</Y>
        <Y t="78">0.04382</Y>
        <Y t="79">0.04867</Y>
        <Y t="80">0.05401</Y>
        <Y t="81">0.05995</Y>
        <Y t="82">0.06656</Y>
        <Y t="83">0.07378</Y>
        <Y t="84">0.08156</Y>
        <Y t="85">0.08999</Y>
        <Y t="86">0.09914</Y>
        <Y t="87">0.10912</Y>
        <Y t="88">0.11985</Y>
        <Y t="89">0.13129</Y>
        <Y t="90">0.14351</Y>
        <Y t="91">0.15661</Y>
        <Y t="92">0.17067</Y>
        <Y t="93">0.17547</Y>
        <Y t="94">0.17096</Y>
        <Y t="95">0.17246</Y>
        <Y t="96">0.19530</Y>
        <Y t="97">0.25480</Y>
        <Y t="98">0.37345</Y>
        <Y t="99">0.54105</Y>
        <Y t="100">0.72384</Y>
        <Y t="101">0.88808</Y>
        <Y t="102">1.00000</Y>
      </Axis>
    </Values>
  </Table>
</XTbML>