﻿<?xml version="1.0" encoding="utf-8"?>
<XTbML>
  <ContentClassification>
    <TableIdentity>538</TableIdentity>
    <ProviderDomain>soa.org</ProviderDomain>
    <ProviderName>Roger Scott Lumsden</ProviderName>
    <TableReference>U.S. Department of Health and Human Services, “Life Tables for the United States Social Security Area 1900-2080 - Actuarial Study No. 107”  Social Security Administration Office of the Actuary (Baltimore, 1992) p. 20-21. SSA Pub. No. 11-11536</TableReference>
    <ContentType tc="84">Population Mortality</ContentType>
    <TableName>SSA 1920 – Male, ANB</TableName>
    <TableDescription>Social Security Area (SSA) Period Life Table for the Calendar Year 1920 – Male. Basis: Age Nearest Birthday. Minimum Age: 0. Maximum Age: 117</TableDescription>
    <Comments>Study Data: Based on historical and projected mortality in the United States. Projected mortality is that used in estimating the future costs for the Old-Age, Survivors, and Disability Insurance (OASDI) program included in the 1992 Report of the OASDI Board of Trustees to Congress. Social Security Area (SSA) tables differ from official tables published in conjunction with the U.S. decennial census. Annual tabulations of numbers of deaths by age and sex are made by the National Center for Health Statistics (NCHS) based on information provided by the states published in “Vital Statistics of the United States”. Annual estimates of the U.S. resident population by single year of age and sex are made by the Bureau of the Census and published in “Current Population Reports”. Errors of undercounting and misclassification are considered together as a net undercount. For the period 1968-1989, data was supplemented by records of the Medicare program. Methodology: For ages 0-4, probabilities of death were calculated from monthly tabulations of births and deaths and by utilizing population central death rates. For ages 5-95, data was grouped in 5-year age bands which were  then interpolated by applying Beers 4th degree osculatory formula to natural logs of complements of quinquennial qx's. The process was then iterated until 5-year expected deaths reproduced actual. For ages 95 and over, mortality for men assumed to increase at 5% per year; females set equal to male rates. Data Transcription Errors: None. Data Certified: 03/2013</Comments>
    <KeyWord>Aggregate</KeyWord>
    <KeyWord>Population mortality</KeyWord>
    <KeyWord>United States of America</KeyWord>
  </ContentClassification>
  <Table>
    <MetaData>
      <ScalingFactor>0</ScalingFactor>
      <DataType tc="2">Floating Point</DataType>
      <Nation tc="1">United States of America</Nation>
      <TableDescription>Social Security Area (SSA) Period Life Table for the Calendar Year 1920 – Male. Basis: Age Nearest Birthday. Minimum Age: 0. Maximum Age: 117</TableDescription>
      <AxisDef id="Age">
        <ScaleType tc="3">Age</ScaleType>
        <AxisName>Age</AxisName>
        <MinScaleValue>0</MinScaleValue>
        <MaxScaleValue>117</MaxScaleValue>
        <Increment>1</Increment>
      </AxisDef>
    </MetaData>
    <Values>
      <Axis>
        <Y t="0">0.085934</Y>
        <Y t="1">0.018848</Y>
        <Y t="2">0.009793</Y>
        <Y t="3">0.006821</Y>
        <Y t="4">0.005456</Y>
        <Y t="5">0.004378</Y>
        <Y t="6">0.003539</Y>
        <Y t="7">0.002918</Y>
        <Y t="8">0.002494</Y>
        <Y t="9">0.002248</Y>
        <Y t="10">0.002158</Y>
        <Y t="11">0.002203</Y>
        <Y t="12">0.002362</Y>
        <Y t="13">0.002614</Y>
        <Y t="14">0.002938</Y>
        <Y t="15">0.003339</Y>
        <Y t="16">0.003776</Y>
        <Y t="17">0.004180</Y>
        <Y t="18">0.004512</Y>
        <Y t="19">0.004784</Y>
        <Y t="20">0.005073</Y>
        <Y t="21">0.005367</Y>
        <Y t="22">0.005575</Y>
        <Y t="23">0.005670</Y>
        <Y t="24">0.005688</Y>
        <Y t="25">0.005660</Y>
        <Y t="26">0.005661</Y>
        <Y t="27">0.005747</Y>
        <Y t="28">0.005960</Y>
        <Y t="29">0.006261</Y>
        <Y t="30">0.006595</Y>
        <Y t="31">0.006893</Y>
        <Y t="32">0.007135</Y>
        <Y t="33">0.007290</Y>
        <Y t="34">0.007385</Y>
        <Y t="35">0.007479</Y>
        <Y t="36">0.007602</Y>
        <Y t="37">0.007732</Y>
        <Y t="38">0.007878</Y>
        <Y t="39">0.008044</Y>
        <Y t="40">0.008231</Y>
        <Y t="41">0.008449</Y>
        <Y t="42">0.008715</Y>
        <Y t="43">0.009039</Y>
        <Y t="44">0.009421</Y>
        <Y t="45">0.009862</Y>
        <Y t="46">0.010355</Y>
        <Y t="47">0.010891</Y>
        <Y t="48">0.011469</Y>
        <Y t="49">0.012102</Y>
        <Y t="50">0.012791</Y>
        <Y t="51">0.013570</Y>
        <Y t="52">0.014478</Y>
        <Y t="53">0.015536</Y>
        <Y t="54">0.016726</Y>
        <Y t="55">0.018090</Y>
        <Y t="56">0.019536</Y>
        <Y t="57">0.020923</Y>
        <Y t="58">0.022191</Y>
        <Y t="59">0.023443</Y>
        <Y t="60">0.024811</Y>
        <Y t="61">0.026466</Y>
        <Y t="62">0.028496</Y>
        <Y t="63">0.030988</Y>
        <Y t="64">0.033900</Y>
        <Y t="65">0.037141</Y>
        <Y t="66">0.040629</Y>
        <Y t="67">0.044368</Y>
        <Y t="68">0.048335</Y>
        <Y t="69">0.052577</Y>
        <Y t="70">0.057275</Y>
        <Y t="71">0.062406</Y>
        <Y t="72">0.067790</Y>
        <Y t="73">0.073392</Y>
        <Y t="74">0.079342</Y>
        <Y t="75">0.085576</Y>
        <Y t="76">0.092459</Y>
        <Y t="77">0.100489</Y>
        <Y t="78">0.109890</Y>
        <Y t="79">0.120347</Y>
        <Y t="80">0.131686</Y>
        <Y t="81">0.143212</Y>
        <Y t="82">0.154280</Y>
        <Y t="83">0.164536</Y>
        <Y t="84">0.174457</Y>
        <Y t="85">0.184768</Y>
        <Y t="86">0.196066</Y>
        <Y t="87">0.208689</Y>
        <Y t="88">0.222704</Y>
        <Y t="89">0.237933</Y>
        <Y t="90">0.254128</Y>
        <Y t="91">0.271009</Y>
        <Y t="92">0.288299</Y>
        <Y t="93">0.305753</Y>
        <Y t="94">0.323149</Y>
        <Y t="95">0.341089</Y>
        <Y t="96">0.359555</Y>
        <Y t="97">0.378524</Y>
        <Y t="98">0.397972</Y>
        <Y t="99">0.417871</Y>
        <Y t="100">0.438765</Y>
        <Y t="101">0.460703</Y>
        <Y t="102">0.483738</Y>
        <Y t="103">0.507925</Y>
        <Y t="104">0.533321</Y>
        <Y t="105">0.559987</Y>
        <Y t="106">0.587986</Y>
        <Y t="107">0.617386</Y>
        <Y t="108">0.648255</Y>
        <Y t="109">0.680668</Y>
        <Y t="110">0.714701</Y>
        <Y t="111">0.750436</Y>
        <Y t="112">0.787958</Y>
        <Y t="113">0.827356</Y>
        <Y t="114">0.868723</Y>
        <Y t="115">0.912160</Y>
        <Y t="116">0.957767</Y>
        <Y t="117">1.000000</Y>
      </Axis>
    </Values>
  </Table>
</XTbML>