﻿<?xml version="1.0" encoding="utf-8"?>
<XTbML>
  <ContentClassification>
    <TableIdentity>60045</TableIdentity>
    <ProviderDomain>soa.org</ProviderDomain>
    <ProviderName>Hangs Wagner.  Richard Gay from the IAA Mortality Committee</ProviderName>
    <TableReference>Australian Government Actuary. </TableReference>
    <ContentType tc="64">Life Expectancy</ContentType>
    <TableName>Life Expectancy 1881-1890 Males</TableName>
    <TableDescription>TM-Country: Australia
Minimum age: 0
Maximum age: 100
Number of decimal places: 2
Hash value: -1536434526
</TableDescription>
    <Comments>These files contain the life expectancy values as published in all fifteen official
Australian Life Tables from 1881-1890 to 1995-97. Life expectancy is given for 
ages 0 to 100 for all Tables with the exception of 1946-48, 1953-55, and 1960-62 
where life expectancy is given for ages 0 to 99. 
As a result of misprints in the original published versions, some of the life 
expectancies are incorrect. For example, for 1965-67 females, the life expectancy at 
age 2 reads 75.50, whereas it should read 73.50.  
In addition, the 1970-72 Life Tables were constructed using an under-enumerated population.  
This led to an overestimate of the mortality rates and, as a result, the published life expectancies
for 1970-72 are smaller than the actual life expectancies over this period. These figures 
should not be used or cited without qualification.
For the early Life Tables, life expectancy at birth and age 1 are lower than some of the 
subsequent ages. This is due to particularly high mortality in the first few years of life.
Data Certified: 07/2018.</Comments>
    <KeyWord>Aggregate</KeyWord>
    <KeyWord>Life Expectancy</KeyWord>
    <KeyWord>Australia</KeyWord>
  </ContentClassification>
  <Table>
    <MetaData>
      <ScalingFactor>0</ScalingFactor>
      <DataType tc="2">Floating Point</DataType>
      <Nation tc="61">Australia</Nation>
      <TableDescription>Life Expectancy 1881-1890 Males-Aggregate</TableDescription>
      <AxisDef id="Age">
        <ScaleType tc="3">Age</ScaleType>
        <AxisName>Age</AxisName>
        <MinScaleValue>0</MinScaleValue>
        <MaxScaleValue>100</MaxScaleValue>
        <Increment>1</Increment>
      </AxisDef>
    </MetaData>
    <Values>
      <Axis>
        <Y t="0">47.20</Y>
        <Y t="1">53.34</Y>
        <Y t="2">54.26</Y>
        <Y t="3">54.01</Y>
        <Y t="4">53.49</Y>
        <Y t="5">52.86</Y>
        <Y t="6">52.14</Y>
        <Y t="7">51.36</Y>
        <Y t="8">50.55</Y>
        <Y t="9">49.72</Y>
        <Y t="10">48.86</Y>
        <Y t="11">47.98</Y>
        <Y t="12">47.09</Y>
        <Y t="13">46.20</Y>
        <Y t="14">45.32</Y>
        <Y t="15">44.45</Y>
        <Y t="16">43.62</Y>
        <Y t="17">42.82</Y>
        <Y t="18">42.05</Y>
        <Y t="19">41.30</Y>
        <Y t="20">40.58</Y>
        <Y t="21">39.86</Y>
        <Y t="22">39.16</Y>
        <Y t="23">38.47</Y>
        <Y t="24">37.79</Y>
        <Y t="25">37.10</Y>
        <Y t="26">36.42</Y>
        <Y t="27">35.74</Y>
        <Y t="28">35.04</Y>
        <Y t="29">34.35</Y>
        <Y t="30">33.64</Y>
        <Y t="31">32.93</Y>
        <Y t="32">32.22</Y>
        <Y t="33">31.50</Y>
        <Y t="34">30.78</Y>
        <Y t="35">30.06</Y>
        <Y t="36">29.35</Y>
        <Y t="37">28.63</Y>
        <Y t="38">27.92</Y>
        <Y t="39">27.21</Y>
        <Y t="40">26.50</Y>
        <Y t="41">25.80</Y>
        <Y t="42">25.10</Y>
        <Y t="43">24.40</Y>
        <Y t="44">23.72</Y>
        <Y t="45">23.04</Y>
        <Y t="46">22.36</Y>
        <Y t="47">21.69</Y>
        <Y t="48">21.03</Y>
        <Y t="49">20.38</Y>
        <Y t="50">19.74</Y>
        <Y t="51">19.10</Y>
        <Y t="52">18.48</Y>
        <Y t="53">17.86</Y>
        <Y t="54">17.25</Y>
        <Y t="55">16.65</Y>
        <Y t="56">16.06</Y>
        <Y t="57">15.48</Y>
        <Y t="58">14.90</Y>
        <Y t="59">14.34</Y>
        <Y t="60">13.77</Y>
        <Y t="61">13.22</Y>
        <Y t="62">12.67</Y>
        <Y t="63">12.12</Y>
        <Y t="64">11.58</Y>
        <Y t="65">11.06</Y>
        <Y t="66">10.56</Y>
        <Y t="67">10.10</Y>
        <Y t="68">9.66</Y>
        <Y t="69">9.24</Y>
        <Y t="70">8.82</Y>
        <Y t="71">8.39</Y>
        <Y t="72">7.95</Y>
        <Y t="73">7.52</Y>
        <Y t="74">7.10</Y>
        <Y t="75">6.72</Y>
        <Y t="76">6.35</Y>
        <Y t="77">6.01</Y>
        <Y t="78">5.69</Y>
        <Y t="79">5.39</Y>
        <Y t="80">5.11</Y>
        <Y t="81">4.84</Y>
        <Y t="82">4.58</Y>
        <Y t="83">4.33</Y>
        <Y t="84">4.09</Y>
        <Y t="85">3.86</Y>
        <Y t="86">3.65</Y>
        <Y t="87">3.45</Y>
        <Y t="88">3.26</Y>
        <Y t="89">3.08</Y>
        <Y t="90">2.91</Y>
        <Y t="91">2.74</Y>
        <Y t="92">2.59</Y>
        <Y t="93">2.44</Y>
        <Y t="94">2.30</Y>
        <Y t="95">2.16</Y>
        <Y t="96">2.02</Y>
        <Y t="97">1.87</Y>
        <Y t="98">1.71</Y>
        <Y t="99">1.53</Y>
        <Y t="100">1.32</Y>
      </Axis>
    </Values>
  </Table>
</XTbML>