﻿<?xml version="1.0" encoding="utf-8"?>
<XTbML>
  <ContentClassification>
    <TableIdentity>60051</TableIdentity>
    <ProviderDomain>soa.org</ProviderDomain>
    <ProviderName>Hangs Wagner.  Richard Gay from the IAA Mortality Committee</ProviderName>
    <TableReference>Australian Government Actuary. </TableReference>
    <ContentType tc="64">Life Expectancy</ContentType>
    <TableName>Life Expectancy 1970-1972 Females</TableName>
    <TableDescription>TM-Country: Australia
Minimum age: 0
Maximum age: 100
Number of decimal places: 2
Hash value: -442632011
</TableDescription>
    <Comments>These files contain the life expectancy values as published in all fifteen official
Australian Life Tables from 1881-1890 to 1995-97. Life expectancy is given for 
ages 0 to 100 for all Tables with the exception of 1946-48, 1953-55, and 1960-62 
where life expectancy is given for ages 0 to 99. 
As a result of misprints in the original published versions, some of the life 
expectancies are incorrect. For example, for 1965-67 females, the life expectancy at 
age 2 reads 75.50, whereas it should read 73.50.  
In addition, the 1970-72 Life Tables were constructed using an under-enumerated population.  
This led to an overestimate of the mortality rates and, as a result, the published life expectancies
for 1970-72 are smaller than the actual life expectancies over this period. These figures 
should not be used or cited without qualification.
For the early Life Tables, life expectancy at birth and age 1 are lower than some of the 
subsequent ages. This is due to particularly high mortality in the first few years of life.   
The Australian Life Tables 1995-1997 is available from the Australian Government Actuary for 
A$54.25 including GST. To order the Australian Life Tables please email the Australian 
Government Actuary at aga@aga.gov.au
The Australian Life Tables 1995-1997 contains the improvement factors discussed in 
Section 1.4 of the text and presented in Appendix E. Future mortality rates can be
generated using these improvement factors by following the methods outlined in Section 3 of the text.
The Australian Life Tables 1995-1997 is available from the Australian Government Actuary for 
A$54.25 including GST. To order the Australian Life Tables please email the Australian 
Government Actuary at aga@aga.gov.au
The Australian Life Tables 1995-1997 contains the improvement factors discussed in 
Section 1.4 of the text and presented in Appendix E. Future mortality rates can be
generated using these improvement factors by following the methods outlined in Section 3 of the text.
Data Certified: 07/2018.</Comments>
    <KeyWord>Aggregate</KeyWord>
    <KeyWord>Life Expectancy</KeyWord>
    <KeyWord>Australia</KeyWord>
  </ContentClassification>
  <Table>
    <MetaData>
      <ScalingFactor>0</ScalingFactor>
      <DataType tc="2">Floating Point</DataType>
      <Nation tc="61">Australia</Nation>
      <TableDescription>Life Expectancy 1970-1972 Females-Aggregate</TableDescription>
      <AxisDef id="Age">
        <ScaleType tc="3">Age</ScaleType>
        <AxisName>Age</AxisName>
        <MinScaleValue>0</MinScaleValue>
        <MaxScaleValue>100</MaxScaleValue>
        <Increment>1</Increment>
      </AxisDef>
    </MetaData>
    <Values>
      <Axis>
        <Y t="0">74.49</Y>
        <Y t="1">74.74</Y>
        <Y t="2">73.83</Y>
        <Y t="3">72.89</Y>
        <Y t="4">71.93</Y>
        <Y t="5">70.97</Y>
        <Y t="6">69.99</Y>
        <Y t="7">69.02</Y>
        <Y t="8">68.04</Y>
        <Y t="9">67.06</Y>
        <Y t="10">66.08</Y>
        <Y t="11">65.10</Y>
        <Y t="12">64.11</Y>
        <Y t="13">63.13</Y>
        <Y t="14">62.14</Y>
        <Y t="15">61.17</Y>
        <Y t="16">60.19</Y>
        <Y t="17">59.22</Y>
        <Y t="18">58.27</Y>
        <Y t="19">57.31</Y>
        <Y t="20">56.35</Y>
        <Y t="21">55.38</Y>
        <Y t="22">54.42</Y>
        <Y t="23">53.45</Y>
        <Y t="24">52.48</Y>
        <Y t="25">51.51</Y>
        <Y t="26">50.54</Y>
        <Y t="27">49.58</Y>
        <Y t="28">48.61</Y>
        <Y t="29">47.64</Y>
        <Y t="30">46.67</Y>
        <Y t="31">45.71</Y>
        <Y t="32">44.75</Y>
        <Y t="33">43.79</Y>
        <Y t="34">42.83</Y>
        <Y t="35">41.88</Y>
        <Y t="36">40.92</Y>
        <Y t="37">39.98</Y>
        <Y t="38">39.03</Y>
        <Y t="39">38.09</Y>
        <Y t="40">37.16</Y>
        <Y t="41">36.22</Y>
        <Y t="42">35.30</Y>
        <Y t="43">34.37</Y>
        <Y t="44">33.46</Y>
        <Y t="45">32.55</Y>
        <Y t="46">31.64</Y>
        <Y t="47">30.75</Y>
        <Y t="48">29.86</Y>
        <Y t="49">28.97</Y>
        <Y t="50">28.10</Y>
        <Y t="51">27.23</Y>
        <Y t="52">26.37</Y>
        <Y t="53">25.51</Y>
        <Y t="54">24.66</Y>
        <Y t="55">23.82</Y>
        <Y t="56">22.99</Y>
        <Y t="57">22.16</Y>
        <Y t="58">21.35</Y>
        <Y t="59">20.54</Y>
        <Y t="60">19.74</Y>
        <Y t="61">18.95</Y>
        <Y t="62">18.17</Y>
        <Y t="63">17.41</Y>
        <Y t="64">16.65</Y>
        <Y t="65">15.90</Y>
        <Y t="66">15.17</Y>
        <Y t="67">14.45</Y>
        <Y t="68">13.75</Y>
        <Y t="69">13.06</Y>
        <Y t="70">12.39</Y>
        <Y t="71">11.74</Y>
        <Y t="72">11.12</Y>
        <Y t="73">10.51</Y>
        <Y t="74">9.93</Y>
        <Y t="75">9.36</Y>
        <Y t="76">8.82</Y>
        <Y t="77">8.30</Y>
        <Y t="78">7.80</Y>
        <Y t="79">7.33</Y>
        <Y t="80">6.88</Y>
        <Y t="81">6.45</Y>
        <Y t="82">6.06</Y>
        <Y t="83">5.69</Y>
        <Y t="84">5.35</Y>
        <Y t="85">5.03</Y>
        <Y t="86">4.74</Y>
        <Y t="87">4.46</Y>
        <Y t="88">4.20</Y>
        <Y t="89">3.96</Y>
        <Y t="90">3.73</Y>
        <Y t="91">3.52</Y>
        <Y t="92">3.33</Y>
        <Y t="93">3.14</Y>
        <Y t="94">2.97</Y>
        <Y t="95">2.81</Y>
        <Y t="96">2.65</Y>
        <Y t="97">2.51</Y>
        <Y t="98">2.37</Y>
        <Y t="99">2.25</Y>
        <Y t="100">2.13</Y>
      </Axis>
    </Values>
  </Table>
</XTbML>