﻿<?xml version="1.0" encoding="utf-8"?>
<XTbML>
  <ContentClassification>
    <TableIdentity>658</TableIdentity>
    <ProviderDomain>soa.org</ProviderDomain>
    <ProviderName>Roger Scott Lumsden</ProviderName>
    <TableReference>Statistiques de la Suisse , “Table de Mortalité Pour la Suisse 1978/1983 – Nombres de Commutation et Primes Pures”, (Berne, 1985). Reprinted by A.S. MacDonald, "The Second Actuarial Study of Mortality in Europe", Groupe Consultatif des Associations d’Actuaries des Pays Des Communautés Européennes (United Kingdom, 1997) Appendix. Accessed: February, 2013 from http://www.gcactuaries.org/documents/mortalitystudy1997.zip</TableReference>
    <ContentType tc="84">Population Mortality</ContentType>
    <TableName>1978-83 Swiss - Female</TableName>
    <TableDescription>1978-83 Swiss - Female. Minimum Age: 0 Maximum Age: 109</TableDescription>
    <Comments>Study Data: Population data observed from 1978 to 1983. Methodology: although the development of data processing systems would have allowed for new procedure, for comparability with prior studies, the same statistical and mathematical methodology was applied as for former tables. For the interval 16 to 80, the graduation was done following the method of King. Crude probabilities were taken for ages 0, 1, and 2 for deaths then, for the period between ages 2 and 16, an adjustment by orthogonal polynomials was made. Values for ages 80 and above by Gompertz-Makeham formula. Data Transcription Errors: None. Data Certified: 10/2013</Comments>
    <KeyWord>Aggregate</KeyWord>
    <KeyWord>Population mortality</KeyWord>
    <KeyWord>Switzerland</KeyWord>
  </ContentClassification>
  <Table>
    <MetaData>
      <ScalingFactor>0</ScalingFactor>
      <DataType tc="2">Floating Point</DataType>
      <Nation tc="41">Switzerland</Nation>
      <TableDescription>1978-83 Swiss - Female. Minimum Age: 0 Maximum Age: 109</TableDescription>
      <AxisDef id="Age">
        <ScaleType tc="3">Age</ScaleType>
        <AxisName>Age</AxisName>
        <MinScaleValue>0</MinScaleValue>
        <MaxScaleValue>109</MaxScaleValue>
        <Increment>1</Increment>
      </AxisDef>
    </MetaData>
    <Values>
      <Axis>
        <Y t="0">0.007073</Y>
        <Y t="1">0.000677</Y>
        <Y t="2">0.000385</Y>
        <Y t="3">0.000371</Y>
        <Y t="4">0.000347</Y>
        <Y t="5">0.000314</Y>
        <Y t="6">0.000272</Y>
        <Y t="7">0.000227</Y>
        <Y t="8">0.000188</Y>
        <Y t="9">0.000162</Y>
        <Y t="10">0.000151</Y>
        <Y t="11">0.000157</Y>
        <Y t="12">0.000179</Y>
        <Y t="13">0.000216</Y>
        <Y t="14">0.000263</Y>
        <Y t="15">0.000318</Y>
        <Y t="16">0.000376</Y>
        <Y t="17">0.000432</Y>
        <Y t="18">0.000481</Y>
        <Y t="19">0.000521</Y>
        <Y t="20">0.000549</Y>
        <Y t="21">0.000562</Y>
        <Y t="22">0.000562</Y>
        <Y t="23">0.000551</Y>
        <Y t="24">0.000533</Y>
        <Y t="25">0.000516</Y>
        <Y t="26">0.000513</Y>
        <Y t="27">0.000519</Y>
        <Y t="28">0.000529</Y>
        <Y t="29">0.000538</Y>
        <Y t="30">0.000542</Y>
        <Y t="31">0.000556</Y>
        <Y t="32">0.000582</Y>
        <Y t="33">0.000622</Y>
        <Y t="34">0.000675</Y>
        <Y t="35">0.000737</Y>
        <Y t="36">0.000805</Y>
        <Y t="37">0.000877</Y>
        <Y t="38">0.000948</Y>
        <Y t="39">0.001019</Y>
        <Y t="40">0.001099</Y>
        <Y t="41">0.001194</Y>
        <Y t="42">0.001311</Y>
        <Y t="43">0.001453</Y>
        <Y t="44">0.001613</Y>
        <Y t="45">0.001790</Y>
        <Y t="46">0.001981</Y>
        <Y t="47">0.002184</Y>
        <Y t="48">0.002398</Y>
        <Y t="49">0.002623</Y>
        <Y t="50">0.002863</Y>
        <Y t="51">0.003120</Y>
        <Y t="52">0.003396</Y>
        <Y t="53">0.003676</Y>
        <Y t="54">0.003961</Y>
        <Y t="55">0.004270</Y>
        <Y t="56">0.004625</Y>
        <Y t="57">0.005049</Y>
        <Y t="58">0.005535</Y>
        <Y t="59">0.006071</Y>
        <Y t="60">0.006662</Y>
        <Y t="61">0.007317</Y>
        <Y t="62">0.008043</Y>
        <Y t="63">0.008777</Y>
        <Y t="64">0.009513</Y>
        <Y t="65">0.010347</Y>
        <Y t="66">0.011373</Y>
        <Y t="67">0.012686</Y>
        <Y t="68">0.014220</Y>
        <Y t="69">0.015911</Y>
        <Y t="70">0.017860</Y>
        <Y t="71">0.020165</Y>
        <Y t="72">0.022926</Y>
        <Y t="73">0.026027</Y>
        <Y t="74">0.029400</Y>
        <Y t="75">0.033222</Y>
        <Y t="76">0.037668</Y>
        <Y t="77">0.042914</Y>
        <Y t="78">0.048875</Y>
        <Y t="79">0.055434</Y>
        <Y t="80">0.062718</Y>
        <Y t="81">0.070855</Y>
        <Y t="82">0.079972</Y>
        <Y t="83">0.089556</Y>
        <Y t="84">0.099747</Y>
        <Y t="85">0.110684</Y>
        <Y t="86">0.122507</Y>
        <Y t="87">0.135356</Y>
        <Y t="88">0.149286</Y>
        <Y t="89">0.164365</Y>
        <Y t="90">0.180658</Y>
        <Y t="91">0.198232</Y>
        <Y t="92">0.217146</Y>
        <Y t="93">0.237457</Y>
        <Y t="94">0.259211</Y>
        <Y t="95">0.282447</Y>
        <Y t="96">0.307190</Y>
        <Y t="97">0.333448</Y>
        <Y t="98">0.361211</Y>
        <Y t="99">0.390444</Y>
        <Y t="100">0.421087</Y>
        <Y t="101">0.453049</Y>
        <Y t="102">0.486204</Y>
        <Y t="103">0.520391</Y>
        <Y t="104">0.555408</Y>
        <Y t="105">0.591014</Y>
        <Y t="106">0.626930</Y>
        <Y t="107">0.662840</Y>
        <Y t="108">0.698394</Y>
        <Y t="109">1.000000</Y>
      </Axis>
    </Values>
  </Table>
</XTbML>