﻿<?xml version="1.0" encoding="utf-8"?>
<XTbML>
  <ContentClassification>
    <TableIdentity>703</TableIdentity>
    <ProviderDomain>soa.org</ProviderDomain>
    <ProviderName>Roger Scott Lumsden</ProviderName>
    <TableReference>Norman Brodie and William J. November “A New Table for Accidental Death Benefits”, Transactions of the Society of Actuaries Vol. No. 31 (1959). Accessed: July, 203 from http://www.soa.org/Library/Research/Transactions-Of-Society-Of-Actuaries/1959/January/tsa59v11n3177.aspx</TableReference>
    <ContentType tc="77">ADB, AD&amp;D</ContentType>
    <TableName>1959 ADB Table</TableName>
    <TableDescription>1959 Accidental Death Benefit (ADB) Table. Minimum Age: 1. Maximum Age 99. </TableDescription>
    <Comments>Study Data: The 1959 Accidental Death Benefit (ADB) Table was built from the Society of Actuaries study of accidental deaths by using experience from individual life insurance contracts during 1951-56 that contained unrated accidental death exposure. Methodology: The basic mortality rates from the 1951-56 study (see SOA Table Identity 701) were loaded for use in valuation purposes. In keeping with the thinking that went into the construction of the 1958 CSO Table (see SOA Table Identities 5 and 6), it was felt that the rates appearing in a valuation table should cover a high proportion of the individual company variations from the average. Accordingly, the base rates were loaded by adding a margin equal to 30% of the experience rate, subject to a minimum addition of 0.10 per 1,000 and a maximum addition of 1.00 per 1,000. Data Transcription Errors Detected: 07/2013. Data Corrected and Certified: 07/2013</Comments>
    <KeyWord>Aggregate</KeyWord>
    <KeyWord>ADB</KeyWord>
    <KeyWord>AD&amp;D</KeyWord>
    <KeyWord>United States of America</KeyWord>
  </ContentClassification>
  <Table>
    <MetaData>
      <ScalingFactor>0</ScalingFactor>
      <DataType tc="2">Floating Point</DataType>
      <Nation tc="1">United States of America</Nation>
      <TableDescription>1959 Accidental Death Benefit (ADB) Table. Minimum Age: 1. Maximum Age 99.</TableDescription>
      <AxisDef id="Age">
        <ScaleType tc="3">Age</ScaleType>
        <AxisName>Age</AxisName>
        <MinScaleValue>1</MinScaleValue>
        <MaxScaleValue>99</MaxScaleValue>
        <Increment>1</Increment>
      </AxisDef>
    </MetaData>
    <Values>
      <Axis>
        <Y t="1">0.000551</Y>
        <Y t="2">0.000451</Y>
        <Y t="3">0.000398</Y>
        <Y t="4">0.000364</Y>
        <Y t="5">0.000339</Y>
        <Y t="6">0.000320</Y>
        <Y t="7">0.000307</Y>
        <Y t="8">0.000302</Y>
        <Y t="9">0.000298</Y>
        <Y t="10">0.000303</Y>
        <Y t="11">0.000312</Y>
        <Y t="12">0.000330</Y>
        <Y t="13">0.000360</Y>
        <Y t="14">0.000401</Y>
        <Y t="15">0.000476</Y>
        <Y t="16">0.000637</Y>
        <Y t="17">0.000723</Y>
        <Y t="18">0.000751</Y>
        <Y t="19">0.000758</Y>
        <Y t="20">0.000748</Y>
        <Y t="21">0.000720</Y>
        <Y t="22">0.000675</Y>
        <Y t="23">0.000612</Y>
        <Y t="24">0.000546</Y>
        <Y t="25">0.000490</Y>
        <Y t="26">0.000448</Y>
        <Y t="27">0.000424</Y>
        <Y t="28">0.000409</Y>
        <Y t="29">0.000400</Y>
        <Y t="30">0.000394</Y>
        <Y t="31">0.000390</Y>
        <Y t="32">0.000387</Y>
        <Y t="33">0.000386</Y>
        <Y t="34">0.000386</Y>
        <Y t="35">0.000386</Y>
        <Y t="36">0.000387</Y>
        <Y t="37">0.000389</Y>
        <Y t="38">0.000391</Y>
        <Y t="39">0.000393</Y>
        <Y t="40">0.000395</Y>
        <Y t="41">0.000399</Y>
        <Y t="42">0.000405</Y>
        <Y t="43">0.000413</Y>
        <Y t="44">0.000422</Y>
        <Y t="45">0.000431</Y>
        <Y t="46">0.000441</Y>
        <Y t="47">0.000450</Y>
        <Y t="48">0.000456</Y>
        <Y t="49">0.000462</Y>
        <Y t="50">0.000465</Y>
        <Y t="51">0.000471</Y>
        <Y t="52">0.000477</Y>
        <Y t="53">0.000486</Y>
        <Y t="54">0.000498</Y>
        <Y t="55">0.000514</Y>
        <Y t="56">0.000532</Y>
        <Y t="57">0.000552</Y>
        <Y t="58">0.000575</Y>
        <Y t="59">0.000598</Y>
        <Y t="60">0.000624</Y>
        <Y t="61">0.000653</Y>
        <Y t="62">0.000686</Y>
        <Y t="63">0.000724</Y>
        <Y t="64">0.000766</Y>
        <Y t="65">0.000809</Y>
        <Y t="66">0.000853</Y>
        <Y t="67">0.000900</Y>
        <Y t="68">0.000949</Y>
        <Y t="69">0.001002</Y>
        <Y t="70">0.001065</Y>
        <Y t="71">0.001141</Y>
        <Y t="72">0.001238</Y>
        <Y t="73">0.001360</Y>
        <Y t="74">0.001516</Y>
        <Y t="75">0.001710</Y>
        <Y t="76">0.001942</Y>
        <Y t="77">0.002214</Y>
        <Y t="78">0.002526</Y>
        <Y t="79">0.002881</Y>
        <Y t="80">0.003277</Y>
        <Y t="81">0.003708</Y>
        <Y t="82">0.004168</Y>
        <Y t="83">0.004584</Y>
        <Y t="84">0.004988</Y>
        <Y t="85">0.005419</Y>
        <Y t="86">0.005878</Y>
        <Y t="87">0.006367</Y>
        <Y t="88">0.006886</Y>
        <Y t="89">0.007437</Y>
        <Y t="90">0.008022</Y>
        <Y t="91">0.008642</Y>
        <Y t="92">0.009298</Y>
        <Y t="93">0.009991</Y>
        <Y t="94">0.010723</Y>
        <Y t="95">0.011495</Y>
        <Y t="96">0.012308</Y>
        <Y t="97">0.013164</Y>
        <Y t="98">0.014064</Y>
        <Y t="99">0.015009</Y>
      </Axis>
    </Values>
  </Table>
</XTbML>