﻿<?xml version="1.0" encoding="utf-8"?>
<XTbML>
  <ContentClassification>
    <TableIdentity>704</TableIdentity>
    <ProviderDomain>soa.org</ProviderDomain>
    <ProviderName>Roger Scott Lumsden  75147,2620</ProviderName>
    <TableReference></TableReference>
    <ContentType tc="77">ADB, AD&amp;D</ContentType>
    <TableName>1959 US ADB, Last, Male+Female</TableName>
    <TableDescription>TM-Country: US
Source of data: SOA Intercompany Accidental Death Mortality Study,
experience of 17 companies
Volume of data: Exposure of $137.8 billion, claims of $50.7 million (16,348 claims)
Observation period: 1951 to 1956 policy anniversaries
Unit of observation: Amounts of Insurance
Construction method: Margin added to 1951-56 ADB Experience table (q.v.)
Margin is 30% of basic subject to minimum of .10 per 1000 and maximum of 1.00 per 1000
Minimum age: 0
Maximum age: 99
Number of decimal places: 7
Hash value: 218253178
</TableDescription>
    <Comments>Derived from Age Nearest
These values have been checked by examining 1-3 differences
but have not been proofread. If you find any errors
please report them to Actuaries On Line</Comments>
    <KeyWord>Aggregate</KeyWord>
    <KeyWord>ADB</KeyWord>
    <KeyWord> AD&amp;D</KeyWord>
    <KeyWord>United States of America</KeyWord>
  </ContentClassification>
  <Table>
    <MetaData>
      <ScalingFactor>0</ScalingFactor>
      <DataType tc="2">Floating Point</DataType>
      <Nation tc="1">United States of America</Nation>
      <TableDescription>1959 US ADB, Last, Male+Female-Aggregate</TableDescription>
      <AxisDef id="Age">
        <ScaleType tc="3">Age</ScaleType>
        <AxisName>Age</AxisName>
        <MinScaleValue>0</MinScaleValue>
        <MaxScaleValue>99</MaxScaleValue>
        <Increment>1</Increment>
      </AxisDef>
    </MetaData>
    <Values>
      <Axis>
        <Y t="0">0.0006010</Y>
        <Y t="1">0.0005010</Y>
        <Y t="2">0.0004250</Y>
        <Y t="3">0.0003810</Y>
        <Y t="4">0.0003510</Y>
        <Y t="5">0.0003290</Y>
        <Y t="6">0.0003130</Y>
        <Y t="7">0.0003040</Y>
        <Y t="8">0.0003000</Y>
        <Y t="9">0.0003000</Y>
        <Y t="10">0.0003070</Y>
        <Y t="11">0.0003210</Y>
        <Y t="12">0.0003450</Y>
        <Y t="13">0.0003800</Y>
        <Y t="14">0.0004380</Y>
        <Y t="15">0.0005570</Y>
        <Y t="16">0.0006800</Y>
        <Y t="17">0.0007370</Y>
        <Y t="18">0.0007540</Y>
        <Y t="19">0.0007530</Y>
        <Y t="20">0.0007340</Y>
        <Y t="21">0.0006970</Y>
        <Y t="22">0.0006430</Y>
        <Y t="23">0.0005790</Y>
        <Y t="24">0.0005180</Y>
        <Y t="25">0.0004690</Y>
        <Y t="26">0.0004360</Y>
        <Y t="27">0.0004160</Y>
        <Y t="28">0.0004050</Y>
        <Y t="29">0.0003970</Y>
        <Y t="30">0.0003920</Y>
        <Y t="31">0.0003890</Y>
        <Y t="32">0.0003870</Y>
        <Y t="33">0.0003860</Y>
        <Y t="34">0.0003860</Y>
        <Y t="35">0.0003870</Y>
        <Y t="36">0.0003880</Y>
        <Y t="37">0.0003900</Y>
        <Y t="38">0.0003920</Y>
        <Y t="39">0.0003940</Y>
        <Y t="40">0.0003970</Y>
        <Y t="41">0.0004020</Y>
        <Y t="42">0.0004090</Y>
        <Y t="43">0.0004180</Y>
        <Y t="44">0.0004270</Y>
        <Y t="45">0.0004360</Y>
        <Y t="46">0.0004450</Y>
        <Y t="47">0.0004530</Y>
        <Y t="48">0.0004590</Y>
        <Y t="49">0.0004630</Y>
        <Y t="50">0.0004680</Y>
        <Y t="51">0.0004740</Y>
        <Y t="52">0.0004810</Y>
        <Y t="53">0.0004920</Y>
        <Y t="54">0.0005060</Y>
        <Y t="55">0.0005230</Y>
        <Y t="56">0.0005420</Y>
        <Y t="57">0.0005630</Y>
        <Y t="58">0.0005860</Y>
        <Y t="59">0.0006110</Y>
        <Y t="60">0.0006380</Y>
        <Y t="61">0.0006690</Y>
        <Y t="62">0.0007050</Y>
        <Y t="63">0.0007450</Y>
        <Y t="64">0.0007880</Y>
        <Y t="65">0.0008310</Y>
        <Y t="66">0.0008770</Y>
        <Y t="67">0.0009240</Y>
        <Y t="68">0.0009760</Y>
        <Y t="69">0.0010330</Y>
        <Y t="70">0.0011030</Y>
        <Y t="71">0.0011900</Y>
        <Y t="72">0.0012990</Y>
        <Y t="73">0.0014380</Y>
        <Y t="74">0.0016130</Y>
        <Y t="75">0.0018260</Y>
        <Y t="76">0.0020780</Y>
        <Y t="77">0.0023700</Y>
        <Y t="78">0.0027040</Y>
        <Y t="79">0.0030790</Y>
        <Y t="80">0.0034920</Y>
        <Y t="81">0.0039380</Y>
        <Y t="82">0.0043760</Y>
        <Y t="83">0.0047860</Y>
        <Y t="84">0.0052030</Y>
        <Y t="85">0.0056480</Y>
        <Y t="86">0.0061230</Y>
        <Y t="87">0.0066260</Y>
        <Y t="88">0.0071620</Y>
        <Y t="89">0.0077300</Y>
        <Y t="90">0.0083320</Y>
        <Y t="91">0.0089700</Y>
        <Y t="92">0.0096450</Y>
        <Y t="93">0.0103570</Y>
        <Y t="94">0.0111090</Y>
        <Y t="95">0.0119020</Y>
        <Y t="96">0.0127360</Y>
        <Y t="97">0.0136140</Y>
        <Y t="98">0.0145370</Y>
        <Y t="99">0.0155040</Y>
      </Axis>
    </Values>
  </Table>
</XTbML>