﻿<?xml version="1.0" encoding="utf-8"?>
<XTbML>
  <ContentClassification>
    <TableIdentity>707</TableIdentity>
    <ProviderDomain>soa.org</ProviderDomain>
    <ProviderName>Roger Scott Lumsden</ProviderName>
    <TableReference>Society of Actuaries, “II. Experience Under Accidental Death Benefit Provisions in Ordinary  Insurance Policies Between 1970 and 1975 Anniversaries”, Transactions of the Society of Actuaries – Reports (1977) Table 13. Accessed: July, 2013 from http://www.soa.org/Library/Research/Transactions-Reports-Of-Mortality-Moribidity-And-Experience/1970-79/1977/January/TSR773.aspx</TableReference>
    <ContentType tc="77">ADB, AD&amp;D</ContentType>
    <TableName>1970-75 ADB Experience by Amount of Claims Paid - Female, ANB</TableName>
    <TableDescription>1970-75 Accidental Death Benefits (ADB) by Amount of Claims Paid - Male, Basis: Age Nearest Birthday. Minimum Age: 10 Maximum Age: 65</TableDescription>
    <Comments>Study Data: All fifteen contributing companies to the 1970-75 ADB Study (See SOA Table Identity 705) were able to subdivide their experience by gender. Methodology: Graduated values were developed for each attained age from 10 through 65 by application of the Whittaker-Henderson third-difference A formula with K = 8. The formula was not applied to attained ages below 10 or above 65 since each of these ages involved less than 20 claims. NOTE: A prior generation of this table had rates for ages above 65. As these rates were not part of the published table and the source of the data used to extend the table could not be determined, they have been removed. Data Transcription Errors Detected: 07/2013. Data Corrected and Certified: 07/2013</Comments>
    <KeyWord>Aggregate</KeyWord>
    <KeyWord>ADB</KeyWord>
    <KeyWord>AD&amp;D</KeyWord>
    <KeyWord>United States of America</KeyWord>
  </ContentClassification>
  <Table>
    <MetaData>
      <ScalingFactor>0</ScalingFactor>
      <DataType tc="2">Floating Point</DataType>
      <Nation tc="1">United States of America</Nation>
      <TableDescription>1970-75 Accidental Death Benefits (ADB) by Amount of Claims Paid - Male, Basis: Age Nearest Birthday. Minimum Age: 10 Maximum Age: 65</TableDescription>
      <AxisDef id="Age">
        <ScaleType tc="3">Age</ScaleType>
        <AxisName>Age</AxisName>
        <MinScaleValue>10</MinScaleValue>
        <MaxScaleValue>65</MaxScaleValue>
        <Increment>1</Increment>
      </AxisDef>
    </MetaData>
    <Values>
      <Axis>
        <Y t="10">0.000064</Y>
        <Y t="11">0.000065</Y>
        <Y t="12">0.000076</Y>
        <Y t="13">0.000096</Y>
        <Y t="14">0.000128</Y>
        <Y t="15">0.000167</Y>
        <Y t="16">0.000204</Y>
        <Y t="17">0.000234</Y>
        <Y t="18">0.000253</Y>
        <Y t="19">0.000257</Y>
        <Y t="20">0.000247</Y>
        <Y t="21">0.000228</Y>
        <Y t="22">0.000204</Y>
        <Y t="23">0.000181</Y>
        <Y t="24">0.000159</Y>
        <Y t="25">0.000142</Y>
        <Y t="26">0.000132</Y>
        <Y t="27">0.000131</Y>
        <Y t="28">0.000140</Y>
        <Y t="29">0.000155</Y>
        <Y t="30">0.000172</Y>
        <Y t="31">0.000184</Y>
        <Y t="32">0.000191</Y>
        <Y t="33">0.000191</Y>
        <Y t="34">0.000186</Y>
        <Y t="35">0.000178</Y>
        <Y t="36">0.000170</Y>
        <Y t="37">0.000164</Y>
        <Y t="38">0.000161</Y>
        <Y t="39">0.000160</Y>
        <Y t="40">0.000161</Y>
        <Y t="41">0.000165</Y>
        <Y t="42">0.000172</Y>
        <Y t="43">0.000183</Y>
        <Y t="44">0.000197</Y>
        <Y t="45">0.000208</Y>
        <Y t="46">0.000212</Y>
        <Y t="47">0.000209</Y>
        <Y t="48">0.000203</Y>
        <Y t="49">0.000200</Y>
        <Y t="50">0.000198</Y>
        <Y t="51">0.000197</Y>
        <Y t="52">0.000197</Y>
        <Y t="53">0.000194</Y>
        <Y t="54">0.000186</Y>
        <Y t="55">0.000172</Y>
        <Y t="56">0.000158</Y>
        <Y t="57">0.000155</Y>
        <Y t="58">0.000167</Y>
        <Y t="59">0.000193</Y>
        <Y t="60">0.000220</Y>
        <Y t="61">0.000240</Y>
        <Y t="62">0.000246</Y>
        <Y t="63">0.000237</Y>
        <Y t="64">0.000220</Y>
        <Y t="65">0.000201</Y>
      </Axis>
    </Values>
  </Table>
</XTbML>