﻿<?xml version="1.0" encoding="utf-8"?>
<XTbML>
  <ContentClassification>
    <TableIdentity>710</TableIdentity>
    <ProviderDomain>soa.org</ProviderDomain>
    <ProviderName>Roger Scott Lumsden  75147,2620</ProviderName>
    <TableReference></TableReference>
    <ContentType tc="77">ADB, AD&amp;D</ContentType>
    <TableName>1970-75 US ADB Experience, Last, Female</TableName>
    <TableDescription>TM-Country: US
Source of data: SOA Intercompany Accidental Death Mortality Study,
experience of 15 companies
Volume of data: 27% of number of claims, 16% of face amount
Observation period: 1970 to 1975 policy anniversaries
Unit of observation: Amounts of Insurance
Construction method: Derived from Age Nearest
Minimum age: 0
Maximum age: 100
Number of decimal places: 7
Hash value: 1973112821
</TableDescription>
    <Comments>Table contains no margin.
I'm not sure where the extension ages 0-9 or 66-100 came from.
These values have been checked by examining 1-3 differences
but have not been proofread. If you find any errors
please report them to Actuaries On Line</Comments>
    <KeyWord>Aggregate</KeyWord>
    <KeyWord>ADB</KeyWord>
    <KeyWord> AD&amp;D</KeyWord>
    <KeyWord>United States of America</KeyWord>
  </ContentClassification>
  <Table>
    <MetaData>
      <ScalingFactor>0</ScalingFactor>
      <DataType tc="2">Floating Point</DataType>
      <Nation tc="1">United States of America</Nation>
      <TableDescription>1970-75 US ADB Experience, Last, Female-Aggregate</TableDescription>
      <AxisDef id="Age">
        <ScaleType tc="3">Age</ScaleType>
        <AxisName>Age</AxisName>
        <MinScaleValue>0</MinScaleValue>
        <MaxScaleValue>100</MaxScaleValue>
        <Increment>1</Increment>
      </AxisDef>
    </MetaData>
    <Values>
      <Axis>
        <Y t="0">0.0005220</Y>
        <Y t="1">0.0004090</Y>
        <Y t="2">0.0003130</Y>
        <Y t="3">0.0002350</Y>
        <Y t="4">0.0001750</Y>
        <Y t="5">0.0001300</Y>
        <Y t="6">0.0000980</Y>
        <Y t="7">0.0000780</Y>
        <Y t="8">0.0000670</Y>
        <Y t="9">0.0000640</Y>
        <Y t="10">0.0000640</Y>
        <Y t="11">0.0000710</Y>
        <Y t="12">0.0000860</Y>
        <Y t="13">0.0001120</Y>
        <Y t="14">0.0001480</Y>
        <Y t="15">0.0001860</Y>
        <Y t="16">0.0002190</Y>
        <Y t="17">0.0002440</Y>
        <Y t="18">0.0002550</Y>
        <Y t="19">0.0002520</Y>
        <Y t="20">0.0002380</Y>
        <Y t="21">0.0002160</Y>
        <Y t="22">0.0001920</Y>
        <Y t="23">0.0001700</Y>
        <Y t="24">0.0001500</Y>
        <Y t="25">0.0001370</Y>
        <Y t="26">0.0001310</Y>
        <Y t="27">0.0001350</Y>
        <Y t="28">0.0001480</Y>
        <Y t="29">0.0001630</Y>
        <Y t="30">0.0001780</Y>
        <Y t="31">0.0001880</Y>
        <Y t="32">0.0001910</Y>
        <Y t="33">0.0001890</Y>
        <Y t="34">0.0001820</Y>
        <Y t="35">0.0001740</Y>
        <Y t="36">0.0001670</Y>
        <Y t="37">0.0001620</Y>
        <Y t="38">0.0001600</Y>
        <Y t="39">0.0001600</Y>
        <Y t="40">0.0001630</Y>
        <Y t="41">0.0001690</Y>
        <Y t="42">0.0001780</Y>
        <Y t="43">0.0001900</Y>
        <Y t="44">0.0002020</Y>
        <Y t="45">0.0002100</Y>
        <Y t="46">0.0002100</Y>
        <Y t="47">0.0002060</Y>
        <Y t="48">0.0002010</Y>
        <Y t="49">0.0001990</Y>
        <Y t="50">0.0001980</Y>
        <Y t="51">0.0001970</Y>
        <Y t="52">0.0001960</Y>
        <Y t="53">0.0001900</Y>
        <Y t="54">0.0001790</Y>
        <Y t="55">0.0001650</Y>
        <Y t="56">0.0001570</Y>
        <Y t="57">0.0001610</Y>
        <Y t="58">0.0001800</Y>
        <Y t="59">0.0002070</Y>
        <Y t="60">0.0002300</Y>
        <Y t="61">0.0002430</Y>
        <Y t="62">0.0002410</Y>
        <Y t="63">0.0002280</Y>
        <Y t="64">0.0002100</Y>
        <Y t="65">0.0002030</Y>
        <Y t="66">0.0002180</Y>
        <Y t="67">0.0002460</Y>
        <Y t="68">0.0002780</Y>
        <Y t="69">0.0003200</Y>
        <Y t="70">0.0003710</Y>
        <Y t="71">0.0004340</Y>
        <Y t="72">0.0005050</Y>
        <Y t="73">0.0005890</Y>
        <Y t="74">0.0006930</Y>
        <Y t="75">0.0008210</Y>
        <Y t="76">0.0009630</Y>
        <Y t="77">0.0011150</Y>
        <Y t="78">0.0012740</Y>
        <Y t="79">0.0014420</Y>
        <Y t="80">0.0016260</Y>
        <Y t="81">0.0018680</Y>
        <Y t="82">0.0022430</Y>
        <Y t="83">0.0027890</Y>
        <Y t="84">0.0034070</Y>
        <Y t="85">0.0039600</Y>
        <Y t="86">0.0043770</Y>
        <Y t="87">0.0046660</Y>
        <Y t="88">0.0048950</Y>
        <Y t="89">0.0050890</Y>
        <Y t="90">0.0052260</Y>
        <Y t="91">0.0053170</Y>
        <Y t="92">0.0054170</Y>
        <Y t="93">0.0055810</Y>
        <Y t="94">0.0058670</Y>
        <Y t="95">0.0063270</Y>
        <Y t="96">0.0070190</Y>
        <Y t="97">0.0079970</Y>
        <Y t="98">0.0093170</Y>
        <Y t="99">0.0110340</Y>
        <Y t="100">0.0132060</Y>
      </Axis>
    </Values>
  </Table>
</XTbML>