﻿<?xml version="1.0" encoding="utf-8"?>
<XTbML>
  <ContentClassification>
    <TableIdentity>711</TableIdentity>
    <ProviderDomain>soa.org</ProviderDomain>
    <ProviderName>Roger Scott Lumsden</ProviderName>
    <TableReference>Committee on Expected Experience – Subcommittee on Group Life and Health Insurance, “Report of the Mortality Committee, Canadian Basic Group Life Tables, 1968-72”, Mortality Committee Report, Canadian Institute of Actuaries (Ottawa, 1978) Table 2E</TableReference>
    <ContentType tc="77">ADB, AD&amp;D</ContentType>
    <TableName>1968-72 CIA Group Life ADB – Males, ANB</TableName>
    <TableDescription>1968-72 Canadian Institute of Actuaries (CIA) Group Life Accidental Death Rates – Males.  Basis: Age Nearest Birthday. Minimum Age: 18 Maximum Age: 90</TableDescription>
    <Comments>Study Data: Basic data from eleven companies contributing to Canadian Institute of Actuaries (CIA) mortality studies. Rated and non-rated group term life experience from groups with 25 lives or more, excluding association groups, credit life groups, dependents life and group permanent insurance observed 1968 to 1972 policy years. Prior studies were built of the form death-plus-disability claim rate. With the 1968-72 study, the Committee introduced graduated rates of death-only and disability-only rates in addition to the death-plus-disability tables. Methodology: Data is contributed in quinquennial age groups on the basis of age nearest birthday. Crude values of µ(x) obtained for central ages. Crude q(x) at central ages then found by formula:  [-13µ(x-5) + 296 µ(x) + 17µ(x+5) ] / 300. Graduated values of q(x) for each age 18 to 90 were obtained by applying Jenkin’s Fifth Difference Modified Osculatory Interpolation formula to the crude quinquennial values of q(x). Use of the Jenkin’s Fifth Difference Formula corresponds in general with the graduation method employed in arriving at the q(x) values in the Society of Actuaries (SOA) 1960 Commissioners Standard Group (See SOA Table Identity 305) and 1960 Basic Group Mortality tables (See SOA Table Identity 304). Due to the small amount of data, the accidental death rates were further smoothed by a graphic method. Data Transcription Errors: None. Data Certified: 08/2013</Comments>
    <KeyWord>Aggregate</KeyWord>
    <KeyWord>ADB, AD&amp;D</KeyWord>
    <KeyWord>Canada</KeyWord>
  </ContentClassification>
  <Table>
    <MetaData>
      <ScalingFactor>0</ScalingFactor>
      <DataType tc="2">Floating Point</DataType>
      <Nation tc="2">Canada</Nation>
      <TableDescription>1968-72 Canadian Institute of Actuaries (CIA) Group Life Accidental Death Rates – Males.  Basis: Age Nearest Birthday. Minimum Age: 18 Maximum Age: 90</TableDescription>
      <AxisDef id="Age">
        <ScaleType tc="3">Age</ScaleType>
        <AxisName>Age</AxisName>
        <MinScaleValue>18</MinScaleValue>
        <MaxScaleValue>90</MaxScaleValue>
        <Increment>1</Increment>
      </AxisDef>
    </MetaData>
    <Values>
      <Axis>
        <Y t="18">0.00147</Y>
        <Y t="19">0.00132</Y>
        <Y t="20">0.00118</Y>
        <Y t="21">0.00106</Y>
        <Y t="22">0.00096</Y>
        <Y t="23">0.00086</Y>
        <Y t="24">0.00078</Y>
        <Y t="25">0.00071</Y>
        <Y t="26">0.00065</Y>
        <Y t="27">0.00060</Y>
        <Y t="28">0.00055</Y>
        <Y t="29">0.00051</Y>
        <Y t="30">0.00048</Y>
        <Y t="31">0.00046</Y>
        <Y t="32">0.00045</Y>
        <Y t="33">0.00044</Y>
        <Y t="34">0.00043</Y>
        <Y t="35">0.00043</Y>
        <Y t="36">0.00043</Y>
        <Y t="37">0.00044</Y>
        <Y t="38">0.00044</Y>
        <Y t="39">0.00045</Y>
        <Y t="40">0.00046</Y>
        <Y t="41">0.00046</Y>
        <Y t="42">0.00047</Y>
        <Y t="43">0.00047</Y>
        <Y t="44">0.00048</Y>
        <Y t="45">0.00049</Y>
        <Y t="46">0.00050</Y>
        <Y t="47">0.00051</Y>
        <Y t="48">0.00051</Y>
        <Y t="49">0.00052</Y>
        <Y t="50">0.00053</Y>
        <Y t="51">0.00054</Y>
        <Y t="52">0.00055</Y>
        <Y t="53">0.00056</Y>
        <Y t="54">0.00057</Y>
        <Y t="55">0.00058</Y>
        <Y t="56">0.00059</Y>
        <Y t="57">0.00060</Y>
        <Y t="58">0.00061</Y>
        <Y t="59">0.00062</Y>
        <Y t="60">0.00063</Y>
        <Y t="61">0.00064</Y>
        <Y t="62">0.00065</Y>
        <Y t="63">0.00066</Y>
        <Y t="64">0.00067</Y>
        <Y t="65">0.00068</Y>
        <Y t="66">0.00069</Y>
        <Y t="67">0.00070</Y>
        <Y t="68">0.00071</Y>
        <Y t="69">0.00073</Y>
        <Y t="70">0.00076</Y>
        <Y t="71">0.00080</Y>
        <Y t="72">0.00084</Y>
        <Y t="73">0.00089</Y>
        <Y t="74">0.00094</Y>
        <Y t="75">0.00099</Y>
        <Y t="76">0.00104</Y>
        <Y t="77">0.00110</Y>
        <Y t="78">0.00117</Y>
        <Y t="79">0.00125</Y>
        <Y t="80">0.00134</Y>
        <Y t="81">0.00146</Y>
        <Y t="82">0.00162</Y>
        <Y t="83">0.00180</Y>
        <Y t="84">0.00202</Y>
        <Y t="85">0.00229</Y>
        <Y t="86">0.00261</Y>
        <Y t="87">0.00299</Y>
        <Y t="88">0.00343</Y>
        <Y t="89">0.00392</Y>
        <Y t="90">0.00445</Y>
      </Axis>
    </Values>
  </Table>
</XTbML>