﻿<?xml version="1.0" encoding="utf-8"?>
<XTbML>
  <ContentClassification>
    <TableIdentity>841</TableIdentity>
    <ProviderDomain>soa.org</ProviderDomain>
    <ProviderName>Roger Scott Lumsden</ProviderName>
    <TableReference>The Executive Committee of the Continuous Mortality Improvement Bureau, “Mortality of Assured Lives, Pensioners and Annuitants 1979-82”, Continuous Mortality Improvement Reports Number 9, Institute of Actuaries and Faculty of Actuaries (1988). Accessed: August, 2013 from http://www.actuaries.org.uk/research-and-resources/documents/cmi-report-9-whole-volume AND http://www.actuaries.org.uk/sites/all/files/documents/xls/wa80.xls</TableReference>
    <ContentType tc="78">Annuitant Mortality</ContentType>
    <TableName>WA80</TableName>
    <TableDescription>Widows of Pensioners Mortality Table. Basis: Amounts. (WA80). Minimum Age: 16 Maximum Age: 120</TableDescription>
    <Comments>Study Data: Table is part of the "80" series of mortality tables for assured lives, annuitants and pensioners based on the observation period 1979-82. The Continuous Mortality Improvement Bureau carries out investigations of mortality for use in the calculation of values of widows' pensions and reversionary annuities on the basis of Lives and of Amounts. Methodology: Experiences graduated by fitting µx to a Gompertz-Makeham formula. Age ranges were fitted independently to a series of formulae which are extensions of the Gompertz-Makeham (GM), using Chebysheff polynomials. Five different formulae were used for different age ranges. Data Transcription Errors: None. Data Certified: 08/2013.</Comments>
    <KeyWord>Aggregate</KeyWord>
    <KeyWord>Annuitant mortality</KeyWord>
    <KeyWord>United Kingdom</KeyWord>
  </ContentClassification>
  <Table>
    <MetaData>
      <ScalingFactor>0</ScalingFactor>
      <DataType tc="2">Floating Point</DataType>
      <Nation tc="44">United Kingdom</Nation>
      <TableDescription>1979-82 UK WA80 Female, Age nearest-Aggregate</TableDescription>
      <AxisDef id="Age">
        <ScaleType tc="3">Age</ScaleType>
        <AxisName>Age</AxisName>
        <MinScaleValue>16</MinScaleValue>
        <MaxScaleValue>120</MaxScaleValue>
        <Increment>1</Increment>
      </AxisDef>
    </MetaData>
    <Values>
      <Axis>
        <Y t="16">0.000300</Y>
        <Y t="17">0.000461</Y>
        <Y t="18">0.000449</Y>
        <Y t="19">0.000440</Y>
        <Y t="20">0.000432</Y>
        <Y t="21">0.000426</Y>
        <Y t="22">0.000423</Y>
        <Y t="23">0.000422</Y>
        <Y t="24">0.000424</Y>
        <Y t="25">0.000429</Y>
        <Y t="26">0.000437</Y>
        <Y t="27">0.000448</Y>
        <Y t="28">0.000471</Y>
        <Y t="29">0.000505</Y>
        <Y t="30">0.000544</Y>
        <Y t="31">0.000587</Y>
        <Y t="32">0.000636</Y>
        <Y t="33">0.000691</Y>
        <Y t="34">0.000752</Y>
        <Y t="35">0.000821</Y>
        <Y t="36">0.000898</Y>
        <Y t="37">0.000984</Y>
        <Y t="38">0.001079</Y>
        <Y t="39">0.001186</Y>
        <Y t="40">0.001305</Y>
        <Y t="41">0.001437</Y>
        <Y t="42">0.001584</Y>
        <Y t="43">0.001748</Y>
        <Y t="44">0.001929</Y>
        <Y t="45">0.002130</Y>
        <Y t="46">0.002352</Y>
        <Y t="47">0.002597</Y>
        <Y t="48">0.002868</Y>
        <Y t="49">0.003167</Y>
        <Y t="50">0.003497</Y>
        <Y t="51">0.003861</Y>
        <Y t="52">0.004263</Y>
        <Y t="53">0.004706</Y>
        <Y t="54">0.005196</Y>
        <Y t="55">0.005737</Y>
        <Y t="56">0.006333</Y>
        <Y t="57">0.006992</Y>
        <Y t="58">0.007719</Y>
        <Y t="59">0.008520</Y>
        <Y t="60">0.009405</Y>
        <Y t="61">0.010381</Y>
        <Y t="62">0.011458</Y>
        <Y t="63">0.012646</Y>
        <Y t="64">0.013956</Y>
        <Y t="65">0.015401</Y>
        <Y t="66">0.016994</Y>
        <Y t="67">0.018751</Y>
        <Y t="68">0.020687</Y>
        <Y t="69">0.022820</Y>
        <Y t="70">0.025171</Y>
        <Y t="71">0.027760</Y>
        <Y t="72">0.030612</Y>
        <Y t="73">0.033751</Y>
        <Y t="74">0.037206</Y>
        <Y t="75">0.041007</Y>
        <Y t="76">0.045188</Y>
        <Y t="77">0.049783</Y>
        <Y t="78">0.054832</Y>
        <Y t="79">0.060377</Y>
        <Y t="80">0.066462</Y>
        <Y t="81">0.073137</Y>
        <Y t="82">0.080452</Y>
        <Y t="83">0.088464</Y>
        <Y t="84">0.097230</Y>
        <Y t="85">0.106813</Y>
        <Y t="86">0.117278</Y>
        <Y t="87">0.128692</Y>
        <Y t="88">0.141126</Y>
        <Y t="89">0.154651</Y>
        <Y t="90">0.167435</Y>
        <Y t="91">0.178659</Y>
        <Y t="92">0.189696</Y>
        <Y t="93">0.200427</Y>
        <Y t="94">0.210734</Y>
        <Y t="95">0.220697</Y>
        <Y t="96">0.231032</Y>
        <Y t="97">0.241950</Y>
        <Y t="98">0.253478</Y>
        <Y t="99">0.265646</Y>
        <Y t="100">0.278482</Y>
        <Y t="101">0.292012</Y>
        <Y t="102">0.306265</Y>
        <Y t="103">0.321266</Y>
        <Y t="104">0.337039</Y>
        <Y t="105">0.353604</Y>
        <Y t="106">0.370981</Y>
        <Y t="107">0.389183</Y>
        <Y t="108">0.408220</Y>
        <Y t="109">0.428095</Y>
        <Y t="110">0.448803</Y>
        <Y t="111">0.470333</Y>
        <Y t="112">0.492662</Y>
        <Y t="113">0.515756</Y>
        <Y t="114">0.539570</Y>
        <Y t="115">0.564044</Y>
        <Y t="116">0.589103</Y>
        <Y t="117">0.614655</Y>
        <Y t="118">0.640590</Y>
        <Y t="119">0.666782</Y>
        <Y t="120">1.000000</Y>
      </Axis>
    </Values>
  </Table>
</XTbML>