<?xml version="1.0" encoding="UTF-8" standalone="no"?>
<XTbML><ContentClassification><TableIdentity>869</TableIdentity><ProviderDomain>soa.org</ProviderDomain><ProviderName>John Kalnberg</ProviderName><TableReference>Robert C. Toussaint, “Note on a Teachers Mortality Table for use in Pension Plans”, Proceedings of the Conference of Consulting Actuaries Vol. 33 (1983-84) Table 15, p. 574-576.</TableReference><ContentType tc="78">Annuitant Mortality</ContentType><TableName>1982 Buck Teachers Mortality Table - Female</TableName><TableDescription>1982 George B. Buck Teachers Mortality Table – Female. Minimum Age: 10 Maximum Age: 110</TableDescription><Comments>Study Data: Data from a number of state teacher’s retirement systems for which George B. Buck Consulting Actuaries, Inc. serves as actuary. Purpose of study was to determine if there was a significant difference in mortality between corporate mortality, as reflected by the 1979 George B. Buck Mortality Table (See SOA Table Identities 867 and 868) and that of teacher mortality and if so to construct tables accordingly.  Plans considered for the study were those for which experience was available and believed to be based on accurate data and had a formal disability plan. A number of teacher retirement pension plans did not meet these criteria. Experience covered calendar years 1975-80. The study of active members constituted 3,496, 966 life-years while the pensioners’ study was based on exposure of 792,959 life years. Methodology:  Crude rates at fifth ages were plotted and then intermediate values obtained from interpolation. Active service rates were adjusted by 10% to allow for the fact that exposures at the beginning of the years included those who withdrew or retired during the year. The gap between active members and pensioners was bridged by linear interpolation from age 55 to 70 for both men and women. Since there was little data above 100, rates for men were set equal to rates from the 1979 Buck Mortality Table. At low ages, a third degree graduation was used that paralleled the 1978 U.S. Life Table. The use of a population table was felt appropriate for, at young ages, the Buck tables are mainly used for beneficiaries and contingent annuitants. For men, the curve was graded at age 13 into the unadjusted rates underlying the male 1979 Buck Mortality Table while for women ages 10 through 15 were set equal to the unadjusted rates underlying the female 1979 Buck Mortality Table. The adjusted rates were then projected four years by Projection Scale G (See SOA Table Identities 908 and 909) developed in conjunction with the 1983 Table a (See SOA Table Identities 823 and 824). So as to be appropriate for valuation purposes, a margin of conservatism was added. Rates, with the margins, were then graduated with a Whittaker-Henderson Type A method. Data Transcription Errors: None. Data Certified: 04/2013.</Comments><KeyWord>Aggregate</KeyWord><KeyWord>Annuitant mortality</KeyWord><KeyWord>United States of America</KeyWord></ContentClassification><Table><MetaData><ScalingFactor>0</ScalingFactor><DataType tc="2">Floating Point</DataType><Nation tc="1">United States of America</Nation><TableDescription>1982 George B. Buck Teachers Mortality Table – Female. Minimum Age: 10 Maximum Age: 110</TableDescription><AxisDef id="Age"><ScaleType tc="3">Age</ScaleType><AxisName>Age</AxisName><MinScaleValue>10</MinScaleValue><MaxScaleValue>110</MaxScaleValue><Increment>1</Increment></AxisDef></MetaData><Values><Axis><Y t="10">0.00017</Y><Y t="11">0.00017</Y><Y t="12">0.00018</Y><Y t="13">0.00019</Y><Y t="14">0.00020</Y><Y t="15">0.00020</Y><Y t="16">0.00021</Y><Y t="17">0.00022</Y><Y t="18">0.00023</Y><Y t="19">0.00024</Y><Y t="20">0.00024</Y><Y t="21">0.00025</Y><Y t="22">0.00026</Y><Y t="23">0.00026</Y><Y t="24">0.00027</Y><Y t="25">0.00027</Y><Y t="26">0.00028</Y><Y t="27">0.00028</Y><Y t="28">0.00029</Y><Y t="29">0.00030</Y><Y t="30">0.00032</Y><Y t="31">0.00033</Y><Y t="32">0.00035</Y><Y t="33">0.00037</Y><Y t="34">0.00040</Y><Y t="35">0.00044</Y><Y t="36">0.00048</Y><Y t="37">0.00052</Y><Y t="38">0.00057</Y><Y t="39">0.00063</Y><Y t="40">0.00069</Y><Y t="41">0.00076</Y><Y t="42">0.00083</Y><Y t="43">0.00091</Y><Y t="44">0.00099</Y><Y t="45">0.00107</Y><Y t="46">0.00115</Y><Y t="47">0.00123</Y><Y t="48">0.00132</Y><Y t="49">0.00140</Y><Y t="50">0.00149</Y><Y t="51">0.00159</Y><Y t="52">0.00169</Y><Y t="53">0.00181</Y><Y t="54">0.00194</Y><Y t="55">0.00210</Y><Y t="56">0.00228</Y><Y t="57">0.00250</Y><Y t="58">0.00275</Y><Y t="59">0.00304</Y><Y t="60">0.00339</Y><Y t="61">0.00378</Y><Y t="62">0.00425</Y><Y t="63">0.00481</Y><Y t="64">0.00547</Y><Y t="65">0.00625</Y><Y t="66">0.00717</Y><Y t="67">0.00826</Y><Y t="68">0.00952</Y><Y t="69">0.01095</Y><Y t="70">0.01256</Y><Y t="71">0.01431</Y><Y t="72">0.01620</Y><Y t="73">0.01824</Y><Y t="74">0.02046</Y><Y t="75">0.02290</Y><Y t="76">0.02561</Y><Y t="77">0.02862</Y><Y t="78">0.03198</Y><Y t="79">0.03572</Y><Y t="80">0.03986</Y><Y t="81">0.04442</Y><Y t="82">0.04944</Y><Y t="83">0.05495</Y><Y t="84">0.06101</Y><Y t="85">0.06769</Y><Y t="86">0.07511</Y><Y t="87">0.08343</Y><Y t="88">0.09282</Y><Y t="89">0.10341</Y><Y t="90">0.11524</Y><Y t="91">0.12830</Y><Y t="92">0.14255</Y><Y t="93">0.15793</Y><Y t="94">0.17441</Y><Y t="95">0.19199</Y><Y t="96">0.21074</Y><Y t="97">0.23084</Y><Y t="98">0.25256</Y><Y t="99">0.27629</Y><Y t="100">0.30256</Y><Y t="101">0.33180</Y><Y t="102">0.36439</Y><Y t="103">0.40060</Y><Y t="104">0.44053</Y><Y t="105">0.48406</Y><Y t="106">0.53081</Y><Y t="107">0.58012</Y><Y t="108">0.63109</Y><Y t="109">0.68277</Y><Y t="110">1.00000</Y></Axis></Values></Table></XTbML>