﻿<?xml version="1.0" encoding="utf-8"?>
<XTbML>
  <ContentClassification>
    <TableIdentity>882</TableIdentity>
    <ProviderDomain>soa.org</ProviderDomain>
    <ProviderName>Roger Scott Lumsden</ProviderName>
    <TableReference>Work Group of the Academy’s Life Financial Soundness/Risk Management Committee, “Memorandum to NAIC Life and Health Actuarial Task Force regarding Revisions to Actuarial Guideline 34”, American Academy of Actuaries (Washington, 2003) Appendix II. Accessed: February, 2013 from http://www.actuary.org/files/publications/Revisions_to_Actuarial_Guideline_34_to_NAIC_03_10_30.pdf</TableReference>
    <ContentType tc="78">Annuitant Mortality</ContentType>
    <TableName>1994 Variable Annuity MGDB Mortality Table – Female, ALB</TableName>
    <TableDescription>1994 Variable Annuity Minimum Guarantee Death Benefit (MGDB) – Female. Basis: Age Last Birthday. Minimum Age: 1. Maximum Age: 115</TableDescription>
    <Comments>Study Data: Based on 1994 Group Annuity Mortality Basic Table (SOA Table Identity 832). 1994 Group Annuity Basic Table based on Civil Service Retirement System data for ages 25-65, Group Annuity experience for ages 65-95 and then Social Security mortality rates for over age 95. Methodology:  Constructed by adding a 10% loading margins and contingencies, without projection, then graduating resulting rates. Rates set to unity at age 115. Data Transcription Errors: None. Data Certified: 02/2013.</Comments>
    <KeyWord>Aggregate</KeyWord>
    <KeyWord>Annuitant mortality</KeyWord>
    <KeyWord>United States of America</KeyWord>
  </ContentClassification>
  <Table>
    <MetaData>
      <ScalingFactor>0</ScalingFactor>
      <DataType tc="2">Floating Point</DataType>
      <Nation tc="1">United States of America</Nation>
      <TableDescription>1994 Variable Annuity Minimum Guarantee Death Benefit (MGDB) – Female. Basis: Age Last Birthday. Minimum Age: 1. Maximum Age: 115</TableDescription>
      <AxisDef id="Age">
        <ScaleType tc="3">Age</ScaleType>
        <AxisName>Age</AxisName>
        <MinScaleValue>1</MinScaleValue>
        <MaxScaleValue>115</MaxScaleValue>
        <Increment>1</Increment>
      </AxisDef>
    </MetaData>
    <Values>
      <Axis>
        <Y t="1">0.000519</Y>
        <Y t="2">0.000358</Y>
        <Y t="3">0.000268</Y>
        <Y t="4">0.000218</Y>
        <Y t="5">0.000201</Y>
        <Y t="6">0.000188</Y>
        <Y t="7">0.000172</Y>
        <Y t="8">0.000158</Y>
        <Y t="9">0.000154</Y>
        <Y t="10">0.000159</Y>
        <Y t="11">0.000169</Y>
        <Y t="12">0.000185</Y>
        <Y t="13">0.000209</Y>
        <Y t="14">0.000239</Y>
        <Y t="15">0.000271</Y>
        <Y t="16">0.000298</Y>
        <Y t="17">0.000315</Y>
        <Y t="18">0.000326</Y>
        <Y t="19">0.000333</Y>
        <Y t="20">0.000337</Y>
        <Y t="21">0.000340</Y>
        <Y t="22">0.000343</Y>
        <Y t="23">0.000344</Y>
        <Y t="24">0.000344</Y>
        <Y t="25">0.000346</Y>
        <Y t="26">0.000352</Y>
        <Y t="27">0.000364</Y>
        <Y t="28">0.000382</Y>
        <Y t="29">0.000403</Y>
        <Y t="30">0.000428</Y>
        <Y t="31">0.000455</Y>
        <Y t="32">0.000484</Y>
        <Y t="33">0.000514</Y>
        <Y t="34">0.000547</Y>
        <Y t="35">0.000585</Y>
        <Y t="36">0.000628</Y>
        <Y t="37">0.000679</Y>
        <Y t="38">0.000739</Y>
        <Y t="39">0.000805</Y>
        <Y t="40">0.000874</Y>
        <Y t="41">0.000943</Y>
        <Y t="42">0.001007</Y>
        <Y t="43">0.001064</Y>
        <Y t="44">0.001121</Y>
        <Y t="45">0.001186</Y>
        <Y t="46">0.001269</Y>
        <Y t="47">0.001371</Y>
        <Y t="48">0.001488</Y>
        <Y t="49">0.001619</Y>
        <Y t="50">0.001772</Y>
        <Y t="51">0.001952</Y>
        <Y t="52">0.002153</Y>
        <Y t="53">0.002360</Y>
        <Y t="54">0.002589</Y>
        <Y t="55">0.002871</Y>
        <Y t="56">0.003241</Y>
        <Y t="57">0.003713</Y>
        <Y t="58">0.004270</Y>
        <Y t="59">0.004909</Y>
        <Y t="60">0.005636</Y>
        <Y t="61">0.006460</Y>
        <Y t="62">0.007396</Y>
        <Y t="63">0.008453</Y>
        <Y t="64">0.009611</Y>
        <Y t="65">0.010837</Y>
        <Y t="66">0.012094</Y>
        <Y t="67">0.013318</Y>
        <Y t="68">0.014469</Y>
        <Y t="69">0.015631</Y>
        <Y t="70">0.016957</Y>
        <Y t="71">0.018597</Y>
        <Y t="72">0.020599</Y>
        <Y t="73">0.022888</Y>
        <Y t="74">0.025453</Y>
        <Y t="75">0.028372</Y>
        <Y t="76">0.031725</Y>
        <Y t="77">0.035505</Y>
        <Y t="78">0.039635</Y>
        <Y t="79">0.044161</Y>
        <Y t="80">0.049227</Y>
        <Y t="81">0.054980</Y>
        <Y t="82">0.061410</Y>
        <Y t="83">0.068384</Y>
        <Y t="84">0.075973</Y>
        <Y t="85">0.084432</Y>
        <Y t="86">0.094012</Y>
        <Y t="87">0.104874</Y>
        <Y t="88">0.116968</Y>
        <Y t="89">0.130161</Y>
        <Y t="90">0.144357</Y>
        <Y t="91">0.159461</Y>
        <Y t="92">0.175424</Y>
        <Y t="93">0.192270</Y>
        <Y t="94">0.210032</Y>
        <Y t="95">0.228712</Y>
        <Y t="96">0.248306</Y>
        <Y t="97">0.268892</Y>
        <Y t="98">0.290564</Y>
        <Y t="99">0.313211</Y>
        <Y t="100">0.336569</Y>
        <Y t="101">0.360379</Y>
        <Y t="102">0.385051</Y>
        <Y t="103">0.411515</Y>
        <Y t="104">0.439065</Y>
        <Y t="105">0.465584</Y>
        <Y t="106">0.488958</Y>
        <Y t="107">0.507867</Y>
        <Y t="108">0.522924</Y>
        <Y t="109">0.534964</Y>
        <Y t="110">0.543622</Y>
        <Y t="111">0.548526</Y>
        <Y t="112">0.550000</Y>
        <Y t="113">0.550000</Y>
        <Y t="114">0.550000</Y>
        <Y t="115">1.000000</Y>
      </Axis>
    </Values>
  </Table>
</XTbML>