﻿<?xml version="1.0" encoding="utf-8"?>
<XTbML>
  <ContentClassification>
    <TableIdentity>883</TableIdentity>
    <ProviderDomain>soa.org</ProviderDomain>
    <ProviderName>Roger Scott Lumsden</ProviderName>
    <TableReference>Work Group of the Academy’s Life Financial Soundness/Risk Management Committee, “Memorandum to NAIC Life and Health Actuarial Task Force regarding Revisions to Actuarial Guideline 34”, American Academy of Actuaries (Washington, 2003) Appendix II. Accessed: February, 2013 from http://www.actuary.org/files/publications/Revisions_to_Actuarial_Guideline_34_to_NAIC_03_10_30.pdf</TableReference>
    <ContentType tc="78">Annuitant Mortality</ContentType>
    <TableName>1994 Variable Annuity MGDB Mortality Table – Male, ALB</TableName>
    <TableDescription>1994 Variable Annuity Minimum Guarantee Death Benefit (MGDB) – Male. Basis: Age Last Birthday. Minimum Age: 1. Maximum Age: 115</TableDescription>
    <Comments>Study Data: Based on 1994 Group Annuity Mortality Basic Table (SOA Table Identity 832). 1994 Group Annuity Basic Table based on Civil Service Retirement System data for ages 25-65, Group Annuity experience for ages 65-95 and then Social Security mortality rates for over age 95. Methodology:  Constructed by adding a 10% loading margins and contingencies, without projection, then graduating resulting rates. Rates set to unity at age 115. Data Transcription Errors: None. Data Certified: 02/2013</Comments>
    <KeyWord>Aggregate</KeyWord>
    <KeyWord>Annuitant mortality</KeyWord>
    <KeyWord>United States of America</KeyWord>
  </ContentClassification>
  <Table>
    <MetaData>
      <ScalingFactor>0</ScalingFactor>
      <DataType tc="2">Floating Point</DataType>
      <Nation tc="1">United States of America</Nation>
      <TableDescription>1994 Variable Annuity Minimum Guarantee Death Benefit (MGDB) – Male. Basis: Age Last Birthday. Minimum Age: 1. Maximum Age: 115</TableDescription>
      <AxisDef id="Age">
        <ScaleType tc="3">Age</ScaleType>
        <AxisName>Age</AxisName>
        <MinScaleValue>1</MinScaleValue>
        <MaxScaleValue>115</MaxScaleValue>
        <Increment>1</Increment>
      </AxisDef>
    </MetaData>
    <Values>
      <Axis>
        <Y t="1">0.000587</Y>
        <Y t="2">0.000433</Y>
        <Y t="3">0.000350</Y>
        <Y t="4">0.000293</Y>
        <Y t="5">0.000274</Y>
        <Y t="6">0.000263</Y>
        <Y t="7">0.000248</Y>
        <Y t="8">0.000234</Y>
        <Y t="9">0.000231</Y>
        <Y t="10">0.000239</Y>
        <Y t="11">0.000256</Y>
        <Y t="12">0.000284</Y>
        <Y t="13">0.000327</Y>
        <Y t="14">0.000380</Y>
        <Y t="15">0.000435</Y>
        <Y t="16">0.000486</Y>
        <Y t="17">0.000526</Y>
        <Y t="18">0.000558</Y>
        <Y t="19">0.000586</Y>
        <Y t="20">0.000613</Y>
        <Y t="21">0.000642</Y>
        <Y t="22">0.000677</Y>
        <Y t="23">0.000717</Y>
        <Y t="24">0.000760</Y>
        <Y t="25">0.000803</Y>
        <Y t="26">0.000842</Y>
        <Y t="27">0.000876</Y>
        <Y t="28">0.000907</Y>
        <Y t="29">0.000935</Y>
        <Y t="30">0.000959</Y>
        <Y t="31">0.000981</Y>
        <Y t="32">0.000997</Y>
        <Y t="33">0.001003</Y>
        <Y t="34">0.001005</Y>
        <Y t="35">0.001013</Y>
        <Y t="36">0.001037</Y>
        <Y t="37">0.001082</Y>
        <Y t="38">0.001146</Y>
        <Y t="39">0.001225</Y>
        <Y t="40">0.001317</Y>
        <Y t="41">0.001424</Y>
        <Y t="42">0.001540</Y>
        <Y t="43">0.001662</Y>
        <Y t="44">0.001796</Y>
        <Y t="45">0.001952</Y>
        <Y t="46">0.002141</Y>
        <Y t="47">0.002366</Y>
        <Y t="48">0.002618</Y>
        <Y t="49">0.002900</Y>
        <Y t="50">0.003223</Y>
        <Y t="51">0.003598</Y>
        <Y t="52">0.004019</Y>
        <Y t="53">0.004472</Y>
        <Y t="54">0.004969</Y>
        <Y t="55">0.005543</Y>
        <Y t="56">0.006226</Y>
        <Y t="57">0.007025</Y>
        <Y t="58">0.007916</Y>
        <Y t="59">0.008907</Y>
        <Y t="60">0.010029</Y>
        <Y t="61">0.011312</Y>
        <Y t="62">0.012781</Y>
        <Y t="63">0.014431</Y>
        <Y t="64">0.016241</Y>
        <Y t="65">0.018191</Y>
        <Y t="66">0.020259</Y>
        <Y t="67">0.022398</Y>
        <Y t="68">0.024581</Y>
        <Y t="69">0.026869</Y>
        <Y t="70">0.029363</Y>
        <Y t="71">0.032169</Y>
        <Y t="72">0.035268</Y>
        <Y t="73">0.038558</Y>
        <Y t="74">0.042106</Y>
        <Y t="75">0.046121</Y>
        <Y t="76">0.050813</Y>
        <Y t="77">0.056327</Y>
        <Y t="78">0.062629</Y>
        <Y t="79">0.069595</Y>
        <Y t="80">0.077114</Y>
        <Y t="81">0.085075</Y>
        <Y t="82">0.093273</Y>
        <Y t="83">0.101578</Y>
        <Y t="84">0.110252</Y>
        <Y t="85">0.119764</Y>
        <Y t="86">0.130583</Y>
        <Y t="87">0.143012</Y>
        <Y t="88">0.156969</Y>
        <Y t="89">0.172199</Y>
        <Y t="90">0.188517</Y>
        <Y t="91">0.205742</Y>
        <Y t="92">0.223978</Y>
        <Y t="93">0.243533</Y>
        <Y t="94">0.264171</Y>
        <Y t="95">0.285199</Y>
        <Y t="96">0.305931</Y>
        <Y t="97">0.325849</Y>
        <Y t="98">0.344977</Y>
        <Y t="99">0.363757</Y>
        <Y t="100">0.382606</Y>
        <Y t="101">0.401942</Y>
        <Y t="102">0.422569</Y>
        <Y t="103">0.445282</Y>
        <Y t="104">0.469115</Y>
        <Y t="105">0.491923</Y>
        <Y t="106">0.511560</Y>
        <Y t="107">0.526441</Y>
        <Y t="108">0.536732</Y>
        <Y t="109">0.543602</Y>
        <Y t="110">0.547664</Y>
        <Y t="111">0.549540</Y>
        <Y t="112">0.550000</Y>
        <Y t="113">0.550000</Y>
        <Y t="114">0.550000</Y>
        <Y t="115">1.000000</Y>
      </Axis>
    </Values>
  </Table>
</XTbML>