<?xml version="1.0" encoding="UTF-8" standalone="no"?>
<XTbML><ContentClassification><TableIdentity>887</TableIdentity><ProviderDomain>soa.org</ProviderDomain><ProviderName>Robert Johansen</ProviderName><TableReference>Robert J. Johansen, “Review of Adequacy of 1983 Individual annuity Mortality Table”, Transactions of the Society of Actuaries Vol. XLVII (1995) Table 2. Accessed: 04/2013 from http://www.soa.org/Library/Research/Transactions-Of-Society-Of-Actuaries/1990-95/1995/January/tsa95v479.aspx</TableReference><ContentType tc="78">Annuitant Mortality</ContentType><TableName>Annuity 2000 - Male</TableName><TableDescription>Annuity 2000 Table – Male. Minimum Age: 5 Maximum Age: 115</TableDescription><Comments>Study Data: Current intercompany experience not available thus Improvement Scale G (See SOA Table Identities 908 and 909) applied to update the 1983 Basic Table (See SOA Table Identities 823 and 824) to 1996, the resulting table was graduated to form a 1996 Basic Table, and then a 10% loading was subtracted. The method was suggested to quickly derive an updated table whose antecedents were known and which reasonably reflects annuitant mortality improvement from 1983 to 1996. Methodology: A set of 1996 basic (unloaded) tables was constructed by applying Scale G improvement rates to the 1983 Basic Tables; then a Jenkins osculatory graduation formula and a cubic curve at the high ages were used to obtain the 1996 Basic Tables (See SOA Table Identities 1696 and 1697). A 10% loading was deducted and the tables re-graduated to produce the final 1996 Individual Annuity Mortality (IAM) Tables (See SOA Table Identities 1698 and 1699). The new table could be referred to, if necessary, as a modification of the 1983 Table a (See SOA Table Identities 829 and 830). Subsequent to publication of the 1996 IAM Tables, The Society of Actuaries Committee on Life Insurance Research (COLIFER) appointed a Project Oversight Group (POG) to review the new tables. The POG suggested using only half the female Scale G improvement rates. The new Annuity 2000 Basic (See SOA Table Identities 884 and 885) and this, loaded table reflect the modification. The loading consisted of a deduction of 10% of the Basic Table rates. The resulting rates were then graduated. An adjustment was made to the male table to remove a small dip in the 30s. NOTE: there were two prior generations of this table. The initial version correctly started at age 5. At some point after the table was created, it was modified to include rates for ages 0-4 that were not from a published or verifiable source and have accordingly been removed. The table is now back to the form as initially published. Data Transcription Errors Detected: 04/2013. Data Corrected and Certified: 04/2013.</Comments><KeyWord>Aggregate</KeyWord><KeyWord>Annuitant mortality</KeyWord><KeyWord>United States of America</KeyWord></ContentClassification><Table><MetaData><ScalingFactor>0</ScalingFactor><DataType tc="2">Floating Point</DataType><Nation tc="1">United States of America</Nation><TableDescription>Annuity 2000 Table – Male. Minimum Age: 5 Maximum Age: 115</TableDescription><AxisDef id="Age"><ScaleType tc="3">Age</ScaleType><AxisName>Age</AxisName><MinScaleValue>5</MinScaleValue><MaxScaleValue>115</MaxScaleValue><Increment>1</Increment></AxisDef></MetaData><Values><Axis><Y t="5">0.000291</Y><Y t="6">0.000270</Y><Y t="7">0.000257</Y><Y t="8">0.000294</Y><Y t="9">0.000325</Y><Y t="10">0.000350</Y><Y t="11">0.000371</Y><Y t="12">0.000388</Y><Y t="13">0.000402</Y><Y t="14">0.000414</Y><Y t="15">0.000425</Y><Y t="16">0.000437</Y><Y t="17">0.000449</Y><Y t="18">0.000463</Y><Y t="19">0.000480</Y><Y t="20">0.000499</Y><Y t="21">0.000519</Y><Y t="22">0.000542</Y><Y t="23">0.000566</Y><Y t="24">0.000592</Y><Y t="25">0.000616</Y><Y t="26">0.000639</Y><Y t="27">0.000659</Y><Y t="28">0.000675</Y><Y t="29">0.000687</Y><Y t="30">0.000694</Y><Y t="31">0.000699</Y><Y t="32">0.000700</Y><Y t="33">0.000701</Y><Y t="34">0.000702</Y><Y t="35">0.000704</Y><Y t="36">0.000719</Y><Y t="37">0.000749</Y><Y t="38">0.000796</Y><Y t="39">0.000864</Y><Y t="40">0.000953</Y><Y t="41">0.001065</Y><Y t="42">0.001201</Y><Y t="43">0.001362</Y><Y t="44">0.001547</Y><Y t="45">0.001752</Y><Y t="46">0.001974</Y><Y t="47">0.002211</Y><Y t="48">0.002460</Y><Y t="49">0.002721</Y><Y t="50">0.002994</Y><Y t="51">0.003279</Y><Y t="52">0.003576</Y><Y t="53">0.003884</Y><Y t="54">0.004203</Y><Y t="55">0.004534</Y><Y t="56">0.004876</Y><Y t="57">0.005228</Y><Y t="58">0.005593</Y><Y t="59">0.005988</Y><Y t="60">0.006428</Y><Y t="61">0.006933</Y><Y t="62">0.007520</Y><Y t="63">0.008207</Y><Y t="64">0.009008</Y><Y t="65">0.009940</Y><Y t="66">0.011016</Y><Y t="67">0.012251</Y><Y t="68">0.013657</Y><Y t="69">0.015233</Y><Y t="70">0.016979</Y><Y t="71">0.018891</Y><Y t="72">0.020967</Y><Y t="73">0.023209</Y><Y t="74">0.025644</Y><Y t="75">0.028304</Y><Y t="76">0.031220</Y><Y t="77">0.034425</Y><Y t="78">0.037948</Y><Y t="79">0.041812</Y><Y t="80">0.046037</Y><Y t="81">0.050643</Y><Y t="82">0.055651</Y><Y t="83">0.061080</Y><Y t="84">0.066948</Y><Y t="85">0.073275</Y><Y t="86">0.080076</Y><Y t="87">0.087370</Y><Y t="88">0.095169</Y><Y t="89">0.103455</Y><Y t="90">0.112208</Y><Y t="91">0.121402</Y><Y t="92">0.131017</Y><Y t="93">0.141030</Y><Y t="94">0.151422</Y><Y t="95">0.162179</Y><Y t="96">0.173279</Y><Y t="97">0.184706</Y><Y t="98">0.196946</Y><Y t="99">0.210484</Y><Y t="100">0.225806</Y><Y t="101">0.243398</Y><Y t="102">0.263745</Y><Y t="103">0.287334</Y><Y t="104">0.314649</Y><Y t="105">0.346177</Y><Y t="106">0.382403</Y><Y t="107">0.423813</Y><Y t="108">0.470893</Y><Y t="109">0.524128</Y><Y t="110">0.584004</Y><Y t="111">0.651007</Y><Y t="112">0.725622</Y><Y t="113">0.808336</Y><Y t="114">0.899633</Y><Y t="115">1.000000</Y></Axis></Values></Table></XTbML>