﻿<?xml version="1.0" encoding="utf-8"?>
<XTbML>
  <ContentClassification>
    <TableIdentity>893</TableIdentity>
    <ProviderDomain>soa.org</ProviderDomain>
    <ProviderName>Roger Scott Lumsden</ProviderName>
    <TableReference>F.G. Liebmann, W. Schachermayer, and M. Willomitzer, "Zur Erstellung von Sterbetafeln EROM 85 und EROF 85",Mitteilungen der Aktuarvereinigung Österreichs 4 (1986). Reprinted by A.S.MacDonald , "The Second Actuarial Study of Mortality in Europe", Groupe Consultatif des Associations d’Actuaries des Pays Des Communautés Européennes (United Kingdom, 1997) Appendix. Accessed: February, 2013 from http://www.gcactuaries.org/documents/mortalitystudy1997.zip</TableReference>
    <ContentType tc="78">Annuitant Mortality</ContentType>
    <TableName>EROM G  - Male</TableName>
    <TableDescription>EROM G – Male. Minimum Age: 1 Maximum Age: 99</TableDescription>
    <Comments>Source of data: Baseline calendar year population tables from 1865-75 through 1990-92 projected into generation type mortality table for 1950 births. To obtain estimates for individuals born in other years, age adjustments were recommended. Methodology: As data was from population statistics, both this table and its female counterpart EROF G (See SOA Table Identity 894) had corresponding reduction factors incorporated to allow for lower mortality among pensioners. At ages up to 85, the factor was 0.75 for males and 0.85 for females. At ages 96-99 a factor of 0.80 was used for both males and females. Factors were interpolated at ages 86-95. The factors are intended to represent the expected mortality of pensioners from the generation born in 1950, updated through 1990-92 census results. Data Transcription Errors: None. Data Certified: 06/2013</Comments>
    <KeyWord>Aggregate</KeyWord>
    <KeyWord>Annuitant mortality</KeyWord>
    <KeyWord>Austria</KeyWord>
  </ContentClassification>
  <Table>
    <MetaData>
      <ScalingFactor>0</ScalingFactor>
      <DataType tc="2">Floating Point</DataType>
      <Nation tc="43">Austria</Nation>
      <TableDescription>EROM G – Male. Minimum Age: 1 Maximum Age: 99</TableDescription>
      <AxisDef id="Age">
        <ScaleType tc="3">Age</ScaleType>
        <AxisName>Age</AxisName>
        <MinScaleValue>1</MinScaleValue>
        <MaxScaleValue>99</MaxScaleValue>
        <Increment>1</Increment>
      </AxisDef>
    </MetaData>
    <Values>
      <Axis>
        <Y t="1">0.003984</Y>
        <Y t="2">0.001922</Y>
        <Y t="3">0.001448</Y>
        <Y t="4">0.001102</Y>
        <Y t="5">0.000855</Y>
        <Y t="6">0.000683</Y>
        <Y t="7">0.000568</Y>
        <Y t="8">0.000489</Y>
        <Y t="9">0.000445</Y>
        <Y t="10">0.000417</Y>
        <Y t="11">0.000402</Y>
        <Y t="12">0.000414</Y>
        <Y t="13">0.000457</Y>
        <Y t="14">0.000533</Y>
        <Y t="15">0.000700</Y>
        <Y t="16">0.000959</Y>
        <Y t="17">0.001226</Y>
        <Y t="18">0.001445</Y>
        <Y t="19">0.001544</Y>
        <Y t="20">0.001546</Y>
        <Y t="21">0.001493</Y>
        <Y t="22">0.001429</Y>
        <Y t="23">0.001370</Y>
        <Y t="24">0.001320</Y>
        <Y t="25">0.001287</Y>
        <Y t="26">0.001270</Y>
        <Y t="27">0.001260</Y>
        <Y t="28">0.001250</Y>
        <Y t="29">0.001243</Y>
        <Y t="30">0.001242</Y>
        <Y t="31">0.001244</Y>
        <Y t="32">0.001254</Y>
        <Y t="33">0.001282</Y>
        <Y t="34">0.001333</Y>
        <Y t="35">0.001414</Y>
        <Y t="36">0.001522</Y>
        <Y t="37">0.001653</Y>
        <Y t="38">0.001802</Y>
        <Y t="39">0.001961</Y>
        <Y t="40">0.002140</Y>
        <Y t="41">0.002346</Y>
        <Y t="42">0.002586</Y>
        <Y t="43">0.002862</Y>
        <Y t="44">0.003163</Y>
        <Y t="45">0.003480</Y>
        <Y t="46">0.003817</Y>
        <Y t="47">0.004172</Y>
        <Y t="48">0.004546</Y>
        <Y t="49">0.004943</Y>
        <Y t="50">0.005360</Y>
        <Y t="51">0.005802</Y>
        <Y t="52">0.006271</Y>
        <Y t="53">0.006761</Y>
        <Y t="54">0.007266</Y>
        <Y t="55">0.007774</Y>
        <Y t="56">0.008357</Y>
        <Y t="57">0.008995</Y>
        <Y t="58">0.009664</Y>
        <Y t="59">0.010350</Y>
        <Y t="60">0.011035</Y>
        <Y t="61">0.011740</Y>
        <Y t="62">0.012548</Y>
        <Y t="63">0.013518</Y>
        <Y t="64">0.014703</Y>
        <Y t="65">0.016114</Y>
        <Y t="66">0.017827</Y>
        <Y t="67">0.019899</Y>
        <Y t="68">0.022530</Y>
        <Y t="69">0.025065</Y>
        <Y t="70">0.027873</Y>
        <Y t="71">0.030828</Y>
        <Y t="72">0.034293</Y>
        <Y t="73">0.038646</Y>
        <Y t="74">0.043369</Y>
        <Y t="75">0.048215</Y>
        <Y t="76">0.053334</Y>
        <Y t="77">0.058767</Y>
        <Y t="78">0.064104</Y>
        <Y t="79">0.068857</Y>
        <Y t="80">0.075003</Y>
        <Y t="81">0.082123</Y>
        <Y t="82">0.089452</Y>
        <Y t="83">0.096662</Y>
        <Y t="84">0.103614</Y>
        <Y t="85">0.110675</Y>
        <Y t="86">0.118830</Y>
        <Y t="87">0.127367</Y>
        <Y t="88">0.136349</Y>
        <Y t="89">0.145869</Y>
        <Y t="90">0.156054</Y>
        <Y t="91">0.167005</Y>
        <Y t="92">0.178783</Y>
        <Y t="93">0.191250</Y>
        <Y t="94">0.204103</Y>
        <Y t="95">0.216847</Y>
        <Y t="96">0.227564</Y>
        <Y t="97">0.237259</Y>
        <Y t="98">0.245717</Y>
        <Y t="99">0.252829</Y>
      </Axis>
    </Values>
  </Table>
</XTbML>