﻿<?xml version="1.0" encoding="utf-8"?>
<XTbML>
  <ContentClassification>
    <TableIdentity>897</TableIdentity>
    <ProviderDomain>soa.org</ProviderDomain>
    <ProviderName>Roger Scott Lumsden</ProviderName>
    <TableReference>Union Professionnelle des Entreprises d’Assurances. Reprinted by A.S.MacDonald , "The Second Actuarial Study of Mortality in Europe", Groupe Consultatif des Associations d’Actuaries des Pays Des Communautés Européennes (United Kingdom, 1997) Appendix. Accessed: February, 2013 from http://www.gcactuaries.org/documents/mortalitystudy1997.zip</TableReference>
    <ContentType tc="78">Annuitant Mortality</ContentType>
    <TableName>1988-90 MR - Male</TableName>
    <TableDescription>1988-90 MR – Male. Minimum Age: 0. Maximum Age: 119.</TableDescription>
    <Comments>Study Data: MR (Male) and FR (Female) mortality tables are used in valuing voluntary and compulsory annuities and pensions. The MR and FR tables became the official mortality tables via Royal Decree of 14 November 2003. These tables, together with the MK and FK tables used for other types of insurance (See SOA table Identities 30007-30008), are built from the Belgian population mortality tables of 1989-1991 (See SOA Table Identities 633 – 634). Methodology: Rates graduated by a Makeham formula. In constructing the MR and FR tables, the specific mortality experience of pensioners and annuitants is not taken into account and no allowance for adverse selection is made. Data Transcription Errors: None. Data Certified: 09/2013</Comments>
    <KeyWord>Aggregate</KeyWord>
    <KeyWord>Annuitant mortality</KeyWord>
    <KeyWord>Belgium</KeyWord>
  </ContentClassification>
  <Table>
    <MetaData>
      <ScalingFactor>0</ScalingFactor>
      <DataType tc="2">Floating Point</DataType>
      <Nation tc="32">Belgium</Nation>
      <TableDescription>1988-90 MR – Male. Minimum Age: 0. Maximum Age: 119</TableDescription>
      <AxisDef id="Age">
        <ScaleType tc="3">Age</ScaleType>
        <AxisName>Age</AxisName>
        <MinScaleValue>0</MinScaleValue>
        <MaxScaleValue>119</MaxScaleValue>
        <Increment>1</Increment>
      </AxisDef>
    </MetaData>
    <Values>
      <Axis>
        <Y t="0">0.000585</Y>
        <Y t="1">0.000588</Y>
        <Y t="2">0.000591</Y>
        <Y t="3">0.000594</Y>
        <Y t="4">0.000598</Y>
        <Y t="5">0.000602</Y>
        <Y t="6">0.000606</Y>
        <Y t="7">0.000611</Y>
        <Y t="8">0.000616</Y>
        <Y t="9">0.000622</Y>
        <Y t="10">0.000629</Y>
        <Y t="11">0.000636</Y>
        <Y t="12">0.000644</Y>
        <Y t="13">0.000652</Y>
        <Y t="14">0.000662</Y>
        <Y t="15">0.000672</Y>
        <Y t="16">0.000684</Y>
        <Y t="17">0.000697</Y>
        <Y t="18">0.000711</Y>
        <Y t="19">0.000726</Y>
        <Y t="20">0.000743</Y>
        <Y t="21">0.000762</Y>
        <Y t="22">0.000782</Y>
        <Y t="23">0.000805</Y>
        <Y t="24">0.000830</Y>
        <Y t="25">0.000857</Y>
        <Y t="26">0.000887</Y>
        <Y t="27">0.000921</Y>
        <Y t="28">0.000957</Y>
        <Y t="29">0.000998</Y>
        <Y t="30">0.001042</Y>
        <Y t="31">0.001091</Y>
        <Y t="32">0.001145</Y>
        <Y t="33">0.001204</Y>
        <Y t="34">0.001269</Y>
        <Y t="35">0.001341</Y>
        <Y t="36">0.001420</Y>
        <Y t="37">0.001507</Y>
        <Y t="38">0.001603</Y>
        <Y t="39">0.001709</Y>
        <Y t="40">0.001825</Y>
        <Y t="41">0.001953</Y>
        <Y t="42">0.002094</Y>
        <Y t="43">0.002249</Y>
        <Y t="44">0.002420</Y>
        <Y t="45">0.002608</Y>
        <Y t="46">0.002815</Y>
        <Y t="47">0.003042</Y>
        <Y t="48">0.003293</Y>
        <Y t="49">0.003569</Y>
        <Y t="50">0.003873</Y>
        <Y t="51">0.004207</Y>
        <Y t="52">0.004575</Y>
        <Y t="53">0.004981</Y>
        <Y t="54">0.005427</Y>
        <Y t="55">0.005917</Y>
        <Y t="56">0.006457</Y>
        <Y t="57">0.007052</Y>
        <Y t="58">0.007706</Y>
        <Y t="59">0.008425</Y>
        <Y t="60">0.009217</Y>
        <Y t="61">0.010088</Y>
        <Y t="62">0.011046</Y>
        <Y t="63">0.012100</Y>
        <Y t="64">0.013259</Y>
        <Y t="65">0.014534</Y>
        <Y t="66">0.015936</Y>
        <Y t="67">0.017477</Y>
        <Y t="68">0.019171</Y>
        <Y t="69">0.021033</Y>
        <Y t="70">0.023079</Y>
        <Y t="71">0.025327</Y>
        <Y t="72">0.027796</Y>
        <Y t="73">0.030507</Y>
        <Y t="74">0.033484</Y>
        <Y t="75">0.036751</Y>
        <Y t="76">0.040336</Y>
        <Y t="77">0.044267</Y>
        <Y t="78">0.048577</Y>
        <Y t="79">0.053300</Y>
        <Y t="80">0.058474</Y>
        <Y t="81">0.064138</Y>
        <Y t="82">0.070335</Y>
        <Y t="83">0.077111</Y>
        <Y t="84">0.084515</Y>
        <Y t="85">0.092598</Y>
        <Y t="86">0.101416</Y>
        <Y t="87">0.111026</Y>
        <Y t="88">0.121488</Y>
        <Y t="89">0.132866</Y>
        <Y t="90">0.145224</Y>
        <Y t="91">0.158626</Y>
        <Y t="92">0.173141</Y>
        <Y t="93">0.188833</Y>
        <Y t="94">0.205767</Y>
        <Y t="95">0.224004</Y>
        <Y t="96">0.243601</Y>
        <Y t="97">0.264606</Y>
        <Y t="98">0.287061</Y>
        <Y t="99">0.310992</Y>
        <Y t="100">0.336415</Y>
        <Y t="101">0.363323</Y>
        <Y t="102">0.391691</Y>
        <Y t="103">0.421467</Y>
        <Y t="104">0.452569</Y>
        <Y t="105">0.484884</Y>
        <Y t="106">0.518263</Y>
        <Y t="107">0.552520</Y>
        <Y t="108">0.587429</Y>
        <Y t="109">0.622724</Y>
        <Y t="110">0.658105</Y>
        <Y t="111">0.693236</Y>
        <Y t="112">0.727757</Y>
        <Y t="113">0.761291</Y>
        <Y t="114">0.793458</Y>
        <Y t="115">0.823885</Y>
        <Y t="116">0.852229</Y>
        <Y t="117">0.878192</Y>
        <Y t="118">0.901535</Y>
        <Y t="119">0.922097</Y>
      </Axis>
    </Values>
  </Table>
</XTbML>