<?xml version="1.0" encoding="UTF-8" standalone="no"?>
<XTbML>
	<ContentClassification>
		<TableIdentity>922</TableIdentity>
		<ProviderDomain>soa.org</ProviderDomain>
		<ProviderName>Roger Scott Lumsden</ProviderName>
		<TableReference>Institute of Actuaries (Great Britain) and the Faculty of Actuaries in Scotland, “The a (55) Tables for Annuitants”, Cambridge University Press (1953) p. xiv</TableReference>
		<ContentType tc="22">Projection Scale</ContentType>
		<TableName>a(55) Projection Scale for Annuitants</TableName>
		<TableDescription>a(55) Mortality Improvement Projection Scale for Annuitants. Minimum Age: 20 Maximum Age: 108</TableDescription>
		<Comments>Study Description: This projection scale along with the a(55) tables (See SOA Table Identities 811 and 812) were developed by the Continuous Mortality Investigation (CMI) from data supplied by U.K. life assurance companies and actuarial consultants. Although male mortality has been declining at a lower rate than female mortality, it was felt the male experience was subject to greater distortion from variations in the class of the entrant. Thus it was felt inappropriate to assume a rate of future mortality improvement lower for males than for females. Accordingly, the improvement factors are based on data of female lives but are used for both males and females. The a(55) tables are considered appropriate for immediate annuities purchased in 1955 and then employment of this accompanying projection scale was to be used to create a “double-entry” table such that the rate of mortality varies both by attained age and calendar year. Methodology: Average percentage rates of reduction per annum and corresponding annual reducing factors were calculated for female lives over the period 1880-1945. From these, a formula was derived for the annual reducing factors in order to create double-entry tables. The rates of reduction can be calculated from the following formula:  r(x) = 0.9784 + 0.0002x. NOTE: The published source provides only the formula and then 5 values for illustration purposes. The table herein represents an extension of the formula to the issue ages for which mortality rates exist in the a(55) tables. Also, rather than containing the calculated r(x) values, this table contains 1 - r(x). Data Transcriptions Errors: None. Data Certified: 04/2013</Comments>
		<KeyWord>Aggregate</KeyWord>
		<KeyWord>Projection scale</KeyWord>
		<KeyWord>United Kingdom</KeyWord>
	</ContentClassification>
	<Table>
		<MetaData>
			<ScalingFactor>0</ScalingFactor>
			<DataType tc="2">Floating Point</DataType>
			<Nation tc="44">United Kingdom</Nation>
			<TableDescription>a(55) Mortality Improvement Projection Scale for Annuitants. Minimum Age: 20 Maximum Age: 108</TableDescription>
			<AxisDef id="Age">
				<ScaleType tc="3">Age</ScaleType>
				<AxisName>Age</AxisName>
				<MinScaleValue>20</MinScaleValue>
				<MaxScaleValue>108</MaxScaleValue>
				<Increment>1</Increment>
			</AxisDef>
		</MetaData>
		<Values>
			<Axis>
				<Y t="20">0.0176</Y><Y t="21">0.0174</Y><Y t="22">0.0172</Y><Y t="23">0.0170</Y><Y t="24">0.0168</Y><Y t="25">0.0166</Y><Y t="26">0.0164</Y><Y t="27">0.0162</Y><Y t="28">0.0160</Y><Y t="29">0.0158</Y><Y t="30">0.0156</Y><Y t="31">0.0154</Y><Y t="32">0.0152</Y><Y t="33">0.0150</Y><Y t="34">0.0148</Y><Y t="35">0.0146</Y><Y t="36">0.0144</Y><Y t="37">0.0142</Y><Y t="38">0.0140</Y><Y t="39">0.0138</Y><Y t="40">0.0136</Y><Y t="41">0.0134</Y><Y t="42">0.0132</Y><Y t="43">0.0130</Y><Y t="44">0.0128</Y><Y t="45">0.0126</Y><Y t="46">0.0124</Y><Y t="47">0.0122</Y><Y t="48">0.0120</Y><Y t="49">0.0118</Y><Y t="50">0.0116</Y><Y t="51">0.0114</Y><Y t="52">0.0112</Y><Y t="53">0.0110</Y><Y t="54">0.0108</Y><Y t="55">0.0106</Y><Y t="56">0.0104</Y><Y t="57">0.0102</Y><Y t="58">0.0100</Y><Y t="59">0.0098</Y><Y t="60">0.0096</Y><Y t="61">0.0094</Y><Y t="62">0.0092</Y><Y t="63">0.0090</Y><Y t="64">0.0088</Y><Y t="65">0.0086</Y><Y t="66">0.0084</Y><Y t="67">0.0082</Y><Y t="68">0.0080</Y><Y t="69">0.0078</Y><Y t="70">0.0076</Y><Y t="71">0.0074</Y><Y t="72">0.0072</Y><Y t="73">0.0070</Y><Y t="74">0.0068</Y><Y t="75">0.0066</Y><Y t="76">0.0064</Y><Y t="77">0.0062</Y><Y t="78">0.0060</Y><Y t="79">0.0058</Y><Y t="80">0.0056</Y><Y t="81">0.0054</Y><Y t="82">0.0052</Y><Y t="83">0.0050</Y><Y t="84">0.0048</Y><Y t="85">0.0046</Y><Y t="86">0.0044</Y><Y t="87">0.0042</Y><Y t="88">0.0040</Y><Y t="89">0.0038</Y><Y t="90">0.0036</Y><Y t="91">0.0034</Y><Y t="92">0.0032</Y><Y t="93">0.0030</Y><Y t="94">0.0028</Y><Y t="95">0.0026</Y><Y t="96">0.0024</Y><Y t="97">0.0022</Y><Y t="98">0.0020</Y><Y t="99">0.0018</Y><Y t="100">0.0016</Y><Y t="101">0.0014</Y><Y t="102">0.0012</Y><Y t="103">0.0010</Y><Y t="104">0.0008</Y><Y t="105">0.0006</Y><Y t="106">0.0004</Y><Y t="107">0.0002</Y><Y t="108">0.0000</Y>
			</Axis>
		</Values>
	</Table>
</XTbML>